income_year,group,age_group,n_unweighted,weighted_population,weight_effective_n,weighted_median,small_cell,suppress_plot,audit_n,audit_population,audit_median,unweighted_median,fraction_below_median,fraction_at_or_below_median,median_match,count_match,population_match
1975,Finance,25-29,184,305181.3,168.4103999463894,12000.0,False,False,184.0,305181.3,12000.0,12000.0,0.4733132403590915,0.5793365451946106,True,True,True
1975,Finance,30-34,138,222642.57,128.46489249763977,15000.0,False,False,138.0,222642.57,15000.0,14550.0,0.4943199766333995,0.5597116041195537,True,True,True
1975,Finance,35-39,100,166811.66000000003,90.01054616840766,16000.0,False,False,100.0,166811.66000000003,16000.0,15880.0,0.4774150679874534,0.5168742400860945,True,True,True
1975,Finance,40-44,81,131235.17,79.78786892287516,17500.0,True,False,81.0,131235.17,17500.0,17500.0,0.49725298485154545,0.5216365399610485,True,True,True
1975,Finance,45-49,122,198332.95,117.23727910978936,14100.0,False,False,122.0,198332.94999999998,14100.0,14179.0,0.49243446436913285,0.508255032761828,True,True,True
1975,Finance,50-54,91,142510.88000000003,90.00041468898226,16789.0,True,False,91.0,142510.88000000003,16789.0,16789.0,0.49561647503685324,0.5185594250768784,True,True,True
1975,Finance,55-59,67,112174.22000000002,63.73934735823133,14000.0,True,False,67.0,112174.22000000002,14000.0,14000.0,0.4907594632706159,0.5495146745838749,True,True,True
1975,Finance,60-64,47,76430.74999999999,46.336058446406646,14500.0,True,False,47.0,76430.74999999999,14500.0,14500.0,0.45792890950304704,0.5048211616397852,True,True,True
1975,Healthcare,25-29,229,380943.91,203.69802884742043,10280.0,False,False,229.0,380943.91000000003,10280.0,10000.0,0.49711594024432626,0.5074951060380516,True,True,True
1975,Healthcare,30-34,143,238909.03000000003,135.71555760058848,11675.0,False,False,143.0,238909.03000000003,11675.0,11525.0,0.49915806865902046,0.5053821113417102,True,True,True
1975,Healthcare,35-39,124,199742.62,108.37337639834332,12000.0,False,False,124.0,199742.62,12000.0,12000.0,0.4623511997589699,0.5288508781951494,True,True,True
1975,Healthcare,40-44,126,210521.88,120.52449398219072,10500.0,False,False,126.0,210521.88,10500.0,10500.0,0.4922489766859388,0.5242038024741181,True,True,True
1975,Healthcare,45-49,107,173705.52,100.0954070038744,10500.0,False,False,107.0,173705.52,10500.0,10202.0,0.49151466228591933,0.5003003358787907,True,True,True
1975,Healthcare,50-54,98,158255.93,87.12619090683141,11000.0,True,False,98.0,158255.93,11000.0,11000.0,0.4848347862857335,0.514928571712921,True,True,True
1975,Healthcare,55-59,85,133418.40999999997,82.8919161218512,10000.0,True,False,85.0,133418.40999999997,10000.0,10000.0,0.417621001479481,0.5149173191315952,True,True,True
1975,Healthcare,60-64,51,81134.74,49.76010792290425,10000.0,True,False,51.0,81134.74,10000.0,10000.0,0.46625292692131626,0.5682574443450488,True,True,True
1975,Other,25-29,4339,6896947.449999999,4006.702802561808,10000.0,False,False,4339.0,6896947.449999999,10000.0,9900.0,0.4996373112861692,0.543798632248532,True,True,True
1975,Other,30-34,3514,5630510.74,3274.8924752718804,11700.0,False,False,3514.0,5630510.74,11700.0,11746.0,0.4985608392605606,0.5001046725647486,True,True,True
1975,Other,35-39,3117,4896030.26,2915.161151918262,11960.0,False,False,3117.0,4896030.26,11960.0,11833.0,0.4995574026537982,0.5000910472313952,True,True,True
1975,Other,40-44,2905,4672865.550000001,2686.61764181527,12000.0,False,False,2905.0,4672865.550000001,12000.0,12000.0,0.489630595085279,0.5307301726239481,True,True,True
1975,Other,45-49,3038,4785975.9,2893.952531735895,12000.0,False,False,3038.0,4785975.9,12000.0,12000.0,0.4829869160018127,0.5238588832008116,True,True,True
1975,Other,50-54,3162,4942409.450000001,2987.239352753708,11500.0,False,False,3162.0,4942409.450000001,11500.0,11437.0,0.4974223452895024,0.5007697531008888,True,True,True
1975,Other,55-59,2502,4045967.59,2298.999392451912,10140.0,False,False,2502.0,4045967.5900000003,10140.0,10250.5,0.499924182536519,0.5016211659767645,True,True,True
1975,Other,60-64,1579,2498830.89,1490.092879556452,10000.0,False,False,1579.0,2498830.89,10000.0,10000.0,0.46598620765409215,0.500961283538479,True,True,True
1975,Tech,25-29,51,84700.26,49.07829510907085,14000.0,True,False,51.0,84700.26,14000.0,14000.0,0.4827259089877646,0.5213992259291765,True,True,True
1975,Tech,30-34,48,74594.94,47.12107292927597,18000.0,True,False,48.0,74594.94,18000.0,16652.5,0.49871666898585876,0.5623093201764088,True,True,True
1975,Tech,35-39,35,55488.46,33.24029333689201,18000.0,True,False,35.0,55488.46,18000.0,18582.0,0.47361199067337606,0.5037187912585789,True,True,True
1975,Tech,40-44,16,26568.83,13.697957766459336,17160.0,True,True,16.0,26568.83,17160.0,16770.0,0.4563723731906899,0.5165534199285403,True,True,True
1975,Tech,45-49,14,23671.52,13.873977027488309,20424.0,True,True,14.0,23671.52,20424.0,21204.0,0.44414934064225703,0.5124892698060792,True,True,True
1975,Tech,50-54,10,15710.949999999995,9.968171397228254,16349.0,True,True,10.0,15710.949999999997,16349.0,16674.5,0.40823374780010124,0.5068719587294214,True,True,True
1975,Tech,55-59,5,8131.44,4.990249855937652,22416.0,True,True,5.0,8131.4400000000005,22416.0,22416.0,0.3917780860462599,0.5993231211199983,True,True,True
1975,Tech,60-64,1,1780.79,1.0,16307.0,True,True,1.0,1780.79,16307.0,16307.0,0.0,1.0,True,True,True
1976,Finance,25-29,205,285468.18,179.5576226080352,13000.0,False,False,205.0,285468.18,13000.0,12500.0,0.48600856319608027,0.5159066064736181,True,True,True
1976,Finance,30-34,181,254856.15,158.86562512291388,15585.0,False,False,181.0,254856.15,15585.0,15554.0,0.4996058757067467,0.5059493365178749,True,True,True
1976,Finance,35-39,126,169591.32,103.37588322790624,17030.0,False,False,126.0,169591.32,17030.0,17000.0,0.49411473417389523,0.5028250266582039,True,True,True
1976,Finance,40-44,119,156746.64999999997,105.07444531630334,16500.0,False,False,119.0,156746.64999999997,16500.0,16703.0,0.4912456502260177,0.501467686869225,True,True,True
1976,Finance,45-49,95,142957.81,89.33573385484779,18000.0,True,False,95.0,142957.81,18000.0,16252.0,0.49852498439924336,0.5499919171957097,True,True,True
1976,Finance,50-54,98,139472.43000000002,88.16533721976543,16400.0,True,False,98.0,139472.43000000002,16400.0,16450.0,0.4961617145410028,0.5076372441492557,True,True,True
1976,Finance,55-59,85,116329.46,74.96507015206203,19000.0,True,False,85.0,116329.46,19000.0,19000.0,0.49445196427456983,0.5074846045017315,True,True,True
1976,Finance,60-64,61,80165.95,52.58410754391745,15000.0,True,False,61.0,80165.95,15000.0,14233.0,0.4956959906294381,0.5175487847396557,True,True,True
1976,Healthcare,25-29,264,388294.8000000001,226.74915009649945,11000.0,False,False,264.0,388294.80000000005,11000.0,10749.0,0.4951746971630832,0.545588583725561,True,True,True
1976,Healthcare,30-34,194,278522.62,164.42804108267316,12122.0,False,False,194.0,278522.62,12122.0,12111.0,0.49555756010050467,0.5005837945944929,True,True,True
1976,Healthcare,35-39,158,212751.25,133.5880793372099,12500.0,False,False,158.0,212751.25,12500.0,12750.0,0.4992228717810118,0.5210781135245973,True,True,True
1976,Healthcare,40-44,126,173907.22000000003,102.2663216435683,11400.0,False,False,126.0,173907.22000000003,11400.0,11799.0,0.49993243523759395,0.5092464246165282,True,True,True
1976,Healthcare,45-49,140,201197.59000000003,118.47991464806856,12444.0,False,False,140.0,201197.59000000003,12444.0,12006.0,0.49099777984418186,0.5005982924546959,True,True,True
1976,Healthcare,50-54,135,196936.82,105.48399399309749,11000.0,False,False,135.0,196936.82,11000.0,10800.0,0.48462557687282654,0.5389214673010359,True,True,True
1976,Healthcare,55-59,82,109656.8,72.7438463439529,12000.0,True,False,82.0,109656.79999999999,12000.0,12000.0,0.49781399785512626,0.515833856176726,True,True,True
1976,Healthcare,60-64,49,66359.7,44.764467302333955,10931.0,True,False,49.0,66359.7,10931.0,11365.0,0.47657373375708445,0.5000575650583111,True,True,True
1976,Other,25-29,5050,6911395.890000001,4268.257082123598,10400.0,False,False,5050.0,6911395.890000001,10400.0,10269.0,0.49449585067829177,0.5006984891441373,True,True,True
1976,Other,30-34,4604,6160693.199999999,3913.922748940416,12000.0,False,False,4604.0,6160693.199999999,12000.0,12000.0,0.46251246531802626,0.5028579981876066,True,True,True
1976,Other,35-39,3716,5039060.59,3167.592219058459,12738.0,False,False,3716.0,5039060.59,12738.0,12500.0,0.49998620080097117,0.5003879145656395,True,True,True
1976,Other,40-44,3500,4743784.699999999,2879.662815375303,12360.0,False,False,3500.0,4743784.699999999,12360.0,12227.5,0.49999708039026314,0.5003177462923223,True,True,True
1976,Other,45-49,3461,4892622.67,2923.3313127425886,13000.0,False,False,3461.0,4892622.67,13000.0,13000.0,0.49630732712931663,0.5212404863422668,True,True,True
1976,Other,50-54,3540,4898097.29,3074.6906965721105,12267.0,False,False,3540.0,4898097.29,12267.0,12000.0,0.49968275129953565,0.5000172771170088,True,True,True
1976,Other,55-59,2955,4219653.51,2498.3317145199544,11700.0,False,False,2955.0,4219653.51,11700.0,11698.0,0.4988179918118444,0.5004327499866216,True,True,True
1976,Other,60-64,1818,2501191.1399999997,1547.4461674153092,11000.0,False,False,1818.0,2501191.1399999997,11000.0,11000.0,0.4851133688247433,0.5032939345851034,True,True,True
1976,Tech,25-29,48,76568.04000000001,38.18862623029308,15254.0,True,False,48.0,76568.04000000001,15254.0,15514.5,0.49748798584892606,0.5185189538611671,True,True,True
1976,Tech,30-34,51,73492.97000000002,46.22904976932249,16500.0,True,False,51.0,73492.97000000002,16500.0,16500.0,0.4909393374631614,0.5065225966510808,True,True,True
1976,Tech,35-39,37,50923.63999999999,34.08380132658814,18857.0,True,False,37.0,50923.63999999999,18857.0,18100.0,0.48271883156820694,0.5195367024038345,True,True,True
1976,Tech,40-44,31,42341.2,28.23134966972137,20000.0,True,False,31.0,42341.2,20000.0,20000.0,0.49129240550574854,0.5298472882204567,True,True,True
1976,Tech,45-49,14,18739.75,12.3745118110579,20000.0,True,True,14.0,18739.75,20000.0,20000.0,0.30926346402700144,0.5061305513680813,True,True,True
1976,Tech,50-54,7,9962.32,6.587484563445611,19500.0,True,True,7.0,9962.32,19500.0,19500.0,0.47849697660785845,0.5451069630367225,True,True,True
1976,Tech,55-59,0,,,,True,True,,,,,,,True,True,True
1976,Tech,60-64,0,,,,True,True,,,,,,,True,True,True
1977,Finance,25-29,213,318471.79000000004,184.87145137842776,13000.0,False,False,213.0,318471.79000000004,13000.0,12500.0,0.4980610998544015,0.542850278826894,True,True,True
1977,Finance,30-34,219,316542.99,183.0178338073615,15000.0,False,False,219.0,316542.99,15000.0,15288.0,0.4759834675220576,0.5023708785969325,True,True,True
1977,Finance,35-39,151,211324.13,130.55810219479392,19000.0,False,False,151.0,211324.13,19000.0,18720.0,0.4920178779394478,0.5116043302769068,True,True,True
1977,Finance,40-44,129,190316.48,106.383645758556,18000.0,False,False,129.0,190316.47999999998,18000.0,17900.0,0.47164134183229955,0.5126481952587607,True,True,True
1977,Finance,45-49,105,163405.04,96.0781719379478,17181.0,False,False,105.0,163405.04,17181.0,17000.0,0.49372828402355257,0.5052551010666498,True,True,True
1977,Finance,50-54,97,162222.76,82.01949812925655,17000.0,True,False,97.0,162222.76,17000.0,18000.0,0.4647159251883028,0.5025327518777266,True,True,True
1977,Finance,55-59,93,139618.56,84.67648822236691,16066.0,True,False,93.0,139618.56,16066.0,16000.0,0.4957931094547888,0.5076315784950081,True,True,True
1977,Finance,60-64,43,53976.31999999999,35.28182913280434,16700.0,True,False,43.0,53976.31999999999,16700.0,16700.0,0.49269235101614933,0.5204567484407978,True,True,True
1977,Healthcare,25-29,264,392575.66,219.518109031528,11500.0,False,False,264.0,392575.66000000003,11500.0,11300.0,0.4957943393637802,0.5116979488743646,True,True,True
1977,Healthcare,30-34,195,289846.87,164.1527495889219,14000.0,False,False,195.0,289846.87,14000.0,14000.0,0.48411783780863327,0.5403668495712927,True,True,True
1977,Healthcare,35-39,156,234306.52999999997,137.50330951739764,13000.0,False,False,156.0,234306.52999999997,13000.0,13200.0,0.4936599931721921,0.5108913951309851,True,True,True
1977,Healthcare,40-44,126,179985.63000000003,107.46499938370827,12800.0,False,False,126.0,179985.63000000003,12800.0,12153.0,0.49703534665517457,0.5008950992365334,True,True,True
1977,Healthcare,45-49,134,188239.17,116.82690760262246,13000.0,False,False,134.0,188239.17,13000.0,12966.0,0.47542113578167594,0.5042344799969103,True,True,True
1977,Healthcare,50-54,108,157285.48999999996,84.02609765728572,13000.0,False,False,108.0,157285.48999999996,13000.0,12600.0,0.48860978848080644,0.5126181060948471,True,True,True
1977,Healthcare,55-59,96,127780.52,82.33448665046079,13600.0,True,False,96.0,127780.52,13600.0,13119.0,0.49971897124851267,0.5142135906161596,True,True,True
1977,Healthcare,60-64,62,85736.28,56.35993621819704,12500.0,True,False,62.0,85736.28,12500.0,12593.0,0.4934548128283615,0.5143147101787015,True,True,True
1977,Other,25-29,5203,7238088.869999999,4374.134923387082,11000.0,False,False,5203.0,7238088.869999999,11000.0,11000.0,0.49458468309743203,0.5308819149660428,True,True,True
1977,Other,30-34,4630,6637660.59,3938.54044353338,13000.0,False,False,4630.0,6637660.59,13000.0,13000.0,0.48689805484615784,0.5137934869911751,True,True,True
1977,Other,35-39,3908,5502643.800000001,3277.611365560762,14000.0,False,False,3908.0,5502643.800000001,14000.0,13800.0,0.49545777976760913,0.5188176345341488,True,True,True
1977,Other,40-44,3429,4867761.57,2803.152202099367,13200.0,False,False,3429.0,4867761.57,13200.0,13242.0,0.4985024482207743,0.5007876299906776,True,True,True
1977,Other,45-49,3472,5003040.73,2906.910656759691,13401.0,False,False,3472.0,5003040.73,13401.0,13482.5,0.49981360835333427,0.5002067052930027,True,True,True
1977,Other,50-54,3346,4923235.42,2771.396066472791,13000.0,False,False,3346.0,4923235.42,13000.0,13000.0,0.4934602680446267,0.5150184997653434,True,True,True
1977,Other,55-59,3002,4288971.17,2602.5117089239775,12000.0,False,False,3002.0,4288971.17,12000.0,12000.0,0.4834963579389134,0.5149852569421678,True,True,True
1977,Other,60-64,1736,2410654.31,1495.4467891251747,11855.0,False,False,1736.0,2410654.31,11855.0,11460.0,0.4995635604011593,0.5000825854620358,True,True,True
1977,Tech,25-29,43,62171.130000000005,39.08818286186593,16000.0,True,False,43.0,62171.130000000005,16000.0,16000.0,0.4891249362847353,0.5304077632174291,True,True,True
1977,Tech,30-34,57,92938.81,47.14359674192749,17500.0,True,False,57.0,92938.81,17500.0,17500.0,0.4845983072087968,0.5538418234535175,True,True,True
1977,Tech,35-39,48,75516.32999999999,42.6885952154082,20000.0,True,False,48.0,75516.32999999999,20000.0,19922.5,0.48061816563384374,0.5242632951045159,True,True,True
1977,Tech,40-44,29,40785.93,23.457970843977964,22633.0,True,True,29.0,40785.93,22633.0,24000.0,0.45828892463651055,0.5085552787444101,True,True,True
1977,Tech,45-49,14,22408.930000000004,13.65615730195111,24000.0,True,True,14.0,22408.930000000004,24000.0,23841.5,0.4754604525963532,0.5456601453081427,True,True,True
1977,Tech,50-54,8,13149.35,7.947950766050321,20639.0,True,True,8.0,13149.35,20639.0,20849.5,0.3716396627970204,0.5159874822709868,True,True,True
1977,Tech,55-59,6,12748.64,3.852062739204737,25500.0,True,True,6.0,12748.640000000001,25500.0,21250.0,0.36115695478105897,0.9319911770981061,True,True,True
1977,Tech,60-64,2,3229.0200000000004,1.9748002565673384,9800.0,True,True,2.0,3229.0200000000004,9800.0,18400.0,0.0,0.556481533096729,True,True,True
1978,Finance,25-29,214,310618.36,187.45045645643495,14085.0,False,False,214.0,310618.36,14085.0,14000.0,0.4973506717374981,0.5075606606125922,True,True,True
1978,Finance,30-34,221,335725.37000000005,185.21242113663783,18000.0,False,False,221.0,335725.37000000005,18000.0,17000.0,0.49981310617067753,0.5776501192030854,True,True,True
1978,Finance,35-39,173,255248.86999999997,149.38061499720502,18000.0,False,False,173.0,255248.86999999997,18000.0,18000.0,0.4567410621641538,0.5004795515843029,True,True,True
1978,Finance,40-44,115,164929.61,95.80101360941713,22000.0,False,False,115.0,164929.61,22000.0,20000.0,0.4890727019848043,0.5312636706046902,True,True,True
1978,Finance,45-49,112,169976.87,99.56767864493982,20000.0,False,False,112.0,169976.87,20000.0,20000.0,0.4754187437384863,0.5178509287763682,True,True,True
1978,Finance,50-54,99,152669.34,86.36345366792979,20000.0,True,False,99.0,152669.34,20000.0,20000.0,0.48431996889486784,0.5462657400628051,True,True,True
1978,Finance,55-59,109,159144.97,99.15657181893796,17106.0,False,False,109.0,159144.97,17106.0,16200.0,0.49766844657421466,0.5081348785324474,True,True,True
1978,Finance,60-64,49,66226.20000000001,41.92446101808554,18000.0,True,False,49.0,66226.20000000001,18000.0,18000.0,0.4582043058487425,0.5006461189076226,True,True,True
1978,Healthcare,25-29,304,440389.87000000005,273.15442640265087,12300.0,False,False,304.0,440389.87000000005,12300.0,12000.0,0.49896626822955753,0.5021117992564179,True,True,True
1978,Healthcare,30-34,219,321352.48,193.79107657464448,14243.0,False,False,219.0,321352.48,14243.0,14700.0,0.4954633304837106,0.5006051299183999,True,True,True
1978,Healthcare,35-39,162,243712.71999999997,134.7668880820236,13400.0,False,False,162.0,243712.71999999997,13400.0,13461.5,0.49601112326020574,0.5051779406507794,True,True,True
1978,Healthcare,40-44,113,165365.66999999998,96.06908573905196,13749.0,False,False,113.0,165365.66999999998,13749.0,13000.0,0.4768701387658031,0.5037326066528803,True,True,True
1978,Healthcare,45-49,126,187763.43,108.00238965702154,13258.0,False,False,126.0,187763.43000000002,13258.0,13335.5,0.49689409700280823,0.5058397154334047,True,True,True
1978,Healthcare,50-54,116,161990.47000000003,97.62403801322124,12000.0,False,False,116.0,161990.47000000003,12000.0,12180.0,0.43984729472048567,0.5150985116593586,True,True,True
1978,Healthcare,55-59,100,136369.41,87.50520022575826,12532.0,False,False,100.0,136369.41,12532.0,12716.0,0.4921677082858978,0.50375828420758,True,True,True
1978,Healthcare,60-64,58,85409.79,53.212986053687736,14500.0,True,False,58.0,85409.79,14500.0,13423.0,0.48431602513014027,0.5042619821451383,True,True,True
1978,Other,25-29,5523,7744670.16,4653.917672871446,11800.0,False,False,5523.0,7744670.16,11800.0,11646.0,0.4998310102337528,0.5016679754893525,True,True,True
1978,Other,30-34,4837,6984876.07,3978.6506022864846,14000.0,False,False,4837.0,6984876.07,14000.0,13823.0,0.49702698017947794,0.5204237345903261,True,True,True
1978,Other,35-39,4074,5832022.58,3402.396752904345,15000.0,False,False,4074.0,5832022.58,15000.0,14500.0,0.49631703586442566,0.5345103139158285,True,True,True
1978,Other,40-44,3486,5102535.8,2833.5480236013373,14900.0,False,False,3486.0,5102535.8,14900.0,14500.0,0.4999056155568766,0.5001359853271387,True,True,True
1978,Other,45-49,3359,5028061.46,2795.4846130414153,14200.0,False,False,3359.0,5028061.46,14200.0,14165.0,0.4998706400060592,0.500297633593365,True,True,True
1978,Other,50-54,3360,5000816.15,2858.182813300855,14633.0,False,False,3360.0,5000816.15,14633.0,14180.0,0.4997878416306107,0.5001134904749498,True,True,True
1978,Other,55-59,3013,4380356.779999999,2611.103147794277,13846.0,False,False,3013.0,4380356.779999999,13846.0,13500.0,0.4998393601171456,0.5002211418038877,True,True,True
1978,Other,60-64,1776,2544960.42,1537.4701720162282,12896.0,False,False,1776.0,2544960.42,12896.0,12692.0,0.4999384548385236,0.5002669432477853,True,True,True
1978,Tech,25-29,49,72482.35,43.03071228670843,15200.0,True,False,49.0,72482.35,15200.0,15600.0,0.49561541533904463,0.5191873607850738,True,True,True
1978,Tech,30-34,58,92605.93,51.24669555499793,19000.0,True,False,58.0,92605.93,19000.0,19000.0,0.4811644351501032,0.5209251718545455,True,True,True
1978,Tech,35-39,44,73554.12000000002,37.43540423732941,21000.0,True,False,44.0,73554.12000000002,21000.0,20000.0,0.47498603749184937,0.5230037420065659,True,True,True
1978,Tech,40-44,32,47938.43,27.342005515178855,25000.0,True,False,32.0,47938.43,25000.0,24500.0,0.48604386918803977,0.5626250171313495,True,True,True
1978,Tech,45-49,12,20839.67,11.721109077294368,23421.0,True,True,12.0,20839.67,23421.0,21560.5,0.48353212886768365,0.5767764076878377,True,True,True
1978,Tech,50-54,13,18194.82,11.521635991519506,23570.0,True,True,13.0,18194.82,23570.0,24020.0,0.41875544797915015,0.5159182668473775,True,True,True
1978,Tech,55-59,13,25413.68,9.686651166090243,24750.0,True,True,13.0,25413.68,24750.0,26000.0,0.29015120989955023,0.5107300477538083,True,True,True
1978,Tech,60-64,0,,,,True,True,,,,,,,True,True,True
1979,Finance,25-29,248,313901.26,189.17416753923655,15000.0,False,False,248.0,313901.26,15000.0,15000.0,0.46992273939900714,0.5116907463193999,True,True,True
1979,Finance,30-34,281,353001.70999999996,213.73757649417269,18000.0,False,False,281.0,353001.70999999996,18000.0,18000.0,0.4407670149813156,0.5023647335872679,True,True,True
1979,Finance,35-39,165,205244.14,132.88251682820854,21500.0,False,False,165.0,205244.13999999998,21500.0,21000.0,0.48926770820350823,0.5072153582557826,True,True,True
1979,Finance,40-44,147,196700.74,111.96412644907038,19500.0,False,False,147.0,196700.74,19500.0,19500.0,0.47609871726969605,0.5068721653004458,True,True,True
1979,Finance,45-49,132,175705.68999999997,107.2676266877776,24000.0,False,False,132.0,175705.68999999997,24000.0,21000.0,0.4987273320516827,0.5132254965675842,True,True,True
1979,Finance,50-54,110,136559.28,86.88660108875412,23000.0,False,False,110.0,136559.28,23000.0,22000.0,0.4904984853464371,0.53979165678085,True,True,True
1979,Finance,55-59,100,126650.14,77.90849521789093,22000.0,False,False,100.0,126650.14,22000.0,19900.0,0.4945463937110532,0.5347192667927567,True,True,True
1979,Finance,60-64,59,71106.45,47.0725167518093,20000.0,True,False,59.0,71106.45,20000.0,20000.0,0.4094293836916342,0.5203833126249446,True,True,True
1979,Healthcare,25-29,386,479961.89,301.60537434325033,14000.0,False,False,386.0,479961.89,14000.0,13884.0,0.4962801734112681,0.5461974282999844,True,True,True
1979,Healthcare,30-34,324,398012.68000000005,259.77496344718986,15466.0,False,False,324.0,398012.68000000005,15466.0,15150.0,0.49788504225543767,0.5009189405724461,True,True,True
1979,Healthcare,35-39,216,261329.04,161.8439708969628,14547.0,False,False,216.0,261329.04,14547.0,14523.5,0.4954711118213269,0.5019728385333677,True,True,True
1979,Healthcare,40-44,163,202130.86,125.34106737810016,15500.0,False,False,163.0,202130.86000000002,15500.0,15000.0,0.49930198684159344,0.5089561287178018,True,True,True
1979,Healthcare,45-49,168,199698.95,127.79113788121602,14000.0,False,False,168.0,199698.95,14000.0,14200.0,0.48088274875756737,0.518140881561971,True,True,True
1979,Healthcare,50-54,140,184455.16,112.96710676902283,14480.0,False,False,140.0,184455.16,14480.0,14421.5,0.49779285111893856,0.5100092076578394,True,True,True
1979,Healthcare,55-59,143,185569.8,117.3445509580467,13139.0,False,False,143.0,185569.8,13139.0,13130.0,0.4911535713246444,0.5003501647358568,True,True,True
1979,Healthcare,60-64,59,73820.73999999999,50.04318786076978,15000.0,True,False,59.0,73820.73999999999,15000.0,14000.0,0.4940408345947224,0.538321750770854,True,True,True
1979,Other,25-29,6457,7901751.799999999,4976.325519748801,12700.0,False,False,6457.0,7901751.799999999,12700.0,12500.0,0.4979724458062579,0.5000705780204334,True,True,True
1979,Other,30-34,6138,7433803.3,4641.586350749359,15000.0,False,False,6138.0,7433803.3,15000.0,15000.0,0.48067547200233296,0.5165423814751731,True,True,True
1979,Other,35-39,4901,6097018.77,3780.285472268181,16000.0,False,False,4901.0,6097018.77,16000.0,15600.0,0.49724552840764835,0.5195256484342429,True,True,True
1979,Other,40-44,4186,5195536.9,3217.5922717076114,15484.0,False,False,4186.0,5195536.9,15484.0,15096.0,0.4992706162860666,0.5002215805646573,True,True,True
1979,Other,45-49,3923,4905954.18,3010.1274575506973,16000.0,False,False,3923.0,4905954.18,16000.0,15829.0,0.4960688768601585,0.5157836064420807,True,True,True
1979,Other,50-54,3825,4908276.11,3010.03936327941,15500.0,False,False,3825.0,4908276.11,15500.0,15000.0,0.4999870168265656,0.5033649197049755,True,True,True
1979,Other,55-59,3403,4302075.5600000005,2708.1933865831807,15000.0,False,False,3403.0,4302075.5600000005,15000.0,14560.0,0.49351022788637394,0.5231497026518984,True,True,True
1979,Other,60-64,2029,2538922.16,1605.3698175322615,14000.0,False,False,2029.0,2538922.16,14000.0,14000.0,0.4831003601937918,0.5008967072862132,True,True,True
1979,Tech,25-29,76,103806.13999999998,63.86406362942107,17894.0,True,False,76.0,103806.13999999998,17894.0,17280.0,0.4862565932997799,0.5022845469449111,True,True,True
1979,Tech,30-34,70,98877.97,58.09025718771306,20000.0,True,False,70.0,98877.97,20000.0,20000.0,0.4671954733698518,0.5439871995753957,True,True,True
1979,Tech,35-39,69,99021.59,54.24871522660023,21600.0,True,False,69.0,99021.59,21600.0,21000.0,0.498919680041494,0.5080909122949854,True,True,True
1979,Tech,40-44,35,47035.36,30.200232762840848,22900.0,True,False,35.0,47035.36,22900.0,21542.0,0.49116473223549256,0.5260051161509128,True,True,True
1979,Tech,45-49,20,31286.05,18.553173820543233,24825.0,True,True,20.0,31286.05,24825.0,24412.5,0.4847946608792098,0.5096789144043432,True,True,True
1979,Tech,50-54,13,15215.06,10.973874720130638,24204.0,True,True,13.0,15215.06,24204.0,24204.0,0.46559395756572763,0.5369259141929115,True,True,True
1979,Tech,55-59,12,20042.78,11.708026096757417,26000.0,True,True,12.0,20042.78,26000.0,25000.0,0.4810121150858314,0.6394417341306945,True,True,True
1979,Tech,60-64,3,3280.28,2.687862063445554,31000.0,True,True,3.0,3280.28,31000.0,31000.0,0.4295060177789701,0.826188618044801,True,True,True
1980,Finance,25-29,282,366486.14,221.90693039795968,16000.0,False,False,282.0,366486.14,16000.0,15972.0,0.4872808286829073,0.5202543539572874,True,True,True
1980,Finance,30-34,276,360795.89,208.73490616862023,18943.0,False,False,276.0,360795.89,18943.0,18120.5,0.49991281774301805,0.5010862512873968,True,True,True
1980,Finance,35-39,206,267300.27999999997,160.75925482598768,22000.0,False,False,206.0,267300.27999999997,22000.0,21079.5,0.49749611186340703,0.5427992817665586,True,True,True
1980,Finance,40-44,144,192066.59000000003,118.34598879034436,22895.0,False,False,144.0,192066.59000000003,22895.0,22066.0,0.49812749838480497,0.5070406570971036,True,True,True
1980,Finance,45-49,142,177041.16,113.23636388899044,25000.0,False,False,142.0,177041.16,25000.0,24750.0,0.4778645259667299,0.5217170402634054,True,True,True
1980,Finance,50-54,135,183116.99,114.25386835138976,19500.0,False,False,135.0,183116.99,19500.0,18900.0,0.49183699448095997,0.5148798044354049,True,True,True
1980,Finance,55-59,108,147215.61,89.82069462807262,25000.0,False,False,108.0,147215.61,25000.0,24000.0,0.4728779101618369,0.6060642617994111,True,True,True
1980,Finance,60-64,60,81868.90999999999,49.85406479750325,20000.0,True,False,60.0,81868.90999999999,20000.0,20400.0,0.4787339907175997,0.5007166945303169,True,True,True
1980,Healthcare,25-29,381,478312.46,291.4136459181497,15000.0,False,False,381.0,478312.45999999996,15000.0,15000.0,0.45393473546559926,0.5217158047691252,True,True,True
1980,Healthcare,30-34,339,445906.34,267.6265375456629,16000.0,False,False,339.0,445906.34,16000.0,16000.0,0.48088661399162885,0.5178471335482694,True,True,True
1980,Healthcare,35-39,204,265670.34,163.85377150756705,16066.0,False,False,204.0,265670.34,16066.0,16083.0,0.4971809047257588,0.5033822367976792,True,True,True
1980,Healthcare,40-44,188,229432.29,147.62703804848474,16000.0,False,False,188.0,229432.28999999998,16000.0,16100.0,0.48972958427081037,0.5040629634128657,True,True,True
1980,Healthcare,45-49,172,210369.56,137.39184260219017,15000.0,False,False,172.0,210369.56,15000.0,15000.0,0.4772296429198217,0.5516171160884683,True,True,True
1980,Healthcare,50-54,138,181437.43,113.2665799236666,15500.0,False,False,138.0,181437.43,15500.0,15591.0,0.4985179188219322,0.5188815780734989,True,True,True
1980,Healthcare,55-59,148,196007.5,120.00361258187682,16000.0,False,False,148.0,196007.5,16000.0,16105.0,0.4663701644069741,0.5074007882351441,True,True,True
1980,Healthcare,60-64,83,115364.26,68.95302041362208,15000.0,True,False,83.0,115364.26,15000.0,14000.0,0.4842607233817475,0.5465420573061363,True,True,True
1980,Other,25-29,6563,8394766.73,5027.824326100373,14000.0,False,False,6563.0,8394766.73,14000.0,13850.0,0.49447957561055417,0.526853278030276,True,True,True
1980,Other,30-34,6203,7855839.44,4770.678218319028,16000.0,False,False,6203.0,7855839.44,16000.0,16000.0,0.4907768710710818,0.5176796472306721,True,True,True
1980,Other,35-39,4826,6162728.07,3725.751435300741,18000.0,False,False,4826.0,6162728.07,18000.0,17200.0,0.4996560362592795,0.5258570625200407,True,True,True
1980,Other,40-44,4151,5331226.039999999,3195.6628946876385,17000.0,False,False,4151.0,5331226.039999999,17000.0,17000.0,0.4830445099641658,0.5033577229450958,True,True,True
1980,Other,45-49,3949,4926731.260000001,3073.970468041543,17000.0,False,False,3949.0,4926731.260000001,17000.0,16700.0,0.48824448971466716,0.5019114762918893,True,True,True
1980,Other,50-54,3771,4783543.41,2936.5030727433823,17000.0,False,False,3771.0,4783543.41,17000.0,17000.0,0.4883578614790913,0.5058115883179578,True,True,True
1980,Other,55-59,3311,4276701.55,2599.291760310311,16652.0,False,False,3311.0,4276701.55,16652.0,16000.0,0.4996271039768954,0.5000516998900707,True,True,True
1980,Other,60-64,2008,2609063.78,1565.051110491988,15000.0,False,False,2008.0,2609063.78,15000.0,15000.0,0.48013534188114027,0.5082277252723963,True,True,True
1980,Tech,25-29,74,103497.91,59.91675196171746,19000.0,True,False,74.0,103497.91,19000.0,19000.0,0.4928059899953534,0.5122358509461689,True,True,True
1980,Tech,30-34,93,128267.61000000002,74.25886318362521,21800.0,True,False,93.0,128267.61000000002,21800.0,22000.0,0.49031918502262567,0.5031960913593073,True,True,True
1980,Tech,35-39,62,84845.43000000001,43.488337780546736,26000.0,True,False,62.0,84845.43000000001,26000.0,25941.0,0.4924333579310045,0.5949062901796832,True,True,True
1980,Tech,40-44,36,55338.29,31.546879277243328,28600.0,True,False,36.0,55338.29,28600.0,27520.0,0.4799485130458495,0.5303969457675689,True,True,True
1980,Tech,45-49,25,39205.41,18.82641273800848,28000.0,True,True,25.0,39205.41,28000.0,28000.0,0.4532481614144577,0.5707115421060511,True,True,True
1980,Tech,50-54,10,15780.34,9.086868548037367,29000.0,True,True,10.0,15780.34,29000.0,28000.0,0.42118737619088054,0.522959581352493,True,True,True
1980,Tech,55-59,11,17298.41,10.392389551865808,32000.0,True,True,11.0,17298.41,32000.0,32000.0,0.4944413966370319,0.5950448625047042,True,True,True
1980,Tech,60-64,3,2373.0,2.07619410592339,30000.0,True,True,3.0,2373.0,30000.0,30000.0,0.13266750948166878,0.7759966287399915,True,True,True
1981,Finance,25-29,272,411283.94,231.9790359440729,18883.0,False,False,272.0,411283.94,18883.0,18941.5,0.498314108739573,0.5022517047468471,True,True,True
1981,Finance,30-34,248,358006.19,203.9136480241258,20500.0,False,False,248.0,358006.19,20500.0,20750.0,0.49255933256349554,0.5041016748900347,True,True,True
1981,Finance,35-39,218,313552.29,182.97813138612577,23678.0,False,False,218.0,313552.29,23678.0,23639.0,0.4993135275778085,0.5054537155509213,True,True,True
1981,Finance,40-44,160,240982.01,136.3637385995048,22800.0,False,False,160.0,240982.01,22800.0,22000.0,0.49396189366998794,0.5022267844807169,True,True,True
1981,Finance,45-49,132,185586.93,113.31777856367276,26000.0,False,False,132.0,185586.93,26000.0,26000.0,0.44473385060036286,0.5027320620045819,True,True,True
1981,Finance,50-54,129,181102.78,111.87785657308406,24000.0,False,False,129.0,181102.78,24000.0,23000.0,0.493827979890756,0.5052506648434664,True,True,True
1981,Finance,55-59,107,162517.82000000004,88.9614848965587,22600.0,False,False,107.0,162517.82000000004,22600.0,22000.0,0.49791044452848293,0.5106868895977067,True,True,True
1981,Finance,60-64,57,86034.68999999999,43.957709547319936,25000.0,True,False,57.0,86034.68999999999,25000.0,20500.0,0.48654827488772273,0.5712907200572237,True,True,True
1981,Healthcare,25-29,356,516256.61,295.39594407368406,16000.0,False,False,356.0,516256.61000000004,16000.0,16000.0,0.47759651929686664,0.5119792655051912,True,True,True
1981,Healthcare,30-34,328,522149.24,281.6757025589686,19000.0,False,False,328.0,522149.24,19000.0,18000.0,0.49645902003036535,0.5278682010530169,True,True,True
1981,Healthcare,35-39,222,317108.17000000004,181.4354552716446,18500.0,False,False,222.0,317108.17000000004,18500.0,18500.0,0.49449593178252066,0.5179325401802167,True,True,True
1981,Healthcare,40-44,177,248874.57,145.2828319861767,18700.0,False,False,177.0,248874.56999999998,18700.0,18000.0,0.49918069170345536,0.5042593142401011,True,True,True
1981,Healthcare,45-49,149,227110.05,121.05775787353475,18980.0,False,False,149.0,227110.05,18980.0,18980.0,0.48825694855863927,0.5046645007563514,True,True,True
1981,Healthcare,50-54,141,199396.83,111.4351033239432,18000.0,False,False,141.0,199396.83,18000.0,18000.0,0.48819467190125343,0.5463328579496475,True,True,True
1981,Healthcare,55-59,116,163448.44999999998,97.95207938361436,17000.0,False,False,116.0,163448.44999999998,17000.0,17000.0,0.4742163660775003,0.5027356943427729,True,True,True
1981,Healthcare,60-64,61,90388.44,53.3180704314731,16640.0,True,False,61.0,90388.43999999999,16640.0,16640.0,0.48222969662934784,0.5019072129135099,True,True,True
1981,Other,25-29,5755,8351530.86,4560.583712985022,14924.0,False,False,5755.0,8351530.86,14924.0,14500.0,0.49972838273149833,0.5002306140074539,True,True,True
1981,Other,30-34,5505,7905416.390000001,4420.160478040473,17000.0,False,False,5505.0,7905416.390000001,17000.0,17000.0,0.4817127273418674,0.5042396520747973,True,True,True
1981,Other,35-39,4593,6610363.66,3679.9927216881088,18500.0,False,False,4593.0,6610363.66,18500.0,18300.0,0.4984377606844099,0.5017471519864914,True,True,True
1981,Other,40-44,3793,5415543.880000001,3064.9393799139216,18500.0,False,False,3793.0,5415543.880000001,18500.0,18000.0,0.4966307040614358,0.5012758644658973,True,True,True
1981,Other,45-49,3419,4837109.29,2784.1315097503875,18000.0,False,False,3419.0,4837109.29,18000.0,18000.0,0.4864587006261337,0.5126375881409948,True,True,True
1981,Other,50-54,3341,4733188.76,2699.5856114312796,18000.0,False,False,3341.0,4733188.76,18000.0,18000.0,0.48038848338683204,0.507909984557641,True,True,True
1981,Other,55-59,3011,4279072.22,2472.1121094403084,18000.0,False,False,3011.0,4279072.22,18000.0,18000.0,0.48556573555563876,0.5100820593301414,True,True,True
1981,Other,60-64,1768,2611314.26,1443.459365511589,16700.0,False,False,1768.0,2611314.26,16700.0,16500.0,0.49917801161167025,0.5004575588692263,True,True,True
1981,Tech,25-29,87,135425.37000000002,73.61328128414003,22000.0,True,False,87.0,135425.37000000002,22000.0,22000.0,0.4489580497361756,0.5213485479124036,True,True,True
1981,Tech,30-34,78,120658.9,65.05563869693486,25000.0,True,False,78.0,120658.9,25000.0,24500.0,0.4869087153952174,0.5111352747290088,True,True,True
1981,Tech,35-39,65,96771.8,55.34222305559059,29000.0,True,False,65.0,96771.8,29000.0,28761.0,0.4945376648982452,0.5036806177006111,True,True,True
1981,Tech,40-44,42,71880.71,39.392379171628875,28891.0,True,False,42.0,71880.71,28891.0,28845.5,0.4949241597641425,0.5031544624420099,True,True,True
1981,Tech,45-49,21,30207.38,19.10411482829606,28000.0,True,True,21.0,30207.38,28000.0,30228.0,0.4685848292701982,0.5055357333207977,True,True,True
1981,Tech,50-54,10,13554.61,7.803947996805807,29700.0,True,True,10.0,13554.61,29700.0,32350.0,0.4908971929107513,0.6269129100726616,True,True,True
1981,Tech,55-59,4,4442.57,3.27219463235957,33243.0,True,True,4.0,4442.57,33243.0,30121.5,0.4589213000582996,0.6658645783859344,True,True,True
1981,Tech,60-64,6,9831.09,5.466099687047622,34000.0,True,True,6.0,9831.09,34000.0,25500.0,0.4179526380086033,0.5893049499089115,True,True,True
1982,Finance,25-29,268,393291.12,227.41302409451237,19000.0,False,False,268.0,393291.12,19000.0,19500.0,0.4848466194710931,0.5044321112564149,True,True,True
1982,Finance,30-34,271,394975.71,216.84724340018528,24000.0,False,False,271.0,394975.70999999996,24000.0,23200.0,0.4887354465417634,0.5156602161687361,True,True,True
1982,Finance,35-39,207,301961.48,156.8313813821035,23000.0,False,False,207.0,301961.48,23000.0,23500.0,0.49473297057624693,0.509252968292512,True,True,True
1982,Finance,40-44,152,237961.09000000003,132.2720054849001,24000.0,False,False,152.0,237961.09000000003,24000.0,24000.0,0.47386969861333217,0.5015690170187067,True,True,True
1982,Finance,45-49,131,181262.7,109.94378719485526,25000.0,False,False,131.0,181262.7,25000.0,25000.0,0.4256966822186804,0.5141504015994466,True,True,True
1982,Finance,50-54,100,147325.40000000002,83.10496178402387,25000.0,False,False,100.0,147325.40000000002,25000.0,24000.0,0.4973610117467861,0.5525715864338395,True,True,True
1982,Finance,55-59,78,110993.19,66.30115706504807,24300.0,True,False,78.0,110993.19,24300.0,23710.0,0.49520812943568876,0.5123313421300892,True,True,True
1982,Finance,60-64,52,81445.11999999998,44.96758943544704,22000.0,True,False,52.0,81445.11999999998,22000.0,22000.0,0.4686852938518601,0.5134473372990305,True,True,True
1982,Healthcare,25-29,323,485504.85,252.39493547421785,18000.0,False,False,323.0,485504.85,18000.0,17515.0,0.49811677473458815,0.5289918525015765,True,True,True
1982,Healthcare,30-34,284,427643.84,230.93653753770317,20000.0,False,False,284.0,427643.83999999997,20000.0,19718.5,0.4847764906423065,0.5273978224496348,True,True,True
1982,Healthcare,35-39,194,283889.8,154.9267350784495,19000.0,False,False,194.0,283889.8,19000.0,19000.0,0.49596906968830856,0.5453117723849183,True,True,True
1982,Healthcare,40-44,136,203536.46,117.38513651078226,18450.0,False,False,136.0,203536.46,18450.0,18475.0,0.49829652141930736,0.5045714659673259,True,True,True
1982,Healthcare,45-49,131,198627.03,109.021364665326,20000.0,False,False,131.0,198627.03,20000.0,20000.0,0.4793288707987024,0.5397125960147519,True,True,True
1982,Healthcare,50-54,122,181349.34,100.80336771588476,20000.0,False,False,122.0,181349.34,20000.0,20000.0,0.46473094415452515,0.5123000723355265,True,True,True
1982,Healthcare,55-59,92,137364.40999999997,78.4707116666895,20000.0,True,False,92.0,137364.40999999997,20000.0,19900.0,0.4616208084757909,0.5234846493352974,True,True,True
1982,Healthcare,60-64,70,100956.21,59.015379411047775,19100.0,True,False,70.0,100956.21,19100.0,20000.0,0.4920455116134015,0.5147324765856405,True,True,True
1982,Other,25-29,5619,8216776.61,4412.743848984742,15000.0,False,False,5619.0,8216776.61,15000.0,15000.0,0.4620560774865705,0.5083078241310494,True,True,True
1982,Other,30-34,5249,7594217.19,4055.090507570379,18000.0,False,False,5249.0,7594217.1899999995,18000.0,18000.0,0.4893226183856351,0.5218502435272068,True,True,True
1982,Other,35-39,4753,6798425.67,3860.629082682722,20000.0,False,False,4753.0,6798425.67,20000.0,20000.0,0.48365399426364547,0.5169564838384119,True,True,True
1982,Other,40-44,3877,5602271.59,3142.062680252628,20000.0,False,False,3877.0,5602271.59,20000.0,19500.0,0.4973331469636945,0.5299238322003593,True,True,True
1982,Other,45-49,3398,4759267.619999999,2784.897645927797,19000.0,False,False,3398.0,4759267.619999999,19000.0,19000.0,0.48643699931293227,0.5034745598105282,True,True,True
1982,Other,50-54,3106,4429947.4399999995,2520.9274134717903,19000.0,False,False,3106.0,4429947.4399999995,19000.0,18723.0,0.4922048488232177,0.5088280257338675,True,True,True
1982,Other,55-59,2787,4050448.55,2309.815817761045,19500.0,False,False,2787.0,4050448.55,19500.0,19000.0,0.49792986754516366,0.5018371780083468,True,True,True
1982,Other,60-64,1758,2586691.0700000003,1443.801682992478,17765.0,False,False,1758.0,2586691.0700000003,17765.0,17012.5,0.4997296565453408,0.5003810138023169,True,True,True
1982,Tech,25-29,78,116502.51,66.35180916878589,24000.0,True,False,78.0,116502.51000000001,24000.0,24000.0,0.48274805409771854,0.5142105522018366,True,True,True
1982,Tech,30-34,72,109371.52,59.80512138010995,24000.0,True,False,72.0,109371.51999999999,24000.0,23200.0,0.4938025913875934,0.5068061594096891,True,True,True
1982,Tech,35-39,59,87434.09999999999,49.68159752055025,30800.0,True,False,59.0,87434.09999999999,30800.0,30000.0,0.4953384320305237,0.5199382163252098,True,True,True
1982,Tech,40-44,36,62265.67,32.66496735739694,32000.0,True,False,36.0,62265.67,32000.0,32000.0,0.4761408654239166,0.5346353777290119,True,True,True
1982,Tech,45-49,22,32588.92,19.472566651816944,29220.0,True,True,22.0,32588.92,29220.0,27250.0,0.47176770509731536,0.5252865084206534,True,True,True
1982,Tech,50-54,22,30478.15,18.508938577568543,29000.0,True,True,22.0,30478.15,29000.0,31500.0,0.47356023905650446,0.531462375505075,True,True,True
1982,Tech,55-59,7,10905.740000000002,6.379712569350453,31000.0,True,True,7.0,10905.740000000002,31000.0,31000.0,0.41904263259531216,0.5811600129839881,True,True,True
1982,Tech,60-64,4,8130.8,3.9630645066232,25714.0,True,True,4.0,8130.8,25714.0,27107.0,0.29016209967038914,0.5328503960249914,True,True,True
1983,Finance,25-29,281,446370.85,243.3692697040266,20000.0,False,False,281.0,446370.85,20000.0,20000.0,0.4538479159201368,0.529438067024314,True,True,True
1983,Finance,30-34,262,385440.33,213.8085596655906,24000.0,False,False,262.0,385440.33,24000.0,23000.0,0.49948608128267225,0.5216096354006339,True,True,True
1983,Finance,35-39,230,339357.45999999996,192.94601387833637,28000.0,False,False,230.0,339357.45999999996,28000.0,26451.5,0.4981011467966552,0.5087019451406787,True,True,True
1983,Finance,40-44,156,243372.27999999997,132.31458868164336,26000.0,False,False,156.0,243372.27999999997,26000.0,26000.0,0.49522924303458066,0.5244928469257057,True,True,True
1983,Finance,45-49,126,184183.85,101.81365039165956,27784.0,False,False,126.0,184183.84999999998,27784.0,26000.0,0.49495892283715426,0.5030525749135986,True,True,True
1983,Finance,50-54,89,132838.26,77.88431971968053,26800.0,True,False,89.0,132838.26,26800.0,26000.0,0.49777827562631427,0.5106701186841802,True,True,True
1983,Finance,55-59,81,118455.18,65.91956241495107,25000.0,True,False,81.0,118455.18,25000.0,25000.0,0.4706208711176666,0.5742487580534681,True,True,True
1983,Finance,60-64,40,64323.85,31.550228341316668,27744.0,True,False,40.0,64323.85,27744.0,25500.0,0.49495653633916514,0.5217170614010201,True,True,True
1983,Healthcare,25-29,312,454999.18000000005,260.08432766934976,18129.0,False,False,312.0,454999.18000000005,18129.0,18950.0,0.4982071396260538,0.5002514949587381,True,True,True
1983,Healthcare,30-34,306,472989.82,234.2602944930752,20256.0,False,False,306.0,472989.82,20256.0,20000.0,0.499347152968324,0.5036001197657912,True,True,True
1983,Healthcare,35-39,220,329183.56000000006,184.81048940486795,21000.0,False,False,220.0,329183.56000000006,21000.0,21000.0,0.4917910542069597,0.5045910858974854,True,True,True
1983,Healthcare,40-44,148,234307.19,113.5869785259028,19999.0,False,False,148.0,234307.19,19999.0,19800.0,0.497559251169373,0.5016273294899743,True,True,True
1983,Healthcare,45-49,108,159205.93999999994,87.19000826760116,19000.0,False,False,108.0,159205.93999999994,19000.0,19999.5,0.4795353113081084,0.5045095051101738,True,True,True
1983,Healthcare,50-54,113,179119.41,95.61645749034602,20000.0,False,False,113.0,179119.41,20000.0,20000.0,0.47996601819981444,0.5151064309557518,True,True,True
1983,Healthcare,55-59,86,127634.35,74.59660770022276,20800.0,True,False,86.0,127634.34999999999,20800.0,20650.0,0.48556231139971334,0.5016028992195284,True,True,True
1983,Healthcare,60-64,56,82056.97,48.4900667696563,21273.0,True,False,56.0,82056.97,21273.0,21753.0,0.4822822485402519,0.5103286168134162,True,True,True
1983,Other,25-29,5834,8725339.989999998,4663.253308981634,15800.0,False,False,5834.0,8725339.989999998,15800.0,15500.0,0.4998314936722598,0.5006120168390138,True,True,True
1983,Other,30-34,5397,7988784.83,4175.266643097289,18500.0,False,False,5397.0,7988784.83,18500.0,18046.0,0.49897917578536155,0.5043718807982965,True,True,True
1983,Other,35-39,4922,7306620.79,3851.506085733831,20000.0,False,False,4922.0,7306620.79,20000.0,20000.0,0.4678703203919797,0.505923971729755,True,True,True
1983,Other,40-44,4167,6103672.83,3337.3722276796975,20000.0,False,False,4167.0,6103672.83,20000.0,20000.0,0.47975984486049195,0.5140180047953192,True,True,True
1983,Other,45-49,3434,5005278.85,2723.749641964674,20000.0,False,False,3434.0,5005278.85,20000.0,20000.0,0.47706595807344493,0.5120485025524603,True,True,True
1983,Other,50-54,3203,4698205.74,2574.550737732371,20000.0,False,False,3203.0,4698205.74,20000.0,20000.0,0.4822611706229792,0.5149984513023902,True,True,True
1983,Other,55-59,2796,4107855.54,2283.3247245095117,20000.0,False,False,2796.0,4107855.54,20000.0,19667.0,0.4996645183876159,0.5407408800943375,True,True,True
1983,Other,60-64,1721,2568776.49,1408.2555950594967,18200.0,False,False,1721.0,2568776.49,18200.0,18000.0,0.49997845861630413,0.5040835724870715,True,True,True
1983,Tech,25-29,114,186912.71,100.39448760952942,25800.0,False,False,114.0,186912.71,25800.0,25898.5,0.4927974132952222,0.5025063303613757,True,True,True
1983,Tech,30-34,82,135031.36,72.68395840574829,26274.0,True,False,82.0,135031.36,26274.0,26272.0,0.4976706151815401,0.5002459428683826,True,True,True
1983,Tech,35-39,61,90191.13999999998,51.061727996836886,28300.0,True,False,61.0,90191.13999999998,28300.0,28423.0,0.4853484499696977,0.5024667611474918,True,True,True
1983,Tech,40-44,43,70600.74999999999,34.388332978015924,32200.0,True,False,43.0,70600.74999999999,32200.0,33000.0,0.4880766847377684,0.5133101277252721,True,True,True
1983,Tech,45-49,39,63817.03,30.182411660918618,31500.0,True,False,39.0,63817.03,31500.0,32000.0,0.48848167957675254,0.5138518668136076,True,True,True
1983,Tech,50-54,22,37816.310000000005,21.01644062367168,30000.0,True,True,22.0,37816.310000000005,30000.0,30000.0,0.47288193903635745,0.5777377538950785,True,True,True
1983,Tech,55-59,13,21030.71,11.397158125382566,30000.0,True,True,13.0,21030.71,30000.0,26767.0,0.48593746953859385,0.5788249659664367,True,True,True
1983,Tech,60-64,2,2711.02,1.93966960900962,32000.0,True,True,2.0,2711.02,32000.0,23000.0,0.41181916769334054,1.0,True,True,True
1984,Finance,25-29,302,485092.3000000001,253.1980054360419,21812.0,False,False,302.0,485092.30000000005,21812.0,21200.0,0.49840450982215134,0.502454708104004,True,True,True
1984,Finance,30-34,256,400456.75,187.17530208954756,24000.0,False,False,256.0,400456.75,24000.0,24000.0,0.4779152305461202,0.5316452276057276,True,True,True
1984,Finance,35-39,255,375312.5,206.46071047081327,28500.0,False,False,255.0,375312.5,28500.0,28000.0,0.4967162298084929,0.504181368859284,True,True,True
1984,Finance,40-44,173,266140.85,138.40469555405735,30000.0,False,False,173.0,266140.85,30000.0,30000.0,0.4688943091599805,0.5132029524967701,True,True,True
1984,Finance,45-49,110,169021.97999999998,93.62896368400328,25034.0,False,False,110.0,169021.97999999998,25034.0,25000.0,0.49992125284534,0.5058495350723025,True,True,True
1984,Finance,50-54,85,120064.36,69.0652013003954,30000.0,True,False,85.0,120064.36,30000.0,27500.0,0.478329955700426,0.5377837353232883,True,True,True
1984,Finance,55-59,78,123162.78,67.90200884432468,29000.0,True,False,78.0,123162.78000000001,29000.0,29500.0,0.4977225262372284,0.5093588338944606,True,True,True
1984,Finance,60-64,48,73517.72,36.548958633698795,25000.0,True,False,48.0,73517.72,25000.0,26700.0,0.4926908777910958,0.5280161027844715,True,True,True
1984,Healthcare,25-29,327,490406.14,268.4051666367817,20000.0,False,False,327.0,490406.14,20000.0,20000.0,0.46546862157965635,0.523179461007564,True,True,True
1984,Healthcare,30-34,321,468138.3,264.90844794066066,21000.0,False,False,321.0,468138.3,21000.0,21000.0,0.4730333322439117,0.5139373556916834,True,True,True
1984,Healthcare,35-39,237,347951.56000000006,199.85479788794197,24000.0,False,False,237.0,347951.56000000006,24000.0,24000.0,0.48010484562851213,0.524600464501438,True,True,True
1984,Healthcare,40-44,168,271379.53,137.4867548393904,22000.0,False,False,168.0,271379.53,22000.0,21920.0,0.4958292543287991,0.5198276008511032,True,True,True
1984,Healthcare,45-49,100,161281.19,79.52888408220312,24000.0,False,False,100.0,161281.19,24000.0,22632.0,0.4903750400155156,0.5683202734305222,True,True,True
1984,Healthcare,50-54,119,166995.11,99.1714401775274,20000.0,False,False,119.0,166995.11,20000.0,22000.0,0.43285021938666357,0.5088696309730267,True,True,True
1984,Healthcare,55-59,70,107655.83000000002,57.163497856159815,21549.0,True,False,70.0,107655.83000000002,21549.0,21524.5,0.4845190455547088,0.5014335963040738,True,True,True
1984,Healthcare,60-64,59,90399.38,47.07433274514776,22500.0,True,False,59.0,90399.38,22500.0,22000.0,0.48497688811582557,0.5000317480053513,True,True,True
1984,Other,25-29,6170,9305226.16,4935.8954885941985,16500.0,False,False,6170.0,9305226.16,16500.0,16300.0,0.4946980751298581,0.500433774518813,True,True,True
1984,Other,30-34,5898,8922218.76,4588.576192806425,19740.0,False,False,5898.0,8922218.76,19740.0,19700.0,0.49990963122271614,0.5002925796901219,True,True,True
1984,Other,35-39,5556,7995923.08,4477.7694490894255,22000.0,False,False,5556.0,7995923.08,22000.0,21485.0,0.48772754327196455,0.5088533568034274,True,True,True
1984,Other,40-44,4312,6378022.9,3412.8848296719993,22000.0,False,False,4312.0,6378022.9,22000.0,22000.0,0.4864493164488324,0.5071081400476,True,True,True
1984,Other,45-49,3609,5336174.890000001,2904.5942347507544,21000.0,False,False,3609.0,5336174.890000001,21000.0,21000.0,0.48771483574819635,0.5035499239418668,True,True,True
1984,Other,50-54,3288,4732069.45,2685.392340392087,21000.0,False,False,3288.0,4732069.45,21000.0,20000.0,0.49955523581759775,0.5134242228841337,True,True,True
1984,Other,55-59,2886,4280554.27,2330.694166421135,20000.0,False,False,2886.0,4280554.27,20000.0,20000.0,0.4815768449537728,0.5078112606197609,True,True,True
1984,Other,60-64,1774,2631253.91,1450.8592356087706,19300.0,False,False,1774.0,2631253.91,19300.0,19000.0,0.49974539325245126,0.5003874027497407,True,True,True
1984,Tech,25-29,111,185565.98,99.28076404766963,25000.0,False,False,111.0,185565.98,25000.0,25000.0,0.45557386111398224,0.5435686541250718,True,True,True
1984,Tech,30-34,91,134979.30000000002,77.73527590529288,24458.0,True,False,91.0,134979.30000000002,24458.0,25027.0,0.494954930126323,0.5071981407519522,True,True,True
1984,Tech,35-39,60,86985.48999999999,50.61826943089381,34367.0,True,False,60.0,86985.48999999999,34367.0,32000.0,0.48836466863611394,0.516925983862366,True,True,True
1984,Tech,40-44,40,64980.83,33.34842184169562,30000.0,True,False,40.0,64980.83,30000.0,30000.0,0.48307154586975887,0.5104016061352248,True,True,True
1984,Tech,45-49,25,44782.09,22.553316000850675,40000.0,True,True,25.0,44782.09,40000.0,37500.0,0.46365701109528384,0.5665677952949494,True,True,True
1984,Tech,50-54,22,37098.11,20.108424059694,34000.0,True,True,22.0,37098.11,34000.0,33250.0,0.47934490463260787,0.5451762906520035,True,True,True
1984,Tech,55-59,9,15245.79,7.22428477544769,37750.0,True,True,9.0,15245.79,37750.0,37750.0,0.41502801757075225,0.630706575389009,True,True,True
1984,Tech,60-64,6,6575.040000000001,5.393229403960339,29000.0,True,True,6.0,6575.040000000001,29000.0,31500.0,0.37228822942522016,0.6114639606755243,True,True,True
1985,Finance,25-29,304,480728.7,253.8580662768481,23300.0,False,False,304.0,480728.7,23300.0,23710.0,0.4993457224417847,0.503192549144663,True,True,True
1985,Finance,30-34,310,488412.87999999995,255.6108812312445,25000.0,False,False,310.0,488412.87999999995,25000.0,25000.0,0.46431748482963847,0.5114438628236012,True,True,True
1985,Finance,35-39,261,394896.38,213.74981572353337,30000.0,False,False,261.0,394896.38,30000.0,30000.0,0.49162025744576343,0.5287578224951063,True,True,True
1985,Finance,40-44,163,250527.81000000003,134.98609038499762,32000.0,False,False,163.0,250527.81000000003,32000.0,32200.0,0.4936237218534739,0.5182344826308902,True,True,True
1985,Finance,45-49,107,172530.51,88.78917123399003,28500.0,False,False,107.0,172530.51,28500.0,27000.0,0.4924046767148604,0.5012317531548478,True,True,True
1985,Finance,50-54,90,138070.16999999998,76.47422985304092,36000.0,True,False,90.0,138070.16999999998,36000.0,31800.0,0.4961145481315769,0.5054228585363515,True,True,True
1985,Finance,55-59,84,124905.94,68.44374403783506,27000.0,True,False,84.0,124905.94,27000.0,26187.5,0.49810177162110947,0.5076808196631801,True,True,True
1985,Finance,60-64,55,94203.29,43.35689302440655,24440.0,True,False,55.0,94203.29000000001,24440.0,24800.0,0.48737979321104374,0.503908302990267,True,True,True
1985,Healthcare,25-29,325,485183.17,261.08540369422747,21000.0,False,False,325.0,485183.17000000004,21000.0,21000.0,0.4743022516630162,0.5004465633051532,True,True,True
1985,Healthcare,30-34,327,519537.53,262.00583655308407,23000.0,False,False,327.0,519537.52999999997,23000.0,23000.0,0.4838956292531936,0.508361907945322,True,True,True
1985,Healthcare,35-39,248,359336.43000000005,201.63167233535455,23000.0,False,False,248.0,359336.43000000005,23000.0,23554.0,0.49951453572352783,0.508932395192995,True,True,True
1985,Healthcare,40-44,177,281178.29000000004,145.9627463707464,22600.0,False,False,177.0,281178.29000000004,22600.0,22269.0,0.49883164877345254,0.5038980072038989,True,True,True
1985,Healthcare,45-49,139,220511.39,111.56018244805314,24000.0,False,False,139.0,220511.39,24000.0,24000.0,0.486102917404856,0.5201528138750565,True,True,True
1985,Healthcare,50-54,89,146909.19999999998,76.88106487060493,23000.0,True,False,89.0,146909.19999999998,23000.0,23000.0,0.4858377147244693,0.538203665937872,True,True,True
1985,Healthcare,55-59,93,138186.09000000003,77.22521091815653,23500.0,True,False,93.0,138186.09000000003,23500.0,22500.0,0.49911630034542537,0.5150358476746827,True,True,True
1985,Healthcare,60-64,40,63159.18,32.29157887255347,21000.0,True,False,40.0,63159.18,21000.0,22000.0,0.4151412352091969,0.5574557807748611,True,True,True
1985,Other,25-29,6111,9643852.9,4945.3978947540845,17000.0,False,False,6111.0,9643852.899999999,17000.0,17000.0,0.4837171427614787,0.5064097006290921,True,True,True
1985,Other,30-34,6007,9168609.67,4784.96422040013,20000.0,False,False,6007.0,9168609.67,20000.0,20000.0,0.46067516035940054,0.5032203415853345,True,True,True
1985,Other,35-39,5696,8551365.190000001,4637.699844247718,22800.0,False,False,5696.0,8551365.190000001,22800.0,22000.0,0.49952502496271,0.5003966670729916,True,True,True
1985,Other,40-44,4342,6526806.02,3531.702276031623,23000.0,False,False,4342.0,6526806.02,23000.0,22896.5,0.4889179945323395,0.5025127236736845,True,True,True
1985,Other,45-49,3626,5606140.57,2966.005805602914,23000.0,False,False,3626.0,5606140.57,23000.0,22222.0,0.4933527415991996,0.50650370509707,True,True,True
1985,Other,50-54,3135,4798706.370000001,2573.383592567835,22000.0,False,False,3135.0,4798706.370000001,22000.0,22000.0,0.4879773608652782,0.5058122883230297,True,True,True
1985,Other,55-59,2786,4248520.4,2286.8754035220345,21500.0,False,False,2786.0,4248520.4,21500.0,21000.0,0.498355709907854,0.5003822436629938,True,True,True
1985,Other,60-64,1649,2620906.94,1282.411439619566,20000.0,False,False,1649.0,2620906.94,20000.0,20000.0,0.4818290839429804,0.5111905270470992,True,True,True
1985,Tech,25-29,102,168565.76000000004,83.74882125155968,26500.0,False,False,102.0,168565.76000000004,26500.0,26000.0,0.4925876998982474,0.5089986246317164,True,True,True
1985,Tech,30-34,110,180512.2800000001,92.42639552053532,30000.0,False,False,110.0,180512.28000000006,30000.0,29000.0,0.4600710267467675,0.5245117949870224,True,True,True
1985,Tech,35-39,86,134650.71999999997,72.97181498210759,35000.0,True,False,86.0,134650.71999999997,35000.0,33816.0,0.4888677906809559,0.5767931281763663,True,True,True
1985,Tech,40-44,45,75749.51999999999,36.34690423359529,38000.0,True,False,45.0,75749.51999999999,38000.0,37000.0,0.49858969403370484,0.5906397822718877,True,True,True
1985,Tech,45-49,25,42285.72,20.9818866742393,37800.0,True,True,25.0,42285.72,37800.0,38000.0,0.45154983762840034,0.516201214026863,True,True,True
1985,Tech,50-54,16,26735.18,12.471836223010412,38460.0,True,True,16.0,26735.18,38460.0,37128.0,0.4755722609685067,0.5445869449915803,True,True,True
1985,Tech,55-59,13,17737.56,10.8760370350292,33829.0,True,True,13.0,17737.56,33829.0,31000.0,0.3948282627373776,0.5088524013449425,True,True,True
1985,Tech,60-64,2,2742.2200000000003,1.3500624325441684,29000.0,True,True,2.0,2742.2200000000003,29000.0,34500.0,0.0,0.8469196490434757,True,True,True
1986,Finance,25-29,299,503146.0,252.73633839938685,24000.0,False,False,299.0,503146.0,24000.0,24000.0,0.4800960158681576,0.5090293473464959,True,True,True
1986,Finance,30-34,277,437703.78,218.46961973891555,30000.0,False,False,277.0,437703.78,30000.0,30000.0,0.4731643395905788,0.5011873783680826,True,True,True
1986,Finance,35-39,269,418271.74,223.62606683202756,30078.0,False,False,269.0,418271.74,30078.0,30029.0,0.4888498085000914,0.5018655575440024,True,True,True
1986,Finance,40-44,181,289906.71,137.7000756279087,32000.0,False,False,181.0,289906.71,32000.0,30000.0,0.471111137786359,0.5036242175974471,True,True,True
1986,Finance,45-49,129,213735.61,108.6724840092531,35000.0,False,False,129.0,213735.61,35000.0,35000.0,0.4574141856848281,0.5037333273571025,True,True,True
1986,Finance,50-54,101,160720.95,82.33281536144123,32000.0,False,False,101.0,160720.95,32000.0,28000.0,0.4992995001585046,0.5145922793512607,True,True,True
1986,Finance,55-59,86,131177.72999999998,71.46038985928303,31941.0,True,False,86.0,131177.72999999998,31941.0,28913.5,0.49746851085165145,0.5031976083135454,True,True,True
1986,Finance,60-64,51,83131.91000000002,42.63636506048008,28000.0,True,False,51.0,83131.91000000002,28000.0,28000.0,0.4731558555553457,0.5277996138907429,True,True,True
1986,Healthcare,25-29,324,527493.53,270.9189700198593,21000.0,False,False,324.0,527493.53,21000.0,21000.0,0.45258517199253606,0.5050630099671554,True,True,True
1986,Healthcare,30-34,338,532270.69,272.5601476632956,24000.0,False,False,338.0,532270.69,24000.0,23550.0,0.4919602467684253,0.5317275877054212,True,True,True
1986,Healthcare,35-39,266,431633.38,217.09028132260843,26000.0,False,False,266.0,431633.38,26000.0,25000.0,0.48393178025295447,0.5016850411337511,True,True,True
1986,Healthcare,40-44,219,328559.4,180.17504369705904,26000.0,False,False,219.0,328559.4,26000.0,25000.0,0.49712609044209355,0.5265519415971662,True,True,True
1986,Healthcare,45-49,149,230037.2,120.2682050380662,26000.0,False,False,149.0,230037.19999999998,26000.0,25000.0,0.4853483697419374,0.5176454069167944,True,True,True
1986,Healthcare,50-54,113,192820.54,94.63988428573766,24000.0,False,False,113.0,192820.54,24000.0,24000.0,0.4964928528879755,0.5150084633099772,True,True,True
1986,Healthcare,55-59,72,112899.92,63.44843320289815,22000.0,True,False,72.0,112899.92000000001,22000.0,21000.0,0.4987494233831166,0.528193996948802,True,True,True
1986,Healthcare,60-64,61,93302.97,49.97511183655815,23000.0,True,False,61.0,93302.97,23000.0,23000.0,0.4790031871439891,0.5300491506326112,True,True,True
1986,Other,25-29,6104,9835143.14,4966.309565867618,17560.0,False,False,6104.0,9835143.14,17560.0,17246.0,0.49976077114826817,0.5000902762661773,True,True,True
1986,Other,30-34,6045,9424435.18,4809.665789289188,21000.0,False,False,6045.0,9424435.18,21000.0,20255.0,0.498172180117854,0.5146905249339303,True,True,True
1986,Other,35-39,5760,8894450.620000001,4590.388952420066,23000.0,False,False,5760.0,8894450.620000001,23000.0,23000.0,0.4860068782977851,0.5044636461200568,True,True,True
1986,Other,40-44,4697,7182160.41,3803.3615719196378,24000.0,False,False,4697.0,7182160.41,24000.0,24000.0,0.48316305288425043,0.5004540242509008,True,True,True
1986,Other,45-49,3639,5730202.52,2948.56047149172,24000.0,False,False,3639.0,5730202.52,24000.0,23022.0,0.4965022265914609,0.5122103921730153,True,True,True
1986,Other,50-54,2996,4715078.359999999,2458.97213836231,24000.0,False,False,2996.0,4715078.359999999,24000.0,23000.0,0.4926332910403636,0.5066959820366591,True,True,True
1986,Other,55-59,2631,4188184.13,2161.2616664341267,22000.0,False,False,2631.0,4188184.13,22000.0,22000.0,0.48984982186062587,0.5061522068276402,True,True,True
1986,Other,60-64,1636,2607499.09,1327.3585724765132,20786.0,False,False,1636.0,2607499.09,20786.0,20347.0,0.49986570465111846,0.5000675110494478,True,True,True
1986,Tech,25-29,111,184143.83,96.70111268117886,28000.0,False,False,111.0,184143.83000000002,28000.0,28000.0,0.4819006968628815,0.5447450506487238,True,True,True
1986,Tech,30-34,94,156441.84000000003,79.32124796239484,30000.0,True,False,94.0,156441.84000000003,30000.0,30000.0,0.42515422984030354,0.5208322147067561,True,True,True
1986,Tech,35-39,67,110271.9,57.1540516890357,35000.0,True,False,67.0,110271.9,35000.0,35000.0,0.475881978999183,0.5290519162180031,True,True,True
1986,Tech,40-44,55,96725.71,46.57796036474121,36400.0,True,False,55.0,96725.70999999999,36400.0,36400.0,0.4828238531410108,0.5018332767988987,True,True,True
1986,Tech,45-49,29,50701.78999999999,25.31940327774314,42600.0,True,True,29.0,50701.78999999999,42600.0,40021.0,0.47038654848280514,0.5082100651673245,True,True,True
1986,Tech,50-54,22,34525.74,17.370516415398416,42000.0,True,True,22.0,34525.74,42000.0,37500.0,0.443895192398483,0.502307553726582,True,True,True
1986,Tech,55-59,9,16728.02,8.144453846948515,40794.0,True,True,9.0,16728.02,40794.0,40794.0,0.4774820929195446,0.6625273044867235,True,True,True
1986,Tech,60-64,4,7278.14,3.7252454544319087,30000.0,True,True,4.0,7278.14,30000.0,30600.0,0.2597284471032434,0.6075054890397822,True,True,True
1987,Finance,25-29,321,543986.02,273.1112803311274,24000.0,False,False,321.0,543986.02,24000.0,24500.0,0.48224915780004796,0.5125676023806641,True,True,True
1987,Finance,30-34,314,513025.89,240.16608529677535,27000.0,False,False,314.0,513025.89,27000.0,27000.0,0.48479806740357684,0.5094426910891378,True,True,True
1987,Finance,35-39,271,427398.8000000001,225.58354972738329,30000.0,False,False,271.0,427398.80000000005,30000.0,30000.0,0.44781557645926934,0.5091949018106742,True,True,True
1987,Finance,40-44,228,337033.62,180.13736222086115,30000.0,False,False,228.0,337033.62,30000.0,30000.0,0.4396728729911277,0.5075970759237609,True,True,True
1987,Finance,45-49,151,245356.83999999997,124.73912765308692,31958.0,False,False,151.0,245356.83999999997,31958.0,31000.0,0.4947557198731448,0.5048526464556684,True,True,True
1987,Finance,50-54,115,179818.73,91.81734989355594,33000.0,False,False,115.0,179818.73,33000.0,32436.0,0.4985087482266168,0.5160299486043528,True,True,True
1987,Finance,55-59,78,121817.68,66.26320005687099,30000.0,True,False,78.0,121817.68,30000.0,29500.0,0.4933081142244706,0.5375146694634146,True,True,True
1987,Finance,60-64,48,80699.67,42.334560619647,26900.0,True,False,48.0,80699.67,26900.0,26450.0,0.47109820895178384,0.5032863207495148,True,True,True
1987,Healthcare,25-29,281,450649.95,234.6930270956269,22500.0,False,False,281.0,450649.95,22500.0,22800.0,0.4992307443948457,0.5009659049113396,True,True,True
1987,Healthcare,30-34,353,537548.78,278.9568456685739,26000.0,False,False,353.0,537548.78,26000.0,25000.0,0.48734406950007403,0.5268338810107615,True,True,True
1987,Healthcare,35-39,298,493184.39,245.6772468133796,27000.0,False,False,298.0,493184.39,27000.0,26000.0,0.4997126328349525,0.5187348691226825,True,True,True
1987,Healthcare,40-44,232,370876.18000000005,194.3862912597051,28000.0,False,False,232.0,370876.18000000005,28000.0,26980.0,0.4863178325445435,0.5112420808475755,True,True,True
1987,Healthcare,45-49,164,268856.89,137.86617391827022,26000.0,False,False,164.0,268856.89,26000.0,25769.5,0.4814292094206698,0.5059744237910361,True,True,True
1987,Healthcare,50-54,112,176693.75,96.25049422736792,25963.0,False,False,112.0,176693.75,25963.0,25000.0,0.49514637614516643,0.5018235789324751,True,True,True
1987,Healthcare,55-59,81,133748.24,70.78908425982094,24000.0,True,False,81.0,133748.24,24000.0,24000.0,0.47022166422526385,0.5014780007572437,True,True,True
1987,Healthcare,60-64,44,67551.0,35.420200165346124,24000.0,True,False,44.0,67551.0,24000.0,24750.0,0.48336382881082446,0.5032556142766206,True,True,True
1987,Other,25-29,6105,10016345.13,4933.400259104858,18000.0,False,False,6105.0,10016345.129999999,18000.0,18000.0,0.4859478099872544,0.5191133534752711,True,True,True
1987,Other,30-34,6251,9991561.88,4980.577473283687,21000.0,False,False,6251.0,9991561.88,21000.0,21000.0,0.48848272158226375,0.5094724119348595,True,True,True
1987,Other,35-39,5689,8863383.719999999,4539.617965948922,23517.0,False,False,5689.0,8863383.719999999,23517.0,23000.0,0.4999454790613534,0.5000875940864716,True,True,True
1987,Other,40-44,5108,7749850.140000001,4129.366015594925,25000.0,False,False,5108.0,7749850.140000001,25000.0,25000.0,0.48114828579123975,0.5122521814337947,True,True,True
1987,Other,45-49,3877,6111210.96,3077.199371817036,25000.0,False,False,3877.0,6111210.96,25000.0,24700.0,0.4965589062237184,0.5257166805447672,True,True,True
1987,Other,50-54,3186,4947108.15,2574.7135222481943,24000.0,False,False,3186.0,4947108.15,24000.0,23900.0,0.4874258611063515,0.5068942206165433,True,True,True
1987,Other,55-59,2561,3996011.6,2087.892528033096,23000.0,False,False,2561.0,3996011.6,23000.0,22985.0,0.4910600309568671,0.506231638566815,True,True,True
1987,Other,60-64,1594,2512980.26,1283.7457920498437,21000.0,False,False,1594.0,2512980.26,21000.0,21000.0,0.4852139069329578,0.504740506795704,True,True,True
1987,Tech,25-29,132,231388.1,113.13036165363934,28000.0,False,False,132.0,231388.09999999998,28000.0,28654.0,0.4543884063182161,0.5006633011810028,True,True,True
1987,Tech,30-34,100,167175.65,81.33677578468559,34600.0,False,False,100.0,167175.65,34600.0,35000.0,0.48517753632182675,0.5010142924522801,True,True,True
1987,Tech,35-39,80,132764.2,66.75051669136077,39000.0,True,False,80.0,132764.2,39000.0,38000.0,0.4967347372258485,0.5282118221629023,True,True,True
1987,Tech,40-44,85,146009.69,63.305363500639096,38700.0,True,False,85.0,146009.69,38700.0,35000.0,0.4979834557555735,0.5009049741835628,True,True,True
1987,Tech,45-49,30,46026.46,25.16595595738337,42311.0,True,False,30.0,46026.46,42311.0,40155.5,0.4901999849651701,0.5227393112570465,True,True,True
1987,Tech,50-54,15,26393.46,11.96918737599736,40000.0,True,True,15.0,26393.46,40000.0,37000.0,0.44071902660734896,0.62103301348137,True,True,True
1987,Tech,55-59,13,23843.869999999995,11.978894677146537,42000.0,True,True,13.0,23843.869999999995,42000.0,42000.0,0.4005893338623303,0.5312065532986048,True,True,True
1987,Tech,60-64,5,8820.36,4.416310516998765,31900.0,True,True,5.0,8820.36,31900.0,31900.0,0.30208177444004547,0.5027980717340336,True,True,True
1988,Finance,25-29,279,515732.51,210.54176891443208,25000.0,False,False,279.0,515732.51,25000.0,25000.0,0.42234314451109556,0.5013409179886682,True,True,True
1988,Finance,30-34,295,510170.45,219.36658127728796,29000.0,False,False,295.0,510170.45,29000.0,29600.0,0.4812430825815176,0.502477946341267,True,True,True
1988,Finance,35-39,242,417711.99,177.18814133930314,32000.0,False,False,242.0,417711.99,32000.0,31000.0,0.49840317008855795,0.5355799099757707,True,True,True
1988,Finance,40-44,218,376848.32,153.76014684063716,32000.0,False,False,218.0,376848.32,32000.0,32000.0,0.48362545440032745,0.5106365606194028,True,True,True
1988,Finance,45-49,154,285742.35,111.71389554277457,33000.0,False,False,154.0,285742.35,33000.0,33000.0,0.49074804627315494,0.5198735154239476,True,True,True
1988,Finance,50-54,90,166560.42,67.87267648564072,34315.0,True,False,90.0,166560.42,34315.0,34657.5,0.4880944704630307,0.5022631427082136,True,True,True
1988,Finance,55-59,73,111637.3,55.604705283145755,33500.0,True,False,73.0,111637.3,33500.0,35000.0,0.4793521520137087,0.5413654755175914,True,True,True
1988,Finance,60-64,42,74538.38,28.923832060005545,30000.0,True,False,42.0,74538.38,30000.0,30000.0,0.4940474960684683,0.5621512031788187,True,True,True
1988,Healthcare,25-29,276,491123.32000000007,212.73222404646785,24700.0,False,False,276.0,491123.32000000007,24700.0,24451.5,0.49977612547496214,0.50190548882916,True,True,True
1988,Healthcare,30-34,317,554277.02,244.180647289405,25396.0,False,False,317.0,554277.02,25396.0,25682.0,0.49636641980935814,0.5001512240215191,True,True,True
1988,Healthcare,35-39,314,517825.4799999999,228.67952884265807,30000.0,False,False,314.0,517825.4799999999,30000.0,28705.5,0.4872223939231419,0.5732978415816852,True,True,True
1988,Healthcare,40-44,218,395975.05,168.90114340040304,28000.0,False,False,218.0,395975.05,28000.0,28050.0,0.4798332622219506,0.5121395148507463,True,True,True
1988,Healthcare,45-49,139,258330.44,106.97483619045867,25000.0,False,False,139.0,258330.44,25000.0,26000.0,0.47524925827556364,0.5114295860758801,True,True,True
1988,Healthcare,50-54,119,221483.33999999997,91.05574830004458,30000.0,False,False,119.0,221483.33999999997,30000.0,29000.0,0.4961917225918664,0.5276582428276547,True,True,True
1988,Healthcare,55-59,90,162464.66,73.8471344237998,25000.0,True,False,90.0,162464.66,25000.0,24500.0,0.48148643526536783,0.5021853367987844,True,True,True
1988,Healthcare,60-64,40,61161.77,32.19646743031752,23000.0,True,False,40.0,61161.770000000004,23000.0,23000.0,0.4698882978697313,0.5284351646461506,True,True,True
1988,Other,25-29,5710,10338664.65,4236.599811805133,18500.0,False,False,5710.0,10338664.65,18500.0,18048.5,0.49317134877762,0.5000912791962935,True,True,True
1988,Other,30-34,5949,10330574.9,4387.743670176289,21874.0,False,False,5949.0,10330574.899999999,21874.0,21000.0,0.4999885766280055,0.5005986268973279,True,True,True
1988,Other,35-39,5420,9213019.43,4023.454880961066,25000.0,False,False,5420.0,9213019.43,25000.0,24300.0,0.49531067579654503,0.5289823251789234,True,True,True
1988,Other,40-44,4822,8105277.260000001,3606.8703675076367,26000.0,False,False,4822.0,8105277.260000001,26000.0,25000.0,0.4937066754950218,0.5166369583265804,True,True,True
1988,Other,45-49,3767,6546691.08,2822.560732922613,25000.0,False,False,3767.0,6546691.08,25000.0,25000.0,0.4716927746039301,0.5041936009603191,True,True,True
1988,Other,50-54,2995,5162090.51,2241.896994020006,25000.0,False,False,2995.0,5162090.51,25000.0,24000.0,0.4952742353213796,0.5262430220348849,True,True,True
1988,Other,55-59,2365,4040250.43,1775.3748395473956,24000.0,False,False,2365.0,4040250.43,24000.0,23000.0,0.49078901032379824,0.5093998863827853,True,True,True
1988,Other,60-64,1544,2554389.25,1143.5363140429722,22000.0,False,False,1544.0,2554389.25,22000.0,22000.0,0.48610760478263054,0.5065164794284974,True,True,True
1988,Tech,25-29,135,273224.20999999996,101.1484278291454,29000.0,False,False,135.0,273224.20999999996,29000.0,28700.0,0.4844851779423206,0.5174088343049834,True,True,True
1988,Tech,30-34,108,202117.93,82.81582236030823,35000.0,False,False,108.0,202117.93,35000.0,35000.0,0.44531937369435753,0.5033081429242819,True,True,True
1988,Tech,35-39,81,150124.39,60.57192377438509,39000.0,True,False,81.0,150124.39,39000.0,39000.0,0.4421512054103934,0.5051543589952305,True,True,True
1988,Tech,40-44,82,163866.21000000002,51.50614286473636,39800.0,True,False,82.0,163866.21000000002,39800.0,39448.0,0.49777382414592963,0.5088711089369796,True,True,True
1988,Tech,45-49,35,58027.56,26.64683869820049,40000.0,True,False,35.0,58027.56,40000.0,40000.0,0.4077372889709649,0.508638998434537,True,True,True
1988,Tech,50-54,16,31389.03,11.988552603713956,37000.0,True,True,16.0,31389.03,37000.0,41193.0,0.4871504471466624,0.5426946930185482,True,True,True
1988,Tech,55-59,17,35696.21,13.183281840819614,44917.0,True,True,17.0,35696.21,44917.0,44917.0,0.4733054293438995,0.5637744175081892,True,True,True
1988,Tech,60-64,2,2939.65,1.8148673323431657,30000.0,True,True,2.0,2939.65,30000.0,30000.0,0.0,1.0,True,True,True
1989,Finance,25-29,306,521572.12,238.6249818087326,27000.0,False,False,306.0,521572.12,27000.0,27000.0,0.491868852192483,0.5094218801419064,True,True,True
1989,Finance,30-34,316,558974.25,245.232742114954,30000.0,False,False,316.0,558974.25,30000.0,30000.0,0.46237428647205125,0.5020407111776615,True,True,True
1989,Finance,35-39,275,457267.32,219.0106992142033,35000.0,False,False,275.0,457267.32,35000.0,34500.0,0.4804079810470602,0.5223180173907901,True,True,True
1989,Finance,40-44,239,384490.75,182.9715604291798,34000.0,False,False,239.0,384490.75,34000.0,33000.0,0.49188288664941876,0.5144141178949038,True,True,True
1989,Finance,45-49,166,285300.12,130.03405767316818,32000.0,False,False,166.0,285300.12,32000.0,33314.5,0.4721427737219318,0.5061998922397929,True,True,True
1989,Finance,50-54,121,191237.97,93.14985154827676,32000.0,False,False,121.0,191237.97,32000.0,30000.0,0.4969562791322246,0.5030156929609741,True,True,True
1989,Finance,55-59,70,124092.51,59.62880183055034,35000.0,True,False,70.0,124092.51000000001,35000.0,32600.0,0.4899425436716527,0.5132640156928086,True,True,True
1989,Finance,60-64,60,94938.56,45.61540919036118,36000.0,True,False,60.0,94938.56000000001,36000.0,35426.0,0.4676966872048617,0.5073498060219156,True,True,True
1989,Healthcare,25-29,301,498892.65,222.4483092860696,25000.0,False,False,301.0,498892.65,25000.0,25000.0,0.49342801502487554,0.5276687479761427,True,True,True
1989,Healthcare,30-34,310,508912.68000000005,247.0194688295774,29000.0,False,False,310.0,508912.68000000005,29000.0,29750.0,0.46784468015220215,0.5019901842492901,True,True,True
1989,Healthcare,35-39,301,444666.25,226.10126517570836,28000.0,False,False,301.0,444666.25,28000.0,28000.0,0.47562276201533177,0.5028886271445157,True,True,True
1989,Healthcare,40-44,258,401085.08,207.0756754165349,30000.0,False,False,258.0,401085.07999999996,30000.0,30500.0,0.45895013097969156,0.5062596693948327,True,True,True
1989,Healthcare,45-49,173,284006.22,141.19399883667157,30000.0,False,False,173.0,284006.22,30000.0,30000.0,0.4747453066344815,0.5160285574027217,True,True,True
1989,Healthcare,50-54,130,207837.71,106.72331549339069,29500.0,False,False,130.0,207837.71000000002,29500.0,31337.5,0.4943279061340697,0.5004832857328922,True,True,True
1989,Healthcare,55-59,85,142523.71000000002,62.14691843301418,29000.0,True,False,85.0,142523.71000000002,29000.0,29000.0,0.4753267368636419,0.5102151073670479,True,True,True
1989,Healthcare,60-64,44,63200.81,35.08705360493991,28626.0,True,False,44.0,63200.81,28626.0,27685.0,0.4703786233119481,0.5179507984154001,True,True,True
1989,Other,25-29,6084,9985344.92,4738.446665200224,20000.0,False,False,6084.0,9985344.92,20000.0,20000.0,0.4843307846395355,0.5280190711729565,True,True,True
1989,Other,30-34,6298,10311069.97,4794.891253854229,22000.0,False,False,6298.0,10311069.969999999,22000.0,22000.0,0.47657531510282247,0.5001010569226115,True,True,True
1989,Other,35-39,6214,9719555.69,4847.410334375087,25000.0,False,False,6214.0,9719555.69,25000.0,25000.0,0.4850125551366639,0.5169937330746442,True,True,True
1989,Other,40-44,5466,8595835.31,4243.773378527196,26500.0,False,False,5466.0,8595835.31,26500.0,26000.0,0.4984297424842123,0.5002024102297511,True,True,True
1989,Other,45-49,4281,6743387.99,3360.149160460489,26000.0,False,False,4281.0,6743387.99,26000.0,25900.0,0.4889969277891127,0.5053716952151821,True,True,True
1989,Other,50-54,3271,5140287.2,2571.441506183301,25000.0,False,False,3271.0,5140287.2,25000.0,25000.0,0.474429232281029,0.5000653329253665,True,True,True
1989,Other,55-59,2516,4017059.13,2001.5524173815256,25000.0,False,False,2516.0,4017059.13,25000.0,25000.0,0.4857040030675377,0.5116468200954761,True,True,True
1989,Other,60-64,1586,2429574.9400000004,1253.175129447218,25000.0,False,False,1586.0,2429574.9400000004,25000.0,24397.0,0.48746444511812415,0.5200315286426193,True,True,True
1989,Tech,25-29,144,254925.49,116.65275689355909,31130.0,False,False,144.0,254925.49,31130.0,31000.0,0.4981636006662182,0.5048264494852986,True,True,True
1989,Tech,30-34,139,239357.65999999997,110.84716234468635,36000.0,False,False,139.0,239357.65999999997,36000.0,34200.0,0.49776911254897804,0.537510393442182,True,True,True
1989,Tech,35-39,95,152331.77,74.73983373701505,39500.0,True,False,95.0,152331.77,39500.0,37000.0,0.48418987057000645,0.5177052692291306,True,True,True
1989,Tech,40-44,80,129567.31,63.280071923477145,41000.0,True,False,80.0,129567.31000000001,41000.0,40800.0,0.474320798973136,0.5064961215911636,True,True,True
1989,Tech,45-49,41,64647.79,31.015844423569188,40000.0,True,False,41.0,64647.79,40000.0,40000.0,0.42950486010426653,0.5088718423321199,True,True,True
1989,Tech,50-54,31,59921.42999999999,23.252541162409997,44000.0,True,False,31.0,59921.42999999999,44000.0,44000.0,0.44910059723207546,0.5398404210313407,True,True,True
1989,Tech,55-59,7,13944.72,6.095031860815157,50000.0,True,True,7.0,13944.72,50000.0,50000.0,0.44625492659587285,0.5312311756707916,True,True,True
1989,Tech,60-64,4,8109.400000000001,3.3798952890121976,30000.0,True,True,4.0,8109.400000000001,30000.0,32500.0,0.3159012997262436,0.6628566848348829,True,True,True
1990,Finance,25-29,311,527281.52,239.5412568075744,28000.0,False,False,311.0,527281.52,28000.0,27700.0,0.4866557432166407,0.5229519327739762,True,True,True
1990,Finance,30-34,289,484156.91,224.54482394737605,30000.0,False,False,289.0,484156.91000000003,30000.0,30000.0,0.44615110419471243,0.507835858420362,True,True,True
1990,Finance,35-39,280,458582.54,224.0184930092218,35000.0,False,False,280.0,458582.54,35000.0,32848.0,0.48942439020901235,0.5067533316902993,True,True,True
1990,Finance,40-44,248,413153.82,197.4788304764634,33000.0,False,False,248.0,413153.82,33000.0,33800.0,0.4926687837474188,0.500263848462057,True,True,True
1990,Finance,45-49,196,317263.07999999996,156.94297844188355,35000.0,False,False,196.0,317263.07999999996,35000.0,34500.0,0.4856745386194952,0.546214548506558,True,True,True
1990,Finance,50-54,129,210960.11,102.89026326711858,32000.0,False,False,129.0,210960.11,32000.0,32000.0,0.4706907860448119,0.5116608537983792,True,True,True
1990,Finance,55-59,88,145922.53,72.12859236471738,29880.0,True,False,88.0,145922.53,29880.0,29840.0,0.48622615027302507,0.500035806670841,True,True,True
1990,Finance,60-64,39,61857.42999999999,34.36520074346826,40000.0,True,False,39.0,61857.42999999999,40000.0,37600.0,0.48852643894193476,0.508104038593262,True,True,True
1990,Healthcare,25-29,265,450136.9,208.4943538935024,26827.0,False,False,265.0,450136.9,26827.0,26827.0,0.49449225335670105,0.500576469069743,True,True,True
1990,Healthcare,30-34,312,508248.4,229.50758722560172,29000.0,False,False,312.0,508248.4,29000.0,29000.0,0.49092719229416165,0.5078513183710957,True,True,True
1990,Healthcare,35-39,292,462455.39,219.74371203163827,30000.0,False,False,292.0,462455.39,30000.0,30000.0,0.4537410840859699,0.5214683950380598,True,True,True
1990,Healthcare,40-44,284,457299.3,222.39755551622144,33000.0,False,False,284.0,457299.3,33000.0,32694.0,0.4947143807130253,0.5152320591787479,True,True,True
1990,Healthcare,45-49,204,318418.1100000001,159.276200497412,32000.0,False,False,204.0,318418.1100000001,32000.0,30574.5,0.48349731112969657,0.5030531083800477,True,True,True
1990,Healthcare,50-54,142,229763.84000000003,114.84651820981004,31000.0,False,False,142.0,229763.84000000003,31000.0,31000.0,0.48174007711570266,0.5117939358952217,True,True,True
1990,Healthcare,55-59,84,141261.09999999998,71.2314969806251,32000.0,True,False,84.0,141261.09999999998,32000.0,33000.0,0.4812828160052556,0.5151959031892008,True,True,True
1990,Healthcare,60-64,46,71042.59,34.25952964623517,33000.0,True,False,46.0,71042.59,33000.0,31500.0,0.49019003952417844,0.5760437506571763,True,True,True
1990,Other,25-29,5909,9627407.57,4453.762076877638,20000.0,False,False,5909.0,9627407.57,20000.0,19553.0,0.4882501458281983,0.5314909785210225,True,True,True
1990,Other,30-34,6231,10258176.13,4735.380802722568,23000.0,False,False,6231.0,10258176.129999999,23000.0,23000.0,0.48278057885130116,0.5029323970088629,True,True,True
1990,Other,35-39,6027,9724460.45,4605.437054498555,25681.0,False,False,6027.0,9724460.45,25681.0,25000.0,0.4998685073576499,0.5000640657652118,True,True,True
1990,Other,40-44,5641,8868052.510000002,4376.9985433537795,27000.0,False,False,5641.0,8868052.510000002,27000.0,26000.0,0.4942829753271273,0.5081009257578244,True,True,True
1990,Other,45-49,4331,6899610.36,3396.377381102447,27200.0,False,False,4331.0,6899610.36,27200.0,26660.0,0.4996644636611045,0.5001593162428958,True,True,True
1990,Other,50-54,3263,5152952.76,2561.7745659719512,26000.0,False,False,3263.0,5152952.76,26000.0,25000.0,0.4971932966061191,0.511640362874198,True,True,True
1990,Other,55-59,2506,4029453.95,1961.6918358668424,25699.0,False,False,2506.0,4029453.95,25699.0,25000.0,0.4998141522376747,0.5000107893031015,True,True,True
1990,Other,60-64,1540,2517860.7,1186.731352698441,24000.0,False,False,1540.0,2517860.7,24000.0,23958.0,0.4967640465574604,0.5134084542484816,True,True,True
1990,Tech,25-29,131,243962.79,103.31212315824035,32500.0,False,False,131.0,243962.79,32500.0,33000.0,0.4942095472838296,0.5014050298408212,True,True,True
1990,Tech,30-34,121,205043.14000000004,90.92343524739762,36000.0,False,False,121.0,205043.14000000004,36000.0,35000.0,0.4896525189772258,0.5139730595229862,True,True,True
1990,Tech,35-39,94,177463.03,74.46749674728362,41000.0,True,False,94.0,177463.03,41000.0,40000.0,0.4964321864672321,0.511459203643711,True,True,True
1990,Tech,40-44,96,151632.64,74.75973950449807,38000.0,True,False,96.0,151632.64,38000.0,38800.0,0.49300605727104657,0.5086161528283093,True,True,True
1990,Tech,45-49,39,59905.45,31.584009832143085,41000.0,True,False,39.0,59905.450000000004,41000.0,42000.0,0.4927346343279284,0.5033423503203799,True,True,True
1990,Tech,50-54,27,50759.44,22.43310534711583,50000.0,True,True,27.0,50759.44,50000.0,45000.0,0.49968793981966697,0.5347974682147794,True,True,True
1990,Tech,55-59,15,27900.11,12.171715710069815,47000.0,True,True,15.0,27900.11,47000.0,47000.0,0.49813459516826275,0.5546920782749603,True,True,True
1990,Tech,60-64,9,14228.02,7.56596403994529,44900.0,True,True,9.0,14228.02,44900.0,44900.0,0.35860225105109494,0.5177895448558548,True,True,True
1991,Finance,25-29,259,428158.37,196.9591530642581,28900.0,False,False,259.0,428158.37,28900.0,29000.0,0.49410471643938664,0.5048445742167788,True,True,True
1991,Finance,30-34,316,535025.0800000001,236.229619792163,32000.0,False,False,316.0,535025.0800000001,32000.0,32000.0,0.4862712790959257,0.5025995603794872,True,True,True
1991,Finance,35-39,246,419926.13,187.8388791980011,35000.0,False,False,246.0,419926.13,35000.0,35445.5,0.48526901624340446,0.5053557634053399,True,True,True
1991,Finance,40-44,245,399147.01,190.97198193039583,38000.0,False,False,245.0,399147.01,38000.0,36297.0,0.4832762996270472,0.5156187190278588,True,True,True
1991,Finance,45-49,172,279086.79000000004,137.99904312705476,39339.0,False,False,172.0,279086.79000000004,39339.0,39169.5,0.49978037298003236,0.5129151401254067,True,True,True
1991,Finance,50-54,108,187172.59,86.98429992124778,37355.0,False,False,108.0,187172.59,37355.0,36750.0,0.4758086106518054,0.5018161580175815,True,True,True
1991,Finance,55-59,86,162193.90000000002,61.83341270001624,36000.0,True,False,86.0,162193.90000000002,36000.0,35000.0,0.48332391045532525,0.5121241304389376,True,True,True
1991,Finance,60-64,45,78634.16000000002,33.74271878248655,36000.0,True,False,45.0,78634.16000000002,36000.0,36000.0,0.48803764165599267,0.5228628372198546,True,True,True
1991,Healthcare,25-29,281,492305.25,223.3135986447385,28600.0,False,False,281.0,492305.25,28600.0,28000.0,0.49907247586736075,0.5079111587780143,True,True,True
1991,Healthcare,30-34,341,562980.04,251.93204993370148,31000.0,False,False,341.0,562980.04,31000.0,30000.0,0.48831159271650204,0.5063174353392705,True,True,True
1991,Healthcare,35-39,359,571528.1000000001,270.1691857972425,32000.0,False,False,359.0,571528.1000000001,32000.0,32000.0,0.4937957906181691,0.5101296681650471,True,True,True
1991,Healthcare,40-44,314,538449.56,247.919277236454,30100.0,False,False,314.0,538449.56,30100.0,30492.5,0.49711722301342387,0.509306238452493,True,True,True
1991,Healthcare,45-49,245,382019.5500000001,196.44246904736968,32334.0,False,False,245.0,382019.55000000005,32334.0,32334.0,0.4961971972376806,0.5007317295672433,True,True,True
1991,Healthcare,50-54,159,252708.02999999997,132.24382013969412,33000.0,False,False,159.0,252708.02999999997,33000.0,32500.0,0.48812053973908154,0.5040416404654811,True,True,True
1991,Healthcare,55-59,101,166938.66,80.7862128417171,38000.0,False,False,101.0,166938.66,38000.0,36151.0,0.4990281460268101,0.5178145074364441,True,True,True
1991,Healthcare,60-64,55,92646.19,44.66491350597755,33000.0,True,False,55.0,92646.19,33000.0,32000.0,0.492153428003893,0.5334874537204389,True,True,True
1991,Other,25-29,5541,9177849.07,4149.0185709232655,20200.0,False,False,5541.0,9177849.07,20200.0,20000.0,0.49950609723853306,0.5005186253297147,True,True,True
1991,Other,30-34,6046,10182247.63,4530.413282028784,24000.0,False,False,6046.0,10182247.63,24000.0,23619.5,0.4885352547647674,0.5148635773259033,True,True,True
1991,Other,35-39,6015,9827147.43,4531.240316851842,26000.0,False,False,6015.0,9827147.43,26000.0,25200.0,0.4938448409947179,0.5088210017828134,True,True,True
1991,Other,40-44,5614,9083047.21,4259.5760575687345,28000.0,False,False,5614.0,9083047.209999999,28000.0,27088.0,0.49016727504161023,0.5055021012050867,True,True,True
1991,Other,45-49,4396,7196086.459999999,3367.638546027598,28400.0,False,False,4396.0,7196086.459999999,28400.0,28000.0,0.4990307273211946,0.5001143816162543,True,True,True
1991,Other,50-54,3305,5376311.39,2527.3457814514018,26500.0,False,False,3305.0,5376311.39,26500.0,26000.0,0.49987757126545457,0.5005072074145617,True,True,True
1991,Other,55-59,2335,3807257.74,1814.7901572612832,26000.0,False,False,2335.0,3807257.74,26000.0,25180.0,0.49509118077201675,0.5083975349669918,True,True,True
1991,Other,60-64,1418,2372718.1900000004,1075.0378752925112,25000.0,False,False,1418.0,2372718.1900000004,25000.0,24000.0,0.4899263026259346,0.5209559673835517,True,True,True
1991,Tech,25-29,106,197658.55,78.65318419990544,34000.0,False,False,106.0,197658.55,34000.0,34571.0,0.476753725047563,0.5078660143970498,True,True,True
1991,Tech,30-34,108,192359.01,87.71367735935719,37000.0,False,False,108.0,192359.01,37000.0,37574.5,0.47890811041292003,0.5147484903358568,True,True,True
1991,Tech,35-39,95,160566.48999999996,72.05033571756839,44200.0,True,False,95.0,160566.48999999996,44200.0,40000.0,0.49859133122982274,0.503019029686705,True,True,True
1991,Tech,40-44,83,140634.57,66.18509908803588,42000.0,True,False,83.0,140634.57,42000.0,42000.0,0.4735791491380818,0.5049087859407542,True,True,True
1991,Tech,45-49,54,97811.21000000002,43.67635277430873,43000.0,True,False,54.0,97811.21000000002,43000.0,41065.0,0.49872759983237086,0.5166647054054437,True,True,True
1991,Tech,50-54,33,62417.01,28.114945880698286,50000.0,True,False,33.0,62417.01,50000.0,47000.0,0.4961873373940853,0.523149859309185,True,True,True
1991,Tech,55-59,17,37125.45,10.195914491676117,40000.0,True,True,17.0,37125.450000000004,40000.0,40000.0,0.35212125374911274,0.7442032352469801,True,True,True
1991,Tech,60-64,5,7332.73,3.980793343479643,38000.0,True,True,5.0,7332.73,38000.0,38000.0,0.3230761258085324,0.5807032305839708,True,True,True
1992,Finance,25-29,257,434456.0,201.95518538566083,28700.0,False,False,257.0,434456.0,28700.0,28700.0,0.4945785994439022,0.5010071445669987,True,True,True
1992,Finance,30-34,334,568695.99,255.1520279952813,33000.0,False,False,334.0,568695.99,33000.0,33000.0,0.4867167781506601,0.5103054269821737,True,True,True
1992,Finance,35-39,265,446196.79,205.3956749861611,39000.0,False,False,265.0,446196.79000000004,39000.0,38000.0,0.49629837094973267,0.502595771699747,True,True,True
1992,Finance,40-44,210,364857.95000000007,169.14924247488258,39900.0,False,False,210.0,364857.95000000007,39900.0,37000.0,0.4976053831360942,0.5050460597062499,True,True,True
1992,Finance,45-49,183,316168.84,139.9042787785661,39000.0,False,False,183.0,316168.84,39000.0,38000.0,0.48749206278518775,0.5022426941250757,True,True,True
1992,Finance,50-54,127,219485.25,103.9873891222949,36000.0,False,False,127.0,219485.25,36000.0,35500.0,0.4901064194518766,0.5393038484362844,True,True,True
1992,Finance,55-59,85,157174.08,68.23259832002812,35000.0,True,False,85.0,157174.08,35000.0,35000.0,0.46868096826143346,0.5030121378792228,True,True,True
1992,Finance,60-64,52,95513.95,43.542806649465206,35000.0,True,False,52.0,95513.95,35000.0,35500.0,0.4883328560906548,0.5086069626478646,True,True,True
1992,Healthcare,25-29,247,443066.65,188.77612352053396,29000.0,False,False,247.0,443066.65,29000.0,28000.0,0.4906351222778785,0.5071121015314514,True,True,True
1992,Healthcare,30-34,326,533293.1900000001,249.26332715915424,33000.0,False,False,326.0,533293.1900000001,33000.0,33000.0,0.4795298436119163,0.5094279752569125,True,True,True
1992,Healthcare,35-39,386,638560.2999999999,291.2558908707544,35000.0,False,False,386.0,638560.2999999999,35000.0,35000.0,0.4798695596954587,0.5113461485156531,True,True,True
1992,Healthcare,40-44,311,539052.14,233.4013956268319,35000.0,False,False,311.0,539052.14,35000.0,34500.0,0.4902157887732344,0.5164147943091367,True,True,True
1992,Healthcare,45-49,246,421902.14,197.53531780679623,36000.0,False,False,246.0,421902.14,36000.0,35159.0,0.4861957087963574,0.5054543928125133,True,True,True
1992,Healthcare,50-54,164,268387.15,132.86508860281216,32000.0,False,False,164.0,268387.15,32000.0,32000.0,0.4865912917216789,0.5123249753201671,True,True,True
1992,Healthcare,55-59,109,183400.74,88.5894628165126,32808.0,False,False,109.0,183400.74000000002,32808.0,32000.0,0.4994890424106249,0.506513168921783,True,True,True
1992,Healthcare,60-64,62,106325.11000000002,50.399130666959074,34000.0,True,False,62.0,106325.11000000002,34000.0,33500.0,0.48603326156916266,0.5040969155827819,True,True,True
1992,Other,25-29,5211,8930362.17,3902.15158090096,21000.0,False,False,5211.0,8930362.17,21000.0,20800.0,0.49140273445371374,0.5095289310086291,True,True,True
1992,Other,30-34,6102,10372436.8,4506.408231817342,25000.0,False,False,6102.0,10372436.8,25000.0,24000.0,0.4973365602960338,0.5343689238000466,True,True,True
1992,Other,35-39,5862,9930026.34,4402.307494228031,26663.0,False,False,5862.0,9930026.34,26663.0,26000.0,0.4999580424073678,0.5000804167051183,True,True,True
1992,Other,40-44,5594,9131601.46,4247.059692892559,28993.0,False,False,5594.0,9131601.46,28993.0,28000.0,0.4999058478401881,0.5000999331830234,True,True,True
1992,Other,45-49,4691,7644868.789999999,3564.4553463129205,30000.0,False,False,4691.0,7644868.789999999,30000.0,29000.0,0.4901797810973288,0.5300183562731886,True,True,True
1992,Other,50-54,3411,5661323.710000001,2646.538407633287,29500.0,False,False,3411.0,5661323.710000001,29500.0,28828.0,0.4999691706376563,0.5007356203625387,True,True,True
1992,Other,55-59,2401,4032657.2,1820.6348308613035,26402.0,False,False,2401.0,4032657.1999999997,26402.0,26000.0,0.49965213507361855,0.5001923396811413,True,True,True
1992,Other,60-64,1466,2470375.19,1124.3892965477362,26000.0,False,False,1466.0,2470375.19,26000.0,25740.0,0.4954124438077764,0.5207636415746225,True,True,True
1992,Tech,25-29,116,200325.62,87.39407500403273,32000.0,False,False,116.0,200325.62,32000.0,32000.0,0.48498694275849497,0.5226429849561929,True,True,True
1992,Tech,30-34,137,256204.71999999997,111.71406660801443,37500.0,False,False,137.0,256204.71999999997,37500.0,37000.0,0.4962691944160904,0.5098881862910254,True,True,True
1992,Tech,35-39,123,210952.87,98.13567236779612,44000.0,False,False,123.0,210952.87,44000.0,44000.0,0.468673784812693,0.5000261906842036,True,True,True
1992,Tech,40-44,84,156205.68999999997,64.71148021361219,44500.0,True,False,84.0,156205.68999999997,44500.0,44291.0,0.49622750618111305,0.5083521605390945,True,True,True
1992,Tech,45-49,44,85091.58999999998,34.13814284667499,43000.0,True,False,44.0,85091.58999999998,43000.0,41571.5,0.49706099039869883,0.5240094820181408,True,True,True
1992,Tech,50-54,31,61997.820000000014,23.437078676484177,50000.0,True,False,31.0,61997.820000000014,50000.0,45000.0,0.4586261258863617,0.6228751268996231,True,True,True
1992,Tech,55-59,17,35348.049999999996,10.418092123399273,41000.0,True,True,17.0,35348.049999999996,41000.0,47000.0,0.4322507182150077,0.587100561417108,True,True,True
1992,Tech,60-64,6,10505.679999999998,4.399762092486445,30000.0,True,True,6.0,10505.679999999998,30000.0,33647.0,0.45005082964643894,0.6290387676000031,True,True,True
1993,Finance,25-29,251,477425.39,184.63091668526937,30000.0,False,False,251.0,477425.39,30000.0,30000.0,0.483622687096721,0.5548066473800232,True,True,True
1993,Finance,30-34,302,550800.8300000001,238.8426912745197,35000.0,False,False,302.0,550800.8300000001,35000.0,35000.0,0.47667823957345884,0.5396881845657348,True,True,True
1993,Finance,35-39,260,441302.91,195.2491551738761,38000.0,False,False,260.0,441302.91000000003,38000.0,38000.0,0.47567909760667565,0.5041211035748665,True,True,True
1993,Finance,40-44,223,403212.5800000001,176.14837374557686,36000.0,False,False,223.0,403212.5800000001,36000.0,36000.0,0.4677936883814487,0.5015371296203109,True,True,True
1993,Finance,45-49,193,345381.07999999996,148.43426525569677,39500.0,False,False,193.0,345381.07999999996,39500.0,38000.0,0.4996654999167875,0.5073740576640736,True,True,True
1993,Finance,50-54,124,219223.65999999997,98.96750775943308,38704.0,False,False,124.0,219223.65999999997,38704.0,37500.0,0.48780113423888644,0.5000269131534434,True,True,True
1993,Finance,55-59,77,134306.77000000002,60.24736442425863,34000.0,True,False,77.0,134306.77000000002,34000.0,34000.0,0.4822911756421512,0.5173477852233359,True,True,True
1993,Finance,60-64,36,66208.70999999999,25.59804435727618,43000.0,True,False,36.0,66208.70999999999,43000.0,41000.0,0.48975625714501925,0.5107081832586681,True,True,True
1993,Healthcare,25-29,289,507846.38,229.71325507333373,30000.0,False,False,289.0,507846.38,30000.0,30000.0,0.46494938095256283,0.5258713077761822,True,True,True
1993,Healthcare,30-34,349,603333.95,267.34084828496356,31500.0,False,False,349.0,603333.95,31500.0,31900.0,0.4966054205966696,0.50284485068344,True,True,True
1993,Healthcare,35-39,368,667725.53,289.8029833563026,35000.0,False,False,368.0,667725.53,35000.0,35000.0,0.46404288300913105,0.5174985146966,True,True,True
1993,Healthcare,40-44,369,645692.0399999999,295.7901934616943,36900.0,False,False,369.0,645692.0399999999,36900.0,38000.0,0.4992688619794663,0.5032016965858832,True,True,True
1993,Healthcare,45-49,309,527155.11,240.62628122056336,36000.0,False,False,309.0,527155.11,36000.0,36000.0,0.47679532121010837,0.5011244413432699,True,True,True
1993,Healthcare,50-54,172,317302.21,132.53842030539636,35000.0,False,False,172.0,317302.21,35000.0,33500.0,0.4930125132125616,0.5159871404614548,True,True,True
1993,Healthcare,55-59,94,154773.23,73.22769703909314,34800.0,True,False,94.0,154773.23,34800.0,33500.0,0.4730878201611479,0.5060391903690321,True,True,True
1993,Healthcare,60-64,65,101126.76,51.82384238697612,35000.0,True,False,65.0,101126.76,35000.0,35000.0,0.47345133968496567,0.532839675670416,True,True,True
1993,Other,25-29,5011,9018843.95,3796.289455786654,21000.0,False,False,5011.0,9018843.95,21000.0,20800.0,0.4972301588608815,0.5223514439453186,True,True,True
1993,Other,30-34,5792,10301481.84,4322.485500170532,25000.0,False,False,5792.0,10301481.84,25000.0,24767.5,0.4993734241247763,0.5358842519689381,True,True,True
1993,Other,35-39,5728,10223044.2,4247.072325321923,28000.0,False,False,5728.0,10223044.2,28000.0,27500.0,0.4978215226732562,0.5181690459677363,True,True,True
1993,Other,40-44,5336,9258065.95,4045.9268103088607,29500.0,False,False,5336.0,9258065.95,29500.0,29000.0,0.4993758366994567,0.5004085577938663,True,True,True
1993,Other,45-49,4629,7948501.66,3509.1896490955373,29900.0,False,False,4629.0,7948501.66,29900.0,29000.0,0.4999519670478373,0.5001628520764503,True,True,True
1993,Other,50-54,3445,5898427.100000001,2647.4215854927465,30000.0,False,False,3445.0,5898427.100000001,30000.0,30000.0,0.481239330736155,0.5166621928751141,True,True,True
1993,Other,55-59,2373,4099490.2200000007,1840.7089996856791,27000.0,False,False,2373.0,4099490.2200000007,27000.0,27000.0,0.49727077041301,0.5118146470416509,True,True,True
1993,Other,60-64,1296,2159093.08,1005.7571157292756,26000.0,False,False,1296.0,2159093.08,26000.0,25381.0,0.4898219348653555,0.5104395638190827,True,True,True
1993,Tech,25-29,97,174590.18999999997,75.74098905370938,36000.0,True,False,97.0,174590.18999999997,36000.0,36000.0,0.47405584471842327,0.5296707105937626,True,True,True
1993,Tech,30-34,155,277606.76,119.52712567803316,40000.0,False,False,155.0,277606.76,40000.0,40000.0,0.47668410524297034,0.5143153934724068,True,True,True
1993,Tech,35-39,124,242240.47000000003,99.19371802561254,48000.0,False,False,124.0,242240.47000000003,48000.0,46893.0,0.48364717918521205,0.5297465778529903,True,True,True
1993,Tech,40-44,99,192785.7,76.26189441043627,45000.0,True,False,99.0,192785.7,45000.0,43904.0,0.47814542261173937,0.5476358983057352,True,True,True
1993,Tech,45-49,60,113832.04000000002,48.91942705285276,48500.0,True,False,60.0,113832.04000000002,48500.0,45750.0,0.4757230916708511,0.5046315606748327,True,True,True
1993,Tech,50-54,33,66303.36,27.66216050345818,49800.0,True,False,33.0,66303.36,49800.0,49800.0,0.48432070410911304,0.5170983793279857,True,True,True
1993,Tech,55-59,20,35497.76,17.57827855390806,40000.0,True,True,20.0,35497.76,40000.0,40000.0,0.24072166807145018,0.5239223545373003,True,True,True
1993,Tech,60-64,4,8116.3,3.094729861054129,52711.0,True,True,4.0,8116.3,52711.0,47847.5,0.24290871456205412,0.5692470707095598,True,True,True
1994,Finance,25-29,270,493175.58,209.62334266266072,30000.0,False,False,270.0,493175.57999999996,30000.0,30000.0,0.49092408427846335,0.5719854782753032,True,True,True
1994,Finance,30-34,280,493242.85,221.8812962369429,35000.0,False,False,280.0,493242.85,35000.0,35000.0,0.4678050578938955,0.5106530991782243,True,True,True
1994,Finance,35-39,276,509880.51,216.20431073162987,40000.0,False,False,276.0,509880.51,40000.0,40000.0,0.4884743878521656,0.5139346079339255,True,True,True
1994,Finance,40-44,195,345429.25,155.33997446456294,41000.0,False,False,195.0,345429.25,41000.0,39700.0,0.4994700072446095,0.5091764232473075,True,True,True
1994,Finance,45-49,203,374707.41,156.64488579278722,44812.0,False,False,203.0,374707.41000000003,44812.0,43000.0,0.4949612552364523,0.5004589580974659,True,True,True
1994,Finance,50-54,131,216959.83,106.3724957106598,40000.0,False,False,131.0,216959.83000000002,40000.0,40000.0,0.4635304148237947,0.5046766491290114,True,True,True
1994,Finance,55-59,79,143389.50999999998,58.34280179109198,39000.0,True,False,79.0,143389.50999999998,39000.0,37520.0,0.49857726691443477,0.5240707636144374,True,True,True
1994,Finance,60-64,43,75175.63999999998,34.334741512281596,43000.0,True,False,43.0,75175.63999999998,43000.0,42000.0,0.4888768489367035,0.510986537660338,True,True,True
1994,Healthcare,25-29,261,463226.04,201.8379729949983,29000.0,False,False,261.0,463226.04000000004,29000.0,29000.0,0.4959410960575531,0.505691951169239,True,True,True
1994,Healthcare,30-34,378,650843.74,289.4608668191397,33000.0,False,False,378.0,650843.74,33000.0,33000.0,0.4747834403385366,0.504175979321857,True,True,True
1994,Healthcare,35-39,402,701280.98,287.01486315342964,37440.0,False,False,402.0,701280.98,37440.0,36400.0,0.49961357856874994,0.5020115760162209,True,True,True
1994,Healthcare,40-44,357,633261.8800000001,277.8668034429362,38000.0,False,False,357.0,633261.8800000001,38000.0,37000.0,0.4923094691883237,0.5023233989704227,True,True,True
1994,Healthcare,45-49,295,488278.65,227.14319476952627,40000.0,False,False,295.0,488278.65,40000.0,40000.0,0.47406696975180057,0.523620457294211,True,True,True
1994,Healthcare,50-54,206,386089.29,151.57338924035227,39378.0,False,False,206.0,386089.29,39378.0,39000.0,0.4924349494387684,0.5020055593875707,True,True,True
1994,Healthcare,55-59,121,211461.24,91.76505296530036,35000.0,False,False,121.0,211461.24000000002,35000.0,35000.0,0.4680664882131591,0.5144191909590617,True,True,True
1994,Healthcare,60-64,65,110499.17,53.47364695202089,40000.0,True,False,65.0,110499.17,40000.0,41600.0,0.4795765434256203,0.5391956337771587,True,True,True
1994,Other,25-29,4926,9176032.14,3647.0513876456735,21000.0,False,False,4926.0,9176032.14,21000.0,21067.5,0.48044819293756313,0.5006539373346179,True,True,True
1994,Other,30-34,5968,10661730.829999998,4404.093177060956,25000.0,False,False,5968.0,10661730.829999998,25000.0,25000.0,0.4807664057300161,0.5203517963883919,True,True,True
1994,Other,35-39,5826,10502263.15,4346.445837995169,28000.0,False,False,5826.0,10502263.15,28000.0,28000.0,0.49181175678310823,0.5074496985918696,True,True,True
1994,Other,40-44,5371,9571640.22,4016.522270702323,29509.0,False,False,5371.0,9571640.219999999,29509.0,29500.0,0.4999486514339545,0.5002896013573733,True,True,True
1994,Other,45-49,4848,8493783.99,3648.651578041646,31038.0,False,False,4848.0,8493783.99,31038.0,30465.5,0.49962661576939865,0.5000067349252191,True,True,True
1994,Other,50-54,3633,6235492.040000001,2744.4315415460424,30000.0,False,False,3633.0,6235492.040000001,30000.0,30000.0,0.4697995027831035,0.5043204096528683,True,True,True
1994,Other,55-59,2392,4170609.38,1848.7396815961424,28000.0,False,False,2392.0,4170609.38,28000.0,28000.0,0.48641487014542717,0.5062251118804131,True,True,True
1994,Other,60-64,1314,2278043.13,1013.6209398626952,27000.0,False,False,1314.0,2278043.13,27000.0,27000.0,0.48850465355324507,0.5023372011398222,True,True,True
1994,Tech,25-29,98,173895.75,77.28024445640061,38000.0,True,False,98.0,173895.75,38000.0,37000.0,0.4548281369728701,0.5062860363177363,True,True,True
1994,Tech,30-34,162,282945.15,123.48123838443578,42000.0,False,False,162.0,282945.15,42000.0,41500.0,0.4601500679548668,0.5004915617037436,True,True,True
1994,Tech,35-39,141,255483.22999999995,112.5846535531536,50000.0,False,False,141.0,255483.22999999995,50000.0,49400.0,0.4967114279868781,0.5541281515816127,True,True,True
1994,Tech,40-44,96,188270.78,72.13382632825609,49235.0,True,False,96.0,188270.78,49235.0,48000.0,0.4820030490127039,0.502944376179883,True,True,True
1994,Tech,45-49,73,134273.26,61.432385056935225,48300.0,True,False,73.0,134273.26,48300.0,48300.0,0.4758949771533065,0.500538901044035,True,True,True
1994,Tech,50-54,41,69041.79000000001,32.58052214414085,51865.0,True,False,41.0,69041.79000000001,51865.0,51000.0,0.49469763168075453,0.5085131773089893,True,True,True
1994,Tech,55-59,21,36279.93,17.505666241222503,50000.0,True,True,21.0,36279.93,50000.0,46000.0,0.4820519223714048,0.583939660302542,True,True,True
1994,Tech,60-64,6,10454.88,4.541292201131155,62000.0,True,True,6.0,10454.88,62000.0,56000.0,0.3651213595947539,0.5074520224048482,True,True,True
1995,Finance,25-29,238,539595.3,195.99425255419777,28000.0,False,False,238.0,539595.3,28000.0,28000.0,0.48035585187639696,0.5200341811724452,True,True,True
1995,Finance,30-34,251,501581.86,204.9417489794045,35000.0,False,False,251.0,501581.86,35000.0,33000.0,0.48975158312144706,0.5264431014311404,True,True,True
1995,Finance,35-39,228,492055.97,181.538388520568,40000.0,False,False,228.0,492055.97,40000.0,40000.0,0.4545947079963282,0.5084205766266793,True,True,True
1995,Finance,40-44,189,396305.5500000001,152.12016239232133,40600.0,False,False,189.0,396305.55000000005,40600.0,41000.0,0.49773093008664654,0.5067648434396137,True,True,True
1995,Finance,45-49,204,419248.61,163.54661139129882,42000.0,False,False,204.0,419248.61,42000.0,41501.5,0.49120570727712143,0.5007176529458262,True,True,True
1995,Finance,50-54,98,216534.52,79.83428220665012,40000.0,True,False,98.0,216534.52,40000.0,40000.0,0.46687119448668046,0.5338685028142396,True,True,True
1995,Finance,55-59,88,188079.36,77.41765604102893,40000.0,True,False,88.0,188079.36,40000.0,42000.0,0.47582403513070237,0.5231570332863745,True,True,True
1995,Finance,60-64,47,101950.49,41.724960617450456,40000.0,True,False,47.0,101950.48999999999,40000.0,37000.0,0.4841704046738765,0.5367659341313613,True,True,True
1995,Healthcare,25-29,209,462391.07,171.15196129525333,30000.0,False,False,209.0,462391.07,30000.0,30000.0,0.41690597528191875,0.5164596496208286,True,True,True
1995,Healthcare,30-34,297,626271.54,240.92347189182567,32000.0,False,False,297.0,626271.54,32000.0,32000.0,0.4648705735534461,0.5185604474378637,True,True,True
1995,Healthcare,35-39,347,710616.8999999999,276.85764443716073,39000.0,False,False,347.0,710616.8999999999,39000.0,38000.0,0.4996033164986648,0.5068270118540665,True,True,True
1995,Healthcare,40-44,368,771512.95,298.2157034285463,40000.0,False,False,368.0,771512.95,40000.0,40000.0,0.45248285203767485,0.5081235771868767,True,True,True
1995,Healthcare,45-49,277,542369.6499999999,219.3381061408371,38000.0,False,False,277.0,542369.6499999999,38000.0,38000.0,0.4786623845932383,0.5131344830965376,True,True,True
1995,Healthcare,50-54,166,337973.05000000005,134.31183425327916,35000.0,False,False,166.0,337973.05000000005,35000.0,35000.0,0.4799750453475505,0.5131757103118132,True,True,True
1995,Healthcare,55-59,129,259264.71,106.8823807256716,39252.0,False,False,129.0,259264.71000000002,39252.0,38000.0,0.4953614396652749,0.5053053306020707,True,True,True
1995,Healthcare,60-64,53,108834.12,45.89540638455687,39252.0,True,False,53.0,108834.12000000001,39252.0,40000.0,0.4858600409503931,0.5114050630445672,True,True,True
1995,Other,25-29,4290,9341561.84,3381.72104848979,22000.0,False,False,4290.0,9341561.84,22000.0,22000.0,0.48662373036327294,0.5168313974357847,True,True,True
1995,Other,30-34,4947,10449332.08,3908.676207926005,25000.0,False,False,4947.0,10449332.08,25000.0,25000.0,0.4758127794135527,0.5098436215073375,True,True,True
1995,Other,35-39,5362,10947725.26,4175.282919265058,28000.0,False,False,5362.0,10947725.26,28000.0,27478.0,0.49590761651978105,0.5140654205639063,True,True,True
1995,Other,40-44,4889,10066123.63,3833.744147262194,30000.0,False,False,4889.0,10066123.629999999,30000.0,30000.0,0.48159568054103075,0.5226156307400727,True,True,True
1995,Other,45-49,4428,8984843.16,3569.355017732525,31000.0,False,False,4428.0,8984843.16,31000.0,30128.0,0.49176798652098,0.5001768867827404,True,True,True
1995,Other,50-54,3156,6345580.77,2581.615245660089,30000.0,False,False,3156.0,6345580.77,30000.0,30000.0,0.46925112577205447,0.5113120859385106,True,True,True
1995,Other,55-59,2145,4375133.28,1741.6648375519717,29393.0,False,False,2145.0,4375133.28,29393.0,28600.0,0.49917215321952435,0.5000473059874418,True,True,True
1995,Other,60-64,1201,2367421.5700000003,974.2897803869124,26584.0,False,False,1201.0,2367421.5700000003,26584.0,26000.0,0.49898820090584883,0.5000150902570344,True,True,True
1995,Tech,25-29,92,209045.94,79.51225499312272,36000.0,True,False,92.0,209045.94,36000.0,35000.0,0.4862618235972437,0.5073820137334406,True,True,True
1995,Tech,30-34,133,319035.62,114.52275976175696,45000.0,False,False,133.0,319035.62,45000.0,45000.0,0.4928944924707781,0.5176555520665687,True,True,True
1995,Tech,35-39,113,252545.31000000003,94.01678003720664,49000.0,False,False,113.0,252545.31000000003,49000.0,47500.0,0.49466232415878164,0.5170167681989423,True,True,True
1995,Tech,40-44,85,184302.33,69.99942482938526,50000.0,True,False,85.0,184302.33,50000.0,50000.0,0.42481497656595013,0.5192535547434479,True,True,True
1995,Tech,45-49,82,190420.97,69.18511693605383,47000.0,True,False,82.0,190420.97,47000.0,46000.0,0.4987988455263094,0.5133329065596084,True,True,True
1995,Tech,50-54,30,58489.02000000001,25.881900347859055,55000.0,True,False,30.0,58489.02000000001,55000.0,55000.0,0.4286066000080014,0.5419707835761308,True,True,True
1995,Tech,55-59,15,34202.02,12.854263047803473,54340.0,True,True,15.0,34202.02,54340.0,54340.0,0.45343754550169846,0.5423834615616271,True,True,True
1995,Tech,60-64,4,7844.610000000001,3.110712090198326,62400.0,True,True,4.0,7844.610000000001,62400.0,62200.0,0.31342667130679536,0.7470161040510618,True,True,True
1996,Finance,25-29,236,510670.01,196.99438110243244,30000.0,False,False,236.0,510670.01,30000.0,30000.0,0.4782902955276343,0.5150864057985313,True,True,True
1996,Finance,30-34,232,484635.49,188.9649445487458,35000.0,False,False,232.0,484635.49,35000.0,35000.0,0.45170100935034696,0.5081787344958991,True,True,True
1996,Finance,35-39,264,567923.47,220.13380202180556,40000.0,False,False,264.0,567923.47,40000.0,40000.0,0.4444502883460689,0.5155426487304707,True,True,True
1996,Finance,40-44,204,433330.03,166.72250362986082,39000.0,False,False,204.0,433330.02999999997,39000.0,39150.0,0.49901178092826853,0.5009952575869251,True,True,True
1996,Finance,45-49,203,411346.47,170.0825690494808,40000.0,False,False,203.0,411346.47,40000.0,40000.0,0.49126841905316454,0.5491729392985918,True,True,True
1996,Finance,50-54,138,282060.26,116.33256471436891,34668.0,False,False,138.0,282060.26,34668.0,36000.0,0.49377753533943414,0.5001794651965504,True,True,True
1996,Finance,55-59,80,161360.81,65.3859103521153,35000.0,True,False,80.0,161360.81,35000.0,35000.0,0.49838018289571057,0.5271128720784185,True,True,True
1996,Finance,60-64,49,102051.81,42.69218498345952,40000.0,True,False,49.0,102051.81000000001,40000.0,40000.0,0.4471534605804639,0.5056055350708625,True,True,True
1996,Healthcare,25-29,251,562035.6799999999,213.1827271070742,30000.0,False,False,251.0,562035.6799999999,30000.0,30000.0,0.49457523764327566,0.5306775719292414,True,True,True
1996,Healthcare,30-34,290,622917.49,240.81643873098344,34000.0,False,False,290.0,622917.49,34000.0,33000.0,0.4911844263676077,0.5154985935617251,True,True,True
1996,Healthcare,35-39,344,682422.72,269.95472233521093,35000.0,False,False,344.0,682422.72,35000.0,35000.0,0.4738954324381228,0.5312560519673203,True,True,True
1996,Healthcare,40-44,358,737840.23,292.27555190192834,39000.0,False,False,358.0,737840.23,39000.0,39216.0,0.4918141018144267,0.5117422643110692,True,True,True
1996,Healthcare,45-49,324,680331.6699999999,262.0819602033794,40000.0,False,False,324.0,680331.6699999999,40000.0,38750.0,0.4871700592741773,0.5455853025333952,True,True,True
1996,Healthcare,50-54,198,381380.68,156.5870582110104,37584.0,False,False,198.0,381380.68,37584.0,36500.0,0.49843400562398704,0.5146352720331823,True,True,True
1996,Healthcare,55-59,137,288363.13999999996,113.45268663424862,34900.0,False,False,137.0,288363.13999999996,34900.0,34840.0,0.485444568262088,0.5015101444657596,True,True,True
1996,Healthcare,60-64,58,116508.47,48.76540420004115,35000.0,True,False,58.0,116508.47,35000.0,33500.0,0.49934901728603936,0.5533218314513958,True,True,True
1996,Other,25-29,4400,9252689.41,3489.402721488468,23000.0,False,False,4400.0,9252689.41,23000.0,22971.5,0.4857015815469808,0.5075026202570869,True,True,True
1996,Other,30-34,4894,10151622.72,3876.770716304349,26000.0,False,False,4894.0,10151622.72,26000.0,26000.0,0.4824598603680181,0.5043201309987216,True,True,True
1996,Other,35-39,5308,10996835.35,4240.069121706303,29000.0,False,False,5308.0,10996835.35,29000.0,28029.0,0.4922987193765705,0.5013611675107966,True,True,True
1996,Other,40-44,5093,10570777.58,3985.437419973433,30000.0,False,False,5093.0,10570777.58,30000.0,30000.0,0.47525024739003163,0.5144631848360204,True,True,True
1996,Other,45-49,4315,8965579.77,3414.2655661807835,31200.0,False,False,4315.0,8965579.77,31200.0,31000.0,0.49956993355712453,0.5008541739850026,True,True,True
1996,Other,50-54,3472,7121726.209999999,2822.446096231928,31100.0,False,False,3472.0,7121726.209999999,31100.0,31000.0,0.4992999737910453,0.5000612274309828,True,True,True
1996,Other,55-59,2187,4484314.45,1765.856939787535,30000.0,False,False,2187.0,4484314.45,30000.0,30000.0,0.4856465206181069,0.5238180944246672,True,True,True
1996,Other,60-64,1190,2359101.95,966.993614213511,28000.0,False,False,1190.0,2359101.95,28000.0,26945.0,0.49671507837971984,0.5066459421136928,True,True,True
1996,Tech,25-29,105,239986.46,86.89183460009735,37000.0,False,False,105.0,239986.46,37000.0,38000.0,0.4877586427167599,0.5002563477956214,True,True,True
1996,Tech,30-34,148,333322.44,126.56879155181424,44090.0,False,False,148.0,333322.44,44090.0,43500.0,0.4998048436222896,0.5068503038679304,True,True,True
1996,Tech,35-39,120,287632.65,103.61811909837408,50000.0,False,False,120.0,287632.65,50000.0,46510.0,0.49870037354938657,0.5379412594502049,True,True,True
1996,Tech,40-44,100,225622.68,86.98558446653124,50000.0,False,False,100.0,225622.68,50000.0,50000.0,0.47999128456412277,0.5181425909842042,True,True,True
1996,Tech,45-49,92,208797.24,74.68533741336624,52213.0,True,False,92.0,208797.24,52213.0,50000.0,0.49758775547033096,0.5154060944483749,True,True,True
1996,Tech,50-54,51,102444.46,41.95100535641668,50000.0,True,False,51.0,102444.46,50000.0,50000.0,0.4901292856636659,0.5680911393354018,True,True,True
1996,Tech,55-59,14,30515.92,13.062980339324753,71613.0,True,True,14.0,30515.920000000002,71613.0,71806.5,0.48896149944029216,0.5609943924351616,True,True,True
1996,Tech,60-64,11,22594.400000000005,9.14823630948747,60000.0,True,True,11.0,22594.400000000005,60000.0,60000.0,0.40227755550047795,0.5387706688382962,True,True,True
1997,Finance,25-29,228,498507.46,190.36290928848388,30000.0,False,False,228.0,498507.45999999996,30000.0,30000.0,0.472625264223729,0.524116830668893,True,True,True
1997,Finance,30-34,237,497300.11,196.37973561801036,37000.0,False,False,237.0,497300.11000000004,37000.0,36349.0,0.47703347582207445,0.5092287834000278,True,True,True
1997,Finance,35-39,234,507654.93000000005,196.13052356874715,40000.0,False,False,234.0,507654.93000000005,40000.0,40000.0,0.46397910486164284,0.537433330943915,True,True,True
1997,Finance,40-44,216,472928.0500000001,180.6044281818799,38000.0,False,False,216.0,472928.05000000005,38000.0,38250.0,0.4931064249625286,0.5033590839029319,True,True,True
1997,Finance,45-49,195,409132.36,157.43525666530425,40000.0,False,False,195.0,409132.36,40000.0,40000.0,0.4639004599880587,0.5064280420155473,True,True,True
1997,Finance,50-54,155,308604.51,128.90211858805324,45000.0,False,False,155.0,308604.51,45000.0,45000.0,0.48019094082584857,0.5182811813087241,True,True,True
1997,Finance,55-59,90,174846.00000000003,74.79728010834293,39000.0,True,False,90.0,174846.00000000003,39000.0,37942.0,0.49270832618418486,0.5335848689704082,True,True,True
1997,Finance,60-64,42,82936.15000000001,35.34790790114241,42060.0,True,False,42.0,82936.15000000001,42060.0,43530.0,0.4785787620959015,0.5085488053158966,True,True,True
1997,Healthcare,25-29,261,582472.22,215.53790726591996,30000.0,False,False,261.0,582472.22,30000.0,30000.0,0.4641560073028032,0.5354326941120042,True,True,True
1997,Healthcare,30-34,325,706456.95,275.6948837616701,34000.0,False,False,325.0,706456.95,34000.0,34000.0,0.4827806704994551,0.5081783822779294,True,True,True
1997,Healthcare,35-39,293,598522.4,241.87475552942712,37500.0,False,False,293.0,598522.4,37500.0,37000.0,0.49883264185266907,0.5030317662296346,True,True,True
1997,Healthcare,40-44,386,807011.4099999999,313.3780500072435,38000.0,False,False,386.0,807011.4099999999,38000.0,38500.0,0.49282836038216615,0.5112306652516846,True,True,True
1997,Healthcare,45-49,328,670375.8099999999,271.7562385560563,40000.0,False,False,328.0,670375.8099999999,40000.0,40000.0,0.4931327399775956,0.5551990009902058,True,True,True
1997,Healthcare,50-54,193,364061.93999999994,154.1371737808063,40000.0,False,False,193.0,364061.93999999994,40000.0,38000.0,0.4969360982914061,0.5075815670267537,True,True,True
1997,Healthcare,55-59,121,257105.46,100.78514360434173,35000.0,False,False,121.0,257105.46000000002,35000.0,36000.0,0.43327586275297303,0.5070825411486788,True,True,True
1997,Healthcare,60-64,60,132197.09000000003,50.74171543036107,33000.0,True,False,60.0,132197.09000000003,33000.0,34602.0,0.4900306050609736,0.505086912276208,True,True,True
1997,Other,25-29,4381,9370298.3,3497.134078093527,24000.0,False,False,4381.0,9370298.3,24000.0,24000.0,0.4796762937632412,0.5085458261238065,True,True,True
1997,Other,30-34,4920,10167011.74,3892.50666904169,28000.0,False,False,4920.0,10167011.74,28000.0,27347.5,0.49509299179780425,0.5159626470540496,True,True,True
1997,Other,35-39,5264,11071184.170000002,4144.903900422089,30000.0,False,False,5264.0,11071184.170000002,30000.0,30000.0,0.47802104442816784,0.5189713856959529,True,True,True
1997,Other,40-44,5168,10852130.94,4091.7701888519687,31000.0,False,False,5168.0,10852130.94,31000.0,30000.0,0.49453197530253906,0.503038367319958,True,True,True
1997,Other,45-49,4563,9434680.79,3657.9659112556183,32000.0,False,False,4563.0,9434680.79,32000.0,32000.0,0.4792337802029655,0.5001550741389736,True,True,True
1997,Other,50-54,3676,7470162.6,2968.56598165356,33000.0,False,False,3676.0,7470162.6,33000.0,32000.0,0.4969211232430202,0.5047885570790654,True,True,True
1997,Other,55-59,2409,4977971.05,1928.9267491221417,30000.0,False,False,2409.0,4977971.05,30000.0,30000.0,0.4632112796236531,0.501671625832376,True,True,True
1997,Other,60-64,1237,2555571.7300000004,1020.2222717806588,30000.0,False,False,1237.0,2555571.7300000004,30000.0,29578.0,0.4904150939249902,0.5276412961415877,True,True,True
1997,Tech,25-29,101,237984.98,83.195131813874,44000.0,False,False,101.0,237984.98,44000.0,44000.0,0.47716166793383347,0.5190230912892067,True,True,True
1997,Tech,30-34,130,265055.33,108.3296547922162,45000.0,False,False,130.0,265055.33,45000.0,45000.0,0.4500073248857135,0.526736776053513,True,True,True
1997,Tech,35-39,148,325201.69999999995,120.96939834845476,50000.0,False,False,148.0,325201.69999999995,50000.0,50000.0,0.44891450444447245,0.5458168576609532,True,True,True
1997,Tech,40-44,106,250106.74,89.5854928824676,49950.0,False,False,106.0,250106.74000000002,49950.0,50000.0,0.4916698766294743,0.5019859920608297,True,True,True
1997,Tech,45-49,85,195516.81,70.60525906716911,60000.0,True,False,85.0,195516.81,60000.0,55000.0,0.47769478235656565,0.5202523506802305,True,True,True
1997,Tech,50-54,52,100256.4,40.98396509860848,53000.0,True,False,52.0,100256.40000000001,53000.0,54000.0,0.4975014063940057,0.5190816745863606,True,True,True
1997,Tech,55-59,22,48652.55,20.28376732085948,53000.0,True,True,22.0,48652.55,53000.0,51900.0,0.47649280459092075,0.5148694158887869,True,True,True
1997,Tech,60-64,8,17918.24,6.5257747482827515,56000.0,True,True,8.0,17918.24,56000.0,60500.0,0.4973831135200778,0.5553408147228744,True,True,True
1998,Finance,25-29,215,513713.14,176.2110673419348,34400.0,False,False,215.0,513713.13999999996,34400.0,34000.0,0.496295967823599,0.5044106132850719,True,True,True
1998,Finance,30-34,230,468978.39,185.13820483000973,38000.0,False,False,230.0,468978.39,38000.0,36450.0,0.4980526501444981,0.5170779404142694,True,True,True
1998,Finance,35-39,249,553125.66,208.2762352989703,45000.0,False,False,249.0,553125.66,45000.0,45000.0,0.48042394200261823,0.5030325116357826,True,True,True
1998,Finance,40-44,242,516211.86,201.1235906697473,46000.0,False,False,242.0,516211.86,46000.0,45000.0,0.49798877150943416,0.5040568227161616,True,True,True
1998,Finance,45-49,213,425864.1,172.11839085563145,47000.0,False,False,213.0,425864.1,47000.0,45000.0,0.49359042004245013,0.5022214598506894,True,True,True
1998,Finance,50-54,160,322293.38,132.20056977673838,43000.0,False,False,160.0,322293.38,43000.0,42000.0,0.4961563901808965,0.5041034662269512,True,True,True
1998,Finance,55-59,106,236634.54,92.22743569214876,40000.0,False,False,106.0,236634.54,40000.0,40500.0,0.4801873386700014,0.5002999562109571,True,True,True
1998,Finance,60-64,44,75218.42000000003,34.842042411200495,38000.0,True,False,44.0,75218.42000000003,38000.0,40000.0,0.4714003564552404,0.5089210860850305,True,True,True
1998,Healthcare,25-29,240,541170.36,193.59274769026956,32176.0,False,False,240.0,541170.36,32176.0,32088.0,0.490522152765351,0.5006613259454934,True,True,True
1998,Healthcare,30-34,295,602149.8700000001,241.0707548271331,36000.0,False,False,295.0,602149.8700000001,36000.0,35000.0,0.49917891703605266,0.5147306599933335,True,True,True
1998,Healthcare,35-39,327,668347.6100000001,260.3765875807256,39000.0,False,False,327.0,668347.6100000001,39000.0,39000.0,0.48805664166286156,0.5021875218495956,True,True,True
1998,Healthcare,40-44,360,772921.39,292.13493865833857,40267.0,False,False,360.0,772921.39,40267.0,40000.0,0.49866567931313166,0.5010862618254103,True,True,True
1998,Healthcare,45-49,329,671064.46,266.16656338840454,39000.0,False,False,329.0,671064.46,39000.0,38000.0,0.4985029903088595,0.5062834500280347,True,True,True
1998,Healthcare,50-54,234,474910.46,188.7988794120453,39500.0,False,False,234.0,474910.45999999996,39500.0,40000.0,0.49954688300611455,0.5041058055449021,True,True,True
1998,Healthcare,55-59,137,287909.34,109.48651606215932,43000.0,False,False,137.0,287909.34,43000.0,43000.0,0.49388321337543256,0.5091191553563353,True,True,True
1998,Healthcare,60-64,70,151693.81000000006,59.45416145288129,43300.0,True,False,70.0,151693.81000000006,43300.0,43000.0,0.496193549361045,0.510414366940879,True,True,True
1998,Other,25-29,4387,9447749.84,3416.5611693101728,25000.0,False,False,4387.0,9447749.84,25000.0,25000.0,0.4692732243215279,0.5150733828066727,True,True,True
1998,Other,30-34,4984,10157810.85,3933.335522197765,29500.0,False,False,4984.0,10157810.85,29500.0,28000.0,0.499413353419551,0.500267599489707,True,True,True
1998,Other,35-39,5428,11549442.23,4209.779334452888,30000.0,False,False,5428.0,11549442.23,30000.0,30000.0,0.46475503778505856,0.5131520043977049,True,True,True
1998,Other,40-44,5402,11320999.920000002,4191.720728682485,32000.0,False,False,5402.0,11320999.920000002,32000.0,31473.0,0.48742728548663383,0.5049979701792984,True,True,True
1998,Other,45-49,4868,9950204.38,3895.933331764571,33000.0,False,False,4868.0,9950204.379999999,33000.0,32000.0,0.4972572382478038,0.5053465715846934,True,True,True
1998,Other,50-54,3925,8059179.03,3159.878595952515,35000.0,False,False,3925.0,8059179.03,35000.0,34000.0,0.49327471634539427,0.5205494572565663,True,True,True
1998,Other,55-59,2494,5167477.2,2027.4834044574309,32000.0,False,False,2494.0,5167477.2,32000.0,32000.0,0.48957540441591113,0.5084130259926448,True,True,True
1998,Other,60-64,1283,2666318.4699999997,1051.9961360801035,30026.0,False,False,1283.0,2666318.4699999997,30026.0,30000.0,0.49996785267740357,0.5010787702340749,True,True,True
1998,Tech,25-29,140,320781.17,117.3306527132438,47000.0,False,False,140.0,320781.17,47000.0,45000.0,0.488809489659259,0.5080304121342285,True,True,True
1998,Tech,30-34,153,328608.86,127.84730842562128,52500.0,False,False,153.0,328608.86,52500.0,51000.0,0.4951271855542788,0.5027649589241143,True,True,True
1998,Tech,35-39,132,304238.87,108.19196547022888,60000.0,False,False,132.0,304238.87,60000.0,57500.0,0.48271290910329767,0.5284560450806303,True,True,True
1998,Tech,40-44,121,280426.98,93.07345905253908,60000.0,False,False,121.0,280426.98,60000.0,58000.0,0.49108284801983026,0.5355249698156718,True,True,True
1998,Tech,45-49,112,231452.34000000003,88.66473619024035,60000.0,False,False,112.0,231452.34000000003,60000.0,56000.0,0.47154105246894445,0.5072102533074411,True,True,True
1998,Tech,50-54,55,109120.07000000002,46.50071775801623,58000.0,True,False,55.0,109120.07000000002,58000.0,52000.0,0.4877415309575956,0.5161852443826328,True,True,True
1998,Tech,55-59,35,69337.40999999999,29.2834880934133,52000.0,True,False,35.0,69337.40999999999,52000.0,52000.0,0.4468804069837626,0.5162622890009881,True,True,True
1998,Tech,60-64,15,31804.84,12.800209495836356,70000.0,True,True,15.0,31804.84,70000.0,64577.0,0.4771500186764027,0.5341583230728405,True,True,True
1999,Finance,25-29,207,485860.91,172.5741946508399,40000.0,False,False,207.0,485860.91000000003,40000.0,38200.0,0.48793972744174874,0.5612731018019128,True,True,True
1999,Finance,30-34,240,542478.27,196.38094431768585,41000.0,False,False,240.0,542478.27,41000.0,40700.0,0.4907799717028296,0.5000739845302928,True,True,True
1999,Finance,35-39,243,507709.36,191.18548722839068,50000.0,False,False,243.0,507709.36,50000.0,49500.0,0.49744302527729645,0.5445556292285019,True,True,True
1999,Finance,40-44,225,475871.88,183.91298755322308,50000.0,False,False,225.0,475871.88,50000.0,50000.0,0.44929624755301784,0.5437001656832506,True,True,True
1999,Finance,45-49,200,436450.23,167.43589291450158,45000.0,False,False,200.0,436450.23,45000.0,45000.0,0.48686948795971535,0.5345726819756745,True,True,True
1999,Finance,50-54,196,392790.02,161.13444277179073,47000.0,False,False,196.0,392790.02,47000.0,46750.0,0.4898159326960496,0.5050212324641037,True,True,True
1999,Finance,55-59,106,228781.53,91.11730358857687,48000.0,False,False,106.0,228781.53,48000.0,48059.5,0.4969395038139661,0.5052540299035503,True,True,True
1999,Finance,60-64,45,84702.52,36.57089455690982,40000.0,True,False,45.0,84702.52,40000.0,39000.0,0.4903154002974174,0.5066560003173459,True,True,True
1999,Healthcare,25-29,215,468361.38,175.46160008961067,33000.0,False,False,215.0,468361.38,33000.0,32000.0,0.4991957065290055,0.5151971753093734,True,True,True
1999,Healthcare,30-34,267,572185.01,215.607024690893,38000.0,False,False,267.0,572185.01,38000.0,38000.0,0.47632794504700504,0.5136950022511075,True,True,True
1999,Healthcare,35-39,268,557587.6600000001,211.55570089918183,39000.0,False,False,268.0,557587.6600000001,39000.0,38750.0,0.49478759985470244,0.510901819455617,True,True,True
1999,Healthcare,40-44,359,771874.31,285.7210620898937,40000.0,False,False,359.0,771874.31,40000.0,40000.0,0.45211761225736347,0.5097913285907908,True,True,True
1999,Healthcare,45-49,332,675652.04,260.15180529031,40000.0,False,False,332.0,675652.04,40000.0,40000.0,0.456868257217132,0.5079642029941921,True,True,True
1999,Healthcare,50-54,267,530838.0700000001,218.6196412738338,42000.0,False,False,267.0,530838.0700000001,42000.0,42000.0,0.495682289704655,0.5199287797877796,True,True,True
1999,Healthcare,55-59,142,292292.13,114.76768725926765,48000.0,False,False,142.0,292292.13,48000.0,45760.0,0.4975657401381282,0.5075926608082127,True,True,True
1999,Healthcare,60-64,84,173155.75,66.1291223975052,48000.0,True,False,84.0,173155.75,48000.0,48000.0,0.4282920434348845,0.5189597226774162,True,True,True
1999,Other,25-29,4481,9283821.91,3441.9343823218464,26000.0,False,False,4481.0,9283821.91,26000.0,25000.0,0.49751580812045115,0.5176573771652628,True,True,True
1999,Other,30-34,5045,10240566.16,3917.946119381956,30000.0,False,False,5045.0,10240566.16,30000.0,29000.0,0.47811136742853677,0.5181801911233392,True,True,True
1999,Other,35-39,5569,11576504.03,4360.61380602171,31000.0,False,False,5569.0,11576504.030000001,31000.0,30000.0,0.49095580714793735,0.5002149642926353,True,True,True
1999,Other,40-44,5507,11676203.260000002,4357.572936299481,33000.0,False,False,5507.0,11676203.260000002,33000.0,32179.0,0.49459034511531785,0.5045439787933257,True,True,True
1999,Other,45-49,5031,10390006.01,3953.7793141355346,35000.0,False,False,5031.0,10390006.01,35000.0,33280.0,0.49675512459111654,0.5288984043619431,True,True,True
1999,Other,50-54,4177,8422082.46,3337.8627186539165,35600.0,False,False,4177.0,8422082.46,35600.0,35000.0,0.4995426154970227,0.5001929035969093,True,True,True
1999,Other,55-59,2571,5338176.17,2075.266572200132,32870.0,False,False,2571.0,5338176.17,32870.0,32000.0,0.4997116215443298,0.5004486597901096,True,True,True
1999,Other,60-64,1383,2802051.3900000006,1123.5932990927074,31000.0,False,False,1383.0,2802051.3900000006,31000.0,30000.0,0.49362507944581263,0.5024559952842262,True,True,True
1999,Tech,25-29,135,332958.80000000005,110.3588880907193,50000.0,False,False,135.0,332958.80000000005,50000.0,50000.0,0.4931275881580543,0.5380217011834496,True,True,True
1999,Tech,30-34,161,356873.98,131.83653345909494,55500.0,False,False,161.0,356873.98,55500.0,50000.0,0.49649537352092765,0.5029537877768505,True,True,True
1999,Tech,35-39,159,391567.24,132.58904872074345,60000.0,False,False,159.0,391567.24,60000.0,60000.0,0.4695331764730879,0.516224799602745,True,True,True
1999,Tech,40-44,133,305261.54000000004,109.8125366621837,59000.0,False,False,133.0,305261.54000000004,59000.0,57000.0,0.49247032560996706,0.5071648396977883,True,True,True
1999,Tech,45-49,111,232096.26,86.70166647565198,60000.0,False,False,111.0,232096.26,60000.0,59000.0,0.4819757974557625,0.5153402730401602,True,True,True
1999,Tech,50-54,61,140989.02999999997,50.92484269435428,60000.0,True,False,61.0,140989.02999999997,60000.0,60000.0,0.4705953363889377,0.5478469495108947,True,True,True
1999,Tech,55-59,30,65569.17,23.876719751447595,60000.0,True,False,30.0,65569.17,60000.0,50000.0,0.47519344838435507,0.6039324578914145,True,True,True
1999,Tech,60-64,4,7641.17,3.733467989893084,52000.0,True,True,4.0,7641.17,52000.0,60500.0,0.1590895111612489,0.5065297591860932,True,True,True
2000,Finance,25-29,290,468463.5,208.4195674922092,36500.0,False,False,290.0,468463.5,36500.0,35000.0,0.49982118137272175,0.5038448032770962,True,True,True
2000,Finance,30-34,425,592541.6500000001,308.80100904495254,45000.0,False,False,425.0,592541.6500000001,45000.0,42000.0,0.48073537109163533,0.5073537531074819,True,True,True
2000,Finance,35-39,446,534687.5700000001,322.9759479467707,48000.0,False,False,446.0,534687.5700000001,48000.0,48000.0,0.48523774360417604,0.5023646799943376,True,True,True
2000,Finance,40-44,469,571891.77,325.4046251841359,50000.0,False,False,469.0,571891.77,50000.0,48000.0,0.479489641895004,0.523592444773248,True,True,True
2000,Finance,45-49,368,480044.0,263.22702489687987,48500.0,False,False,368.0,480044.0,48500.0,48000.0,0.49724025297681046,0.5006322753747574,True,True,True
2000,Finance,50-54,250,370325.51,181.94198892178292,46000.0,False,False,250.0,370325.51,46000.0,46500.0,0.49187842879093036,0.5117213502251033,True,True,True
2000,Finance,55-59,125,213545.25,93.2981286859576,51000.0,False,False,125.0,213545.25,51000.0,48000.0,0.4912362134020774,0.5058982112690402,True,True,True
2000,Finance,60-64,63,114848.77,49.55799971419754,39000.0,True,False,63.0,114848.76999999999,39000.0,42000.0,0.4951828391370669,0.5125576878185113,True,True,True
2000,Healthcare,25-29,402,552574.93,287.3326861079651,35000.0,False,False,402.0,552574.93,35000.0,34000.0,0.4772852072749662,0.543785473582741,True,True,True
2000,Healthcare,30-34,470,628875.98,342.9934256381021,38000.0,False,False,470.0,628875.98,38000.0,38000.0,0.49843694141410827,0.5333475926366277,True,True,True
2000,Healthcare,35-39,578,677332.0700000001,420.3015714666692,42000.0,False,False,578.0,677332.0700000001,42000.0,41000.0,0.49111381954792127,0.5282930719639481,True,True,True
2000,Healthcare,40-44,680,809599.83,480.9011282902006,41000.0,False,False,680.0,809599.83,41000.0,40000.0,0.49458986422959106,0.5039204738963446,True,True,True
2000,Healthcare,45-49,621,761998.8,399.93414936405543,43000.0,False,False,621.0,761998.8,43000.0,42000.0,0.48726815580287,0.5011476789727228,True,True,True
2000,Healthcare,50-54,402,570530.8999999999,295.73915170991984,45000.0,False,False,402.0,570530.8999999999,45000.0,45000.0,0.4662238977766148,0.500831085573104,True,True,True
2000,Healthcare,55-59,198,333840.11,152.60499764732646,44000.0,False,False,198.0,333840.11,44000.0,43340.0,0.4956112673219524,0.5035228091675383,True,True,True
2000,Healthcare,60-64,114,167563.98,85.5205590673299,38000.0,False,False,114.0,167563.98,38000.0,40000.0,0.4970712082632557,0.5302944582719986,True,True,True
2000,Other,25-29,6577,9443395.99,4683.842763605733,27000.0,False,False,6577.0,9443395.99,27000.0,26300.0,0.4925765577262423,0.5159682179122513,True,True,True
2000,Other,30-34,8059,10528954.54,5733.110460523583,30000.0,False,False,8059.0,10528954.540000001,30000.0,30000.0,0.4576093829349936,0.5071471189009427,True,True,True
2000,Other,35-39,9373,11478780.68,6679.983329895946,32350.0,False,False,9373.0,11478780.68,32350.0,32000.0,0.49986047647004955,0.5001516136642485,True,True,True
2000,Other,40-44,9871,11881859.32,6995.6601887301385,35000.0,False,False,9871.0,11881859.32,35000.0,35000.0,0.4913654507062452,0.520658083334385,True,True,True
2000,Other,45-49,8362,10690573.68,5872.595288787156,35000.0,False,False,8362.0,10690573.68,35000.0,35000.0,0.477415566533002,0.5092035397673813,True,True,True
2000,Other,50-54,6435,9201553.83,4593.862292018274,36002.0,False,False,6435.0,9201553.83,36002.0,36000.0,0.4999998733909488,0.5000945595728803,True,True,True
2000,Other,55-59,3729,5783962.04,2650.9737958512123,34000.0,False,False,3729.0,5783962.04,34000.0,33000.0,0.4982804001943277,0.5070311249829711,True,True,True
2000,Other,60-64,1842,2891517.3499999996,1331.8916996692665,31415.0,False,False,1842.0,2891517.3499999996,31415.0,30000.0,0.4990174034404463,0.5008841119352094,True,True,True
2000,Tech,25-29,215,366450.7,166.9949075891602,51000.0,False,False,215.0,366450.7,51000.0,50000.0,0.4993848831507212,0.5066708018295503,True,True,True
2000,Tech,30-34,289,423160.06000000006,214.97153129461788,56800.0,False,False,289.0,423160.06000000006,56800.0,54000.0,0.49917574924249697,0.504395594423538,True,True,True
2000,Tech,35-39,287,399836.15,196.17808166923297,65000.0,False,False,287.0,399836.15,65000.0,61000.0,0.48903747197445757,0.5280524284760145,True,True,True
2000,Tech,40-44,243,294421.53,179.70640423993348,65910.0,False,False,243.0,294421.53,65910.0,65000.0,0.4988599509010091,0.5040903428495871,True,True,True
2000,Tech,45-49,186,231944.49,131.18115356977347,69964.0,False,False,186.0,231944.49,69964.0,69482.0,0.49956715936645013,0.500807283673779,True,True,True
2000,Tech,50-54,106,165367.56999999998,77.84666124070787,70000.0,False,False,106.0,165367.56999999998,70000.0,69400.0,0.4946986280320863,0.5302780345626414,True,True,True
2000,Tech,55-59,54,94034.94,40.37128548886734,61000.0,True,False,54.0,94034.93999999999,61000.0,60500.0,0.4864634358250243,0.5139796973337785,True,True,True
2000,Tech,60-64,15,21541.72,12.314423552009425,45760.0,True,True,15.0,21541.72,45760.0,56000.0,0.37108596713725733,0.5246117765897987,True,True,True
2001,Finance,25-29,291,477860.04,202.0366381883192,40000.0,False,False,291.0,477860.04,40000.0,38000.0,0.4862496767882077,0.5401155116464645,True,True,True
2001,Finance,30-34,427,549733.64,312.01753888155673,45000.0,False,False,427.0,549733.64,45000.0,45000.0,0.47230949883292567,0.5007078700877756,True,True,True
2001,Finance,35-39,444,537603.98,323.0869657252756,50000.0,False,False,444.0,537603.98,50000.0,50000.0,0.4650884467038358,0.50473659067777,True,True,True
2001,Finance,40-44,452,535535.8400000001,322.1626343807677,50000.0,False,False,452.0,535535.8400000001,50000.0,48100.0,0.4923398030652814,0.5494848860162188,True,True,True
2001,Finance,45-49,349,443892.81,251.48426386057403,50000.0,False,False,349.0,443892.81,50000.0,50000.0,0.48771080567851505,0.5227484310908302,True,True,True
2001,Finance,50-54,254,388012.29,185.14496634671747,49500.0,False,False,254.0,388012.29000000004,49500.0,50000.0,0.4994919877409038,0.5031316920399609,True,True,True
2001,Finance,55-59,182,301026.01,135.31290903579966,62500.0,False,False,182.0,301026.01,62500.0,51100.0,0.4970785082657807,0.5121621882441321,True,True,True
2001,Finance,60-64,73,136783.38999999998,59.016298696017174,42800.0,True,False,73.0,136783.38999999998,42800.0,43000.0,0.49909912307334986,0.5195802648260144,True,True,True
2001,Healthcare,25-29,398,559750.91,286.574178823717,35000.0,False,False,398.0,559750.91,35000.0,35000.0,0.4805295269640561,0.5506485018487955,True,True,True
2001,Healthcare,30-34,494,632819.79,353.54407173855554,40000.0,False,False,494.0,632819.79,40000.0,39000.0,0.48236353354246386,0.5288828909727997,True,True,True
2001,Healthcare,35-39,569,676312.97,406.9799014240394,41600.0,False,False,569.0,676312.97,41600.0,42000.0,0.49238329704071765,0.5028323795121067,True,True,True
2001,Healthcare,40-44,676,814287.84,478.8478118887807,42302.0,False,False,676.0,814287.84,42302.0,43000.0,0.49851448107096874,0.5000875980169371,True,True,True
2001,Healthcare,45-49,652,830349.86,444.8867781062326,49000.0,False,False,652.0,830349.86,49000.0,48000.0,0.4989918948140727,0.5051024034615963,True,True,True
2001,Healthcare,50-54,436,612264.9199999999,322.39756892825164,48000.0,False,False,436.0,612264.9199999999,48000.0,47885.5,0.49276635022630405,0.5106726023107776,True,True,True
2001,Healthcare,55-59,239,388363.82000000007,182.2788950860418,45000.0,False,False,239.0,388363.82000000007,45000.0,47360.0,0.4804559291851645,0.5055933892091183,True,True,True
2001,Healthcare,60-64,102,160196.62999999998,74.05700222225275,46000.0,False,False,102.0,160196.62999999998,46000.0,47448.5,0.4986986305517164,0.5107917688405805,True,True,True
2001,Other,25-29,6265,9050691.66,4431.370389802082,28000.0,False,False,6265.0,9050691.66,28000.0,27000.0,0.49051451389296374,0.513689919472961,True,True,True
2001,Other,30-34,7755,10063302.32,5420.667201400838,31000.0,False,False,7755.0,10063302.32,31000.0,30586.0,0.49152696030700194,0.5030214226933809,True,True,True
2001,Other,35-39,8886,11016619.23,6408.290485872354,34000.0,False,False,8886.0,11016619.23,34000.0,33290.0,0.49597319612543234,0.5065026024322345,True,True,True
2001,Other,40-44,9538,11678099.15,6730.435331495985,35000.0,False,False,9538.0,11678099.15,35000.0,35000.0,0.478355113982741,0.5088977883870767,True,True,True
2001,Other,45-49,8356,10809051.2,5922.726836289569,36000.0,False,False,8356.0,10809051.2,36000.0,36000.0,0.497663786623566,0.5110728035037895,True,True,True
2001,Other,50-54,6430,9231873.59,4523.584260647938,37000.0,False,False,6430.0,9231873.59,37000.0,37000.0,0.4968262731595743,0.5044124093124632,True,True,True
2001,Other,55-59,4028,6116021.9399999995,2911.9974771036236,35720.0,False,False,4028.0,6116021.9399999995,35720.0,35000.0,0.4997393550880559,0.5001506256859505,True,True,True
2001,Other,60-64,1935,3070986.4799999995,1400.357179090758,32300.0,False,False,1935.0,3070986.4799999995,32300.0,31200.0,0.4994806717612121,0.5000853862437064,True,True,True
2001,Tech,25-29,215,355237.43999999994,161.85738150103194,52000.0,False,False,215.0,355237.43999999994,52000.0,52000.0,0.4779302260482454,0.5068105996935459,True,True,True
2001,Tech,30-34,314,471993.54,227.288521029009,61916.0,False,False,314.0,471993.54000000004,61916.0,60000.0,0.4973875913640682,0.5008687830769886,True,True,True
2001,Tech,35-39,252,350499.79000000004,190.12120309914792,68000.0,False,False,252.0,350499.79000000004,68000.0,65235.0,0.49798272347039063,0.5108663545846917,True,True,True
2001,Tech,40-44,235,299052.39,171.3895263678119,65000.0,False,False,235.0,299052.39,65000.0,65000.0,0.48952807232204365,0.5281362573293595,True,True,True
2001,Tech,45-49,148,193292.06,104.39557557733924,70000.0,False,False,148.0,193292.06,70000.0,70000.0,0.47989146579533587,0.5179022356117474,True,True,True
2001,Tech,50-54,108,165357.33000000002,72.7896042675252,60000.0,False,False,108.0,165357.33000000002,60000.0,61000.0,0.4568304289867283,0.5466367290763585,True,True,True
2001,Tech,55-59,46,79739.02,37.39623614625306,68000.0,True,False,46.0,79739.02,68000.0,68000.0,0.4441817820183895,0.5245051920628069,True,True,True
2001,Tech,60-64,18,27500.15,15.008559988448164,65000.0,True,True,18.0,27500.15,65000.0,65000.0,0.4470531978916478,0.5287345705387061,True,True,True
2002,Finance,25-29,251,367724.06999999995,173.7750645181639,40000.0,False,False,251.0,367724.06999999995,40000.0,38000.0,0.46884586586893817,0.5344394779487783,True,True,True
2002,Finance,30-34,387,546203.41,276.7601074425284,43500.0,False,False,387.0,546203.41,43500.0,44000.0,0.49820977866103033,0.5003526982740734,True,True,True
2002,Finance,35-39,420,515730.93000000005,303.75346704302524,50000.0,False,False,420.0,515730.93000000005,50000.0,49000.0,0.46629888961672317,0.5015851579815078,True,True,True
2002,Finance,40-44,471,588145.6900000001,349.8771572010487,55000.0,False,False,471.0,588145.6900000001,55000.0,50000.0,0.498047346058083,0.5072654362221033,True,True,True
2002,Finance,45-49,382,469778.63,276.81703594227633,51000.0,False,False,382.0,469778.63,51000.0,50000.0,0.48600446129275826,0.501037605733577,True,True,True
2002,Finance,50-54,276,419169.32,187.1496084942285,53000.0,False,False,276.0,419169.32,53000.0,52000.0,0.48503702513342334,0.5021659266474942,True,True,True
2002,Finance,55-59,174,289439.76999999996,129.1639421386018,49000.0,False,False,174.0,289439.76999999996,49000.0,50000.0,0.4865250894858022,0.5073744012441691,True,True,True
2002,Finance,60-64,86,147758.66000000003,65.51135451656866,50000.0,True,False,86.0,147758.66000000003,50000.0,50000.0,0.46886882975251654,0.5609755800438363,True,True,True
2002,Healthcare,25-29,321,509453.23,233.41651034005451,40000.0,False,False,321.0,509453.23000000004,40000.0,38480.0,0.47506682801873684,0.5235965036476459,True,True,True
2002,Healthcare,30-34,420,585010.29,310.21643858910744,44000.0,False,False,420.0,585010.29,44000.0,42300.0,0.4929179621780669,0.5067641801651044,True,True,True
2002,Healthcare,35-39,446,574789.28,325.8563413330544,45000.0,False,False,446.0,574789.28,45000.0,42886.5,0.48799953262872264,0.5329003526300977,True,True,True
2002,Healthcare,40-44,591,709395.8,429.02779490606486,48000.0,False,False,591.0,709395.8,48000.0,48000.0,0.4813734871280602,0.5054113514627518,True,True,True
2002,Healthcare,45-49,597,785368.4500000001,424.7662626560112,49421.0,False,False,597.0,785368.4500000001,49421.0,48418.0,0.4991909466187494,0.5010977077064911,True,True,True
2002,Healthcare,50-54,422,601679.95,299.1507429155314,48600.0,False,False,422.0,601679.95,48600.0,50000.0,0.49984743550121624,0.504014036033609,True,True,True
2002,Healthcare,55-59,234,408422.05,169.69109983266978,50000.0,False,False,234.0,408422.05,50000.0,48400.0,0.48445310433165895,0.5539967296085018,True,True,True
2002,Healthcare,60-64,109,170848.71000000002,81.18900199012351,44250.0,False,False,109.0,170848.71000000002,44250.0,50000.0,0.4955591411840334,0.5006137886554718,True,True,True
2002,Other,25-29,5994,8952569.469999999,4254.861125053996,28000.0,False,False,5994.0,8952569.469999999,28000.0,27000.0,0.4926339990746813,0.520449464884186,True,True,True
2002,Other,30-34,7439,10081876.98,5233.9810865072395,32000.0,False,False,7439.0,10081876.98,32000.0,31465.0,0.49176509392400863,0.5134142600894938,True,True,True
2002,Other,35-39,8298,10481663.36,5843.3784504628975,35000.0,False,False,8298.0,10481663.36,35000.0,34000.0,0.49706233267159616,0.5287852757369991,True,True,True
2002,Other,40-44,9279,11383156.81,6634.693510029181,35000.0,False,False,9279.0,11383156.809999999,35000.0,35000.0,0.4808214427119011,0.5104560173409401,True,True,True
2002,Other,45-49,8328,10769744.21,5842.475317409457,37000.0,False,False,8328.0,10769744.21,37000.0,37000.0,0.497679897079004,0.5064273592436602,True,True,True
2002,Other,50-54,6343,9031047.51,4430.753152734049,38000.0,False,False,6343.0,9031047.51,38000.0,38000.0,0.496493924435129,0.5097228815265086,True,True,True
2002,Other,55-59,4085,6354706.359999999,2943.9790078814367,37000.0,False,False,4085.0,6354706.359999999,37000.0,35000.0,0.49752334740452125,0.5047314963582361,True,True,True
2002,Other,60-64,2026,3194075.59,1481.9663177462337,35000.0,False,False,2026.0,3194075.59,35000.0,34000.0,0.4899467329137317,0.5268821988023145,True,True,True
2002,Tech,25-29,291,508095.23,217.82864264508876,49000.0,False,False,291.0,508095.23,49000.0,50000.0,0.49446303599425645,0.5036884128985033,True,True,True
2002,Tech,30-34,338,497016.67,243.89798962272215,56000.0,False,False,338.0,497016.67000000004,56000.0,55300.0,0.4974992891083512,0.5088423694118749,True,True,True
2002,Tech,35-39,320,448876.26,227.84981169044963,70000.0,False,False,320.0,448876.26,70000.0,66600.0,0.48868501087582583,0.5166879175120556,True,True,True
2002,Tech,40-44,324,408466.74,236.0660631195178,68000.0,False,False,324.0,408466.74,68000.0,65000.0,0.4968906158675245,0.5239112736571893,True,True,True
2002,Tech,45-49,256,364017.43000000005,186.1504532859857,75000.0,False,False,256.0,364017.43000000005,75000.0,70500.0,0.49842448478359946,0.5240869647368259,True,True,True
2002,Tech,50-54,165,249311.4,118.79942667295263,65000.0,False,False,165.0,249311.40000000002,65000.0,65000.0,0.49471540410907794,0.5369811809648495,True,True,True
2002,Tech,55-59,84,139970.06,61.88895176892374,70000.0,True,False,84.0,139970.06,70000.0,70000.0,0.43772289588216223,0.50502957561067,True,True,True
2002,Tech,60-64,37,61855.65,28.13385498021236,71000.0,True,False,37.0,61855.65,71000.0,60000.0,0.44341446577636806,0.539161095227356,True,True,True
2003,Finance,25-29,275,434257.35,186.3282911634371,40000.0,False,False,275.0,434257.35,40000.0,40000.0,0.44850865506363913,0.5087509284529094,True,True,True
2003,Finance,30-34,386,573682.76,280.350673508756,45000.0,False,False,386.0,573682.76,45000.0,45000.0,0.4686619134240673,0.5227382987768362,True,True,True
2003,Finance,35-39,385,503492.53,285.7833611849122,53000.0,False,False,385.0,503492.53,53000.0,52000.0,0.4936884366487026,0.5003315937974293,True,True,True
2003,Finance,40-44,459,583701.09,318.3412843732564,54000.0,False,False,459.0,583701.09,54000.0,53000.0,0.4918121362425416,0.5004785754297633,True,True,True
2003,Finance,45-49,382,492461.6400000001,274.1219420182859,52000.0,False,False,382.0,492461.6400000001,52000.0,51050.0,0.49984536866668433,0.525387297171004,True,True,True
2003,Finance,50-54,267,387497.07,182.14351517941844,50000.0,False,False,267.0,387497.07,50000.0,50000.0,0.463620795894018,0.5131116475280704,True,True,True
2003,Finance,55-59,194,315720.04,139.22239063788695,47500.0,False,False,194.0,315720.04,47500.0,47000.0,0.4992220956262391,0.5065091211821715,True,True,True
2003,Finance,60-64,81,154593.21000000002,61.26855230918964,52290.0,True,False,81.0,154593.21000000002,52290.0,47000.0,0.48960429762730184,0.5088741607732965,True,True,True
2003,Healthcare,25-29,313,496501.12,216.58208366000616,37000.0,False,False,313.0,496501.12,37000.0,36000.0,0.49948930628796967,0.5141037949723053,True,True,True
2003,Healthcare,30-34,447,651593.2300000001,324.8179897567935,45000.0,False,False,447.0,651593.2300000001,45000.0,45000.0,0.4996806519920411,0.556882658219147,True,True,True
2003,Healthcare,35-39,443,596789.37,311.72267547186,49000.0,False,False,443.0,596789.37,49000.0,47000.0,0.498016645303183,0.5093886642116296,True,True,True
2003,Healthcare,40-44,573,719816.36,420.3796659468512,48000.0,False,False,573.0,719816.36,48000.0,48000.0,0.4883968877839898,0.506739079950892,True,True,True
2003,Healthcare,45-49,631,825696.3799999999,443.81373029212074,50000.0,False,False,631.0,825696.3799999999,50000.0,50000.0,0.4800244370697132,0.5335734062440725,True,True,True
2003,Healthcare,50-54,424,579585.6699999999,303.42577096720066,50000.0,False,False,424.0,579585.6699999999,50000.0,50000.0,0.47393514749941973,0.5356346370675452,True,True,True
2003,Healthcare,55-59,258,425057.54,177.81991788279433,53000.0,False,False,258.0,425057.54000000004,53000.0,53000.0,0.48892747556013233,0.5138818382094809,True,True,True
2003,Healthcare,60-64,120,202860.57,88.838883376954,54000.0,False,False,120.0,202860.57,54000.0,54000.0,0.45735630142417516,0.5250534394140763,True,True,True
2003,Other,25-29,5746,8968396.5,4000.214540462859,28600.0,False,False,5746.0,8968396.5,28600.0,28000.0,0.49965386566037756,0.5014378177860446,True,True,True
2003,Other,30-34,7130,9831304.28,4938.426641244588,32000.0,False,False,7130.0,9831304.280000001,32000.0,32000.0,0.48870528600911123,0.5117802996124945,True,True,True
2003,Other,35-39,7642,10056494.5,5327.8918687856685,35000.0,False,False,7642.0,10056494.5,35000.0,35000.0,0.47430362538357673,0.512313519387894,True,True,True
2003,Other,40-44,8829,11095454.11,6095.293784524354,36000.0,False,False,8829.0,11095454.11,36000.0,35500.0,0.4961756198007474,0.508211596758161,True,True,True
2003,Other,45-49,8375,10942269.66,5780.356818236695,38000.0,False,False,8375.0,10942269.66,38000.0,38000.0,0.49532431464497473,0.511824355825645,True,True,True
2003,Other,50-54,6456,9235619.21,4450.084216133624,40000.0,False,False,6456.0,9235619.209999999,40000.0,39000.0,0.4951935756563096,0.5371765614403239,True,True,True
2003,Other,55-59,4322,6675617.27,3030.2895026760684,39189.0,False,False,4322.0,6675617.27,39189.0,38000.0,0.49993959285206296,0.5001042907302564,True,True,True
2003,Other,60-64,2112,3342070.67,1487.7910779455033,35000.0,False,False,2112.0,3342070.67,35000.0,34900.0,0.48533031768595125,0.5112991641197102,True,True,True
2003,Tech,25-29,206,392829.56999999995,143.60411510117714,54000.0,False,False,206.0,392829.56999999995,54000.0,52000.0,0.48522963788087553,0.5234476620484554,True,True,True
2003,Tech,30-34,329,478884.3,229.41642202116208,60000.0,False,False,329.0,478884.3,60000.0,60000.0,0.44315290770651694,0.5035040614194285,True,True,True
2003,Tech,35-39,355,479232.62,254.9547844181996,62000.0,False,False,355.0,479232.62,62000.0,63000.0,0.47952597634109295,0.500438722222206,True,True,True
2003,Tech,40-44,322,437533.78,205.0180865354841,68000.0,False,False,322.0,437533.78,68000.0,66000.0,0.48373885554619345,0.500049070496911,True,True,True
2003,Tech,45-49,291,401678.67,221.98819604694972,70000.0,False,False,291.0,401678.67,70000.0,70000.0,0.45916070176193324,0.505671187369745,True,True,True
2003,Tech,50-54,175,277657.75999999995,129.32889497107396,73000.0,False,False,175.0,277657.75999999995,73000.0,70000.0,0.4994274246107871,0.5221352718540984,True,True,True
2003,Tech,55-59,94,149317.36,67.84286254755746,65000.0,True,False,94.0,149317.36,65000.0,65000.0,0.46236847477078347,0.5039069134359194,True,True,True
2003,Tech,60-64,41,65063.38999999999,30.31779552387348,60800.0,True,False,41.0,65063.38999999999,60800.0,60800.0,0.4751564589548747,0.5090384930757528,True,True,True
2004,Finance,25-29,264,410940.8,186.46790473143463,40000.0,False,False,264.0,410940.8,40000.0,39000.0,0.48469903694157407,0.5348603253802008,True,True,True
2004,Finance,30-34,350,517488.3899999999,249.18367889783704,50000.0,False,False,350.0,517488.3899999999,50000.0,49000.0,0.47652642023524433,0.5398700635583342,True,True,True
2004,Finance,35-39,414,534417.6399999999,293.48535666433395,50200.0,False,False,414.0,534417.6399999999,50200.0,52500.0,0.49962765076392324,0.5003183839515478,True,True,True
2004,Finance,40-44,439,550347.0,313.2700731482367,55000.0,False,False,439.0,550347.0,55000.0,53000.0,0.4919483344144695,0.5367173982959842,True,True,True
2004,Finance,45-49,360,491140.93000000005,261.2799809490843,54700.0,False,False,360.0,491140.93000000005,54700.0,53650.0,0.49866686940548816,0.5022323633259399,True,True,True
2004,Finance,50-54,279,436951.69000000006,193.16230282314592,48500.0,False,False,279.0,436951.69000000006,48500.0,50000.0,0.4943113963010418,0.5002121172709048,True,True,True
2004,Finance,55-59,195,316081.07999999996,144.21734006813207,50000.0,False,False,195.0,316081.07999999996,50000.0,50000.0,0.4379108044049963,0.5130797452349884,True,True,True
2004,Finance,60-64,92,185984.96,70.59244186525542,50000.0,True,False,92.0,185984.96,50000.0,46000.0,0.4768668928928447,0.5524747807564656,True,True,True
2004,Healthcare,25-29,315,450729.67,218.31978770802223,39000.0,False,False,315.0,450729.67,39000.0,36000.0,0.4922710324350293,0.5028825814817116,True,True,True
2004,Healthcare,30-34,417,571721.4,291.48053028023406,45000.0,False,False,417.0,571721.4,45000.0,45000.0,0.49575226675090345,0.5193606536330457,True,True,True
2004,Healthcare,35-39,496,651071.44,345.8366628059735,50000.0,False,False,496.0,651071.44,50000.0,50000.0,0.44981016215363395,0.5060392143756146,True,True,True
2004,Healthcare,40-44,527,668955.11,379.9708887954921,50000.0,False,False,527.0,668955.11,50000.0,50000.0,0.4920676665434248,0.5328264702245865,True,True,True
2004,Healthcare,45-49,573,788977.25,398.2252333390546,50000.0,False,False,573.0,788977.25,50000.0,51000.0,0.44527003788765773,0.5011588737191092,True,True,True
2004,Healthcare,50-54,478,661935.78,335.5633192274254,53000.0,False,False,478.0,661935.78,53000.0,53000.0,0.4989757616667889,0.507790816202744,True,True,True
2004,Healthcare,55-59,288,494219.84,213.4136490901689,50000.0,False,False,288.0,494219.83999999997,50000.0,50000.0,0.4671521280893944,0.5254900734053898,True,True,True
2004,Healthcare,60-64,130,237678.6,89.05354488958203,58000.0,False,False,130.0,237678.59999999998,58000.0,59500.0,0.48846000439248644,0.5016430170827328,True,True,True
2004,Other,25-29,5819,9216826.56,4023.367791554476,29218.0,False,False,5819.0,9216826.56,29218.0,29000.0,0.49984573215186984,0.5000009352459812,True,True,True
2004,Other,30-34,6885,9628349.77,4782.648849797066,33000.0,False,False,6885.0,9628349.77,33000.0,32000.0,0.49964132430972125,0.5109271087479408,True,True,True
2004,Other,35-39,7632,10103110.0,5300.161283518955,35000.0,False,False,7632.0,10103110.0,35000.0,35944.0,0.4626865618606548,0.5017593008489465,True,True,True
2004,Other,40-44,8531,11239334.05,5875.728372465239,37000.0,False,False,8531.0,11239334.049999999,37000.0,37000.0,0.4991225463220394,0.5078222112278975,True,True,True
2004,Other,45-49,8185,11184800.669999998,5608.146181456988,38000.0,False,False,8185.0,11184800.669999998,38000.0,38000.0,0.49618190558240866,0.5090197329372702,True,True,True
2004,Other,50-54,6492,9496318.49,4585.583170274008,39151.0,False,False,6492.0,9496318.49,39151.0,39000.0,0.4999786554125987,0.5000140449164737,True,True,True
2004,Other,55-59,4387,6926580.07,3140.7725302453177,39000.0,False,False,4387.0,6926580.07,39000.0,38000.0,0.49382320213328595,0.5006786530946722,True,True,True
2004,Other,60-64,2167,3536366.95,1552.8208555033357,36000.0,False,False,2167.0,3536366.95,36000.0,35000.0,0.49168826781394953,0.5092496580424155,True,True,True
2004,Tech,25-29,229,393501.8,170.7727996311125,50000.0,False,False,229.0,393501.8,50000.0,50000.0,0.47195898468571174,0.5097884939789348,True,True,True
2004,Tech,30-34,351,523206.11999999994,249.02645010855335,60000.0,False,False,351.0,523206.11999999994,60000.0,60000.0,0.43552311658739773,0.5039002219622355,True,True,True
2004,Tech,35-39,313,434943.22,216.2458795533387,65000.0,False,False,313.0,434943.22,65000.0,65000.0,0.4675039652302202,0.50375938725979,True,True,True
2004,Tech,40-44,325,425318.9,234.59968418407007,68000.0,False,False,325.0,425318.9,68000.0,68000.0,0.4874899046339112,0.5010175893899848,True,True,True
2004,Tech,45-49,266,365669.48,194.74805638935464,68000.0,False,False,266.0,365669.48,68000.0,65504.0,0.49730130608657863,0.5109476732922856,True,True,True
2004,Tech,50-54,193,291980.06000000006,140.9055005382185,70000.0,False,False,193.0,291980.06000000006,70000.0,70000.0,0.4866940571215717,0.5048594414289796,True,True,True
2004,Tech,55-59,108,186511.21,84.88140519173436,75000.0,False,False,108.0,186511.21000000002,75000.0,68000.0,0.49576693004136313,0.5482539092422379,True,True,True
2004,Tech,60-64,42,84385.19,33.1713782143401,84000.0,True,False,42.0,84385.19,84000.0,79000.0,0.49412272461553985,0.5182254137248491,True,True,True
2005,Finance,25-29,298,515880.59,216.46036017209556,45000.0,False,False,298.0,515880.59,45000.0,42000.0,0.48736842376643785,0.551206181259892,True,True,True
2005,Finance,30-34,295,457626.89,222.15036772172533,50000.0,False,False,295.0,457626.89,50000.0,50000.0,0.4742957521573961,0.549306619635048,True,True,True
2005,Finance,35-39,405,547887.48,297.93704868159455,58001.0,False,False,405.0,547887.48,58001.0,56000.0,0.4992825534177201,0.5005320618021788,True,True,True
2005,Finance,40-44,408,548400.6599999999,296.6324641952397,59600.0,False,False,408.0,548400.6599999999,59600.0,55000.0,0.4992413028824583,0.5031165170370145,True,True,True
2005,Finance,45-49,400,559080.37,292.0138568882684,60000.0,False,False,400.0,559080.37,60000.0,60000.0,0.4587321854995553,0.5016743835953317,True,True,True
2005,Finance,50-54,266,404139.98,193.09876985996297,54000.0,False,False,266.0,404139.98000000004,54000.0,52000.0,0.48996726332297036,0.5090668584681971,True,True,True
2005,Finance,55-59,206,352856.9,154.4495289655802,59000.0,False,False,206.0,352856.9,59000.0,53000.0,0.49007563689416306,0.5153662575395294,True,True,True
2005,Finance,60-64,95,176408.61000000004,72.29427296056305,50000.0,True,False,95.0,176408.61000000004,50000.0,50000.0,0.4939541216270565,0.5468841911967902,True,True,True
2005,Healthcare,25-29,303,479439.4,224.3327262502794,40000.0,False,False,303.0,479439.4,40000.0,40000.0,0.44699204946443694,0.5228980555206769,True,True,True
2005,Healthcare,30-34,406,566001.04,301.0799262392706,43128.0,False,False,406.0,566001.04,43128.0,45000.0,0.4951949558255228,0.5002641514580962,True,True,True
2005,Healthcare,35-39,498,662615.05,364.46298338232555,50000.0,False,False,498.0,662615.05,50000.0,49500.0,0.48452271043345607,0.5345275058271012,True,True,True
2005,Healthcare,40-44,510,693518.34,366.39105705871225,50000.0,False,False,510.0,693518.34,50000.0,50000.0,0.4658260227119589,0.5027194378161651,True,True,True
2005,Healthcare,45-49,563,815586.51,414.2049794966924,55000.0,False,False,563.0,815586.51,55000.0,55201.0,0.4880506667526907,0.523527639023848,True,True,True
2005,Healthcare,50-54,478,679912.53,345.27494292452377,55000.0,False,False,478.0,679912.53,55000.0,54076.5,0.49490354296015104,0.5127816809023948,True,True,True
2005,Healthcare,55-59,305,518832.4499999999,219.9819990671816,55000.0,False,False,305.0,518832.44999999995,55000.0,55000.0,0.48342733766941526,0.5187797910481505,True,True,True
2005,Healthcare,60-64,114,200477.21,88.3689659998493,55000.0,False,False,114.0,200477.21000000002,55000.0,55000.0,0.4804264285202293,0.5177548610138779,True,True,True
2005,Other,25-29,6080,9759882.36,4332.021693930965,30000.0,False,False,6080.0,9759882.36,30000.0,29000.0,0.4995900063287238,0.5603926141995015,True,True,True
2005,Other,30-34,6602,9393676.36,4730.955135499123,34000.0,False,False,6602.0,9393676.36,34000.0,34000.0,0.4923287691380502,0.5013174586312871,True,True,True
2005,Other,35-39,7729,10328124.42,5450.170442552122,37000.0,False,False,7729.0,10328124.42,37000.0,37000.0,0.4985891155637337,0.5062783635598379,True,True,True
2005,Other,40-44,8437,11175816.239999998,5985.248114128877,38000.0,False,False,8437.0,11175816.239999998,38000.0,38000.0,0.49992460953348683,0.5115177036948131,True,True,True
2005,Other,45-49,8182,11364030.75,5927.469971888022,40000.0,False,False,8182.0,11364030.75,40000.0,40000.0,0.49731052778082285,0.5415444832371648,True,True,True
2005,Other,50-54,6507,9599430.05,4674.6456670683565,40000.0,False,False,6507.0,9599430.05,40000.0,40000.0,0.48570216832821234,0.5265554583628638,True,True,True
2005,Other,55-59,4662,7522830.34,3426.8274102292785,40000.0,False,False,4662.0,7522830.34,40000.0,40000.0,0.48385513636347677,0.5291585081792499,True,True,True
2005,Other,60-64,2187,3702782.64,1617.6071962905228,36701.0,False,False,2187.0,3702782.6399999997,36701.0,36000.0,0.4997794631553097,0.5004668407973308,True,True,True
2005,Tech,25-29,227,432798.03,172.45190830996933,50000.0,False,False,227.0,432798.02999999997,50000.0,50000.0,0.4883594548709014,0.5443321680553861,True,True,True
2005,Tech,30-34,326,491064.75,240.77030438255045,60000.0,False,False,326.0,491064.75,60000.0,60000.0,0.4823028938648111,0.5518501582530613,True,True,True
2005,Tech,35-39,353,490395.92,262.5252856457034,72000.0,False,False,353.0,490395.92,72000.0,72000.0,0.47778476623541244,0.5006000457752584,True,True,True
2005,Tech,40-44,362,519950.47,272.44397720091973,72000.0,False,False,362.0,519950.47,72000.0,70500.0,0.4982089928681091,0.5152466733994875,True,True,True
2005,Tech,45-49,275,384273.12,199.5195604105522,71000.0,False,False,275.0,384273.12,71000.0,70000.0,0.49694943533911506,0.5048639103354405,True,True,True
2005,Tech,50-54,219,334586.85000000003,161.48312981194317,75000.0,False,False,219.0,334586.85000000003,75000.0,75000.0,0.4727217462371877,0.5327030037193631,True,True,True
2005,Tech,55-59,124,196952.38,92.40119224319584,75000.0,False,False,124.0,196952.37999999998,75000.0,75000.0,0.474881948621286,0.5049207326156709,True,True,True
2005,Tech,60-64,46,85383.74999999999,37.75853735540896,90000.0,True,False,46.0,85383.74999999999,90000.0,90000.0,0.4752262579237853,0.5614289604286531,True,True,True
2006,Finance,25-29,273,519846.1,208.7314607142968,46000.0,False,False,273.0,519846.10000000003,46000.0,45000.0,0.4955240791457317,0.5008872241226778,True,True,True
2006,Finance,30-34,330,525133.79,238.48165790348773,50000.0,False,False,330.0,525133.79,50000.0,49750.0,0.4775783900708427,0.5552372662974134,True,True,True
2006,Finance,35-39,395,553155.9099999999,291.27663742233153,55000.0,False,False,395.0,553155.9099999999,55000.0,55000.0,0.47141862770660814,0.5054487440982056,True,True,True
2006,Finance,40-44,415,558111.9099999999,305.58732077980176,57000.0,False,False,415.0,558111.9099999999,57000.0,57000.0,0.4989592141117362,0.5006011607958698,True,True,True
2006,Finance,45-49,406,584427.44,300.5372539567621,60000.0,False,False,406.0,584427.44,60000.0,58500.0,0.4716126949822891,0.5266625400066773,True,True,True
2006,Finance,50-54,312,471376.06,225.50408575592303,60000.0,False,False,312.0,471376.06,60000.0,56125.0,0.48258551781352665,0.5170293332249415,True,True,True
2006,Finance,55-59,199,323738.22000000003,152.15911899969987,62000.0,False,False,199.0,323738.22000000003,62000.0,60000.0,0.47588017256658777,0.5056005126611247,True,True,True
2006,Finance,60-64,93,158366.24000000002,68.20838933110235,57000.0,True,False,93.0,158366.24000000002,57000.0,57000.0,0.49351730520343223,0.515485686848409,True,True,True
2006,Healthcare,25-29,336,525848.8600000001,232.41919247073963,40000.0,False,False,336.0,525848.8600000001,40000.0,40000.0,0.4825730153717552,0.5674408232053597,True,True,True
2006,Healthcare,30-34,452,670613.45,330.14076079146986,48000.0,False,False,452.0,670613.45,48000.0,48000.0,0.4878469705610587,0.5087918233670977,True,True,True
2006,Healthcare,35-39,530,711212.6,379.7069105514641,52000.0,False,False,530.0,711212.6,52000.0,52000.0,0.4961854022271259,0.5036240359071255,True,True,True
2006,Healthcare,40-44,501,693500.8300000001,363.66878890743544,50000.0,False,False,501.0,693500.8300000001,50000.0,50000.0,0.4732850716270953,0.5212990300242322,True,True,True
2006,Healthcare,45-49,541,723427.88,386.2630074975126,56000.0,False,False,541.0,723427.88,56000.0,58000.0,0.4953029457476812,0.5078306630924979,True,True,True
2006,Healthcare,50-54,476,685978.76,342.8029950004615,59179.0,False,False,476.0,685978.76,59179.0,59000.0,0.4980951451033266,0.5022463669283288,True,True,True
2006,Healthcare,55-59,318,506332.56000000006,233.28439505621552,60000.0,False,False,318.0,506332.56000000006,60000.0,60000.0,0.450591840271935,0.5282517877183327,True,True,True
2006,Healthcare,60-64,158,287553.16,121.0434881010646,52000.0,False,False,158.0,287553.16,52000.0,51001.0,0.4768020980885761,0.5010386601211407,True,True,True
2006,Other,25-29,6196,10243551.29,4466.308631513975,30000.0,False,False,6196.0,10243551.290000001,30000.0,30000.0,0.4684004945320091,0.5262515056924169,True,True,True
2006,Other,30-34,6569,9579214.04,4691.65110610254,35000.0,False,False,6569.0,9579214.04,35000.0,35000.0,0.4860451787128039,0.5219160715193707,True,True,True
2006,Other,35-39,7564,10323381.0,5378.886377250595,38000.0,False,False,7564.0,10323381.0,38000.0,38000.0,0.4962279925539898,0.5078190720656343,True,True,True
2006,Other,40-44,8274,11101471.760000002,6000.248366317503,39300.0,False,False,8274.0,11101471.760000002,39300.0,40000.0,0.4998799447470737,0.5000064198695038,True,True,True
2006,Other,45-49,8052,11368938.25,5615.939078919311,40000.0,False,False,8052.0,11368938.25,40000.0,40000.0,0.47510685793372126,0.5172196488972925,True,True,True
2006,Other,50-54,6742,10227894.91,4804.634100480582,40000.0,False,False,6742.0,10227894.91,40000.0,40000.0,0.4765363208058226,0.5210718517247652,True,True,True
2006,Other,55-59,4884,7908007.669999999,3567.706174930325,40000.0,False,False,4884.0,7908007.669999999,40000.0,40000.0,0.4671282204257144,0.5124941045991678,True,True,True
2006,Other,60-64,2373,4001215.56,1739.9927107356182,38636.0,False,False,2373.0,4001215.5599999996,38636.0,38000.0,0.49938212276671246,0.5001494520830065,True,True,True
2006,Tech,25-29,216,405450.18,157.47933325287255,52000.0,False,False,216.0,405450.18,52000.0,52000.0,0.4864530828423852,0.5013532612070858,True,True,True
2006,Tech,30-34,299,468099.0,223.91568456290975,62500.0,False,False,299.0,468099.0,62500.0,62500.0,0.49972443863370786,0.5033841345527335,True,True,True
2006,Tech,35-39,354,540784.38,259.92781383117415,74000.0,False,False,354.0,540784.38,74000.0,72500.0,0.49830682979415936,0.5013578609648451,True,True,True
2006,Tech,40-44,366,532054.15,278.9482084411248,80000.0,False,False,366.0,532054.15,80000.0,80000.0,0.4971385525326698,0.5306353873943094,True,True,True
2006,Tech,45-49,287,407661.1,215.57275038846691,80000.0,False,False,287.0,407661.1,80000.0,80000.0,0.48871283033873,0.5263496566142809,True,True,True
2006,Tech,50-54,234,371286.79,161.6271430796171,72000.0,False,False,234.0,371286.79000000004,72000.0,75000.0,0.48127481185096815,0.5015275927269053,True,True,True
2006,Tech,55-59,124,207184.18,93.04912586974648,80000.0,False,False,124.0,207184.18,80000.0,80000.0,0.461191341925817,0.5433652318434739,True,True,True
2006,Tech,60-64,49,100199.6,39.744021204238656,70000.0,True,False,49.0,100199.6,70000.0,75000.0,0.4208206419985709,0.5006683659415806,True,True,True
2007,Finance,25-29,341,588655.94,246.30940248812144,45000.0,False,False,341.0,588655.94,45000.0,44200.0,0.48475469388791026,0.5253192552512085,True,True,True
2007,Finance,30-34,347,557568.52,252.39142802968829,52000.0,False,False,347.0,557568.52,52000.0,50000.0,0.49684897920707577,0.5048141527071865,True,True,True
2007,Finance,35-39,420,563867.1599999999,307.3099639517365,60000.0,False,False,420.0,563867.1599999999,60000.0,60000.0,0.4613836883141058,0.5109244170204912,True,True,True
2007,Finance,40-44,370,511933.4600000001,282.77421050116084,60000.0,False,False,370.0,511933.4600000001,60000.0,60000.0,0.47103490754442967,0.5112880295028966,True,True,True
2007,Finance,45-49,372,534483.6599999999,279.8486541148034,57000.0,False,False,372.0,534483.6599999999,57000.0,57000.0,0.49325902685219614,0.5010443724322649,True,True,True
2007,Finance,50-54,290,446697.6,209.74711515568387,60000.0,False,False,290.0,446697.6,60000.0,60000.0,0.4804966268007708,0.5222835314091681,True,True,True
2007,Finance,55-59,199,337154.67000000004,152.57719768210634,59000.0,False,False,199.0,337154.67000000004,59000.0,58000.0,0.4995334633804716,0.510606422862243,True,True,True
2007,Finance,60-64,111,188015.51,78.68642242447962,60000.0,False,False,111.0,188015.51,60000.0,60000.0,0.449518127520437,0.5052080543780669,True,True,True
2007,Healthcare,25-29,306,512311.16,222.85829372155905,45000.0,False,False,306.0,512311.16000000003,45000.0,45000.0,0.470722324299943,0.5377635536965465,True,True,True
2007,Healthcare,30-34,457,655346.36,332.29488719237656,49000.0,False,False,457.0,655346.36,49000.0,48000.0,0.49951613372812503,0.5040289992607878,True,True,True
2007,Healthcare,35-39,527,735399.67,395.0800895189601,55000.0,False,False,527.0,735399.67,55000.0,57000.0,0.4736856218605591,0.5013581526355594,True,True,True
2007,Healthcare,40-44,521,728942.85,384.8818895040361,55000.0,False,False,521.0,728942.85,55000.0,55000.0,0.49712139984636655,0.545460045324541,True,True,True
2007,Healthcare,45-49,548,780257.4199999999,399.9602381530629,55000.0,False,False,548.0,780257.4199999999,55000.0,55000.0,0.47650948324208187,0.5122868296465544,True,True,True
2007,Healthcare,50-54,535,805161.3200000001,393.1422569135892,60000.0,False,False,535.0,805161.3200000001,60000.0,57600.0,0.4981158930982924,0.5519840297345631,True,True,True
2007,Healthcare,55-59,361,606890.6599999999,270.42542534360433,59000.0,False,False,361.0,606890.6599999999,59000.0,59000.0,0.49220736071304844,0.5017814741126516,True,True,True
2007,Healthcare,60-64,182,297410.65,133.51619209667098,59469.0,False,False,182.0,297410.65,59469.0,60000.0,0.4941601116167157,0.500283967638684,True,True,True
2007,Other,25-29,6103,10211174.65,4381.560406371452,30160.0,False,False,6103.0,10211174.65,30160.0,30000.0,0.4999285571910182,0.5001749754618093,True,True,True
2007,Other,30-34,6478,9401793.7,4637.354966291817,35000.0,False,False,6478.0,9401793.7,35000.0,35000.0,0.46312471736111377,0.502061336444768,True,True,True
2007,Other,35-39,7454,10260424.45,5383.768105997221,40000.0,False,False,7454.0,10260424.450000001,40000.0,40000.0,0.48679119897422957,0.5247474455113793,True,True,True
2007,Other,40-44,7927,10747394.36,5653.175698778979,40000.0,False,False,7927.0,10747394.36,40000.0,40000.0,0.48461267964489213,0.5227565018838669,True,True,True
2007,Other,45-49,8016,11349127.65,5725.380150458332,40000.0,False,False,8016.0,11349127.65,40000.0,41000.0,0.4646894759351834,0.5067670941211063,True,True,True
2007,Other,50-54,6853,10352154.64,4897.428614963502,40500.0,False,False,6853.0,10352154.64,40500.0,41000.0,0.4999920963313585,0.5000110102682932,True,True,True
2007,Other,55-59,5025,8050454.77,3658.840733318458,42000.0,False,False,5025.0,8050454.77,42000.0,40560.0,0.49871498004826376,0.5134278718517662,True,True,True
2007,Other,60-64,2648,4455337.550000001,1953.081284117807,40000.0,False,False,2648.0,4455337.550000001,40000.0,40000.0,0.4666791655325868,0.5135359182830042,True,True,True
2007,Tech,25-29,248,455132.33,189.46615449024392,54083.0,False,False,248.0,455132.32999999996,54083.0,52750.0,0.49715314664638316,0.5003646302164472,True,True,True
2007,Tech,30-34,347,536699.11,266.5703400115409,65500.0,False,False,347.0,536699.11,65500.0,66000.0,0.4963469382313676,0.5025368311119427,True,True,True
2007,Tech,35-39,390,596227.6499999999,290.37363542758055,72000.0,False,False,390.0,596227.6499999999,72000.0,72000.0,0.4953518341526094,0.5207922343084894,True,True,True
2007,Tech,40-44,394,552223.31,298.4683844924822,78000.0,False,False,394.0,552223.31,78000.0,78000.0,0.4977949228546689,0.5095867467094064,True,True,True
2007,Tech,45-49,347,480812.38,258.2046231103563,76000.0,False,False,347.0,480812.38,76000.0,75000.0,0.4947285883113076,0.5005019837467579,True,True,True
2007,Tech,50-54,229,350646.06999999995,167.08827827956517,80000.0,False,False,229.0,350646.06999999995,80000.0,80000.0,0.48875685388403184,0.5313561050320628,True,True,True
2007,Tech,55-59,137,214939.12,100.58087522503864,78000.0,False,False,137.0,214939.12,78000.0,75000.0,0.46581720442514135,0.510882058138137,True,True,True
2007,Tech,60-64,69,135390.37000000002,55.20245595006575,75000.0,True,False,69.0,135390.37000000002,75000.0,75000.0,0.4424310975736309,0.5070528280556437,True,True,True
2008,Finance,25-29,325,589692.3500000001,233.73180398021904,46000.0,False,False,325.0,589692.3500000001,46000.0,45000.0,0.4993708159856576,0.5036919844729204,True,True,True
2008,Finance,30-34,387,536835.21,267.91068012065693,60000.0,False,False,387.0,536835.21,60000.0,55000.0,0.4959130195651659,0.5453457123276247,True,True,True
2008,Finance,35-39,370,495724.06999999995,271.80318145762635,65000.0,False,False,370.0,495724.06999999995,65000.0,62875.0,0.4944476672274559,0.5440746502383877,True,True,True
2008,Finance,40-44,367,473095.9799999999,267.1464364031467,65000.0,False,False,367.0,473095.9799999999,65000.0,65000.0,0.4748971234124628,0.5006278641386892,True,True,True
2008,Finance,45-49,398,524681.48,294.0457874506862,60000.0,False,False,398.0,524681.48,60000.0,60000.0,0.4638201256884463,0.5042132800265792,True,True,True
2008,Finance,50-54,303,440585.95,214.15002914180968,60000.0,False,False,303.0,440585.95,60000.0,60000.0,0.47135858508424977,0.5178726874971842,True,True,True
2008,Finance,55-59,192,319667.77,137.5072421634187,60000.0,False,False,192.0,319667.77,60000.0,60000.0,0.4993719260468454,0.5508432082471122,True,True,True
2008,Finance,60-64,133,229690.93,96.63855276673056,68000.0,False,False,133.0,229690.93000000002,68000.0,61000.0,0.49746901194574816,0.5252209131636151,True,True,True
2008,Healthcare,25-29,326,575056.2999999999,239.6646815938504,45000.0,False,False,326.0,575056.2999999999,45000.0,43000.0,0.4988534513924984,0.529310764876413,True,True,True
2008,Healthcare,30-34,468,677098.96,344.5995826283433,50000.0,False,False,468.0,677098.96,50000.0,50000.0,0.4779272146570717,0.5261545225235613,True,True,True
2008,Healthcare,35-39,549,767042.5,406.809724984302,56000.0,False,False,549.0,767042.5,56000.0,58000.0,0.49675406512676934,0.5095469025510321,True,True,True
2008,Healthcare,40-44,531,688978.89,406.1458930801999,55000.0,False,False,531.0,688978.89,55000.0,54800.0,0.49868704975852013,0.5166781670190215,True,True,True
2008,Healthcare,45-49,551,783903.0700000001,406.3589413079341,60000.0,False,False,551.0,783903.0700000001,60000.0,60000.0,0.47928380992308145,0.5315398752042136,True,True,True
2008,Healthcare,50-54,544,797252.5800000001,390.7508371632964,60000.0,False,False,544.0,797252.5800000001,60000.0,60000.0,0.44303953208906516,0.5097962931647082,True,True,True
2008,Healthcare,55-59,353,569588.54,258.1383210858931,60000.0,False,False,353.0,569588.54,60000.0,60000.0,0.4740839238092816,0.5707017033734563,True,True,True
2008,Healthcare,60-64,193,346880.37,149.5657058242299,62000.0,False,False,193.0,346880.37,62000.0,60000.0,0.4989399371316401,0.5173425639507938,True,True,True
2008,Other,25-29,5794,9732892.03,4127.074205000341,32000.0,False,False,5794.0,9732892.030000001,32000.0,31747.0,0.49300549160617774,0.5131296129255427,True,True,True
2008,Other,30-34,6271,8967714.530000001,4477.249393893424,37000.0,False,False,6271.0,8967714.530000001,37000.0,37000.0,0.4904949923734915,0.501781423231812,True,True,True
2008,Other,35-39,6994,9634167.33,4993.561553505232,40000.0,False,False,6994.0,9634167.33,40000.0,40000.0,0.46765931353197704,0.5082314737001771,True,True,True
2008,Other,40-44,7676,10242099.62,5554.595880893289,40000.0,False,False,7676.0,10242099.620000001,40000.0,41601.0,0.46412726749088185,0.5022771043892659,True,True,True
2008,Other,45-49,7702,10737900.1,5489.782744803958,41108.0,False,False,7702.0,10737900.1,41108.0,42000.0,0.4999565762397063,0.5000776958243447,True,True,True
2008,Other,50-54,6712,10061777.31,4853.441291946546,42000.0,False,False,6712.0,10061777.31,42000.0,42199.5,0.49219346815378884,0.5077287364452713,True,True,True
2008,Other,55-59,4889,7964685.239999999,3569.3261743753724,43000.0,False,False,4889.0,7964685.239999999,43000.0,42000.0,0.4968836747150601,0.5028118838755266,True,True,True
2008,Other,60-64,2719,4539047.54,2001.560507432895,43000.0,False,False,2719.0,4539047.54,43000.0,41600.0,0.49756553331891296,0.5051206998373936,True,True,True
2008,Tech,25-29,266,476499.24,197.3107403119195,55000.0,False,False,266.0,476499.24,55000.0,54805.5,0.4800665789099685,0.5017191423012552,True,True,True
2008,Tech,30-34,371,546234.71,269.967677130607,66000.0,False,False,371.0,546234.71,66000.0,68000.0,0.49809580940032167,0.5049855583143005,True,True,True
2008,Tech,35-39,385,551386.79,289.1189828150597,80000.0,False,False,385.0,551386.79,80000.0,76000.0,0.49930641247317514,0.5552635383230707,True,True,True
2008,Tech,40-44,352,468395.0,267.08606655157985,82000.0,False,False,352.0,468395.0,82000.0,80000.0,0.49528176005294683,0.5026421716713457,True,True,True
2008,Tech,45-49,375,504763.7700000001,275.9569835680135,80000.0,False,False,375.0,504763.7700000001,80000.0,80000.0,0.4847668048758729,0.5203927175676654,True,True,True
2008,Tech,50-54,261,386445.69,189.30348555227803,78000.0,False,False,261.0,386445.69,78000.0,78000.0,0.4977186574392898,0.5026280148188481,True,True,True
2008,Tech,55-59,127,201831.42999999996,94.31351010768384,85000.0,False,False,127.0,201831.42999999996,85000.0,85000.0,0.4556044120581221,0.5012778733223068,True,True,True
2008,Tech,60-64,62,113548.29,47.781627305865285,83000.0,True,False,62.0,113548.29,83000.0,82000.0,0.4652405597653651,0.5185471309167228,True,True,True
2009,Finance,25-29,283,508018.33,203.7470512901956,50000.0,False,False,283.0,508018.32999999996,50000.0,46000.0,0.49934233672237777,0.5683905933079225,True,True,True
2009,Finance,30-34,355,497138.87,242.84252857249425,53000.0,False,False,355.0,497138.87,53000.0,51000.0,0.4995863630618945,0.5078141445668893,True,True,True
2009,Finance,35-39,390,530613.53,281.589735562161,60000.0,False,False,390.0,530613.53,60000.0,60000.0,0.47341738534258637,0.5401934247700017,True,True,True
2009,Finance,40-44,371,490417.21,280.13236118217634,60000.0,False,False,371.0,490417.21,60000.0,63000.0,0.4695556666944865,0.5044450214135021,True,True,True
2009,Finance,45-49,365,540920.49,264.8785878641492,58000.0,False,False,365.0,540920.49,58000.0,62000.0,0.4980946645226917,0.5067559744316582,True,True,True
2009,Finance,50-54,299,455922.33,220.34541504336272,65000.0,False,False,299.0,455922.33,65000.0,65000.0,0.48983420048761367,0.5177427041136591,True,True,True
2009,Finance,55-59,199,320946.70999999996,144.0630721280816,60000.0,False,False,199.0,320946.70999999996,60000.0,60000.0,0.48133433117292274,0.5473248502843355,True,True,True
2009,Finance,60-64,135,250934.0000000001,95.88232039944876,63000.0,False,False,135.0,250934.00000000006,63000.0,60000.0,0.4917677955159523,0.5210995719990116,True,True,True
2009,Healthcare,25-29,402,625296.7999999999,288.4956110278373,45000.0,False,False,402.0,625296.7999999999,45000.0,45000.0,0.4903583866093669,0.5325511341174304,True,True,True
2009,Healthcare,30-34,501,730141.15,372.1414617534183,50000.0,False,False,501.0,730141.15,50000.0,50000.0,0.478400635274426,0.5381622169905093,True,True,True
2009,Healthcare,35-39,586,802187.31,435.4846003113353,54000.0,False,False,586.0,802187.31,54000.0,55400.0,0.4992329409947908,0.5064908344162163,True,True,True
2009,Healthcare,40-44,520,697564.39,394.0537027390446,58000.0,False,False,520.0,697564.39,58000.0,58000.0,0.4952965990709474,0.5094461889030775,True,True,True
2009,Healthcare,45-49,544,789534.3,402.50962034403466,60000.0,False,False,544.0,789534.3,60000.0,60000.0,0.47499386663758614,0.5183638633559048,True,True,True
2009,Healthcare,50-54,490,745315.83,356.25838517328714,60000.0,False,False,490.0,745315.83,60000.0,60000.0,0.48416426362499243,0.528900358925692,True,True,True
2009,Healthcare,55-59,392,634876.36,280.10712672373126,64373.0,False,False,392.0,634876.36,64373.0,62000.0,0.4956131143393022,0.500263405618064,True,True,True
2009,Healthcare,60-64,198,370039.32000000007,146.27162538082226,66000.0,False,False,198.0,370039.32000000007,66000.0,64000.0,0.48358769008655617,0.5077602563965364,True,True,True
2009,Other,25-29,5560,8752199.809999999,3991.784333233041,32000.0,False,False,5560.0,8752199.809999999,32000.0,32000.0,0.48147497217616664,0.5008732450316397,True,True,True
2009,Other,30-34,6071,8296995.970000001,4324.512322342016,38000.0,False,False,6071.0,8296995.970000001,38000.0,38000.0,0.488765031905879,0.5042941668440993,True,True,True
2009,Other,35-39,6599,8918840.1,4772.997161371682,40000.0,False,False,6599.0,8918840.1,40000.0,40300.0,0.4663191181104368,0.5092875832587245,True,True,True
2009,Other,40-44,7067,9386982.89,5118.5753002164965,41000.0,False,False,7067.0,9386982.89,41000.0,41184.0,0.4986761811387514,0.5025771321076733,True,True,True
2009,Other,45-49,7335,10241658.02,5368.8667045699085,42000.0,False,False,7335.0,10241658.02,42000.0,42300.0,0.4900320055795028,0.5030075804073763,True,True,True
2009,Other,50-54,6496,9931572.06,4717.512735370062,43000.0,False,False,6496.0,9931572.059999999,43000.0,42953.0,0.49801983111221576,0.5055550943663999,True,True,True
2009,Other,55-59,4851,7774802.369999999,3530.2854386830372,45000.0,False,False,4851.0,7774802.369999999,45000.0,43000.0,0.49711847530858844,0.5250697555673046,True,True,True
2009,Other,60-64,2744,4783135.73,1996.7583300264305,42000.0,False,False,2744.0,4783135.73,42000.0,42000.0,0.4884116156996447,0.5005085021913019,True,True,True
2009,Tech,25-29,252,440869.09,191.7695601072175,55000.0,False,False,252.0,440869.09,55000.0,54500.0,0.4720603342819974,0.5041464803077939,True,True,True
2009,Tech,30-34,362,546859.7000000001,268.200321555256,65000.0,False,False,362.0,546859.7000000001,65000.0,65135.0,0.46582066661704996,0.5035086513048959,True,True,True
2009,Tech,35-39,381,559074.98,286.31354886611746,75500.0,False,False,381.0,559074.98,75500.0,75002.0,0.49726691400141,0.5030295220866439,True,True,True
2009,Tech,40-44,365,500836.4,273.827972768026,80000.0,False,False,365.0,500836.39999999997,80000.0,80000.0,0.4885464594825776,0.5147228915470202,True,True,True
2009,Tech,45-49,337,472513.9,253.18983864814848,86700.0,False,False,337.0,472513.9,86700.0,84000.0,0.49834411220495306,0.5008893283351029,True,True,True
2009,Tech,50-54,260,400081.96,194.80820741620988,85000.0,False,False,260.0,400081.96,85000.0,80000.0,0.47287058381737584,0.5061374924278016,True,True,True
2009,Tech,55-59,151,257762.22,106.27801798867884,90000.0,False,False,151.0,257762.22,90000.0,85000.0,0.4896673375950905,0.5599674382071974,True,True,True
2009,Tech,60-64,58,121357.09,45.38181631570259,80000.0,True,False,58.0,121357.09,80000.0,80000.0,0.4845835542035492,0.5247198989362715,True,True,True
2010,Finance,25-29,307,569334.94,225.34591975570524,49000.0,False,False,307.0,569334.94,49000.0,48000.0,0.48078651206616624,0.5052222335063434,True,True,True
2010,Finance,30-34,367,493835.63,255.02858299306155,52000.0,False,False,367.0,493835.63,52000.0,50000.0,0.491803639198735,0.5008877548993377,True,True,True
2010,Finance,35-39,324,447289.87,235.83560705246936,60000.0,False,False,324.0,447289.87,60000.0,60000.0,0.46182078749067135,0.5015392143801513,True,True,True
2010,Finance,40-44,443,612734.94,322.95245311678656,65000.0,False,False,443.0,612734.94,65000.0,65000.0,0.488678334550336,0.5384162359012856,True,True,True
2010,Finance,45-49,311,452824.47,229.6982657131984,67000.0,False,False,311.0,452824.47,67000.0,68000.0,0.499257780835033,0.508028132843616,True,True,True
2010,Finance,50-54,270,442748.75,199.72789247487557,70000.0,False,False,270.0,442748.75,70000.0,70000.0,0.4983534792588347,0.5306982346082286,True,True,True
2010,Finance,55-59,217,392301.66,160.56209961006957,71000.0,False,False,217.0,392301.66000000003,71000.0,70000.0,0.4983685004034904,0.5088684814639837,True,True,True
2010,Finance,60-64,102,190894.49999999997,71.93743467554023,65000.0,False,False,102.0,190894.49999999997,65000.0,63000.0,0.4575939065819078,0.5123490723933901,True,True,True
2010,Healthcare,25-29,407,666009.47,293.9978820672204,48000.0,False,False,407.0,666009.47,48000.0,45000.0,0.4977644086652402,0.5142448950463122,True,True,True
2010,Healthcare,30-34,521,731853.2,366.33966007804383,52000.0,False,False,521.0,731853.2,52000.0,52000.0,0.4939277303153147,0.5038127318429434,True,True,True
2010,Healthcare,35-39,527,761828.33,393.74353101305104,55000.0,False,False,527.0,761828.33,55000.0,57000.0,0.4861715368342892,0.5171250194909397,True,True,True
2010,Healthcare,40-44,510,724106.6000000001,373.10973762683903,60000.0,False,False,510.0,724106.6000000001,60000.0,60000.0,0.4818492194381323,0.5477744437075976,True,True,True
2010,Healthcare,45-49,483,686034.0700000001,346.1570592435059,63000.0,False,False,483.0,686034.0700000001,63000.0,65000.0,0.49728081289024023,0.5013363840661732,True,True,True
2010,Healthcare,50-54,472,759223.54,350.8664982845315,65000.0,False,False,472.0,759223.54,65000.0,64000.0,0.48898205922329546,0.5026208881774135,True,True,True
2010,Healthcare,55-59,372,645669.12,279.9919240697432,60000.0,False,False,372.0,645669.12,60000.0,60000.0,0.4887823658037107,0.521150864393205,True,True,True
2010,Healthcare,60-64,229,393196.36,161.7470710271838,61000.0,False,False,229.0,393196.36,61000.0,60000.0,0.4998332131050247,0.5183522807789981,True,True,True
2010,Other,25-29,5361,8698640.45,3811.4405343195585,32000.0,False,False,5361.0,8698640.45,32000.0,32000.0,0.4861598550150444,0.5082396100185979,True,True,True
2010,Other,30-34,6126,8755000.46,4317.533422005729,38000.0,False,False,6126.0,8755000.46,38000.0,38000.0,0.49484844230379393,0.5069405935816478,True,True,True
2010,Other,35-39,6262,8650882.1,4544.218849804018,40000.0,False,False,6262.0,8650882.1,40000.0,42000.0,0.4585410995255617,0.5000269903111961,True,True,True
2010,Other,40-44,6953,9397355.62,4902.080337305693,42000.0,False,False,6953.0,9397355.620000001,42000.0,42000.0,0.4952453986199152,0.5098287383956637,True,True,True
2010,Other,45-49,7007,10120690.92,5150.280676615926,43000.0,False,False,7007.0,10120690.92,43000.0,44000.0,0.4952089614846177,0.5029195763642588,True,True,True
2010,Other,50-54,6367,9901676.78,4594.544363663772,44467.0,False,False,6367.0,9901676.78,44467.0,44000.0,0.4998387131760122,0.500016774936578,True,True,True
2010,Other,55-59,4917,8165005.65,3585.301353671783,45000.0,False,False,4917.0,8165005.65,45000.0,44600.0,0.4903257317403081,0.512406856693357,True,True,True
2010,Other,60-64,2965,5135416.1899999995,2169.4157591144053,43000.0,False,False,2965.0,5135416.1899999995,43000.0,42000.0,0.4927722089842927,0.5015139542176036,True,True,True
2010,Tech,25-29,246,378334.9199999999,174.16987939488655,60000.0,False,False,246.0,378334.9199999999,60000.0,57730.5,0.4913293227069815,0.608710927344481,True,True,True
2010,Tech,30-34,369,546676.5399999999,263.5345223169678,68000.0,False,False,369.0,546676.5399999999,68000.0,67000.0,0.4935003612922553,0.5174663613697417,True,True,True
2010,Tech,35-39,401,591377.7899999999,302.49465306075336,80000.0,False,False,401.0,591377.7899999999,80000.0,79000.0,0.4954049255045578,0.535760363946032,True,True,True
2010,Tech,40-44,331,474864.88,246.2332182380057,80000.0,False,False,331.0,474864.88,80000.0,80000.0,0.4774967354924205,0.5222323453357932,True,True,True
2010,Tech,45-49,366,520511.06999999995,276.15103175879676,82000.0,False,False,366.0,520511.06999999995,82000.0,82000.0,0.48739570514801933,0.5020728761830177,True,True,True
2010,Tech,50-54,253,393748.0,177.75856678958664,84000.0,False,False,253.0,393748.0,84000.0,80000.0,0.4887878795574835,0.5007710515355,True,True,True
2010,Tech,55-59,140,257349.12999999995,103.69534584262436,82000.0,False,False,140.0,257349.12999999995,82000.0,80000.0,0.49265202489707277,0.5049405451652392,True,True,True
2010,Tech,60-64,71,133360.12,52.21009981782606,77000.0,True,False,71.0,133360.12,77000.0,80000.0,0.4955584173139616,0.5001082032619647,True,True,True
2011,Finance,25-29,276,496164.92,206.68303699275825,49000.0,False,False,276.0,496164.92000000004,49000.0,48000.0,0.4916562218868678,0.5005267401814703,True,True,True
2011,Finance,30-34,366,540943.0900000001,256.46898490638404,50000.0,False,False,366.0,540943.0900000001,50000.0,50000.0,0.45962374711173404,0.5288032794725226,True,True,True
2011,Finance,35-39,308,409759.33,220.99601820427017,60000.0,False,False,308.0,409759.33,60000.0,63500.0,0.480348110682434,0.5093910613334905,True,True,True
2011,Finance,40-44,388,542924.8899999999,282.52039314649954,65000.0,False,False,388.0,542924.8899999999,65000.0,65000.0,0.48442962340518236,0.5252806516201534,True,True,True
2011,Finance,45-49,353,510473.27,248.72656064921108,60000.0,False,False,353.0,510473.26999999996,60000.0,60000.0,0.4777906588527153,0.5328989312212177,True,True,True
2011,Finance,50-54,314,509715.08,227.6344221640716,65000.0,False,False,314.0,509715.08,65000.0,65000.0,0.4866648049730056,0.5229190982538715,True,True,True
2011,Finance,55-59,213,371454.77,155.5319779359298,80000.0,False,False,213.0,371454.76999999996,80000.0,75000.0,0.492210693646497,0.5247663396542196,True,True,True
2011,Finance,60-64,118,226880.93,89.2779948630092,65000.0,False,False,118.0,226880.93000000002,65000.0,65000.0,0.4755956791961316,0.5013126929618984,True,True,True
2011,Healthcare,25-29,390,668970.4,273.7568110836311,45000.0,False,False,390.0,668970.4,45000.0,45000.0,0.49547543508651504,0.5135344254394514,True,True,True
2011,Healthcare,30-34,487,725983.4500000001,352.7486201722113,56000.0,False,False,487.0,725983.4500000001,56000.0,55000.0,0.48836051290149934,0.5000383961920895,True,True,True
2011,Healthcare,35-39,549,780664.15,410.3935257000848,60000.0,False,False,549.0,780664.15,60000.0,60000.0,0.483560171169638,0.5212183882147016,True,True,True
2011,Healthcare,40-44,513,738572.6499999999,392.17922681691897,62400.0,False,False,513.0,738572.6499999999,62400.0,64000.0,0.4976826856504909,0.5016627003450507,True,True,True
2011,Healthcare,45-49,482,692446.95,345.01511926696327,63500.0,False,False,482.0,692446.95,63500.0,62500.0,0.49430000377646266,0.5015830887839133,True,True,True
2011,Healthcare,50-54,444,711980.6499999999,325.4269185466738,64500.0,False,False,444.0,711980.6499999999,64500.0,65000.0,0.4975167794237105,0.5002420501175139,True,True,True
2011,Healthcare,55-59,427,772381.23,325.1278592384138,65000.0,False,False,427.0,772381.23,65000.0,63618.0,0.4860124578635863,0.5298152960035034,True,True,True
2011,Healthcare,60-64,264,450691.26,186.25737301415057,57500.0,False,False,264.0,450691.26,57500.0,60000.0,0.49610212099520185,0.5029655334341295,True,True,True
2011,Other,25-29,5314,8862998.649999999,3739.022665727271,32000.0,False,False,5314.0,8862998.649999999,32000.0,32000.0,0.4772321408398275,0.5008262987832003,True,True,True
2011,Other,30-34,6126,9068489.51,4302.521921424891,38000.0,False,False,6126.0,9068489.51,38000.0,39000.0,0.4869306575401221,0.5032759761112632,True,True,True
2011,Other,35-39,6179,8815483.42,4450.319595838461,41000.0,False,False,6179.0,8815483.42,41000.0,42000.0,0.49842982178735695,0.5015371442897002,True,True,True
2011,Other,40-44,7007,9741888.57,5004.271902086122,42000.0,False,False,7007.0,9741888.57,42000.0,43500.0,0.49415473862271864,0.5086740332116116,True,True,True
2011,Other,45-49,6769,10064001.53,4854.347133822417,43000.0,False,False,6769.0,10064001.530000001,43000.0,44002.0,0.49588526145623496,0.5034145856295393,True,True,True
2011,Other,50-54,6411,10106767.95,4630.448360224695,45000.0,False,False,6411.0,10106767.950000001,45000.0,45000.0,0.4680924627343403,0.5026619741477293,True,True,True
2011,Other,55-59,4952,8223581.68,3585.14210952559,45000.0,False,False,4952.0,8223581.68,45000.0,45000.0,0.4765055473979314,0.5001174184239391,True,True,True
2011,Other,60-64,2952,5132115.69,2151.292580332072,45000.0,False,False,2952.0,5132115.69,45000.0,43000.0,0.4912808347077616,0.5179459915877305,True,True,True
2011,Tech,25-29,212,380766.04,157.40666143698857,60000.0,False,False,212.0,380766.04000000004,60000.0,54500.0,0.4848106201908132,0.5436073290569716,True,True,True
2011,Tech,30-34,356,572446.06,267.8410030691379,70000.0,False,False,356.0,572446.06,70000.0,67500.0,0.4873446766320656,0.5371032163274911,True,True,True
2011,Tech,35-39,363,531048.1799999999,277.0383575611171,83000.0,False,False,363.0,531048.1799999999,83000.0,80000.0,0.49317675846285747,0.5109431313746337,True,True,True
2011,Tech,40-44,390,578603.03,277.1120845198363,80000.0,False,False,390.0,578603.03,80000.0,80000.0,0.47884083842423014,0.5521509280723952,True,True,True
2011,Tech,45-49,331,482429.59,240.31240018245632,87000.0,False,False,331.0,482429.58999999997,87000.0,88000.0,0.495840750564243,0.5031859467824102,True,True,True
2011,Tech,50-54,261,411513.02,192.2329284219393,90000.0,False,False,261.0,411513.01999999996,90000.0,85000.0,0.49114278328301747,0.5242708724015586,True,True,True
2011,Tech,55-59,191,320072.16,133.34961364943385,78000.0,False,False,191.0,320072.16,78000.0,78000.0,0.498734066717955,0.5009011405428077,True,True,True
2011,Tech,60-64,62,119404.90000000002,48.79808887824299,79400.0,True,False,62.0,119404.90000000002,79400.0,82500.0,0.49717306408698464,0.5059430559382403,True,True,True
2012,Finance,25-29,279,509631.97,206.1865269767543,49000.0,False,False,279.0,509631.97000000003,49000.0,49000.0,0.4965478127284675,0.50240176258958,True,True,True
2012,Finance,30-34,372,611834.7,276.4975199238745,55000.0,False,False,372.0,611834.7,55000.0,52000.0,0.4911350238879881,0.5141691211694924,True,True,True
2012,Finance,35-39,327,464576.4,232.58324522599176,60000.0,False,False,327.0,464576.4,60000.0,60000.0,0.4667379358917069,0.5325802817362225,True,True,True
2012,Finance,40-44,356,485971.66,261.74405374095574,65000.0,False,False,356.0,485971.66,65000.0,64000.0,0.4905532557186565,0.5249001351231057,True,True,True
2012,Finance,45-49,336,484459.43,242.1849380757605,70000.0,False,False,336.0,484459.43,70000.0,69500.0,0.4881083437678156,0.532253856633568,True,True,True
2012,Finance,50-54,302,499253.23,218.62285127705655,67000.0,False,False,302.0,499253.23000000004,67000.0,69500.0,0.4921055393071769,0.5030154537007201,True,True,True
2012,Finance,55-59,235,427481.16,176.93036957977526,63000.0,False,False,235.0,427481.16000000003,63000.0,63000.0,0.4980102748855646,0.5180236714993474,True,True,True
2012,Finance,60-64,148,257224.46,110.70442385233848,62000.0,False,False,148.0,257224.46000000002,62000.0,58500.0,0.49519128157563236,0.5069532656419999,True,True,True
2012,Healthcare,25-29,401,704242.3200000001,294.1737922476057,49000.0,False,False,401.0,704242.3200000001,49000.0,49000.0,0.4946554333741261,0.5101399046850805,True,True,True
2012,Healthcare,30-34,541,828994.9099999999,396.59051214238673,55000.0,False,False,541.0,828994.9099999999,55000.0,55000.0,0.47561842086581696,0.5252938404651967,True,True,True
2012,Healthcare,35-39,527,742161.94,403.0375975177503,58000.0,False,False,527.0,742161.94,58000.0,59000.0,0.4993921542244541,0.5053880828219243,True,True,True
2012,Healthcare,40-44,508,707742.02,377.37131715116874,60000.0,False,False,508.0,707742.02,60000.0,60500.0,0.4772871759119233,0.5121255623623987,True,True,True
2012,Healthcare,45-49,511,737113.8999999999,392.59484737593147,65000.0,False,False,511.0,737113.8999999999,65000.0,62500.0,0.4944998595196754,0.5289321908052474,True,True,True
2012,Healthcare,50-54,478,725315.99,344.03979211406715,63000.0,False,False,478.0,725315.99,63000.0,64000.0,0.4946771130745374,0.5028924427820762,True,True,True
2012,Healthcare,55-59,401,724132.43,299.45041322305383,62000.0,False,False,401.0,724132.43,62000.0,62500.0,0.4980878152356744,0.5027881433234526,True,True,True
2012,Healthcare,60-64,264,471823.8599999999,198.4082403641018,65000.0,False,False,264.0,471823.8599999999,65000.0,64500.0,0.49164908701310706,0.5326518671607664,True,True,True
2012,Other,25-29,5225,8986839.709999999,3733.7906776065497,32400.0,False,False,5225.0,8986839.709999999,32400.0,32000.0,0.49994060259031814,0.500235587266305,True,True,True
2012,Other,30-34,6227,9367081.12,4425.706680230248,39000.0,False,False,6227.0,9367081.120000001,39000.0,39000.0,0.4957668712919185,0.5031637667722044,True,True,True
2012,Other,35-39,6164,8709307.84,4498.782663141826,42000.0,False,False,6164.0,8709307.84,42000.0,42000.0,0.4928494627651145,0.5070959152133954,True,True,True
2012,Other,40-44,6886,9728567.11,5069.569822656459,44000.0,False,False,6886.0,9728567.11,44000.0,45000.0,0.49553846064798335,0.5012645670077513,True,True,True
2012,Other,45-49,6711,9716117.84,4916.235749068753,44000.0,False,False,6711.0,9716117.84,44000.0,45000.0,0.49657280813712323,0.5024641693724045,True,True,True
2012,Other,50-54,6431,10143657.2,4669.782658248352,45000.0,False,False,6431.0,10143657.2,45000.0,45000.0,0.4787629071297875,0.5072506787788531,True,True,True
2012,Other,55-59,5229,8878131.27,3815.164808345614,46000.0,False,False,5229.0,8878131.27,46000.0,45000.0,0.49680426948677003,0.5031766927230849,True,True,True
2012,Other,60-64,2951,5045136.37,2137.4804676027943,46000.0,False,False,2951.0,5045136.37,46000.0,45000.0,0.498285450706261,0.504320003147903,True,True,True
2012,Tech,25-29,231,427574.49999999994,173.6584182933363,65000.0,False,False,231.0,427574.49999999994,65000.0,60000.0,0.49910396901592596,0.54282792823239,True,True,True
2012,Tech,30-34,359,579680.5499999999,269.58127392295063,70000.0,False,False,359.0,579680.5499999999,70000.0,70000.0,0.4802499238589255,0.5099988260775697,True,True,True
2012,Tech,35-39,412,616331.39,320.3222963311016,80000.0,False,False,412.0,616331.39,80000.0,80000.0,0.47413721699295563,0.517856765335285,True,True,True
2012,Tech,40-44,396,586803.4299999999,304.2023642006447,89000.0,False,False,396.0,586803.4299999999,89000.0,87000.0,0.49720754018087454,0.5087215492247548,True,True,True
2012,Tech,45-49,384,575852.3500000001,291.7006831685483,92000.0,False,False,384.0,575852.3500000001,92000.0,90000.0,0.49439463084591034,0.5090927735208512,True,True,True
2012,Tech,50-54,286,449093.86,215.34088737934857,92000.0,False,False,286.0,449093.86,92000.0,90000.0,0.47220569882652147,0.5121098961361886,True,True,True
2012,Tech,55-59,187,302255.24,137.03255764452473,80000.0,False,False,187.0,302255.24,80000.0,80000.0,0.4543196008777219,0.5121596899362275,True,True,True
2012,Tech,60-64,74,126519.9,55.458385635284145,65000.0,True,False,74.0,126519.9,65000.0,68500.0,0.4257230680707146,0.504123145845041,True,True,True
2013,Finance,25-29,172,476053.84,118.51653631263392,52000.0,False,False,172.0,476053.84,52000.0,50000.0,0.47824088552672955,0.5012796451762683,True,True,True
2013,Finance,30-34,221,465124.93000000005,151.25086488620647,55000.0,False,False,221.0,465124.93000000005,55000.0,56000.0,0.466629191430354,0.5232723818953329,True,True,True
2013,Finance,35-39,234,464448.03,162.8690220022203,60000.0,False,False,234.0,464448.03,60000.0,60000.0,0.4928868360147851,0.5356859194773632,True,True,True
2013,Finance,40-44,232,466500.8000000001,166.73781816338413,65000.0,False,False,232.0,466500.80000000005,65000.0,60000.0,0.49881625069024527,0.5225504436433978,True,True,True
2013,Finance,45-49,234,502290.11,165.84706622605643,70000.0,False,False,234.0,502290.11,70000.0,70000.0,0.44961263521593126,0.5056346022819362,True,True,True
2013,Finance,50-54,201,466252.58,143.01892800222805,75000.0,False,False,201.0,466252.57999999996,75000.0,75000.0,0.4862888265411851,0.5305467907544877,True,True,True
2013,Finance,55-59,179,459490.67,126.85081697510812,60000.0,False,False,179.0,459490.67000000004,60000.0,60000.0,0.4601420089770266,0.5151637137702927,True,True,True
2013,Finance,60-64,107,304263.60000000003,74.98198225311725,80000.0,False,False,107.0,304263.60000000003,80000.0,78000.0,0.49411625314365565,0.5346370384101153,True,True,True
2013,Healthcare,25-29,312,788363.92,211.44376274160243,47000.0,False,False,312.0,788363.92,47000.0,46000.0,0.49395453054218924,0.5019297686784042,True,True,True
2013,Healthcare,30-34,372,828569.73,267.22054253552744,52000.0,False,False,372.0,828569.73,52000.0,54000.0,0.49465588128593596,0.5028918929973462,True,True,True
2013,Healthcare,35-39,363,732337.71,248.00865800558125,60000.0,False,False,363.0,732337.71,60000.0,60000.0,0.46275191810073535,0.522034704453496,True,True,True
2013,Healthcare,40-44,401,841079.9099999999,282.25027488753113,60000.0,False,False,401.0,841079.9099999999,60000.0,65000.0,0.4343084951345468,0.5028434218575023,True,True,True
2013,Healthcare,45-49,332,720202.23,231.19683332375357,60000.0,False,False,332.0,720202.23,60000.0,65000.0,0.4752628022270911,0.5168088135467173,True,True,True
2013,Healthcare,50-54,297,721238.96,212.62511680269395,60000.0,False,False,297.0,721238.96,60000.0,64000.0,0.4696911270572517,0.5179403231350674,True,True,True
2013,Healthcare,55-59,285,688498.3999999999,199.0557184442849,68600.0,False,False,285.0,688498.3999999999,68600.0,70000.0,0.4994368178633386,0.5013751084969843,True,True,True
2013,Healthcare,60-64,157,399909.26,113.3259471179016,75000.0,False,False,157.0,399909.26,75000.0,75000.0,0.45085627674638007,0.5232641024616435,True,True,True
2013,Other,25-29,3814,9337481.5,2544.1540623704213,33000.0,False,False,3814.0,9337481.5,33000.0,32000.0,0.4874216018527051,0.5030857378405516,True,True,True
2013,Other,30-34,4414,9614986.27,2958.172081211128,40000.0,False,False,4414.0,9614986.27,40000.0,40000.0,0.4691273636108895,0.5221572552489979,True,True,True
2013,Other,35-39,4471,9195003.0,3091.58528145371,42000.0,False,False,4471.0,9195003.0,42000.0,42000.0,0.4929987461668039,0.5070316855796567,True,True,True
2013,Other,40-44,4641,9563418.1,3165.094533189947,45000.0,False,False,4641.0,9563418.1,45000.0,45760.0,0.47958223953421003,0.5062174485501162,True,True,True
2013,Other,45-49,4673,9963022.78,3272.24951435012,45000.0,False,False,4673.0,9963022.780000001,45000.0,45000.0,0.49468955043380913,0.5265257398116677,True,True,True
2013,Other,50-54,4383,10492009.38,3015.987374817422,45000.0,False,False,4383.0,10492009.38,45000.0,45000.0,0.4806741537625274,0.5128356328251776,True,True,True
2013,Other,55-59,3490,8649248.27,2448.7053197315986,46000.0,False,False,3490.0,8649248.27,46000.0,46000.0,0.49696140587255916,0.5041051654307526,True,True,True
2013,Other,60-64,2257,5674929.8100000005,1593.2280963037272,45000.0,False,False,2257.0,5674929.8100000005,45000.0,45000.0,0.49346605575021185,0.5227308829040829,True,True,True
2013,Tech,25-29,136,349280.63,92.96895006584684,60000.0,False,False,136.0,349280.63,60000.0,61000.0,0.44727836754073647,0.5052617432578496,True,True,True
2013,Tech,30-34,235,564817.5900000001,162.80575237321034,70408.0,False,False,235.0,564817.5900000001,70408.0,70000.0,0.49953916980524626,0.5014093665177815,True,True,True
2013,Tech,35-39,229,519796.6999999999,162.06918695258946,85002.0,False,False,229.0,519796.69999999995,85002.0,80000.0,0.49549171820444426,0.5001519440196524,True,True,True
2013,Tech,40-44,264,576375.26,181.69853583781864,80000.0,False,False,264.0,576375.26,80000.0,84500.0,0.49604585734647944,0.5365987776782786,True,True,True
2013,Tech,45-49,257,571972.7,188.4114765247676,83000.0,False,False,257.0,571972.7,83000.0,85000.0,0.4986237280205856,0.5034378738705536,True,True,True
2013,Tech,50-54,203,453595.51,142.0979835781732,97000.0,False,False,203.0,453595.51,97000.0,91698.0,0.49415872745301204,0.5081252237263107,True,True,True
2013,Tech,55-59,129,352095.0,92.14872476245988,90000.0,False,False,129.0,352095.0,90000.0,90000.0,0.47880787855550355,0.5132817279427427,True,True,True
2013,Tech,60-64,68,173607.69000000003,51.56405333543934,83000.0,True,False,68.0,173607.69000000003,83000.0,79000.0,0.4922554985899529,0.5191619679980765,True,True,True
2014,Finance,25-29,292,591533.8200000001,220.33587909230545,55000.0,False,False,292.0,591533.8200000001,55000.0,54000.0,0.4604627001715641,0.5210503771365093,True,True,True
2014,Finance,30-34,344,549845.76,253.95597460681896,60000.0,False,False,344.0,549845.76,60000.0,60000.0,0.4538402733159205,0.5056661890054404,True,True,True
2014,Finance,35-39,355,506938.33,269.0409750928374,63000.0,False,False,355.0,506938.33,63000.0,65000.0,0.48613976378546875,0.5007625681017255,True,True,True
2014,Finance,40-44,344,527640.27,260.47654365384136,60000.0,False,False,344.0,527640.27,60000.0,60001.0,0.4722330613620525,0.5125687051899962,True,True,True
2014,Finance,45-49,301,499004.8000000001,228.641791562566,65000.0,False,False,301.0,499004.80000000005,65000.0,68000.0,0.47721999868538334,0.5053664413648926,True,True,True
2014,Finance,50-54,331,579352.11,243.4617010608335,65000.0,False,False,331.0,579352.11,65000.0,68000.0,0.4799244279959557,0.5168175015363281,True,True,True
2014,Finance,55-59,205,356870.5,152.72187123140694,70000.0,False,False,205.0,356870.5,70000.0,73000.0,0.46018362403168656,0.5027887987379174,True,True,True
2014,Finance,60-64,139,249846.44,101.16260880064917,80000.0,False,False,139.0,249846.44,80000.0,75000.0,0.4883039358095316,0.5333346754910737,True,True,True
2014,Healthcare,25-29,408,792077.85,307.87016341200274,50000.0,False,False,408.0,792077.85,50000.0,50000.0,0.45609427154161686,0.5363892324472904,True,True,True
2014,Healthcare,30-34,602,950512.73,441.471209704329,53000.0,False,False,602.0,950512.73,53000.0,53000.0,0.49495770561642033,0.5028094152931545,True,True,True
2014,Healthcare,35-39,537,774875.5,402.9641432696975,60000.0,False,False,537.0,774875.5,60000.0,60000.0,0.4879700416389472,0.5208523562817511,True,True,True
2014,Healthcare,40-44,581,832941.1299999999,435.7089849395518,62000.0,False,False,581.0,832941.1299999999,62000.0,64000.0,0.49505208129174755,0.5061700819120315,True,True,True
2014,Healthcare,45-49,478,702669.02,346.9113533007148,61000.0,False,False,478.0,702669.02,61000.0,65000.0,0.4991901165644104,0.505846024064075,True,True,True
2014,Healthcare,50-54,485,816634.1199999999,363.2146068128944,62000.0,False,False,485.0,816634.1199999999,62000.0,63000.0,0.48404106602844377,0.5075588073640617,True,True,True
2014,Healthcare,55-59,428,765200.3400000001,317.9528860502348,66000.0,False,False,428.0,765200.3400000001,66000.0,66000.0,0.49977230799453126,0.5066251930834218,True,True,True
2014,Healthcare,60-64,270,500095.87,204.11629715119736,68000.0,False,False,270.0,500095.87,68000.0,68000.0,0.4961182142935914,0.5133471508173022,True,True,True
2014,Other,25-29,5435,9617470.65,3859.977495539064,34000.0,False,False,5435.0,9617470.65,34000.0,34000.0,0.497216532706549,0.5107769577648776,True,True,True
2014,Other,30-34,6341,9851648.05,4572.589279533788,40000.0,False,False,6341.0,9851648.049999999,40000.0,40000.0,0.487504471904069,0.531494190964323,True,True,True
2014,Other,35-39,6492,9471781.489999998,4752.398432988978,41000.0,False,False,6492.0,9471781.489999998,41000.0,42000.0,0.4982411339389968,0.5035489622554628,True,True,True
2014,Other,40-44,6586,9669926.89,4830.887699597225,45000.0,False,False,6586.0,9669926.89,45000.0,45000.0,0.49343790540281945,0.5196603911449014,True,True,True
2014,Other,45-49,6435,9923504.95,4697.698384196303,46000.0,False,False,6435.0,9923504.95,46000.0,46000.0,0.49874437962566853,0.5071902453175076,True,True,True
2014,Other,50-54,6318,10193684.78,4605.106443469329,46000.0,False,False,6318.0,10193684.780000001,46000.0,45000.0,0.4945315554479996,0.5000270334041073,True,True,True
2014,Other,55-59,5214,9011020.87,3791.190349293409,46000.0,False,False,5214.0,9011020.870000001,46000.0,45000.0,0.49944537527189187,0.5019257390755549,True,True,True
2014,Other,60-64,3276,5827220.140000001,2404.959536226314,45000.0,False,False,3276.0,5827220.140000001,45000.0,45000.0,0.4744316404013526,0.5010457198893467,True,True,True
2014,Tech,25-29,213,421828.4499999999,161.007932322234,60000.0,False,False,213.0,421828.44999999995,60000.0,60000.0,0.4695104846531807,0.5149646971416935,True,True,True
2014,Tech,30-34,344,625455.9,262.4205895304582,75000.0,False,False,344.0,625455.9,75000.0,75000.0,0.47124324832494185,0.5086886221714433,True,True,True
2014,Tech,35-39,376,604752.64,287.5678155994171,85000.0,False,False,376.0,604752.64,85000.0,82000.0,0.4957446899281002,0.5142845015112295,True,True,True
2014,Tech,40-44,383,610847.12,306.8812947564308,90000.0,False,False,383.0,610847.12,90000.0,90000.0,0.45666118553526125,0.5042914338369967,True,True,True
2014,Tech,45-49,356,546444.66,273.1003597878508,90000.0,False,False,356.0,546444.66,90000.0,90000.0,0.47677627593615785,0.5019523660456304,True,True,True
2014,Tech,50-54,311,501011.8499999999,234.57818134471532,90000.0,False,False,311.0,501011.8499999999,90000.0,92000.0,0.4897602920968836,0.5157875008345612,True,True,True
2014,Tech,55-59,186,330306.52999999997,144.381541235968,90000.0,False,False,186.0,330306.52999999997,90000.0,90000.0,0.49057395262515696,0.5111251357943182,True,True,True
2014,Tech,60-64,113,235439.13,90.91212047650544,87000.0,False,False,113.0,235439.12999999998,87000.0,90000.0,0.4987318802953444,0.5098942558953561,True,True,True
2015,Finance,25-29,243,541338.16,184.5279717277647,50000.0,False,False,243.0,541338.16,50000.0,50000.0,0.4093156299936439,0.5359450920659279,True,True,True
2015,Finance,30-34,323,555781.9199999999,237.4796924205422,51000.0,False,False,323.0,555781.9199999999,51000.0,52000.0,0.49322516644658043,0.5011192879394135,True,True,True
2015,Finance,35-39,369,594895.19,280.0761850583556,70000.0,False,False,369.0,594895.19,70000.0,67000.0,0.4909518935596032,0.5320430309749185,True,True,True
2015,Finance,40-44,315,536707.8600000001,246.53143586183668,72000.0,False,False,315.0,536707.8600000001,72000.0,72000.0,0.48539399068983247,0.5031615709894764,True,True,True
2015,Finance,45-49,335,563820.47,246.5040157914559,65000.0,False,False,335.0,563820.47,65000.0,65000.0,0.4829820031188296,0.5074607347973726,True,True,True
2015,Finance,50-54,275,490895.42,200.0670147454503,75000.0,False,False,275.0,490895.42000000004,75000.0,74000.0,0.4991697620645961,0.5228682109113993,True,True,True
2015,Finance,55-59,227,440307.79,163.54126642344252,72000.0,False,False,227.0,440307.79000000004,72000.0,69500.0,0.4975035531394981,0.5045183733860352,True,True,True
2015,Finance,60-64,144,304150.95999999996,109.80910290307196,70000.0,False,False,144.0,304150.95999999996,70000.0,71000.0,0.4589030394643503,0.5073196875656747,True,True,True
2015,Healthcare,25-29,400,861166.1599999999,301.96735121662476,50000.0,False,False,400.0,861166.1599999999,50000.0,50000.0,0.4266585788740236,0.5019918687933581,True,True,True
2015,Healthcare,30-34,531,861624.3499999999,380.5211123469228,57000.0,False,False,531.0,861624.3499999999,57000.0,56000.0,0.4967629222642096,0.5020654882838445,True,True,True
2015,Healthcare,35-39,539,829557.1699999999,395.9254048664864,60000.0,False,False,539.0,829557.1699999999,60000.0,60000.0,0.4626544907085789,0.5056650043781793,True,True,True
2015,Healthcare,40-44,522,802139.78,389.6026790284441,62000.0,False,False,522.0,802139.78,62000.0,61700.0,0.4990639785998395,0.5076890090153614,True,True,True
2015,Healthcare,45-49,481,778717.97,360.61761323562,60000.0,False,False,481.0,778717.97,60000.0,60000.0,0.438291054205414,0.5044271933264877,True,True,True
2015,Healthcare,50-54,430,771929.96,319.4666993795708,60000.0,False,False,430.0,771929.96,60000.0,60000.0,0.4869224793399651,0.5224045456144751,True,True,True
2015,Healthcare,55-59,369,736798.47,274.72411530107246,72662.0,False,False,369.0,736798.47,72662.0,70000.0,0.4989548498926715,0.5017339273247948,True,True,True
2015,Healthcare,60-64,290,577208.2699999999,223.64582855821104,73300.0,False,False,290.0,577208.2699999999,73300.0,70500.0,0.4950830139699835,0.5015696154180189,True,True,True
2015,Other,25-29,5123,10111958.13,3642.4398916949367,35000.0,False,False,5123.0,10111958.13,35000.0,35000.0,0.4706893935685233,0.5145207133091639,True,True,True
2015,Other,30-34,5891,10088673.77,4190.556332616942,40000.0,False,False,5891.0,10088673.77,40000.0,40000.0,0.4717767368148331,0.515266365878337,True,True,True
2015,Other,35-39,6242,9634483.82,4504.4232400202445,45000.0,False,False,6242.0,9634483.82,45000.0,45000.0,0.4781055514814285,0.5145679885526031,True,True,True
2015,Other,40-44,6023,9402793.42,4474.5152289855505,46000.0,False,False,6023.0,9402793.42,46000.0,46000.0,0.49921718156815575,0.5052461101501047,True,True,True
2015,Other,45-49,6110,10089558.19,4462.520408230418,48000.0,False,False,6110.0,10089558.19,48000.0,47000.0,0.4978451261600782,0.5102757289315956,True,True,True
2015,Other,50-54,5835,10263812.95,4301.395057022199,48000.0,False,False,5835.0,10263812.950000001,48000.0,48000.0,0.4923407952402328,0.5018237710577139,True,True,True
2015,Other,55-59,4881,9455434.65,3620.9727622677674,49000.0,False,False,4881.0,9455434.65,49000.0,47000.0,0.4981845398296946,0.5015716458893827,True,True,True
2015,Other,60-64,3052,5951439.46,2245.0116378048415,49000.0,False,False,3052.0,5951439.46,49000.0,46000.0,0.49971882600650697,0.5060309426385393,True,True,True
2015,Tech,25-29,240,573098.19,187.44458314567737,68659.0,False,False,240.0,573098.19,68659.0,67000.0,0.4970563072272136,0.5008235325259011,True,True,True
2015,Tech,30-34,345,642805.66,252.4544230848089,80000.0,False,False,345.0,642805.66,80000.0,76147.0,0.49878983641805524,0.5331251750334619,True,True,True
2015,Tech,35-39,394,690953.24,319.2118437090666,85000.0,False,False,394.0,690953.24,85000.0,84500.0,0.4811347291750162,0.5014485640157068,True,True,True
2015,Tech,40-44,356,609831.51,287.81070860776055,90000.0,False,False,356.0,609831.51,90000.0,90000.0,0.4916657717473471,0.5192842527930378,True,True,True
2015,Tech,45-49,300,517921.0,235.32575380888613,100000.0,False,False,300.0,517921.0,100000.0,93000.0,0.49436381224163534,0.5766417272132236,True,True,True
2015,Tech,50-54,284,535933.99,215.02269091912535,92000.0,False,False,284.0,535933.99,92000.0,90000.0,0.4927058274471451,0.5015369336809558,True,True,True
2015,Tech,55-59,192,391259.77,147.6726567530118,90000.0,False,False,192.0,391259.77,90000.0,85000.0,0.48227848725668876,0.5081876166312729,True,True,True
2015,Tech,60-64,104,238694.43,83.87360446705466,87000.0,False,False,104.0,238694.43,87000.0,89000.0,0.49302415644973363,0.5083628051144721,True,True,True
2016,Finance,25-29,238,522544.3000000001,172.43789137950694,55000.0,False,False,238.0,522544.30000000005,55000.0,55000.0,0.44804721819757665,0.5209349140350396,True,True,True
2016,Finance,30-34,326,577995.6699999999,238.3641570488625,60000.0,False,False,326.0,577995.6699999999,60000.0,60000.0,0.4857706286969243,0.5274655258230568,True,True,True
2016,Finance,35-39,349,543744.31,258.0597092193287,70000.0,False,False,349.0,543744.31,70000.0,70000.0,0.4791037905297804,0.5086750792849677,True,True,True
2016,Finance,40-44,303,483115.1,236.57572797821732,79000.0,False,False,303.0,483115.1,79000.0,80000.0,0.49899084089899076,0.5024624359702274,True,True,True
2016,Finance,45-49,320,537725.3,233.6785631059553,70000.0,False,False,320.0,537725.3,70000.0,72000.0,0.47422025707177995,0.5009675386298541,True,True,True
2016,Finance,50-54,284,518250.2599999999,219.86598137044444,67762.0,False,False,284.0,518250.25999999995,67762.0,67881.0,0.4962985257354237,0.5004751951306305,True,True,True
2016,Finance,55-59,199,370888.75,139.61157709513046,72000.0,False,False,199.0,370888.75,72000.0,70000.0,0.49795093542201,0.503305640842436,True,True,True
2016,Finance,60-64,163,341030.95,120.58853970248175,74000.0,False,False,163.0,341030.95,74000.0,70000.0,0.4992635125932117,0.5123443488047051,True,True,True
2016,Healthcare,25-29,446,982701.53,333.76955343470604,50000.0,False,False,446.0,982701.53,50000.0,50000.0,0.42544226017435827,0.5175248989385414,True,True,True
2016,Healthcare,30-34,572,984015.95,408.4192495812513,60000.0,False,False,572.0,984015.95,60000.0,60000.0,0.49488336037642483,0.534244663412214,True,True,True
2016,Healthcare,35-39,564,906914.87,421.7765360958581,60000.0,False,False,564.0,906914.87,60000.0,60000.0,0.48632198521565756,0.5292199145439087,True,True,True
2016,Healthcare,40-44,499,746442.15,364.69437585177025,63000.0,False,False,499.0,746442.15,63000.0,63000.0,0.4984460483642302,0.5088841914942772,True,True,True
2016,Healthcare,45-49,542,841791.1599999999,406.09476925866466,70000.0,False,False,542.0,841791.1599999999,70000.0,66000.0,0.49894629447047173,0.5439374891986274,True,True,True
2016,Healthcare,50-54,460,832376.3500000001,347.62964273208235,70000.0,False,False,460.0,832376.3500000001,70000.0,70000.0,0.4787287625363214,0.5050046172023027,True,True,True
2016,Healthcare,55-59,364,710492.8200000001,270.87777290133204,70000.0,False,False,364.0,710492.8200000001,70000.0,70250.0,0.47514319708396197,0.505748896941703,True,True,True
2016,Healthcare,60-64,274,536614.3300000001,204.0625540018256,78000.0,False,False,274.0,536614.3300000001,78000.0,75000.0,0.49308411126478857,0.5118288026337277,True,True,True
2016,Other,25-29,5339,10736528.87,3792.5828644356334,36000.0,False,False,5339.0,10736528.87,36000.0,35000.0,0.48771845569488975,0.5076519037013497,True,True,True
2016,Other,30-34,6055,10528688.23,4310.855523974744,40274.0,False,False,6055.0,10528688.23,40274.0,40000.0,0.49996211256414047,0.5001247947485287,True,True,True
2016,Other,35-39,6549,10121099.0,4759.631223213769,47000.0,False,False,6549.0,10121099.0,47000.0,47000.0,0.4939310760619969,0.5029665078861495,True,True,True
2016,Other,40-44,5990,9379925.15,4436.613312224289,50000.0,False,False,5990.0,9379925.15,50000.0,50000.0,0.4913847217640111,0.5285709822535204,True,True,True
2016,Other,45-49,6125,10207751.75,4426.60189520591,49243.0,False,False,6125.0,10207751.75,49243.0,49750.0,0.4999605353842976,0.5000600891376497,True,True,True
2016,Other,50-54,5810,10200216.91,4279.361115177614,50000.0,False,False,5810.0,10200216.91,50000.0,50000.0,0.49718285549674646,0.5396363203417407,True,True,True
2016,Other,55-59,4955,9485104.99,3655.8350509633224,49000.0,False,False,4955.0,9485104.99,49000.0,48000.0,0.4963354148386711,0.5000296744211367,True,True,True
2016,Other,60-64,3219,6187220.76,2379.3611623453103,50000.0,False,False,3219.0,6187220.76,50000.0,48000.0,0.4897939717282691,0.5417673960610386,True,True,True
2016,Tech,25-29,259,587730.5800000001,194.62112516975373,61000.0,False,False,259.0,587730.5800000001,61000.0,60000.0,0.49399068192095763,0.509041898075135,True,True,True
2016,Tech,30-34,337,600114.01,249.5301580095064,75000.0,False,False,337.0,600114.01,75000.0,74000.0,0.4927350887875455,0.5393945893714429,True,True,True
2016,Tech,35-39,430,719720.1799999999,331.2312259619393,90000.0,False,False,430.0,719720.1799999999,90000.0,90000.0,0.4696543592816864,0.5053673498497708,True,True,True
2016,Tech,40-44,369,633221.19,292.99752691073377,95000.0,False,False,369.0,633221.19,95000.0,99000.0,0.49301159678500345,0.5005466257375247,True,True,True
2016,Tech,45-49,287,497461.35,225.52762519004136,92000.0,False,False,287.0,497461.35000000003,92000.0,95000.0,0.4933349696413601,0.5012003445091764,True,True,True
2016,Tech,50-54,268,500327.81000000006,205.20720413082705,88000.0,False,False,268.0,500327.81000000006,88000.0,87000.0,0.4992481829063229,0.5028975503080669,True,True,True
2016,Tech,55-59,189,399995.9,149.61487931441738,89000.0,False,False,189.0,399995.89999999997,89000.0,86000.0,0.49743307368900536,0.5051521278093102,True,True,True
2016,Tech,60-64,118,261970.26,90.91532856089492,90000.0,False,False,118.0,261970.25999999998,90000.0,85000.0,0.4961676565881945,0.5376895453705317,True,True,True
2017,Finance,25-29,242,582930.4299999999,184.3054942295388,50000.0,False,False,242.0,582930.4299999999,50000.0,50000.0,0.39523793602608803,0.5064964270264638,True,True,True
2017,Finance,30-34,337,610378.9500000001,238.1127270439432,60000.0,False,False,337.0,610378.9500000001,60000.0,57000.0,0.48205581139388887,0.5447547134448197,True,True,True
2017,Finance,35-39,337,576674.52,243.05242282984412,70000.0,False,False,337.0,576674.52,70000.0,70000.0,0.4622738837152021,0.5017992298324537,True,True,True
2017,Finance,40-44,313,500354.7899999999,237.09214078851596,75000.0,False,False,313.0,500354.7899999999,75000.0,75000.0,0.4839731223518417,0.5042454974798983,True,True,True
2017,Finance,45-49,305,554251.51,226.21797765275045,75021.0,False,False,305.0,554251.51,75021.0,75021.0,0.49315714087995904,0.5032543258204204,True,True,True
2017,Finance,50-54,235,456059.1,179.8434664900513,80000.0,False,False,235.0,456059.10000000003,80000.0,80000.0,0.4711552515891032,0.5063533870939095,True,True,True
2017,Finance,55-59,211,435484.45000000007,151.62552828322634,76000.0,False,False,211.0,435484.45000000007,76000.0,70000.0,0.4948263939160169,0.5022777736380712,True,True,True
2017,Finance,60-64,149,322785.08999999997,111.11265300187324,65000.0,False,False,149.0,322785.08999999997,65000.0,66000.0,0.4889326517529047,0.5069122616537214,True,True,True
2017,Healthcare,25-29,406,917244.59,302.41737376801615,48000.0,False,False,406.0,917244.59,48000.0,48000.0,0.4982288421019741,0.5079865338862343,True,True,True
2017,Healthcare,30-34,536,984070.98,384.694056695411,60000.0,False,False,536.0,984070.98,60000.0,60000.0,0.49378126159151653,0.5508237119237069,True,True,True
2017,Healthcare,35-39,545,905594.94,399.94469807920143,65000.0,False,False,545.0,905594.94,65000.0,65000.0,0.4867145679943839,0.5173005273196425,True,True,True
2017,Healthcare,40-44,519,850353.06,389.0752090087863,67500.0,False,False,519.0,850353.06,67500.0,67500.0,0.49556934621955734,0.5011959385434562,True,True,True
2017,Healthcare,45-49,493,814448.64,367.17035072022406,70000.0,False,False,493.0,814448.64,70000.0,70000.0,0.48438228099932734,0.5053119248870008,True,True,True
2017,Healthcare,50-54,405,760080.1,305.81897472693316,70000.0,False,False,405.0,760080.1,70000.0,71000.0,0.48379731294109674,0.5064395976160934,True,True,True
2017,Healthcare,55-59,318,679382.95,242.5504840409634,68000.0,False,False,318.0,679382.95,68000.0,70000.0,0.48395942229636474,0.50927848572002,True,True,True
2017,Healthcare,60-64,262,552492.3400000001,198.5055486300415,75000.0,False,False,262.0,552492.3400000001,75000.0,75000.0,0.49105694388450694,0.5210226625042439,True,True,True
2017,Other,25-29,5175,10990248.75,3661.4891594388,37000.0,False,False,5175.0,10990248.75,37000.0,36000.0,0.49920776087984364,0.5065882143932365,True,True,True
2017,Other,30-34,5790,10503764.07,4128.0277714246995,42800.0,False,False,5790.0,10503764.07,42800.0,42000.0,0.4998069820507688,0.5000787398683451,True,True,True
2017,Other,35-39,6392,10667638.11,4673.712538811119,48000.0,False,False,6392.0,10667638.11,48000.0,47904.0,0.49843507392846875,0.5086112805902074,True,True,True
2017,Other,40-44,5908,9596423.0,4310.149921452928,50000.0,False,False,5908.0,9596423.0,50000.0,50000.0,0.4895077520030119,0.5272152384279016,True,True,True
2017,Other,45-49,6043,10299098.38,4447.120015142021,50000.0,False,False,6043.0,10299098.379999999,50000.0,50000.0,0.47697746528371354,0.5172837576098579,True,True,True
2017,Other,50-54,5589,10223311.21,4119.433338815698,50000.0,False,False,5589.0,10223311.21,50000.0,50000.0,0.4867353979337581,0.5280548453537686,True,True,True
2017,Other,55-59,4683,9217294.49,3411.979878369381,50000.0,False,False,4683.0,9217294.49,50000.0,48000.0,0.49692243911369266,0.5416168644081154,True,True,True
2017,Other,60-64,3311,6582446.49,2489.230367563782,50000.0,False,False,3311.0,6582446.49,50000.0,48000.0,0.4920508073890928,0.5316563568449153,True,True,True
2017,Tech,25-29,256,645503.8300000001,194.13267382990583,75000.0,False,False,256.0,645503.8300000001,75000.0,70000.0,0.4999942602974175,0.5303377983055498,True,True,True
2017,Tech,30-34,323,647043.74,241.35251343390595,80000.0,False,False,323.0,647043.74,80000.0,77000.0,0.483087557573774,0.5189233111195851,True,True,True
2017,Tech,35-39,394,691447.71,300.34191176907194,90000.0,False,False,394.0,691447.71,90000.0,90000.0,0.4866355693042935,0.526731732179719,True,True,True
2017,Tech,40-44,390,680716.24,302.57925268537684,91000.0,False,False,390.0,680716.24,91000.0,90000.0,0.49524427388422526,0.5008878883218653,True,True,True
2017,Tech,45-49,306,558643.97,237.86633274206673,98000.0,False,False,306.0,558643.97,98000.0,97000.0,0.4965803891161665,0.5093719350447835,True,True,True
2017,Tech,50-54,250,474352.69,199.3935332812488,99000.0,False,False,250.0,474352.69,99000.0,98500.0,0.49855671736572216,0.5083926687545506,True,True,True
2017,Tech,55-59,194,379355.3,146.55281457708247,100000.0,False,False,194.0,379355.3,100000.0,100000.0,0.48694532539811625,0.5564430495632987,True,True,True
2017,Tech,60-64,127,273181.88999999996,97.84328954103847,100000.0,False,False,127.0,273181.88999999996,100000.0,100000.0,0.4741256823429987,0.5749492032579466,True,True,True
2018,Finance,25-29,263,651843.47,200.2349304865313,60000.0,False,False,263.0,651843.47,60000.0,57000.0,0.4598178301916563,0.5113422091963276,True,True,True
2018,Finance,30-34,323,611377.6799999999,249.10121861523336,64000.0,False,False,323.0,611377.6799999999,64000.0,60000.0,0.49448255945490194,0.5115365186377102,True,True,True
2018,Finance,35-39,345,586439.6199999999,266.30938616659506,75000.0,False,False,345.0,586439.6199999999,75000.0,75000.0,0.49773434475658396,0.5416250525501672,True,True,True
2018,Finance,40-44,342,565814.1699999999,257.5749386662276,73540.0,False,False,342.0,565814.1699999999,73540.0,75000.0,0.49967133202054664,0.5079464164002823,True,True,True
2018,Finance,45-49,312,524581.1799999999,223.07886668621745,75000.0,False,False,312.0,524581.1799999999,75000.0,75000.0,0.4679983944525041,0.5138069383274483,True,True,True
2018,Finance,50-54,238,456761.61,180.19026284578229,74000.0,False,False,238.0,456761.61,74000.0,74000.0,0.4942529430176937,0.5060413461630455,True,True,True
2018,Finance,55-59,221,499255.09,176.7308454712239,76000.0,False,False,221.0,499255.08999999997,76000.0,75000.0,0.4992120761352679,0.5044819873544004,True,True,True
2018,Finance,60-64,133,289474.58,103.50502118703398,70000.0,False,False,133.0,289474.58,70000.0,70000.0,0.49039470063312646,0.530629356125156,True,True,True
2018,Healthcare,25-29,411,916789.41,303.23930598766196,52000.0,False,False,411.0,916789.4099999999,52000.0,50000.0,0.49194434957532945,0.5187326716612052,True,True,True
2018,Healthcare,30-34,544,1001221.49,393.3530357264178,60000.0,False,False,544.0,1001221.49,60000.0,60000.0,0.456377069972799,0.524940540379332,True,True,True
2018,Healthcare,35-39,600,988780.17,451.21375824748515,65000.0,False,False,600.0,988780.17,65000.0,63000.0,0.49306838344057813,0.5170740428582826,True,True,True
2018,Healthcare,40-44,560,897544.05,411.6703325857411,72000.0,False,False,560.0,897544.05,72000.0,74000.0,0.498744880543746,0.5034945861431536,True,True,True
2018,Healthcare,45-49,507,852488.3999999999,376.8364338187098,74000.0,False,False,507.0,852488.3999999999,74000.0,71500.0,0.4996509629925757,0.5016956477061741,True,True,True
2018,Healthcare,50-54,416,807601.31,314.5352057626962,75000.0,False,False,416.0,807601.31,75000.0,75000.0,0.4665517320669031,0.5014629186275094,True,True,True
2018,Healthcare,55-59,327,645665.3500000001,245.0220732021982,75000.0,False,False,327.0,645665.3500000001,75000.0,70000.0,0.48575795495297985,0.5069279155215622,True,True,True
2018,Healthcare,60-64,277,583746.6900000001,211.50675261569967,75000.0,False,False,277.0,583746.6900000001,75000.0,72000.0,0.4801066880567664,0.5060986470004653,True,True,True
2018,Other,25-29,5281,11374658.669999998,3741.5348844192536,39400.0,False,False,5281.0,11374658.669999998,39400.0,38000.0,0.49987692246065446,0.5003499186318882,True,True,True
2018,Other,30-34,5988,10973359.75,4315.97932329987,45000.0,False,False,5988.0,10973359.75,45000.0,45000.0,0.49882040001468103,0.5299667260065908,True,True,True
2018,Other,35-39,6353,10490427.98,4572.880372998337,50000.0,False,False,6353.0,10490427.98,50000.0,50000.0,0.48858227421909245,0.5311144312341011,True,True,True
2018,Other,40-44,6074,9819104.35,4437.188777772288,50000.0,False,False,6074.0,9819104.35,50000.0,50000.0,0.4705579648921849,0.5140198270731282,True,True,True
2018,Other,45-49,5944,10310736.33,4357.253207541105,50002.0,False,False,5944.0,10310736.33,50002.0,50000.0,0.49976123189254323,0.500247686966116,True,True,True
2018,Other,50-54,5383,10054009.62,4030.473258782294,52000.0,False,False,5383.0,10054009.62,52000.0,51000.0,0.4950225699107696,0.508570372742492,True,True,True
2018,Other,55-59,4952,9451313.13,3692.645314025502,51000.0,False,False,4952.0,9451313.129999999,51000.0,50000.0,0.49990189987494366,0.5031893129119086,True,True,True
2018,Other,60-64,3561,6911841.129999999,2666.4083938840754,51000.0,False,False,3561.0,6911841.129999999,51000.0,50000.0,0.4982508792125551,0.5020289825440477,True,True,True
2018,Tech,25-29,256,596789.3799999999,197.2155126398368,64000.0,False,False,256.0,596789.3799999999,64000.0,67250.0,0.49985557718872287,0.5015341760940853,True,True,True
2018,Tech,30-34,365,708078.99,272.08535198210313,83000.0,False,False,365.0,708078.99,83000.0,81000.0,0.49506740766309143,0.5016489615092237,True,True,True
2018,Tech,35-39,410,754132.21,322.8679351616004,96000.0,False,False,410.0,754132.21,96000.0,95000.0,0.4988635480773326,0.5005463166730406,True,True,True
2018,Tech,40-44,359,634505.1799999999,291.88600282398215,100000.0,False,False,359.0,634505.1799999999,100000.0,98000.0,0.4803116343352784,0.5670411232891748,True,True,True
2018,Tech,45-49,318,588065.28,246.0111465858738,100000.0,False,False,318.0,588065.28,100000.0,100000.0,0.478670446247056,0.5413686215244674,True,True,True
2018,Tech,50-54,254,494598.76,199.0953714966428,100000.0,False,False,254.0,494598.76,100000.0,95495.0,0.481147000853783,0.5650311173444914,True,True,True
2018,Tech,55-59,190,373926.75,139.24493264285664,100000.0,False,False,190.0,373926.75,100000.0,100000.0,0.4748289069984964,0.5235803001523694,True,True,True
2018,Tech,60-64,142,310227.18,112.42825938179676,93000.0,False,False,142.0,310227.18,93000.0,92500.0,0.4945550870171981,0.5030068609720141,True,True,True
2019,Finance,25-29,206,587327.1810999999,145.1416239803928,58000.0,False,False,206.0,587327.1810999999,58000.0,56750.0,0.4890567447636896,0.5167087181826329,True,True,True
2019,Finance,30-34,301,716302.6429,222.03726532856444,69000.0,False,False,301.0,716302.6429,69000.0,65977.0,0.49631656063794766,0.5005100925616032,True,True,True
2019,Finance,35-39,301,596750.1438,217.2617621497012,80000.0,False,False,301.0,596750.1438,80000.0,80000.0,0.49145520574569157,0.5346993325684725,True,True,True
2019,Finance,40-44,274,548078.8783,203.2070344921289,75000.0,False,False,274.0,548078.8783,75000.0,78000.0,0.46166828720865155,0.504847655794073,True,True,True
2019,Finance,45-49,287,570586.1732000001,209.1247858798565,75000.0,False,False,287.0,570586.1732000001,75000.0,78000.0,0.4921322997106233,0.5027328715157166,True,True,True
2019,Finance,50-54,241,512572.6577,177.3984371572673,77000.0,False,False,241.0,512572.65770000004,77000.0,77000.0,0.4966392150963927,0.5082247780615473,True,True,True
2019,Finance,55-59,197,471392.5606,152.24125869824442,90000.0,False,False,197.0,471392.5606,90000.0,90000.0,0.48439615574196226,0.5196783167052806,True,True,True
2019,Finance,60-64,142,362317.5366,107.67204924334122,91000.0,False,False,142.0,362317.5366,91000.0,82000.0,0.4991054896126714,0.503611662610316,True,True,True
2019,Healthcare,25-29,378,1004871.5577,275.9432672588942,55000.0,False,False,378.0,1004871.5576999999,55000.0,55000.0,0.4629554796682649,0.5047141756712099,True,True,True
2019,Healthcare,30-34,564,1174810.0398,408.70307515712017,65000.0,False,False,564.0,1174810.0398,65000.0,63500.0,0.49613960636498133,0.5157766801202648,True,True,True
2019,Healthcare,35-39,605,1124580.4794,426.1597810084193,70000.0,False,False,605.0,1124580.4794,70000.0,70000.0,0.4810579364570108,0.5159065514008778,True,True,True
2019,Healthcare,40-44,499,918007.1599,360.717701253895,70000.0,False,False,499.0,918007.1599000001,70000.0,72000.0,0.4928690229924643,0.519258790804993,True,True,True
2019,Healthcare,45-49,444,838835.4979000001,325.9633188416579,72000.0,False,False,444.0,838835.4979000001,72000.0,72500.0,0.4987011276314275,0.5119456845532716,True,True,True
2019,Healthcare,50-54,404,859468.1991,303.1411061486956,75000.0,False,False,404.0,859468.1991,75000.0,75191.0,0.47312940574859724,0.5042256934623097,True,True,True
2019,Healthcare,55-59,330,757704.3732,248.6413499807534,69000.0,False,False,330.0,757704.3732,69000.0,68000.0,0.4991965173733538,0.5017739547870409,True,True,True
2019,Healthcare,60-64,281,625073.1845,211.80807984745047,70000.0,False,False,281.0,625073.1845,70000.0,70300.0,0.4874987864720984,0.5080958453753667,True,True,True
2019,Other,25-29,4333,10794153.6662,3101.914988115462,40000.0,False,False,4333.0,10794153.666199999,40000.0,40000.0,0.4756086482329387,0.523906470352376,True,True,True
2019,Other,30-34,5025,10799568.3317,3536.4839531748207,46000.0,False,False,5025.0,10799568.3317,46000.0,46000.0,0.49789408761059056,0.503487163606295,True,True,True
2019,Other,35-39,5470,10794414.3226,3832.660852446601,51000.0,False,False,5470.0,10794414.3226,51000.0,52000.0,0.49657020634991866,0.5012438629923524,True,True,True
2019,Other,40-44,5022,9689271.0766,3642.707647023003,52000.0,False,False,5022.0,9689271.0766,52000.0,54000.0,0.49272257822672627,0.5020505900643014,True,True,True
2019,Other,45-49,4888,9994630.4613,3426.875673730265,55000.0,False,False,4888.0,9994630.461299999,55000.0,55000.0,0.4962845101283345,0.5164616337529502,True,True,True
2019,Other,50-54,4808,10208503.5751,3470.150124263059,55000.0,False,False,4808.0,10208503.575100001,55000.0,55000.0,0.4936560809844878,0.5128092133081041,True,True,True
2019,Other,55-59,4414,9446347.9519,3245.676020026948,55000.0,False,False,4414.0,9446347.9519,55000.0,52000.0,0.4954827776970235,0.5127079897079013,True,True,True
2019,Other,60-64,3164,6859670.5978,2361.7234719979024,51134.0,False,False,3164.0,6859670.5978,51134.0,50000.0,0.49993575155049846,0.5003479352930978,True,True,True
2019,Tech,25-29,239,623476.1006,179.566854590755,72000.0,False,False,239.0,623476.1006,72000.0,74000.0,0.48883228965264364,0.5031116586475938,True,True,True
2019,Tech,30-34,347,833978.9081000001,256.77123306529245,84000.0,False,False,347.0,833978.9081000001,84000.0,82500.0,0.4959854324642001,0.5085171125804397,True,True,True
2019,Tech,35-39,419,911149.8098,314.1039977431603,90000.0,False,False,419.0,911149.8098,90000.0,90000.0,0.47778339502211675,0.5039066166306738,True,True,True
2019,Tech,40-44,358,710224.1595000001,273.4774990870982,100000.0,False,False,358.0,710224.1595000001,100000.0,100000.0,0.45258256509647776,0.5127345816514707,True,True,True
2019,Tech,45-49,295,616668.1173,226.37124038270173,100000.0,False,False,295.0,616668.1173,100000.0,100000.0,0.48460573624016023,0.5280251003176032,True,True,True
2019,Tech,50-54,277,599788.2092,211.5692983000307,100000.0,False,False,277.0,599788.2092,100000.0,100000.0,0.4589860270297558,0.5401035914528611,True,True,True
2019,Tech,55-59,212,484601.0692,163.9270405844905,100000.0,False,False,212.0,484601.06919999997,100000.0,95000.0,0.49642691192807625,0.5488044323530766,True,True,True
2019,Tech,60-64,136,351569.3846,105.1529732689825,101000.0,False,False,136.0,351569.3846,101000.0,100000.0,0.4876915434348091,0.5106984227431502,True,True,True
2020,Finance,25-29,210,567735.7149,162.56377744971422,60000.0,False,False,210.0,567735.7149,60000.0,60000.0,0.45519698870013786,0.5158662335547916,True,True,True
2020,Finance,30-34,268,576635.0635,196.53787998499587,68000.0,False,False,268.0,576635.0635,68000.0,65000.0,0.49747527623248666,0.5019362697842601,True,True,True
2020,Finance,35-39,272,542750.9259,200.00457977308463,79900.0,False,False,272.0,542750.9259,79900.0,77500.0,0.4997470767096852,0.5034739228622659,True,True,True
2020,Finance,40-44,259,506279.9316,202.9020607837574,80000.0,False,False,259.0,506279.9316,80000.0,80000.0,0.4769291025162965,0.5064705807904474,True,True,True
2020,Finance,45-49,252,507607.126,183.9649556695447,90000.0,False,False,252.0,507607.126,90000.0,89500.0,0.48600905752453916,0.519375909234182,True,True,True
2020,Finance,50-54,264,541757.0841,202.3550354864201,89000.0,False,False,264.0,541757.0841,89000.0,85000.0,0.497714356883663,0.5044062236010548,True,True,True
2020,Finance,55-59,209,504240.3561,161.4076281934342,78000.0,False,False,209.0,504240.3561,78000.0,75000.0,0.4980160103452696,0.5070820338094713,True,True,True
2020,Finance,60-64,143,320594.2377,107.19450865966452,75000.0,False,False,143.0,320594.2377,75000.0,70000.0,0.4826774380293237,0.5084922507326776,True,True,True
2020,Healthcare,25-29,366,862792.7212,267.27798465159276,58000.0,False,False,366.0,862792.7212,58000.0,56080.0,0.49231399647092894,0.5066694868403578,True,True,True
2020,Healthcare,30-34,531,1061868.7344,373.67017657117776,67000.0,False,False,531.0,1061868.7344,67000.0,67000.0,0.49760697173042223,0.5048677652261045,True,True,True
2020,Healthcare,35-39,566,1006752.2115,401.1265662031632,72000.0,False,False,566.0,1006752.2115,72000.0,72000.0,0.48335094578533233,0.5102546735254925,True,True,True
2020,Healthcare,40-44,523,934328.6046,390.8222518074456,80000.0,False,False,523.0,934328.6046,80000.0,80000.0,0.47771798091431356,0.5152806159735548,True,True,True
2020,Healthcare,45-49,454,812117.1302,333.9343112202427,79060.0,False,False,454.0,812117.1302,79060.0,80000.0,0.4994761159638448,0.5022309065190557,True,True,True
2020,Healthcare,50-54,410,826412.3362,306.89925959004387,75000.0,False,False,410.0,826412.3362,75000.0,75000.0,0.4876409531264207,0.5235374044504735,True,True,True
2020,Healthcare,55-59,309,695635.5575,223.75001643847537,75000.0,False,False,309.0,695635.5575,75000.0,75000.0,0.4302932791068547,0.5159462448841253,True,True,True
2020,Healthcare,60-64,246,560123.3621,188.17481992479,76000.0,False,False,246.0,560123.3621,76000.0,80000.0,0.4946023227121525,0.5012352688654262,True,True,True
2020,Other,25-29,4055,9430498.3137,2895.446218338143,42000.0,False,False,4055.0,9430498.3137,42000.0,42000.0,0.4805393612781427,0.5005498755185043,True,True,True
2020,Other,30-34,4800,9784894.445,3425.6245344088065,50000.0,False,False,4800.0,9784894.445,50000.0,50000.0,0.4625608374562287,0.5220980926790161,True,True,True
2020,Other,35-39,5108,9447923.2617,3604.692032999837,54000.0,False,False,5108.0,9447923.2617,54000.0,54000.0,0.49495349892994145,0.5002602021292833,True,True,True
2020,Other,40-44,4977,9082481.0585,3659.163562546872,57000.0,False,False,4977.0,9082481.0585,57000.0,58000.0,0.49801544238475115,0.5007534519374083,True,True,True
2020,Other,45-49,4598,8939935.1315,3366.2436695820475,56000.0,False,False,4598.0,8939935.1315,56000.0,58000.0,0.49868808897631994,0.5048644560290789,True,True,True
2020,Other,50-54,4370,8934870.6089,3204.812734683129,60000.0,False,False,4370.0,8934870.6089,60000.0,59000.0,0.4942296163081933,0.5385502616128434,True,True,True
2020,Other,55-59,3889,8507274.26,2858.7626584471323,57000.0,False,False,3889.0,8507274.26,57000.0,55000.0,0.4997518349196844,0.5056934211499138,True,True,True
2020,Other,60-64,2987,6414354.6452,2214.8866951663,57000.0,False,False,2987.0,6414354.6452,57000.0,55000.0,0.4983655601412926,0.5044095746594189,True,True,True
2020,Tech,25-29,251,650959.8442,187.43694579429064,75000.0,False,False,251.0,650959.8442,75000.0,72000.0,0.48929253707106013,0.5304524857817642,True,True,True
2020,Tech,30-34,328,753788.1967000001,262.094487381448,81000.0,False,False,328.0,753788.1967000001,81000.0,80000.0,0.49777692665216,0.5001166470241705,True,True,True
2020,Tech,35-39,426,905663.3119,333.31648566779154,100000.0,False,False,426.0,905663.3119,100000.0,100000.0,0.4611538892127668,0.5380435863938412,True,True,True
2020,Tech,40-44,344,691050.5989999999,272.9731097081461,110000.0,False,False,344.0,691050.5989999999,110000.0,106500.0,0.49747982650978073,0.5259922143559274,True,True,True
2020,Tech,45-49,310,624825.329,244.6492697053436,100000.0,False,False,310.0,624825.329,100000.0,100000.0,0.4442605637390861,0.5077300168156275,True,True,True
2020,Tech,50-54,274,566576.1809,206.7410382054453,108000.0,False,False,274.0,566576.1809,108000.0,105000.0,0.4983786186554105,0.5001352961041853,True,True,True
2020,Tech,55-59,197,471025.8834,153.01447413168177,105000.0,False,False,197.0,471025.8834,105000.0,105000.0,0.4831076847782416,0.5027590579324839,True,True,True
2020,Tech,60-64,149,375078.4662,124.16557576965046,105000.0,False,False,149.0,375078.4662,105000.0,103000.0,0.4878552915976491,0.5001857627304118,True,True,True
2021,Finance,25-29,196,513960.89,133.9991180738188,70000.0,False,False,196.0,513960.89,70000.0,65000.0,0.48752551969469893,0.5379684240176329,True,True,True
2021,Finance,30-34,243,583413.45,174.27246036092285,80000.0,False,False,243.0,583413.45,80000.0,78000.0,0.47268054927427544,0.5098011024600136,True,True,True
2021,Finance,35-39,243,510632.69,181.19674598819648,80000.0,False,False,243.0,510632.69,80000.0,80000.0,0.4850640878475681,0.5214161474855831,True,True,True
2021,Finance,40-44,289,602132.8099999999,222.44844580103347,86000.0,False,False,289.0,602132.8099999999,86000.0,85000.0,0.49853196008368983,0.5014640706923112,True,True,True
2021,Finance,45-49,235,477032.87,172.52939221664116,98000.0,False,False,235.0,477032.87,98000.0,90000.0,0.49977472202282414,0.5065438572398586,True,True,True
2021,Finance,50-54,220,494675.45,158.26947548806328,90000.0,False,False,220.0,494675.45,90000.0,90000.0,0.4905423343729712,0.5258109938546577,True,True,True
2021,Finance,55-59,182,442009.72,133.4560796581976,90000.0,False,False,182.0,442009.72,90000.0,90000.0,0.4744348155963629,0.5280086148331761,True,True,True
2021,Finance,60-64,138,330588.31,103.50293256765198,95000.0,False,False,138.0,330588.31,95000.0,90000.0,0.47728451136097333,0.5062330848903883,True,True,True
2021,Healthcare,25-29,350,891759.1499999999,253.41446890912923,60000.0,False,False,350.0,891759.1499999999,60000.0,55000.0,0.49259749114993673,0.573022323348182,True,True,True
2021,Healthcare,30-34,523,1153937.46,355.12493911593725,65000.0,False,False,523.0,1153937.46,65000.0,65000.0,0.4854653821533794,0.5341562358154142,True,True,True
2021,Healthcare,35-39,581,1166820.02,413.0555652002641,75000.0,False,False,581.0,1166820.02,75000.0,75000.0,0.4781480951963783,0.5031461921608099,True,True,True
2021,Healthcare,40-44,540,1031443.25,395.3423407942725,78000.0,False,False,540.0,1031443.2500000001,78000.0,80000.0,0.49085828037558044,0.5011582072014141,True,True,True
2021,Healthcare,45-49,469,916457.58,354.677448536917,80000.0,False,False,469.0,916457.5800000001,80000.0,80000.0,0.48120268698088564,0.5294024301703085,True,True,True
2021,Healthcare,50-54,406,883607.83,293.7373737873779,80000.0,False,False,406.0,883607.83,80000.0,81850.0,0.48040575874027736,0.5228495089275069,True,True,True
2021,Healthcare,55-59,320,728750.04,223.3680216823317,80000.0,False,False,320.0,728750.04,80000.0,80000.0,0.4370112144350619,0.5083222774162729,True,True,True
2021,Healthcare,60-64,265,670646.71,204.9347341841111,86000.0,False,False,265.0,670646.71,86000.0,86000.0,0.48750693192843664,0.5047690310744982,True,True,True
2021,Other,25-29,4088,10268948.21,2896.9638353568025,45000.0,False,False,4088.0,10268948.209999999,45000.0,43684.0,0.49458561735213974,0.5259167141130221,True,True,True
2021,Other,30-34,4863,10904815.99,3435.092580187786,50000.0,False,False,4863.0,10904815.99,50000.0,50000.0,0.474363665076388,0.5197306800222312,True,True,True
2021,Other,35-39,5171,10522763.7,3670.758262701125,55000.0,False,False,5171.0,10522763.7,55000.0,55500.0,0.4880073853601787,0.5106236235258235,True,True,True
2021,Other,40-44,5281,10433223.82,3879.736928592277,57711.0,False,False,5281.0,10433223.82,57711.0,58000.0,0.4999206132242259,0.5001604480100188,True,True,True
2021,Other,45-49,4598,9428058.43,3403.8516609413905,60000.0,False,False,4598.0,9428058.43,60000.0,60000.0,0.4944347740959004,0.5346057502106507,True,True,True
2021,Other,50-54,4420,9825447.07,3171.044735559085,58000.0,False,False,4420.0,9825447.07,58000.0,57000.0,0.4952261363105587,0.5026199851077108,True,True,True
2021,Other,55-59,3946,9105348.21,2859.385052506749,55000.0,False,False,3946.0,9105348.21,55000.0,54000.0,0.4954478297760783,0.5183229110136359,True,True,True
2021,Other,60-64,3038,7126477.72,2267.7139421015577,58500.0,False,False,3038.0,7126477.72,58500.0,55000.0,0.4992369498350162,0.5000253659671864,True,True,True
2021,Tech,25-29,282,753323.74,215.97249728021708,85000.0,False,False,282.0,753323.74,85000.0,85000.0,0.4701173893710027,0.5031022518950485,True,True,True
2021,Tech,30-34,342,814897.8,260.464287635527,95000.0,False,False,342.0,814897.8,95000.0,91400.0,0.49448692829947516,0.5039508880745537,True,True,True
2021,Tech,35-39,365,829209.89,284.2172142030062,107000.0,False,False,365.0,829209.89,107000.0,100000.0,0.4974891942014825,0.5020347502126392,True,True,True
2021,Tech,40-44,343,732031.23,266.9100441901359,114000.0,False,False,343.0,732031.23,114000.0,115000.0,0.49894574853042817,0.5073498025487246,True,True,True
2021,Tech,45-49,283,624080.8600000001,218.8147133920063,105000.0,False,False,283.0,624080.8600000001,105000.0,105000.0,0.4854456520265658,0.5060200692583328,True,True,True
2021,Tech,50-54,267,620620.6200000001,202.96671138359895,105000.0,False,False,267.0,620620.6200000001,105000.0,105000.0,0.49409623225216054,0.511653786172944,True,True,True
2021,Tech,55-59,203,482110.36,153.65331527953168,110000.0,False,False,203.0,482110.36000000004,110000.0,105000.0,0.4992325408647099,0.5485684854397239,True,True,True
2021,Tech,60-64,154,421493.51,122.60646844014175,105000.0,False,False,154.0,421493.51,105000.0,101500.0,0.4914301052939107,0.5232543200961742,True,True,True
2022,Finance,25-29,193,599055.29,139.60088141181672,70000.0,False,False,193.0,599055.29,70000.0,70000.0,0.48437256934998435,0.5189479755700013,True,True,True
2022,Finance,30-34,218,543801.8200000001,159.59793715618432,79560.0,False,False,218.0,543801.8200000001,79560.0,75000.0,0.49746639317978014,0.5014236436354699,True,True,True
2022,Finance,35-39,258,562958.5800000001,193.4009258220892,85000.0,False,False,258.0,562958.5800000001,85000.0,82000.0,0.49307204803593185,0.526310266023479,True,True,True
2022,Finance,40-44,278,584616.29,211.87842428418975,85000.0,False,False,278.0,584616.29,85000.0,82000.0,0.4954808050251217,0.5029722144759257,True,True,True
2022,Finance,45-49,220,501298.04999999993,165.49909591559472,85000.0,False,False,220.0,501298.04999999993,85000.0,85000.0,0.4878962126423593,0.5295629216989773,True,True,True
2022,Finance,50-54,240,573884.64,185.0489084005443,88675.0,False,False,240.0,573884.64,88675.0,89500.0,0.497098301846866,0.5060270998017998,True,True,True
2022,Finance,55-59,180,444842.76000000007,137.8630571707658,90000.0,False,False,180.0,444842.76000000007,90000.0,90000.0,0.4731145000539066,0.5111746676511044,True,True,True
2022,Finance,60-64,152,371205.04,110.50243254980056,97000.0,False,False,152.0,371205.04000000004,97000.0,85500.0,0.48243108444863786,0.507553722869711,True,True,True
2022,Healthcare,25-29,383,1031894.16,277.4953065938205,60000.0,False,False,383.0,1031894.1599999999,60000.0,60000.0,0.45427722936236026,0.5298160133012092,True,True,True
2022,Healthcare,30-34,518,1217819.09,372.5243418746838,75000.0,False,False,518.0,1217819.0899999999,75000.0,73000.0,0.4900334416666108,0.5276964002920993,True,True,True
2022,Healthcare,35-39,537,1122151.89,401.6212447414596,80000.0,False,False,537.0,1122151.89,80000.0,80000.0,0.47110986909267694,0.5044789168425319,True,True,True
2022,Healthcare,40-44,511,1009514.32,390.03778292657233,84000.0,False,False,511.0,1009514.3200000001,84000.0,84000.0,0.49509073828690214,0.5071349755593363,True,True,True
2022,Healthcare,45-49,382,790770.95,287.83523582369196,85000.0,False,False,382.0,790770.95,85000.0,85500.0,0.48848218311509806,0.5124724169495605,True,True,True
2022,Healthcare,50-54,397,894784.23,277.75531676618647,87000.0,False,False,397.0,894784.23,87000.0,85000.0,0.49975628202566785,0.5132279655845075,True,True,True
2022,Healthcare,55-59,319,785310.71,227.81187219782916,80000.0,False,False,319.0,785310.71,80000.0,83200.0,0.4641677050348645,0.5228556605321224,True,True,True
2022,Healthcare,60-64,231,567323.17,175.95167940846548,80000.0,False,False,231.0,567323.17,80000.0,80000.0,0.4794523551717445,0.5380048553278726,True,True,True
2022,Other,25-29,4056,10616990.11,2887.0863578565736,47000.0,False,False,4056.0,10616990.11,47000.0,45316.0,0.49755584730407176,0.5055435904517388,True,True,True
2022,Other,30-34,4863,11683324.56,3492.7740251102596,53600.0,False,False,4863.0,11683324.559999999,53600.0,54000.0,0.49993971322149083,0.5003697688939321,True,True,True
2022,Other,35-39,5035,10838188.31,3601.7317474018428,59800.0,False,False,5035.0,10838188.309999999,59800.0,59000.0,0.49983040569628195,0.5001847831891012,True,True,True
2022,Other,40-44,5105,10725912.61,3752.2317219906254,60000.0,False,False,5105.0,10725912.61,60000.0,60000.0,0.48835051901471727,0.52945713772695,True,True,True
2022,Other,45-49,4611,9842418.52,3399.223672153033,60000.0,False,False,4611.0,9842418.52,60000.0,60000.0,0.4836177155368516,0.5208537870628975,True,True,True
2022,Other,50-54,4458,10163400.02,3226.4137596825503,60000.0,False,False,4458.0,10163400.02,60000.0,60000.0,0.46481121777198336,0.502312863800868,True,True,True
2022,Other,55-59,3797,9146617.33,2812.6240509481936,60000.0,False,False,3797.0,9146617.33,60000.0,60000.0,0.48381342635660474,0.521678281472392,True,True,True
2022,Other,60-64,2880,6952605.74,2133.625844201797,58000.0,False,False,2880.0,6952605.74,58000.0,56000.0,0.4990077072887496,0.5072892598682001,True,True,True
2022,Tech,25-29,237,719127.4400000001,182.5635417458579,95000.0,False,False,237.0,719127.4400000001,95000.0,95000.0,0.48986576009392707,0.5058596568085345,True,True,True
2022,Tech,30-34,388,1014234.25,301.0783766598664,95000.0,False,False,388.0,1014234.25,95000.0,95000.0,0.4737028945729253,0.5003585414316268,True,True,True
2022,Tech,35-39,361,879299.3999999999,277.0633950159758,108500.0,False,False,361.0,879299.3999999999,108500.0,110000.0,0.4999670191973292,0.5016428647625599,True,True,True
2022,Tech,40-44,365,799095.8799999999,278.6751285598994,115000.0,False,False,365.0,799095.8799999999,115000.0,114482.0,0.4877648349281942,0.5060680703296832,True,True,True
2022,Tech,45-49,307,708831.99,237.87359520119267,110500.0,False,False,307.0,708831.99,110500.0,112000.0,0.4990506142365273,0.5028353615925263,True,True,True
2022,Tech,50-54,257,624726.28,199.56750057184655,115000.0,False,False,257.0,624726.28,115000.0,110000.0,0.4975982281392101,0.5018130660358965,True,True,True
2022,Tech,55-59,201,530526.9299999999,158.01382652017358,120000.0,False,False,201.0,530526.9299999999,120000.0,118500.0,0.4777740123390155,0.54317282253702,True,True,True
2022,Tech,60-64,141,391719.64,111.93771958734314,115000.0,False,False,141.0,391719.64,115000.0,115000.0,0.478992858259545,0.5267842582516413,True,True,True
2023,Finance,25-29,168,505548.52,124.94633184673006,75000.0,False,False,168.0,505548.51999999996,75000.0,69000.0,0.4835956002798703,0.5332726124883127,True,True,True
2023,Finance,30-34,265,705057.29,194.6269103354381,82800.0,False,False,265.0,705057.29,82800.0,80000.0,0.4974286983118775,0.5021976299259313,True,True,True
2023,Finance,35-39,280,633181.3500000001,206.64840037606095,100000.0,False,False,280.0,633181.3500000001,100000.0,94000.0,0.4972919053917176,0.5197834396101527,True,True,True
2023,Finance,40-44,296,671545.6100000001,229.2456065770137,90000.0,False,False,296.0,671545.6100000001,90000.0,90000.0,0.4787829079844627,0.5387705088266453,True,True,True
2023,Finance,45-49,271,582094.5700000001,201.80035598977108,99397.0,False,False,271.0,582094.5700000001,99397.0,96000.0,0.4952155798326722,0.5007330166299265,True,True,True
2023,Finance,50-54,209,480645.8,157.87403499500343,105000.0,False,False,209.0,480645.8,105000.0,100000.0,0.49126123644479996,0.5105467685351667,True,True,True
2023,Finance,55-59,164,425678.24,124.86141796126157,94000.0,False,False,164.0,425678.24,94000.0,90500.0,0.49021446339375957,0.5070970975636434,True,True,True
2023,Finance,60-64,168,455855.26,129.74267023683126,91000.0,False,False,168.0,455855.26,91000.0,90500.0,0.49519974827097535,0.5027057272521108,True,True,True
2023,Healthcare,25-29,343,888497.06,249.4097433369298,66000.0,False,False,343.0,888497.06,66000.0,62000.0,0.49724698019822366,0.5022728944089021,True,True,True
2023,Healthcare,30-34,479,1128078.89,350.50669705897866,73000.0,False,False,479.0,1128078.8900000001,73000.0,72000.0,0.49577267596949715,0.5001696734170782,True,True,True
2023,Healthcare,35-39,553,1200732.33,395.9689637112448,90000.0,False,False,553.0,1200732.33,90000.0,85000.0,0.499250636484486,0.532679877121323,True,True,True
2023,Healthcare,40-44,511,1057027.97,381.2498345979794,90000.0,False,False,511.0,1057027.97,90000.0,90000.0,0.4894400476460429,0.5047772766126519,True,True,True
2023,Healthcare,45-49,421,909046.96,314.77904138804007,86400.0,False,False,421.0,909046.96,86400.0,86400.0,0.4980624433307604,0.5004476446409326,True,True,True
2023,Healthcare,50-54,406,920186.0,301.05306632749523,93000.0,False,False,406.0,920186.0,93000.0,92000.0,0.4919266322243546,0.5077815246048081,True,True,True
2023,Healthcare,55-59,290,704981.4099999999,219.47793226034216,85000.0,False,False,290.0,704981.4099999999,85000.0,85000.0,0.49627288753614085,0.5351665655978078,True,True,True
2023,Healthcare,60-64,250,618169.01,186.27439284051923,81000.0,False,False,250.0,618169.01,81000.0,80000.0,0.4974558818469403,0.5049716905090406,True,True,True
2023,Other,25-29,3986,10380465.58,2838.927410016414,50000.0,False,False,3986.0,10380465.58,50000.0,49000.0,0.4941654640118753,0.5408781211911692,True,True,True
2023,Other,30-34,4782,11491280.86,3432.0646792744974,56000.0,False,False,4782.0,11491280.86,56000.0,56000.0,0.4966045134154001,0.5029246887626764,True,True,True
2023,Other,35-39,5019,11040908.03,3687.878616037316,60000.0,False,False,5019.0,11040908.030000001,60000.0,60000.0,0.477981828637694,0.5252377570977736,True,True,True
2023,Other,40-44,4960,10856783.11,3602.568704893594,60000.0,False,False,4960.0,10856783.11,60000.0,60000.0,0.47227442217918636,0.5184510211699348,True,True,True
2023,Other,45-49,4671,10053590.66,3435.4154008682513,62000.0,False,False,4671.0,10053590.66,62000.0,63000.0,0.4969310208617545,0.5047638004788232,True,True,True
2023,Other,50-54,4302,9985771.08,3185.380090505133,62500.0,False,False,4302.0,9985771.08,62500.0,64000.0,0.49954327312698626,0.5002142879085507,True,True,True
2023,Other,55-59,3668,8918403.379999999,2683.2052570539236,61000.0,False,False,3668.0,8918403.379999999,61000.0,60000.0,0.498703393476692,0.5003805815744568,True,True,True
2023,Other,60-64,2887,7214000.01,2079.820432249421,60000.0,False,False,2887.0,7214000.01,60000.0,60000.0,0.47306394583717226,0.5125667334175676,True,True,True
2023,Tech,25-29,232,641203.06,170.80786117718694,88000.0,False,False,232.0,641203.06,88000.0,93500.0,0.49985464822953274,0.5051428481953907,True,True,True
2023,Tech,30-34,389,991971.18,294.96661786308863,115000.0,False,False,389.0,991971.1799999999,115000.0,115000.0,0.4902747476998273,0.5026334837671393,True,True,True
2023,Tech,35-39,345,824227.93,267.0101554241164,110000.0,False,False,345.0,824227.93,110000.0,109000.0,0.4855732928147679,0.5145073402208051,True,True,True
2023,Tech,40-44,352,751935.0,261.74453327330826,110000.0,False,False,352.0,751935.0,110000.0,110000.0,0.4875395745642908,0.5034023685557927,True,True,True
2023,Tech,45-49,296,687189.4,233.83216794396463,110000.0,False,False,296.0,687189.4,110000.0,110000.0,0.4841309979461265,0.5287349892184017,True,True,True
2023,Tech,50-54,256,631744.81,201.3921784978971,120000.0,False,False,256.0,631744.81,120000.0,120000.0,0.47285249561448717,0.5222114764979232,True,True,True
2023,Tech,55-59,191,469156.66,150.96493398864655,120000.0,False,False,191.0,469156.66000000003,120000.0,120000.0,0.46954678209193496,0.5181977167285656,True,True,True
2023,Tech,60-64,145,408629.57000000007,114.30802139283117,120000.0,False,False,145.0,408629.57000000007,120000.0,120000.0,0.4923472376215945,0.5700565918418482,True,True,True
2024,Finance,25-29,181,553941.2999999999,134.0747547929135,85000.0,False,False,181.0,553941.2999999999,85000.0,80000.0,0.49286247477846484,0.5137959383060985,True,True,True
2024,Finance,30-34,246,672713.2999999998,180.6676073802337,90000.0,False,False,246.0,672713.2999999998,90000.0,87000.0,0.4865762279413833,0.507111811227755,True,True,True
2024,Finance,35-39,277,643859.1000000001,203.3086489309792,106000.0,False,False,277.0,643859.1000000001,106000.0,106000.0,0.4980613149678245,0.5052145415044998,True,True,True
2024,Finance,40-44,270,567172.6000000001,197.70817512925424,100000.0,False,False,270.0,567172.6000000001,100000.0,95000.0,0.4994688565702926,0.5328886303745984,True,True,True
2024,Finance,45-49,236,554829.5800000001,178.69154065008905,102502.0,False,False,236.0,554829.5800000001,102502.0,100500.0,0.4926911971780595,0.5099891033206988,True,True,True
2024,Finance,50-54,199,472193.56,152.69311468012813,100000.0,False,False,199.0,472193.56,100000.0,100000.0,0.4174742239178357,0.5052940789789678,True,True,True
2024,Finance,55-59,175,460952.25,133.4470473917048,100000.0,False,False,175.0,460952.25,100000.0,100000.0,0.4899479067517297,0.5306123139652752,True,True,True
2024,Finance,60-64,138,354372.58999999997,103.92277971618532,91000.0,False,False,138.0,354372.58999999997,91000.0,86000.0,0.49503450591367687,0.5153018747866476,True,True,True
2024,Healthcare,25-29,362,1075097.69,271.19117232625484,65000.0,False,False,362.0,1075097.69,65000.0,65000.0,0.4701617487430375,0.5030233764152168,True,True,True
2024,Healthcare,30-34,493,1228512.81,342.88343756325605,78000.0,False,False,493.0,1228512.81,78000.0,75000.0,0.48585066036063557,0.5008643662413256,True,True,True
2024,Healthcare,35-39,495,1095181.05,361.1306512453594,80000.0,False,False,495.0,1095181.05,80000.0,85000.0,0.4621447111415961,0.5038878274966498,True,True,True
2024,Healthcare,40-44,486,1076466.83,360.37192811893505,97000.0,False,False,486.0,1076466.83,97000.0,95000.0,0.49797186969523244,0.5023307313612253,True,True,True
2024,Healthcare,45-49,447,979833.27,334.2909448454805,95000.0,False,False,447.0,979833.27,95000.0,95000.0,0.48628707004406985,0.5048141915001518,True,True,True
2024,Healthcare,50-54,365,856879.4400000001,274.0880194527701,87000.0,False,False,365.0,856879.4400000001,87000.0,89000.0,0.49164323513235414,0.5015506265385478,True,True,True
2024,Healthcare,55-59,254,655221.19,196.87738063487743,85000.0,False,False,254.0,655221.19,85000.0,84500.0,0.4888799307604811,0.5314612154103259,True,True,True
2024,Healthcare,60-64,223,552945.54,166.18270235197667,83200.0,False,False,223.0,552945.54,83200.0,82858.0,0.4997493604885574,0.5060145887061499,True,True,True
2024,Other,25-29,3947,10548589.34,2839.3581015033214,50000.0,False,False,3947.0,10548589.34,50000.0,50000.0,0.45310645773987446,0.5081531982360781,True,True,True
2024,Other,30-34,4685,11775799.39,3323.6999771824535,60000.0,False,False,4685.0,11775799.39,60000.0,60000.0,0.49255295015687245,0.5407174739582583,True,True,True
2024,Other,35-39,5047,11679151.37,3640.378864007648,65000.0,False,False,5047.0,11679151.370000001,65000.0,65000.0,0.49529412683688845,0.5156726545620582,True,True,True
2024,Other,40-44,5138,11109699.49,3686.8925630584376,65000.0,False,False,5138.0,11109699.49,65000.0,65000.0,0.49304194185724093,0.5116793541640612,True,True,True
2024,Other,45-49,4632,10322690.74,3319.221131979873,65000.0,False,False,4632.0,10322690.74,65000.0,67000.0,0.4824701384011433,0.5051236980097692,True,True,True
2024,Other,50-54,4047,9670393.93,2947.4156945472637,68000.0,False,False,4047.0,9670393.93,68000.0,68000.0,0.4962061106025698,0.5015237357554058,True,True,True
2024,Other,55-59,3526,8853535.77,2556.3449564190496,63000.0,False,False,3526.0,8853535.77,63000.0,60500.0,0.49706099623066186,0.5012671146637272,True,True,True
2024,Other,60-64,2948,7220666.56,2196.592726358469,61000.0,False,False,2948.0,7220666.5600000005,61000.0,60000.0,0.49921378588073173,0.5021639982777435,True,True,True
2024,Tech,25-29,283,814646.1599999999,211.36882924839688,96100.0,False,False,283.0,814646.1599999999,96100.0,91500.0,0.49833580508131287,0.5018088098518749,True,True,True
2024,Tech,30-34,315,886091.0,243.61236438818833,105000.0,False,False,315.0,886091.0,105000.0,106000.0,0.4965206620990395,0.502600827680227,True,True,True
2024,Tech,35-39,375,878230.5199999999,284.03040305974656,118000.0,False,False,375.0,878230.5199999999,118000.0,120000.0,0.49931907399437686,0.5022416324133214,True,True,True
2024,Tech,40-44,333,762600.3899999999,253.2568760167881,120000.0,False,False,333.0,762600.3899999999,120000.0,123000.0,0.46230453671811006,0.5056137461456061,True,True,True
2024,Tech,45-49,280,684058.19,217.41270456596172,120000.0,False,False,280.0,684058.19,120000.0,120000.0,0.48288516215265254,0.5490101361113738,True,True,True
2024,Tech,50-54,240,665712.1499999999,186.4867668924269,120000.0,False,False,240.0,665712.1499999999,120000.0,120000.0,0.44912863615302806,0.5112899020995787,True,True,True
2024,Tech,55-59,197,490638.13,148.16170155025748,127724.0,False,False,197.0,490638.13,127724.0,127724.0,0.4945451345169606,0.5042917271839431,True,True,True
2024,Tech,60-64,126,344117.45,97.09084312733006,125000.0,False,False,126.0,344117.45,125000.0,123500.0,0.4912858095397371,0.503511519104887,True,True,True
