income_year,group,age_group,n_unweighted,weighted_population,weight_effective_n,weighted_median,small_cell,suppress_plot
1975,Tech,25-29,51,84700.26,49.078295109070844,14000.0,True,False
1975,Tech,30-34,48,74594.94,47.12107292927597,18000.0,True,False
1975,Tech,35-39,35,55488.46,33.24029333689201,18000.0,True,False
1975,Tech,40-44,16,26568.83,13.697957766459336,17160.0,True,True
1975,Tech,45-49,14,23671.52,13.873977027488309,20424.0,True,True
1975,Tech,50-54,10,15710.949999999997,9.968171397228254,16349.0,True,True
1975,Tech,55-59,5,8131.4400000000005,4.990249855937652,22416.0,True,True
1975,Tech,60-64,1,1780.79,1.0,16307.0,True,True
1975,Finance,25-29,184,305181.3,168.4103999463894,12000.0,False,False
1975,Finance,30-34,138,222642.57,128.46489249763977,15000.0,False,False
1975,Finance,35-39,100,166811.66000000003,90.01054616840766,16000.0,False,False
1975,Finance,40-44,81,131235.17,79.78786892287516,17500.0,True,False
1975,Finance,45-49,122,198332.94999999998,117.23727910978936,14100.0,False,False
1975,Finance,50-54,91,142510.88000000003,90.00041468898226,16789.0,True,False
1975,Finance,55-59,67,112174.22000000002,63.73934735823133,14000.0,True,False
1975,Finance,60-64,47,76430.74999999999,46.336058446406646,14500.0,True,False
1975,Healthcare,25-29,229,380943.91000000003,203.69802884742043,10280.0,False,False
1975,Healthcare,30-34,143,238909.03000000003,135.71555760058848,11675.0,False,False
1975,Healthcare,35-39,124,199742.62,108.37337639834331,12000.0,False,False
1975,Healthcare,40-44,126,210521.88,120.52449398219073,10500.0,False,False
1975,Healthcare,45-49,107,173705.52,100.09540700387439,10500.0,False,False
1975,Healthcare,50-54,98,158255.93,87.12619090683141,11000.0,True,False
1975,Healthcare,55-59,85,133418.40999999997,82.8919161218512,10000.0,True,False
1975,Healthcare,60-64,51,81134.74,49.76010792290425,10000.0,True,False
1975,Other,25-29,4339,6896947.449999999,4006.7028025618083,10000.0,False,False
1975,Other,30-34,3514,5630510.74,3274.8924752718804,11700.0,False,False
1975,Other,35-39,3117,4896030.26,2915.161151918262,11960.0,False,False
1975,Other,40-44,2905,4672865.550000001,2686.61764181527,12000.0,False,False
1975,Other,45-49,3038,4785975.9,2893.952531735895,12000.0,False,False
1975,Other,50-54,3162,4942409.450000001,2987.239352753708,11500.0,False,False
1975,Other,55-59,2502,4045967.5900000003,2298.999392451912,10140.0,False,False
1975,Other,60-64,1579,2498830.89,1490.092879556452,10000.0,False,False
1976,Tech,25-29,48,76568.04000000001,38.18862623029308,15254.0,True,False
1976,Tech,30-34,51,73492.97000000002,46.22904976932249,16500.0,True,False
1976,Tech,35-39,37,50923.63999999999,34.08380132658814,18857.0,True,False
1976,Tech,40-44,31,42341.2,28.23134966972137,20000.0,True,False
1976,Tech,45-49,14,18739.75,12.3745118110579,20000.0,True,True
1976,Tech,50-54,7,9962.32,6.587484563445611,19500.0,True,True
1976,Tech,55-59,0,,,,True,True
1976,Tech,60-64,0,,,,True,True
1976,Finance,25-29,205,285468.18,179.5576226080352,13000.0,False,False
1976,Finance,30-34,181,254856.15,158.86562512291388,15585.0,False,False
1976,Finance,35-39,126,169591.32,103.37588322790623,17030.0,False,False
1976,Finance,40-44,119,156746.64999999997,105.07444531630334,16500.0,False,False
1976,Finance,45-49,95,142957.81,89.33573385484779,18000.0,True,False
1976,Finance,50-54,98,139472.43000000002,88.16533721976543,16400.0,True,False
1976,Finance,55-59,85,116329.46,74.96507015206203,19000.0,True,False
1976,Finance,60-64,61,80165.95,52.58410754391745,15000.0,True,False
1976,Healthcare,25-29,264,388294.80000000005,226.74915009649942,11000.0,False,False
1976,Healthcare,30-34,194,278522.62,164.42804108267316,12122.0,False,False
1976,Healthcare,35-39,158,212751.25,133.5880793372099,12500.0,False,False
1976,Healthcare,40-44,126,173907.22000000003,102.2663216435683,11400.0,False,False
1976,Healthcare,45-49,140,201197.59000000003,118.47991464806857,12444.0,False,False
1976,Healthcare,50-54,135,196936.82,105.48399399309749,11000.0,False,False
1976,Healthcare,55-59,82,109656.79999999999,72.7438463439529,12000.0,True,False
1976,Healthcare,60-64,49,66359.7,44.764467302333955,10931.0,True,False
1976,Other,25-29,5050,6911395.890000001,4268.257082123598,10400.0,False,False
1976,Other,30-34,4604,6160693.199999999,3913.922748940416,12000.0,False,False
1976,Other,35-39,3716,5039060.59,3167.592219058459,12738.0,False,False
1976,Other,40-44,3500,4743784.699999999,2879.662815375303,12360.0,False,False
1976,Other,45-49,3461,4892622.67,2923.3313127425886,13000.0,False,False
1976,Other,50-54,3540,4898097.29,3074.6906965721105,12267.0,False,False
1976,Other,55-59,2955,4219653.51,2498.3317145199544,11700.0,False,False
1976,Other,60-64,1818,2501191.1399999997,1547.4461674153092,11000.0,False,False
1977,Tech,25-29,43,62171.130000000005,39.08818286186593,16000.0,True,False
1977,Tech,30-34,57,92938.81,47.14359674192749,17500.0,True,False
1977,Tech,35-39,48,75516.32999999999,42.6885952154082,20000.0,True,False
1977,Tech,40-44,29,40785.93,23.457970843977964,22633.0,True,True
1977,Tech,45-49,14,22408.930000000004,13.65615730195111,24000.0,True,True
1977,Tech,50-54,8,13149.35,7.947950766050321,20639.0,True,True
1977,Tech,55-59,6,12748.640000000001,3.852062739204737,25500.0,True,True
1977,Tech,60-64,2,3229.0200000000004,1.9748002565673386,9800.0,True,True
1977,Finance,25-29,213,318471.79000000004,184.87145137842776,13000.0,False,False
1977,Finance,30-34,219,316542.99,183.01783380736154,15000.0,False,False
1977,Finance,35-39,151,211324.13,130.55810219479392,19000.0,False,False
1977,Finance,40-44,129,190316.47999999998,106.383645758556,18000.0,False,False
1977,Finance,45-49,105,163405.04,96.07817193794781,17181.0,False,False
1977,Finance,50-54,97,162222.76,82.01949812925655,17000.0,True,False
1977,Finance,55-59,93,139618.56,84.67648822236691,16066.0,True,False
1977,Finance,60-64,43,53976.31999999999,35.28182913280434,16700.0,True,False
1977,Healthcare,25-29,264,392575.66000000003,219.51810903152798,11500.0,False,False
1977,Healthcare,30-34,195,289846.87,164.1527495889219,14000.0,False,False
1977,Healthcare,35-39,156,234306.52999999997,137.50330951739764,13000.0,False,False
1977,Healthcare,40-44,126,179985.63000000003,107.46499938370829,12800.0,False,False
1977,Healthcare,45-49,134,188239.17,116.82690760262246,13000.0,False,False
1977,Healthcare,50-54,108,157285.48999999996,84.02609765728572,13000.0,False,False
1977,Healthcare,55-59,96,127780.52,82.33448665046079,13600.0,True,False
1977,Healthcare,60-64,62,85736.28,56.35993621819704,12500.0,True,False
1977,Other,25-29,5203,7238088.869999999,4374.134923387082,11000.0,False,False
1977,Other,30-34,4630,6637660.59,3938.54044353338,13000.0,False,False
1977,Other,35-39,3908,5502643.800000001,3277.611365560762,14000.0,False,False
1977,Other,40-44,3429,4867761.57,2803.152202099367,13200.0,False,False
1977,Other,45-49,3472,5003040.73,2906.910656759691,13401.0,False,False
1977,Other,50-54,3346,4923235.42,2771.396066472791,13000.0,False,False
1977,Other,55-59,3002,4288971.17,2602.5117089239775,12000.0,False,False
1977,Other,60-64,1736,2410654.31,1495.4467891251747,11855.0,False,False
1978,Tech,25-29,49,72482.35,43.030712286708436,15200.0,True,False
1978,Tech,30-34,58,92605.93,51.24669555499793,19000.0,True,False
1978,Tech,35-39,44,73554.12000000002,37.43540423732941,21000.0,True,False
1978,Tech,40-44,32,47938.43,27.342005515178858,25000.0,True,False
1978,Tech,45-49,12,20839.67,11.721109077294367,23421.0,True,True
1978,Tech,50-54,13,18194.82,11.521635991519506,23570.0,True,True
1978,Tech,55-59,13,25413.68,9.686651166090243,24750.0,True,True
1978,Tech,60-64,0,,,,True,True
1978,Finance,25-29,214,310618.36,187.45045645643498,14085.0,False,False
1978,Finance,30-34,221,335725.37000000005,185.21242113663786,18000.0,False,False
1978,Finance,35-39,173,255248.86999999997,149.38061499720502,18000.0,False,False
1978,Finance,40-44,115,164929.61,95.80101360941711,22000.0,False,False
1978,Finance,45-49,112,169976.87,99.56767864493982,20000.0,False,False
1978,Finance,50-54,99,152669.34,86.36345366792979,20000.0,True,False
1978,Finance,55-59,109,159144.97,99.15657181893796,17106.0,False,False
1978,Finance,60-64,49,66226.20000000001,41.92446101808554,18000.0,True,False
1978,Healthcare,25-29,304,440389.87000000005,273.15442640265087,12300.0,False,False
1978,Healthcare,30-34,219,321352.48,193.79107657464448,14243.0,False,False
1978,Healthcare,35-39,162,243712.71999999997,134.7668880820236,13400.0,False,False
1978,Healthcare,40-44,113,165365.66999999998,96.06908573905196,13749.0,False,False
1978,Healthcare,45-49,126,187763.43000000002,108.00238965702154,13258.0,False,False
1978,Healthcare,50-54,116,161990.47000000003,97.62403801322125,12000.0,False,False
1978,Healthcare,55-59,100,136369.41,87.50520022575826,12532.0,False,False
1978,Healthcare,60-64,58,85409.79,53.212986053687736,14500.0,True,False
1978,Other,25-29,5523,7744670.16,4653.917672871446,11800.0,False,False
1978,Other,30-34,4837,6984876.07,3978.6506022864846,14000.0,False,False
1978,Other,35-39,4074,5832022.58,3402.396752904345,15000.0,False,False
1978,Other,40-44,3486,5102535.8,2833.5480236013373,14900.0,False,False
1978,Other,45-49,3359,5028061.46,2795.4846130414153,14200.0,False,False
1978,Other,50-54,3360,5000816.15,2858.182813300855,14633.0,False,False
1978,Other,55-59,3013,4380356.779999999,2611.103147794277,13846.0,False,False
1978,Other,60-64,1776,2544960.42,1537.4701720162282,12896.0,False,False
1979,Tech,25-29,76,103806.13999999998,63.86406362942107,17894.0,True,False
1979,Tech,30-34,70,98877.97,58.09025718771306,20000.0,True,False
1979,Tech,35-39,69,99021.59,54.24871522660023,21600.0,True,False
1979,Tech,40-44,35,47035.36,30.200232762840848,22900.0,True,False
1979,Tech,45-49,20,31286.05,18.553173820543233,24825.0,True,True
1979,Tech,50-54,13,15215.06,10.973874720130638,24204.0,True,True
1979,Tech,55-59,12,20042.78,11.708026096757415,26000.0,True,True
1979,Tech,60-64,3,3280.28,2.687862063445554,31000.0,True,True
1979,Finance,25-29,248,313901.26,189.17416753923655,15000.0,False,False
1979,Finance,30-34,281,353001.70999999996,213.73757649417269,18000.0,False,False
1979,Finance,35-39,165,205244.13999999998,132.88251682820854,21500.0,False,False
1979,Finance,40-44,147,196700.74,111.96412644907038,19500.0,False,False
1979,Finance,45-49,132,175705.68999999997,107.26762668777761,24000.0,False,False
1979,Finance,50-54,110,136559.28,86.88660108875412,23000.0,False,False
1979,Finance,55-59,100,126650.14,77.90849521789093,22000.0,False,False
1979,Finance,60-64,59,71106.45,47.0725167518093,20000.0,True,False
1979,Healthcare,25-29,386,479961.89,301.60537434325033,14000.0,False,False
1979,Healthcare,30-34,324,398012.68000000005,259.77496344718986,15466.0,False,False
1979,Healthcare,35-39,216,261329.04,161.8439708969628,14547.0,False,False
1979,Healthcare,40-44,163,202130.86000000002,125.34106737810015,15500.0,False,False
1979,Healthcare,45-49,168,199698.95,127.79113788121602,14000.0,False,False
1979,Healthcare,50-54,140,184455.16,112.96710676902285,14480.0,False,False
1979,Healthcare,55-59,143,185569.8,117.3445509580467,13139.0,False,False
1979,Healthcare,60-64,59,73820.73999999999,50.04318786076978,15000.0,True,False
1979,Other,25-29,6457,7901751.799999999,4976.325519748801,12700.0,False,False
1979,Other,30-34,6138,7433803.3,4641.586350749359,15000.0,False,False
1979,Other,35-39,4901,6097018.77,3780.2854722681805,16000.0,False,False
1979,Other,40-44,4186,5195536.9,3217.5922717076114,15484.0,False,False
1979,Other,45-49,3923,4905954.18,3010.1274575506973,16000.0,False,False
1979,Other,50-54,3825,4908276.11,3010.0393632794094,15500.0,False,False
1979,Other,55-59,3403,4302075.5600000005,2708.1933865831807,15000.0,False,False
1979,Other,60-64,2029,2538922.16,1605.3698175322615,14000.0,False,False
1980,Tech,25-29,74,103497.91,59.91675196171746,19000.0,True,False
1980,Tech,30-34,93,128267.61000000002,74.25886318362521,21800.0,True,False
1980,Tech,35-39,62,84845.43000000001,43.488337780546736,26000.0,True,False
1980,Tech,40-44,36,55338.29,31.546879277243328,28600.0,True,False
1980,Tech,45-49,25,39205.41,18.826412738008482,28000.0,True,True
1980,Tech,50-54,10,15780.34,9.086868548037367,29000.0,True,True
1980,Tech,55-59,11,17298.41,10.392389551865808,32000.0,True,True
1980,Tech,60-64,3,2373.0,2.07619410592339,30000.0,True,True
1980,Finance,25-29,282,366486.14,221.90693039795968,16000.0,False,False
1980,Finance,30-34,276,360795.89,208.73490616862023,18943.0,False,False
1980,Finance,35-39,206,267300.27999999997,160.75925482598768,22000.0,False,False
1980,Finance,40-44,144,192066.59000000003,118.34598879034436,22895.0,False,False
1980,Finance,45-49,142,177041.16,113.23636388899043,25000.0,False,False
1980,Finance,50-54,135,183116.99,114.25386835138977,19500.0,False,False
1980,Finance,55-59,108,147215.61,89.82069462807262,25000.0,False,False
1980,Finance,60-64,60,81868.90999999999,49.85406479750325,20000.0,True,False
1980,Healthcare,25-29,381,478312.45999999996,291.4136459181497,15000.0,False,False
1980,Healthcare,30-34,339,445906.34,267.6265375456629,16000.0,False,False
1980,Healthcare,35-39,204,265670.34,163.85377150756705,16066.0,False,False
1980,Healthcare,40-44,188,229432.28999999998,147.62703804848474,16000.0,False,False
1980,Healthcare,45-49,172,210369.56,137.39184260219017,15000.0,False,False
1980,Healthcare,50-54,138,181437.43,113.2665799236666,15500.0,False,False
1980,Healthcare,55-59,148,196007.5,120.00361258187682,16000.0,False,False
1980,Healthcare,60-64,83,115364.26,68.95302041362208,15000.0,True,False
1980,Other,25-29,6563,8394766.73,5027.824326100373,14000.0,False,False
1980,Other,30-34,6203,7855839.44,4770.678218319028,16000.0,False,False
1980,Other,35-39,4826,6162728.07,3725.7514353007405,18000.0,False,False
1980,Other,40-44,4151,5331226.039999999,3195.6628946876385,17000.0,False,False
1980,Other,45-49,3949,4926731.260000001,3073.970468041543,17000.0,False,False
1980,Other,50-54,3771,4783543.41,2936.5030727433823,17000.0,False,False
1980,Other,55-59,3311,4276701.55,2599.291760310311,16652.0,False,False
1980,Other,60-64,2008,2609063.78,1565.0511104919879,15000.0,False,False
1981,Tech,25-29,87,135425.37000000002,73.61328128414003,22000.0,True,False
1981,Tech,30-34,78,120658.9,65.05563869693486,25000.0,True,False
1981,Tech,35-39,65,96771.8,55.34222305559059,29000.0,True,False
1981,Tech,40-44,42,71880.71,39.392379171628875,28891.0,True,False
1981,Tech,45-49,21,30207.38,19.10411482829606,28000.0,True,True
1981,Tech,50-54,10,13554.61,7.803947996805807,29700.0,True,True
1981,Tech,55-59,4,4442.57,3.27219463235957,33243.0,True,True
1981,Tech,60-64,6,9831.09,5.466099687047622,34000.0,True,True
1981,Finance,25-29,272,411283.94,231.9790359440729,18883.0,False,False
1981,Finance,30-34,248,358006.19,203.9136480241258,20500.0,False,False
1981,Finance,35-39,218,313552.29,182.97813138612577,23678.0,False,False
1981,Finance,40-44,160,240982.01,136.3637385995048,22800.0,False,False
1981,Finance,45-49,132,185586.93,113.31777856367277,26000.0,False,False
1981,Finance,50-54,129,181102.78,111.87785657308406,24000.0,False,False
1981,Finance,55-59,107,162517.82000000004,88.9614848965587,22600.0,False,False
1981,Finance,60-64,57,86034.68999999999,43.957709547319936,25000.0,True,False
1981,Healthcare,25-29,356,516256.61000000004,295.39594407368406,16000.0,False,False
1981,Healthcare,30-34,328,522149.24,281.6757025589686,19000.0,False,False
1981,Healthcare,35-39,222,317108.17000000004,181.4354552716446,18500.0,False,False
1981,Healthcare,40-44,177,248874.56999999998,145.2828319861767,18700.0,False,False
1981,Healthcare,45-49,149,227110.05,121.05775787353475,18980.0,False,False
1981,Healthcare,50-54,141,199396.83,111.43510332394321,18000.0,False,False
1981,Healthcare,55-59,116,163448.44999999998,97.95207938361436,17000.0,False,False
1981,Healthcare,60-64,61,90388.43999999999,53.3180704314731,16640.0,True,False
1981,Other,25-29,5755,8351530.86,4560.583712985022,14924.0,False,False
1981,Other,30-34,5505,7905416.390000001,4420.160478040473,17000.0,False,False
1981,Other,35-39,4593,6610363.66,3679.9927216881088,18500.0,False,False
1981,Other,40-44,3793,5415543.880000001,3064.9393799139216,18500.0,False,False
1981,Other,45-49,3419,4837109.29,2784.1315097503875,18000.0,False,False
1981,Other,50-54,3341,4733188.76,2699.5856114312796,18000.0,False,False
1981,Other,55-59,3011,4279072.22,2472.1121094403084,18000.0,False,False
1981,Other,60-64,1768,2611314.26,1443.459365511589,16700.0,False,False
1982,Tech,25-29,78,116502.51000000001,66.35180916878589,24000.0,True,False
1982,Tech,30-34,72,109371.51999999999,59.80512138010995,24000.0,True,False
1982,Tech,35-39,59,87434.09999999999,49.68159752055025,30800.0,True,False
1982,Tech,40-44,36,62265.67,32.66496735739694,32000.0,True,False
1982,Tech,45-49,22,32588.92,19.472566651816944,29220.0,True,True
1982,Tech,50-54,22,30478.15,18.508938577568546,29000.0,True,True
1982,Tech,55-59,7,10905.740000000002,6.379712569350453,31000.0,True,True
1982,Tech,60-64,4,8130.8,3.9630645066232,25714.0,True,True
1982,Finance,25-29,268,393291.12,227.41302409451237,19000.0,False,False
1982,Finance,30-34,271,394975.70999999996,216.84724340018528,24000.0,False,False
1982,Finance,35-39,207,301961.48,156.8313813821035,23000.0,False,False
1982,Finance,40-44,152,237961.09000000003,132.2720054849001,24000.0,False,False
1982,Finance,45-49,131,181262.7,109.94378719485526,25000.0,False,False
1982,Finance,50-54,100,147325.40000000002,83.10496178402387,25000.0,False,False
1982,Finance,55-59,78,110993.19,66.30115706504807,24300.0,True,False
1982,Finance,60-64,52,81445.11999999998,44.96758943544704,22000.0,True,False
1982,Healthcare,25-29,323,485504.85,252.39493547421785,18000.0,False,False
1982,Healthcare,30-34,284,427643.83999999997,230.93653753770317,20000.0,False,False
1982,Healthcare,35-39,194,283889.8,154.9267350784495,19000.0,False,False
1982,Healthcare,40-44,136,203536.46,117.38513651078226,18450.0,False,False
1982,Healthcare,45-49,131,198627.03,109.021364665326,20000.0,False,False
1982,Healthcare,50-54,122,181349.34,100.80336771588475,20000.0,False,False
1982,Healthcare,55-59,92,137364.40999999997,78.4707116666895,20000.0,True,False
1982,Healthcare,60-64,70,100956.21,59.015379411047775,19100.0,True,False
1982,Other,25-29,5619,8216776.61,4412.743848984742,15000.0,False,False
1982,Other,30-34,5249,7594217.1899999995,4055.090507570379,18000.0,False,False
1982,Other,35-39,4753,6798425.67,3860.629082682722,20000.0,False,False
1982,Other,40-44,3877,5602271.59,3142.062680252628,20000.0,False,False
1982,Other,45-49,3398,4759267.619999999,2784.897645927797,19000.0,False,False
1982,Other,50-54,3106,4429947.4399999995,2520.9274134717903,19000.0,False,False
1982,Other,55-59,2787,4050448.55,2309.815817761045,19500.0,False,False
1982,Other,60-64,1758,2586691.0700000003,1443.801682992478,17765.0,False,False
1983,Tech,25-29,114,186912.71,100.39448760952942,25800.0,False,False
1983,Tech,30-34,82,135031.36,72.68395840574829,26274.0,True,False
1983,Tech,35-39,61,90191.13999999998,51.061727996836886,28300.0,True,False
1983,Tech,40-44,43,70600.74999999999,34.388332978015924,32200.0,True,False
1983,Tech,45-49,39,63817.03,30.182411660918614,31500.0,True,False
1983,Tech,50-54,22,37816.310000000005,21.01644062367168,30000.0,True,True
1983,Tech,55-59,13,21030.71,11.397158125382566,30000.0,True,True
1983,Tech,60-64,2,2711.02,1.93966960900962,32000.0,True,True
1983,Finance,25-29,281,446370.85,243.3692697040266,20000.0,False,False
1983,Finance,30-34,262,385440.33,213.8085596655906,24000.0,False,False
1983,Finance,35-39,230,339357.45999999996,192.94601387833637,28000.0,False,False
1983,Finance,40-44,156,243372.27999999997,132.31458868164336,26000.0,False,False
1983,Finance,45-49,126,184183.84999999998,101.81365039165955,27784.0,False,False
1983,Finance,50-54,89,132838.26,77.88431971968053,26800.0,True,False
1983,Finance,55-59,81,118455.18,65.91956241495107,25000.0,True,False
1983,Finance,60-64,40,64323.85,31.550228341316668,27744.0,True,False
1983,Healthcare,25-29,312,454999.18000000005,260.08432766934976,18129.0,False,False
1983,Healthcare,30-34,306,472989.82,234.26029449307518,20256.0,False,False
1983,Healthcare,35-39,220,329183.56000000006,184.81048940486795,21000.0,False,False
1983,Healthcare,40-44,148,234307.19,113.5869785259028,19999.0,False,False
1983,Healthcare,45-49,108,159205.93999999994,87.19000826760116,19000.0,False,False
1983,Healthcare,50-54,113,179119.41,95.61645749034602,20000.0,False,False
1983,Healthcare,55-59,86,127634.34999999999,74.59660770022276,20800.0,True,False
1983,Healthcare,60-64,56,82056.97,48.4900667696563,21273.0,True,False
1983,Other,25-29,5834,8725339.989999998,4663.253308981634,15800.0,False,False
1983,Other,30-34,5397,7988784.83,4175.266643097289,18500.0,False,False
1983,Other,35-39,4922,7306620.79,3851.506085733831,20000.0,False,False
1983,Other,40-44,4167,6103672.83,3337.3722276796975,20000.0,False,False
1983,Other,45-49,3434,5005278.85,2723.749641964674,20000.0,False,False
1983,Other,50-54,3203,4698205.74,2574.550737732371,20000.0,False,False
1983,Other,55-59,2796,4107855.54,2283.3247245095117,20000.0,False,False
1983,Other,60-64,1721,2568776.49,1408.2555950594967,18200.0,False,False
1984,Tech,25-29,111,185565.98,99.28076404766965,25000.0,False,False
1984,Tech,30-34,91,134979.30000000002,77.73527590529288,24458.0,True,False
1984,Tech,35-39,60,86985.48999999999,50.618269430893804,34367.0,True,False
1984,Tech,40-44,40,64980.83,33.34842184169562,30000.0,True,False
1984,Tech,45-49,25,44782.09,22.553316000850675,40000.0,True,True
1984,Tech,50-54,22,37098.11,20.108424059694002,34000.0,True,True
1984,Tech,55-59,9,15245.79,7.22428477544769,37750.0,True,True
1984,Tech,60-64,6,6575.040000000001,5.393229403960339,29000.0,True,True
1984,Finance,25-29,302,485092.30000000005,253.1980054360419,21812.0,False,False
1984,Finance,30-34,256,400456.75,187.17530208954756,24000.0,False,False
1984,Finance,35-39,255,375312.5,206.46071047081327,28500.0,False,False
1984,Finance,40-44,173,266140.85,138.40469555405735,30000.0,False,False
1984,Finance,45-49,110,169021.97999999998,93.62896368400328,25034.0,False,False
1984,Finance,50-54,85,120064.36,69.0652013003954,30000.0,True,False
1984,Finance,55-59,78,123162.78000000001,67.90200884432468,29000.0,True,False
1984,Finance,60-64,48,73517.72,36.548958633698795,25000.0,True,False
1984,Healthcare,25-29,327,490406.14,268.4051666367817,20000.0,False,False
1984,Healthcare,30-34,321,468138.3,264.90844794066066,21000.0,False,False
1984,Healthcare,35-39,237,347951.56000000006,199.85479788794197,24000.0,False,False
1984,Healthcare,40-44,168,271379.53,137.48675483939041,22000.0,False,False
1984,Healthcare,45-49,100,161281.19,79.52888408220312,24000.0,False,False
1984,Healthcare,50-54,119,166995.11,99.17144017752739,20000.0,False,False
1984,Healthcare,55-59,70,107655.83000000002,57.163497856159815,21549.0,True,False
1984,Healthcare,60-64,59,90399.38,47.07433274514776,22500.0,True,False
1984,Other,25-29,6170,9305226.16,4935.8954885941985,16500.0,False,False
1984,Other,30-34,5898,8922218.76,4588.576192806425,19740.0,False,False
1984,Other,35-39,5556,7995923.08,4477.7694490894255,22000.0,False,False
1984,Other,40-44,4312,6378022.9,3412.8848296719993,22000.0,False,False
1984,Other,45-49,3609,5336174.890000001,2904.5942347507544,21000.0,False,False
1984,Other,50-54,3288,4732069.45,2685.392340392087,21000.0,False,False
1984,Other,55-59,2886,4280554.27,2330.694166421135,20000.0,False,False
1984,Other,60-64,1774,2631253.91,1450.8592356087706,19300.0,False,False
1985,Tech,25-29,102,168565.76000000004,83.74882125155968,26500.0,False,False
1985,Tech,30-34,110,180512.28000000006,92.42639552053531,30000.0,False,False
1985,Tech,35-39,86,134650.71999999997,72.97181498210759,35000.0,True,False
1985,Tech,40-44,45,75749.51999999999,36.34690423359529,38000.0,True,False
1985,Tech,45-49,25,42285.72,20.9818866742393,37800.0,True,True
1985,Tech,50-54,16,26735.18,12.471836223010412,38460.0,True,True
1985,Tech,55-59,13,17737.56,10.8760370350292,33829.0,True,True
1985,Tech,60-64,2,2742.2200000000003,1.3500624325441684,29000.0,True,True
1985,Finance,25-29,304,480728.7,253.8580662768481,23300.0,False,False
1985,Finance,30-34,310,488412.87999999995,255.61088123124446,25000.0,False,False
1985,Finance,35-39,261,394896.38,213.74981572353335,30000.0,False,False
1985,Finance,40-44,163,250527.81000000003,134.98609038499762,32000.0,False,False
1985,Finance,45-49,107,172530.51,88.78917123399003,28500.0,False,False
1985,Finance,50-54,90,138070.16999999998,76.47422985304092,36000.0,True,False
1985,Finance,55-59,84,124905.94,68.44374403783506,27000.0,True,False
1985,Finance,60-64,55,94203.29000000001,43.35689302440655,24440.0,True,False
1985,Healthcare,25-29,325,485183.17000000004,261.08540369422747,21000.0,False,False
1985,Healthcare,30-34,327,519537.52999999997,262.00583655308407,23000.0,False,False
1985,Healthcare,35-39,248,359336.43000000005,201.63167233535455,23000.0,False,False
1985,Healthcare,40-44,177,281178.29000000004,145.9627463707464,22600.0,False,False
1985,Healthcare,45-49,139,220511.39,111.56018244805314,24000.0,False,False
1985,Healthcare,50-54,89,146909.19999999998,76.88106487060493,23000.0,True,False
1985,Healthcare,55-59,93,138186.09000000003,77.22521091815653,23500.0,True,False
1985,Healthcare,60-64,40,63159.18,32.29157887255347,21000.0,True,False
1985,Other,25-29,6111,9643852.899999999,4945.3978947540845,17000.0,False,False
1985,Other,30-34,6007,9168609.67,4784.96422040013,20000.0,False,False
1985,Other,35-39,5696,8551365.190000001,4637.699844247718,22800.0,False,False
1985,Other,40-44,4342,6526806.02,3531.702276031623,23000.0,False,False
1985,Other,45-49,3626,5606140.57,2966.005805602914,23000.0,False,False
1985,Other,50-54,3135,4798706.370000001,2573.383592567835,22000.0,False,False
1985,Other,55-59,2786,4248520.4,2286.8754035220345,21500.0,False,False
1985,Other,60-64,1649,2620906.94,1282.411439619566,20000.0,False,False
1986,Tech,25-29,111,184143.83000000002,96.70111268117886,28000.0,False,False
1986,Tech,30-34,94,156441.84000000003,79.32124796239484,30000.0,True,False
1986,Tech,35-39,67,110271.9,57.1540516890357,35000.0,True,False
1986,Tech,40-44,55,96725.70999999999,46.57796036474121,36400.0,True,False
1986,Tech,45-49,29,50701.78999999999,25.31940327774314,42600.0,True,True
1986,Tech,50-54,22,34525.74,17.370516415398416,42000.0,True,True
1986,Tech,55-59,9,16728.02,8.144453846948515,40794.0,True,True
1986,Tech,60-64,4,7278.14,3.7252454544319087,30000.0,True,True
1986,Finance,25-29,299,503146.0,252.73633839938685,24000.0,False,False
1986,Finance,30-34,277,437703.78,218.46961973891555,30000.0,False,False
1986,Finance,35-39,269,418271.74,223.62606683202756,30078.0,False,False
1986,Finance,40-44,181,289906.71,137.7000756279087,32000.0,False,False
1986,Finance,45-49,129,213735.61,108.6724840092531,35000.0,False,False
1986,Finance,50-54,101,160720.95,82.33281536144123,32000.0,False,False
1986,Finance,55-59,86,131177.72999999998,71.46038985928303,31941.0,True,False
1986,Finance,60-64,51,83131.91000000002,42.63636506048008,28000.0,True,False
1986,Healthcare,25-29,324,527493.53,270.9189700198593,21000.0,False,False
1986,Healthcare,30-34,338,532270.69,272.5601476632956,24000.0,False,False
1986,Healthcare,35-39,266,431633.38,217.09028132260843,26000.0,False,False
1986,Healthcare,40-44,219,328559.4,180.17504369705904,26000.0,False,False
1986,Healthcare,45-49,149,230037.19999999998,120.26820503806621,26000.0,False,False
1986,Healthcare,50-54,113,192820.54,94.63988428573766,24000.0,False,False
1986,Healthcare,55-59,72,112899.92000000001,63.44843320289815,22000.0,True,False
1986,Healthcare,60-64,61,93302.97,49.97511183655815,23000.0,True,False
1986,Other,25-29,6104,9835143.14,4966.309565867618,17560.0,False,False
1986,Other,30-34,6045,9424435.18,4809.665789289188,21000.0,False,False
1986,Other,35-39,5760,8894450.620000001,4590.388952420066,23000.0,False,False
1986,Other,40-44,4697,7182160.41,3803.3615719196378,24000.0,False,False
1986,Other,45-49,3639,5730202.52,2948.56047149172,24000.0,False,False
1986,Other,50-54,2996,4715078.359999999,2458.97213836231,24000.0,False,False
1986,Other,55-59,2631,4188184.13,2161.2616664341267,22000.0,False,False
1986,Other,60-64,1636,2607499.09,1327.3585724765132,20786.0,False,False
1987,Tech,25-29,132,231388.09999999998,113.13036165363934,28000.0,False,False
1987,Tech,30-34,100,167175.65,81.33677578468559,34600.0,False,False
1987,Tech,35-39,80,132764.2,66.75051669136077,39000.0,True,False
1987,Tech,40-44,85,146009.69,63.305363500639096,38700.0,True,False
1987,Tech,45-49,30,46026.46,25.16595595738337,42311.0,True,False
1987,Tech,50-54,15,26393.46,11.969187375997361,40000.0,True,True
1987,Tech,55-59,13,23843.869999999995,11.978894677146537,42000.0,True,True
1987,Tech,60-64,5,8820.36,4.416310516998765,31900.0,True,True
1987,Finance,25-29,321,543986.02,273.1112803311274,24000.0,False,False
1987,Finance,30-34,314,513025.89,240.16608529677538,27000.0,False,False
1987,Finance,35-39,271,427398.80000000005,225.58354972738329,30000.0,False,False
1987,Finance,40-44,228,337033.62,180.13736222086115,30000.0,False,False
1987,Finance,45-49,151,245356.83999999997,124.73912765308691,31958.0,False,False
1987,Finance,50-54,115,179818.73,91.81734989355594,33000.0,False,False
1987,Finance,55-59,78,121817.68,66.26320005687099,30000.0,True,False
1987,Finance,60-64,48,80699.67,42.334560619647,26900.0,True,False
1987,Healthcare,25-29,281,450649.95,234.6930270956269,22500.0,False,False
1987,Healthcare,30-34,353,537548.78,278.9568456685739,26000.0,False,False
1987,Healthcare,35-39,298,493184.39,245.6772468133796,27000.0,False,False
1987,Healthcare,40-44,232,370876.18000000005,194.3862912597051,28000.0,False,False
1987,Healthcare,45-49,164,268856.89,137.86617391827022,26000.0,False,False
1987,Healthcare,50-54,112,176693.75,96.25049422736791,25963.0,False,False
1987,Healthcare,55-59,81,133748.24,70.78908425982094,24000.0,True,False
1987,Healthcare,60-64,44,67551.0,35.420200165346124,24000.0,True,False
1987,Other,25-29,6105,10016345.129999999,4933.400259104858,18000.0,False,False
1987,Other,30-34,6251,9991561.88,4980.577473283687,21000.0,False,False
1987,Other,35-39,5689,8863383.719999999,4539.617965948922,23517.0,False,False
1987,Other,40-44,5108,7749850.140000001,4129.366015594925,25000.0,False,False
1987,Other,45-49,3877,6111210.96,3077.199371817036,25000.0,False,False
1987,Other,50-54,3186,4947108.15,2574.7135222481943,24000.0,False,False
1987,Other,55-59,2561,3996011.6,2087.892528033096,23000.0,False,False
1987,Other,60-64,1594,2512980.26,1283.7457920498437,21000.0,False,False
1988,Tech,25-29,135,273224.20999999996,101.14842782914539,29000.0,False,False
1988,Tech,30-34,108,202117.93,82.81582236030823,35000.0,False,False
1988,Tech,35-39,81,150124.39,60.571923774385084,39000.0,True,False
1988,Tech,40-44,82,163866.21000000002,51.50614286473636,39800.0,True,False
1988,Tech,45-49,35,58027.56,26.64683869820049,40000.0,True,False
1988,Tech,50-54,16,31389.03,11.988552603713957,37000.0,True,True
1988,Tech,55-59,17,35696.21,13.183281840819614,44917.0,True,True
1988,Tech,60-64,2,2939.65,1.8148673323431657,30000.0,True,True
1988,Finance,25-29,279,515732.51,210.54176891443208,25000.0,False,False
1988,Finance,30-34,295,510170.45,219.36658127728796,29000.0,False,False
1988,Finance,35-39,242,417711.99,177.18814133930314,32000.0,False,False
1988,Finance,40-44,218,376848.32,153.76014684063716,32000.0,False,False
1988,Finance,45-49,154,285742.35,111.71389554277455,33000.0,False,False
1988,Finance,50-54,90,166560.42,67.87267648564072,34315.0,True,False
1988,Finance,55-59,73,111637.3,55.604705283145755,33500.0,True,False
1988,Finance,60-64,42,74538.38,28.923832060005545,30000.0,True,False
1988,Healthcare,25-29,276,491123.32000000007,212.73222404646785,24700.0,False,False
1988,Healthcare,30-34,317,554277.02,244.180647289405,25396.0,False,False
1988,Healthcare,35-39,314,517825.4799999999,228.67952884265807,30000.0,False,False
1988,Healthcare,40-44,218,395975.05,168.90114340040304,28000.0,False,False
1988,Healthcare,45-49,139,258330.44,106.97483619045867,25000.0,False,False
1988,Healthcare,50-54,119,221483.33999999997,91.05574830004458,30000.0,False,False
1988,Healthcare,55-59,90,162464.66,73.8471344237998,25000.0,True,False
1988,Healthcare,60-64,40,61161.770000000004,32.19646743031752,23000.0,True,False
1988,Other,25-29,5710,10338664.65,4236.599811805133,18500.0,False,False
1988,Other,30-34,5949,10330574.899999999,4387.743670176289,21874.0,False,False
1988,Other,35-39,5420,9213019.43,4023.454880961066,25000.0,False,False
1988,Other,40-44,4822,8105277.260000001,3606.8703675076367,26000.0,False,False
1988,Other,45-49,3767,6546691.08,2822.560732922613,25000.0,False,False
1988,Other,50-54,2995,5162090.51,2241.896994020006,25000.0,False,False
1988,Other,55-59,2365,4040250.43,1775.3748395473956,24000.0,False,False
1988,Other,60-64,1544,2554389.25,1143.5363140429722,22000.0,False,False
1989,Tech,25-29,144,254925.49,116.65275689355907,31130.0,False,False
1989,Tech,30-34,139,239357.65999999997,110.84716234468635,36000.0,False,False
1989,Tech,35-39,95,152331.77,74.73983373701505,39500.0,True,False
1989,Tech,40-44,80,129567.31000000001,63.280071923477145,41000.0,True,False
1989,Tech,45-49,41,64647.79,31.015844423569188,40000.0,True,False
1989,Tech,50-54,31,59921.42999999999,23.252541162409997,44000.0,True,False
1989,Tech,55-59,7,13944.72,6.095031860815157,50000.0,True,True
1989,Tech,60-64,4,8109.400000000001,3.3798952890121976,30000.0,True,True
1989,Finance,25-29,306,521572.12,238.6249818087326,27000.0,False,False
1989,Finance,30-34,316,558974.25,245.232742114954,30000.0,False,False
1989,Finance,35-39,275,457267.32,219.0106992142033,35000.0,False,False
1989,Finance,40-44,239,384490.75,182.9715604291798,34000.0,False,False
1989,Finance,45-49,166,285300.12,130.03405767316818,32000.0,False,False
1989,Finance,50-54,121,191237.97,93.14985154827677,32000.0,False,False
1989,Finance,55-59,70,124092.51000000001,59.62880183055034,35000.0,True,False
1989,Finance,60-64,60,94938.56000000001,45.61540919036118,36000.0,True,False
1989,Healthcare,25-29,301,498892.65,222.44830928606962,25000.0,False,False
1989,Healthcare,30-34,310,508912.68000000005,247.0194688295774,29000.0,False,False
1989,Healthcare,35-39,301,444666.25,226.10126517570836,28000.0,False,False
1989,Healthcare,40-44,258,401085.07999999996,207.07567541653486,30000.0,False,False
1989,Healthcare,45-49,173,284006.22,141.19399883667157,30000.0,False,False
1989,Healthcare,50-54,130,207837.71000000002,106.72331549339067,29500.0,False,False
1989,Healthcare,55-59,85,142523.71000000002,62.14691843301418,29000.0,True,False
1989,Healthcare,60-64,44,63200.81,35.08705360493991,28626.0,True,False
1989,Other,25-29,6084,9985344.92,4738.446665200224,20000.0,False,False
1989,Other,30-34,6298,10311069.969999999,4794.891253854229,22000.0,False,False
1989,Other,35-39,6214,9719555.69,4847.410334375087,25000.0,False,False
1989,Other,40-44,5466,8595835.31,4243.773378527196,26500.0,False,False
1989,Other,45-49,4281,6743387.99,3360.149160460489,26000.0,False,False
1989,Other,50-54,3271,5140287.2,2571.441506183301,25000.0,False,False
1989,Other,55-59,2516,4017059.13,2001.5524173815254,25000.0,False,False
1989,Other,60-64,1586,2429574.9400000004,1253.175129447218,25000.0,False,False
1990,Tech,25-29,131,243962.79,103.31212315824037,32500.0,False,False
1990,Tech,30-34,121,205043.14000000004,90.92343524739762,36000.0,False,False
1990,Tech,35-39,94,177463.03,74.46749674728362,41000.0,True,False
1990,Tech,40-44,96,151632.64,74.75973950449807,38000.0,True,False
1990,Tech,45-49,39,59905.450000000004,31.584009832143085,41000.0,True,False
1990,Tech,50-54,27,50759.44,22.433105347115834,50000.0,True,True
1990,Tech,55-59,15,27900.11,12.171715710069817,47000.0,True,True
1990,Tech,60-64,9,14228.02,7.56596403994529,44900.0,True,True
1990,Finance,25-29,311,527281.52,239.5412568075744,28000.0,False,False
1990,Finance,30-34,289,484156.91000000003,224.54482394737605,30000.0,False,False
1990,Finance,35-39,280,458582.54,224.0184930092218,35000.0,False,False
1990,Finance,40-44,248,413153.82,197.4788304764634,33000.0,False,False
1990,Finance,45-49,196,317263.07999999996,156.94297844188355,35000.0,False,False
1990,Finance,50-54,129,210960.11,102.89026326711858,32000.0,False,False
1990,Finance,55-59,88,145922.53,72.12859236471738,29880.0,True,False
1990,Finance,60-64,39,61857.42999999999,34.36520074346826,40000.0,True,False
1990,Healthcare,25-29,265,450136.9,208.49435389350242,26827.0,False,False
1990,Healthcare,30-34,312,508248.4,229.50758722560172,29000.0,False,False
1990,Healthcare,35-39,292,462455.39,219.74371203163827,30000.0,False,False
1990,Healthcare,40-44,284,457299.3,222.39755551622142,33000.0,False,False
1990,Healthcare,45-49,204,318418.1100000001,159.276200497412,32000.0,False,False
1990,Healthcare,50-54,142,229763.84000000003,114.84651820981003,31000.0,False,False
1990,Healthcare,55-59,84,141261.09999999998,71.2314969806251,32000.0,True,False
1990,Healthcare,60-64,46,71042.59,34.25952964623517,33000.0,True,False
1990,Other,25-29,5909,9627407.57,4453.762076877638,20000.0,False,False
1990,Other,30-34,6231,10258176.129999999,4735.380802722568,23000.0,False,False
1990,Other,35-39,6027,9724460.45,4605.437054498555,25681.0,False,False
1990,Other,40-44,5641,8868052.510000002,4376.9985433537795,27000.0,False,False
1990,Other,45-49,4331,6899610.36,3396.377381102447,27200.0,False,False
1990,Other,50-54,3263,5152952.76,2561.7745659719512,26000.0,False,False
1990,Other,55-59,2506,4029453.95,1961.6918358668422,25699.0,False,False
1990,Other,60-64,1540,2517860.7,1186.731352698441,24000.0,False,False
1991,Tech,25-29,106,197658.55,78.65318419990544,34000.0,False,False
1991,Tech,30-34,108,192359.01,87.71367735935719,37000.0,False,False
1991,Tech,35-39,95,160566.48999999996,72.05033571756839,44200.0,True,False
1991,Tech,40-44,83,140634.57,66.18509908803588,42000.0,True,False
1991,Tech,45-49,54,97811.21000000002,43.67635277430873,43000.0,True,False
1991,Tech,50-54,33,62417.01,28.114945880698286,50000.0,True,False
1991,Tech,55-59,17,37125.450000000004,10.195914491676117,40000.0,True,True
1991,Tech,60-64,5,7332.73,3.980793343479643,38000.0,True,True
1991,Finance,25-29,259,428158.37,196.9591530642581,28900.0,False,False
1991,Finance,30-34,316,535025.0800000001,236.229619792163,32000.0,False,False
1991,Finance,35-39,246,419926.13,187.83887919800114,35000.0,False,False
1991,Finance,40-44,245,399147.01,190.97198193039586,38000.0,False,False
1991,Finance,45-49,172,279086.79000000004,137.99904312705476,39339.0,False,False
1991,Finance,50-54,108,187172.59,86.98429992124778,37355.0,False,False
1991,Finance,55-59,86,162193.90000000002,61.83341270001624,36000.0,True,False
1991,Finance,60-64,45,78634.16000000002,33.74271878248655,36000.0,True,False
1991,Healthcare,25-29,281,492305.25,223.3135986447385,28600.0,False,False
1991,Healthcare,30-34,341,562980.04,251.93204993370148,31000.0,False,False
1991,Healthcare,35-39,359,571528.1000000001,270.1691857972425,32000.0,False,False
1991,Healthcare,40-44,314,538449.56,247.91927723645398,30100.0,False,False
1991,Healthcare,45-49,245,382019.55000000005,196.44246904736968,32334.0,False,False
1991,Healthcare,50-54,159,252708.02999999997,132.24382013969412,33000.0,False,False
1991,Healthcare,55-59,101,166938.66,80.7862128417171,38000.0,False,False
1991,Healthcare,60-64,55,92646.19,44.66491350597755,33000.0,True,False
1991,Other,25-29,5541,9177849.07,4149.0185709232655,20200.0,False,False
1991,Other,30-34,6046,10182247.63,4530.413282028784,24000.0,False,False
1991,Other,35-39,6015,9827147.43,4531.240316851842,26000.0,False,False
1991,Other,40-44,5614,9083047.209999999,4259.5760575687345,28000.0,False,False
1991,Other,45-49,4396,7196086.459999999,3367.638546027598,28400.0,False,False
1991,Other,50-54,3305,5376311.39,2527.3457814514018,26500.0,False,False
1991,Other,55-59,2335,3807257.74,1814.7901572612834,26000.0,False,False
1991,Other,60-64,1418,2372718.1900000004,1075.0378752925112,25000.0,False,False
1992,Tech,25-29,116,200325.62,87.39407500403273,32000.0,False,False
1992,Tech,30-34,137,256204.71999999997,111.71406660801445,37500.0,False,False
1992,Tech,35-39,123,210952.87,98.13567236779612,44000.0,False,False
1992,Tech,40-44,84,156205.68999999997,64.71148021361219,44500.0,True,False
1992,Tech,45-49,44,85091.58999999998,34.13814284667499,43000.0,True,False
1992,Tech,50-54,31,61997.820000000014,23.437078676484177,50000.0,True,False
1992,Tech,55-59,17,35348.049999999996,10.418092123399271,41000.0,True,True
1992,Tech,60-64,6,10505.679999999998,4.399762092486445,30000.0,True,True
1992,Finance,25-29,257,434456.0,201.95518538566085,28700.0,False,False
1992,Finance,30-34,334,568695.99,255.15202799528126,33000.0,False,False
1992,Finance,35-39,265,446196.79000000004,205.3956749861611,39000.0,False,False
1992,Finance,40-44,210,364857.95000000007,169.14924247488258,39900.0,False,False
1992,Finance,45-49,183,316168.84,139.9042787785661,39000.0,False,False
1992,Finance,50-54,127,219485.25,103.9873891222949,36000.0,False,False
1992,Finance,55-59,85,157174.08,68.23259832002812,35000.0,True,False
1992,Finance,60-64,52,95513.95,43.542806649465206,35000.0,True,False
1992,Healthcare,25-29,247,443066.65,188.77612352053396,29000.0,False,False
1992,Healthcare,30-34,326,533293.1900000001,249.26332715915422,33000.0,False,False
1992,Healthcare,35-39,386,638560.2999999999,291.2558908707544,35000.0,False,False
1992,Healthcare,40-44,311,539052.14,233.4013956268319,35000.0,False,False
1992,Healthcare,45-49,246,421902.14,197.53531780679626,36000.0,False,False
1992,Healthcare,50-54,164,268387.15,132.86508860281216,32000.0,False,False
1992,Healthcare,55-59,109,183400.74000000002,88.5894628165126,32808.0,False,False
1992,Healthcare,60-64,62,106325.11000000002,50.399130666959074,34000.0,True,False
1992,Other,25-29,5211,8930362.17,3902.1515809009597,21000.0,False,False
1992,Other,30-34,6102,10372436.8,4506.408231817342,25000.0,False,False
1992,Other,35-39,5862,9930026.34,4402.307494228031,26663.0,False,False
1992,Other,40-44,5594,9131601.46,4247.059692892559,28993.0,False,False
1992,Other,45-49,4691,7644868.789999999,3564.4553463129205,30000.0,False,False
1992,Other,50-54,3411,5661323.710000001,2646.538407633287,29500.0,False,False
1992,Other,55-59,2401,4032657.1999999997,1820.6348308613035,26402.0,False,False
1992,Other,60-64,1466,2470375.19,1124.3892965477362,26000.0,False,False
1993,Tech,25-29,97,174590.18999999997,75.74098905370938,36000.0,True,False
1993,Tech,30-34,155,277606.76,119.52712567803317,40000.0,False,False
1993,Tech,35-39,124,242240.47000000003,99.19371802561254,48000.0,False,False
1993,Tech,40-44,99,192785.7,76.26189441043627,45000.0,True,False
1993,Tech,45-49,60,113832.04000000002,48.91942705285276,48500.0,True,False
1993,Tech,50-54,33,66303.36,27.66216050345818,49800.0,True,False
1993,Tech,55-59,20,35497.76,17.57827855390806,40000.0,True,True
1993,Tech,60-64,4,8116.3,3.094729861054129,52711.0,True,True
1993,Finance,25-29,251,477425.39,184.63091668526934,30000.0,False,False
1993,Finance,30-34,302,550800.8300000001,238.8426912745197,35000.0,False,False
1993,Finance,35-39,260,441302.91000000003,195.2491551738761,38000.0,False,False
1993,Finance,40-44,223,403212.5800000001,176.14837374557686,36000.0,False,False
1993,Finance,45-49,193,345381.07999999996,148.43426525569677,39500.0,False,False
1993,Finance,50-54,124,219223.65999999997,98.96750775943309,38704.0,False,False
1993,Finance,55-59,77,134306.77000000002,60.24736442425863,34000.0,True,False
1993,Finance,60-64,36,66208.70999999999,25.59804435727618,43000.0,True,False
1993,Healthcare,25-29,289,507846.38,229.71325507333373,30000.0,False,False
1993,Healthcare,30-34,349,603333.95,267.34084828496356,31500.0,False,False
1993,Healthcare,35-39,368,667725.53,289.8029833563026,35000.0,False,False
1993,Healthcare,40-44,369,645692.0399999999,295.7901934616943,36900.0,False,False
1993,Healthcare,45-49,309,527155.11,240.62628122056336,36000.0,False,False
1993,Healthcare,50-54,172,317302.21,132.53842030539636,35000.0,False,False
1993,Healthcare,55-59,94,154773.23,73.22769703909314,34800.0,True,False
1993,Healthcare,60-64,65,101126.76,51.82384238697612,35000.0,True,False
1993,Other,25-29,5011,9018843.95,3796.289455786654,21000.0,False,False
1993,Other,30-34,5792,10301481.84,4322.485500170532,25000.0,False,False
1993,Other,35-39,5728,10223044.2,4247.072325321923,28000.0,False,False
1993,Other,40-44,5336,9258065.95,4045.9268103088607,29500.0,False,False
1993,Other,45-49,4629,7948501.66,3509.1896490955373,29900.0,False,False
1993,Other,50-54,3445,5898427.100000001,2647.4215854927465,30000.0,False,False
1993,Other,55-59,2373,4099490.2200000007,1840.7089996856794,27000.0,False,False
1993,Other,60-64,1296,2159093.08,1005.7571157292757,26000.0,False,False
1994,Tech,25-29,98,173895.75,77.28024445640061,38000.0,True,False
1994,Tech,30-34,162,282945.15,123.48123838443578,42000.0,False,False
1994,Tech,35-39,141,255483.22999999995,112.5846535531536,50000.0,False,False
1994,Tech,40-44,96,188270.78,72.13382632825609,49235.0,True,False
1994,Tech,45-49,73,134273.26,61.432385056935225,48300.0,True,False
1994,Tech,50-54,41,69041.79000000001,32.58052214414085,51865.0,True,False
1994,Tech,55-59,21,36279.93,17.505666241222503,50000.0,True,True
1994,Tech,60-64,6,10454.88,4.541292201131155,62000.0,True,True
1994,Finance,25-29,270,493175.57999999996,209.62334266266072,30000.0,False,False
1994,Finance,30-34,280,493242.85,221.88129623694286,35000.0,False,False
1994,Finance,35-39,276,509880.51,216.20431073162987,40000.0,False,False
1994,Finance,40-44,195,345429.25,155.33997446456294,41000.0,False,False
1994,Finance,45-49,203,374707.41000000003,156.64488579278722,44812.0,False,False
1994,Finance,50-54,131,216959.83000000002,106.37249571065979,40000.0,False,False
1994,Finance,55-59,79,143389.50999999998,58.34280179109198,39000.0,True,False
1994,Finance,60-64,43,75175.63999999998,34.334741512281596,43000.0,True,False
1994,Healthcare,25-29,261,463226.04000000004,201.8379729949983,29000.0,False,False
1994,Healthcare,30-34,378,650843.74,289.4608668191397,33000.0,False,False
1994,Healthcare,35-39,402,701280.98,287.01486315342964,37440.0,False,False
1994,Healthcare,40-44,357,633261.8800000001,277.8668034429362,38000.0,False,False
1994,Healthcare,45-49,295,488278.65,227.14319476952627,40000.0,False,False
1994,Healthcare,50-54,206,386089.29,151.57338924035227,39378.0,False,False
1994,Healthcare,55-59,121,211461.24000000002,91.76505296530037,35000.0,False,False
1994,Healthcare,60-64,65,110499.17,53.47364695202089,40000.0,True,False
1994,Other,25-29,4926,9176032.14,3647.0513876456735,21000.0,False,False
1994,Other,30-34,5968,10661730.829999998,4404.093177060956,25000.0,False,False
1994,Other,35-39,5826,10502263.15,4346.445837995169,28000.0,False,False
1994,Other,40-44,5371,9571640.219999999,4016.522270702323,29509.0,False,False
1994,Other,45-49,4848,8493783.99,3648.651578041646,31038.0,False,False
1994,Other,50-54,3633,6235492.040000001,2744.4315415460424,30000.0,False,False
1994,Other,55-59,2392,4170609.38,1848.7396815961422,28000.0,False,False
1994,Other,60-64,1314,2278043.13,1013.6209398626952,27000.0,False,False
1995,Tech,25-29,92,209045.94,79.51225499312272,36000.0,True,False
1995,Tech,30-34,133,319035.62,114.52275976175697,45000.0,False,False
1995,Tech,35-39,113,252545.31000000003,94.01678003720664,49000.0,False,False
1995,Tech,40-44,85,184302.33,69.99942482938526,50000.0,True,False
1995,Tech,45-49,82,190420.97,69.18511693605383,47000.0,True,False
1995,Tech,50-54,30,58489.02000000001,25.881900347859055,55000.0,True,False
1995,Tech,55-59,15,34202.02,12.854263047803471,54340.0,True,True
1995,Tech,60-64,4,7844.610000000001,3.110712090198326,62400.0,True,True
1995,Finance,25-29,238,539595.3,195.99425255419777,28000.0,False,False
1995,Finance,30-34,251,501581.86,204.9417489794045,35000.0,False,False
1995,Finance,35-39,228,492055.97,181.538388520568,40000.0,False,False
1995,Finance,40-44,189,396305.55000000005,152.12016239232133,40600.0,False,False
1995,Finance,45-49,204,419248.61,163.54661139129882,42000.0,False,False
1995,Finance,50-54,98,216534.52,79.83428220665012,40000.0,True,False
1995,Finance,55-59,88,188079.36,77.41765604102893,40000.0,True,False
1995,Finance,60-64,47,101950.48999999999,41.724960617450456,40000.0,True,False
1995,Healthcare,25-29,209,462391.07,171.15196129525333,30000.0,False,False
1995,Healthcare,30-34,297,626271.54,240.92347189182567,32000.0,False,False
1995,Healthcare,35-39,347,710616.8999999999,276.85764443716073,39000.0,False,False
1995,Healthcare,40-44,368,771512.95,298.2157034285463,40000.0,False,False
1995,Healthcare,45-49,277,542369.6499999999,219.33810614083714,38000.0,False,False
1995,Healthcare,50-54,166,337973.05000000005,134.31183425327916,35000.0,False,False
1995,Healthcare,55-59,129,259264.71000000002,106.8823807256716,39252.0,False,False
1995,Healthcare,60-64,53,108834.12000000001,45.89540638455687,39252.0,True,False
1995,Other,25-29,4290,9341561.84,3381.72104848979,22000.0,False,False
1995,Other,30-34,4947,10449332.08,3908.676207926005,25000.0,False,False
1995,Other,35-39,5362,10947725.26,4175.282919265058,28000.0,False,False
1995,Other,40-44,4889,10066123.629999999,3833.744147262194,30000.0,False,False
1995,Other,45-49,4428,8984843.16,3569.355017732525,31000.0,False,False
1995,Other,50-54,3156,6345580.77,2581.615245660089,30000.0,False,False
1995,Other,55-59,2145,4375133.28,1741.6648375519715,29393.0,False,False
1995,Other,60-64,1201,2367421.5700000003,974.2897803869123,26584.0,False,False
1996,Tech,25-29,105,239986.46,86.89183460009735,37000.0,False,False
1996,Tech,30-34,148,333322.44,126.56879155181424,44090.0,False,False
1996,Tech,35-39,120,287632.65,103.61811909837408,50000.0,False,False
1996,Tech,40-44,100,225622.68,86.98558446653124,50000.0,False,False
1996,Tech,45-49,92,208797.24,74.68533741336624,52213.0,True,False
1996,Tech,50-54,51,102444.46,41.95100535641668,50000.0,True,False
1996,Tech,55-59,14,30515.920000000002,13.062980339324753,71613.0,True,True
1996,Tech,60-64,11,22594.400000000005,9.14823630948747,60000.0,True,True
1996,Finance,25-29,236,510670.01,196.99438110243244,30000.0,False,False
1996,Finance,30-34,232,484635.49,188.9649445487458,35000.0,False,False
1996,Finance,35-39,264,567923.47,220.13380202180556,40000.0,False,False
1996,Finance,40-44,204,433330.02999999997,166.72250362986082,39000.0,False,False
1996,Finance,45-49,203,411346.47,170.0825690494808,40000.0,False,False
1996,Finance,50-54,138,282060.26,116.33256471436893,34668.0,False,False
1996,Finance,55-59,80,161360.81,65.3859103521153,35000.0,True,False
1996,Finance,60-64,49,102051.81000000001,42.69218498345952,40000.0,True,False
1996,Healthcare,25-29,251,562035.6799999999,213.1827271070742,30000.0,False,False
1996,Healthcare,30-34,290,622917.49,240.81643873098346,34000.0,False,False
1996,Healthcare,35-39,344,682422.72,269.95472233521093,35000.0,False,False
1996,Healthcare,40-44,358,737840.23,292.27555190192834,39000.0,False,False
1996,Healthcare,45-49,324,680331.6699999999,262.0819602033794,40000.0,False,False
1996,Healthcare,50-54,198,381380.68,156.5870582110104,37584.0,False,False
1996,Healthcare,55-59,137,288363.13999999996,113.45268663424862,34900.0,False,False
1996,Healthcare,60-64,58,116508.47,48.76540420004115,35000.0,True,False
1996,Other,25-29,4400,9252689.41,3489.402721488468,23000.0,False,False
1996,Other,30-34,4894,10151622.72,3876.770716304349,26000.0,False,False
1996,Other,35-39,5308,10996835.35,4240.069121706303,29000.0,False,False
1996,Other,40-44,5093,10570777.58,3985.4374199734325,30000.0,False,False
1996,Other,45-49,4315,8965579.77,3414.2655661807835,31200.0,False,False
1996,Other,50-54,3472,7121726.209999999,2822.446096231928,31100.0,False,False
1996,Other,55-59,2187,4484314.45,1765.8569397875353,30000.0,False,False
1996,Other,60-64,1190,2359101.95,966.993614213511,28000.0,False,False
1997,Tech,25-29,101,237984.98,83.195131813874,44000.0,False,False
1997,Tech,30-34,130,265055.33,108.32965479221619,45000.0,False,False
1997,Tech,35-39,148,325201.69999999995,120.96939834845475,50000.0,False,False
1997,Tech,40-44,106,250106.74000000002,89.5854928824676,49950.0,False,False
1997,Tech,45-49,85,195516.81,70.60525906716911,60000.0,True,False
1997,Tech,50-54,52,100256.40000000001,40.98396509860848,53000.0,True,False
1997,Tech,55-59,22,48652.55,20.28376732085948,53000.0,True,True
1997,Tech,60-64,8,17918.24,6.5257747482827515,56000.0,True,True
1997,Finance,25-29,228,498507.45999999996,190.36290928848388,30000.0,False,False
1997,Finance,30-34,237,497300.11000000004,196.37973561801036,37000.0,False,False
1997,Finance,35-39,234,507654.93000000005,196.13052356874715,40000.0,False,False
1997,Finance,40-44,216,472928.05000000005,180.6044281818799,38000.0,False,False
1997,Finance,45-49,195,409132.36,157.43525666530425,40000.0,False,False
1997,Finance,50-54,155,308604.51,128.90211858805324,45000.0,False,False
1997,Finance,55-59,90,174846.00000000003,74.79728010834293,39000.0,True,False
1997,Finance,60-64,42,82936.15000000001,35.34790790114241,42060.0,True,False
1997,Healthcare,25-29,261,582472.22,215.53790726591996,30000.0,False,False
1997,Healthcare,30-34,325,706456.95,275.6948837616701,34000.0,False,False
1997,Healthcare,35-39,293,598522.4,241.87475552942712,37500.0,False,False
1997,Healthcare,40-44,386,807011.4099999999,313.3780500072435,38000.0,False,False
1997,Healthcare,45-49,328,670375.8099999999,271.7562385560563,40000.0,False,False
1997,Healthcare,50-54,193,364061.93999999994,154.1371737808063,40000.0,False,False
1997,Healthcare,55-59,121,257105.46000000002,100.78514360434171,35000.0,False,False
1997,Healthcare,60-64,60,132197.09000000003,50.741715430361076,33000.0,True,False
1997,Other,25-29,4381,9370298.3,3497.134078093527,24000.0,False,False
1997,Other,30-34,4920,10167011.74,3892.50666904169,28000.0,False,False
1997,Other,35-39,5264,11071184.170000002,4144.903900422089,30000.0,False,False
1997,Other,40-44,5168,10852130.94,4091.7701888519687,31000.0,False,False
1997,Other,45-49,4563,9434680.79,3657.9659112556183,32000.0,False,False
1997,Other,50-54,3676,7470162.6,2968.56598165356,33000.0,False,False
1997,Other,55-59,2409,4977971.05,1928.9267491221415,30000.0,False,False
1997,Other,60-64,1237,2555571.7300000004,1020.2222717806587,30000.0,False,False
1998,Tech,25-29,140,320781.17,117.3306527132438,47000.0,False,False
1998,Tech,30-34,153,328608.86,127.84730842562129,52500.0,False,False
1998,Tech,35-39,132,304238.87,108.19196547022887,60000.0,False,False
1998,Tech,40-44,121,280426.98,93.07345905253908,60000.0,False,False
1998,Tech,45-49,112,231452.34000000003,88.66473619024035,60000.0,False,False
1998,Tech,50-54,55,109120.07000000002,46.50071775801623,58000.0,True,False
1998,Tech,55-59,35,69337.40999999999,29.2834880934133,52000.0,True,False
1998,Tech,60-64,15,31804.84,12.800209495836357,70000.0,True,True
1998,Finance,25-29,215,513713.13999999996,176.2110673419348,34400.0,False,False
1998,Finance,30-34,230,468978.39,185.13820483000973,38000.0,False,False
1998,Finance,35-39,249,553125.66,208.2762352989703,45000.0,False,False
1998,Finance,40-44,242,516211.86,201.1235906697473,46000.0,False,False
1998,Finance,45-49,213,425864.1,172.11839085563145,47000.0,False,False
1998,Finance,50-54,160,322293.38,132.20056977673838,43000.0,False,False
1998,Finance,55-59,106,236634.54,92.22743569214877,40000.0,False,False
1998,Finance,60-64,44,75218.42000000003,34.842042411200495,38000.0,True,False
1998,Healthcare,25-29,240,541170.36,193.59274769026956,32176.0,False,False
1998,Healthcare,30-34,295,602149.8700000001,241.0707548271331,36000.0,False,False
1998,Healthcare,35-39,327,668347.6100000001,260.3765875807256,39000.0,False,False
1998,Healthcare,40-44,360,772921.39,292.13493865833857,40267.0,False,False
1998,Healthcare,45-49,329,671064.46,266.16656338840454,39000.0,False,False
1998,Healthcare,50-54,234,474910.45999999996,188.7988794120453,39500.0,False,False
1998,Healthcare,55-59,137,287909.34,109.48651606215932,43000.0,False,False
1998,Healthcare,60-64,70,151693.81000000006,59.45416145288129,43300.0,True,False
1998,Other,25-29,4387,9447749.84,3416.5611693101728,25000.0,False,False
1998,Other,30-34,4984,10157810.85,3933.3355221977645,29500.0,False,False
1998,Other,35-39,5428,11549442.23,4209.779334452888,30000.0,False,False
1998,Other,40-44,5402,11320999.920000002,4191.720728682485,32000.0,False,False
1998,Other,45-49,4868,9950204.379999999,3895.933331764571,33000.0,False,False
1998,Other,50-54,3925,8059179.03,3159.878595952515,35000.0,False,False
1998,Other,55-59,2494,5167477.2,2027.4834044574307,32000.0,False,False
1998,Other,60-64,1283,2666318.4699999997,1051.9961360801035,30026.0,False,False
1999,Tech,25-29,135,332958.80000000005,110.3588880907193,50000.0,False,False
1999,Tech,30-34,161,356873.98,131.83653345909494,55500.0,False,False
1999,Tech,35-39,159,391567.24,132.58904872074345,60000.0,False,False
1999,Tech,40-44,133,305261.54000000004,109.8125366621837,59000.0,False,False
1999,Tech,45-49,111,232096.26,86.70166647565198,60000.0,False,False
1999,Tech,50-54,61,140989.02999999997,50.92484269435428,60000.0,True,False
1999,Tech,55-59,30,65569.17,23.876719751447595,60000.0,True,False
1999,Tech,60-64,4,7641.17,3.733467989893084,52000.0,True,True
1999,Finance,25-29,207,485860.91000000003,172.5741946508399,40000.0,False,False
1999,Finance,30-34,240,542478.27,196.38094431768585,41000.0,False,False
1999,Finance,35-39,243,507709.36,191.18548722839068,50000.0,False,False
1999,Finance,40-44,225,475871.88,183.91298755322308,50000.0,False,False
1999,Finance,45-49,200,436450.23,167.43589291450158,45000.0,False,False
1999,Finance,50-54,196,392790.02,161.13444277179073,47000.0,False,False
1999,Finance,55-59,106,228781.53,91.11730358857689,48000.0,False,False
1999,Finance,60-64,45,84702.52,36.57089455690982,40000.0,True,False
1999,Healthcare,25-29,215,468361.38,175.46160008961067,33000.0,False,False
1999,Healthcare,30-34,267,572185.01,215.607024690893,38000.0,False,False
1999,Healthcare,35-39,268,557587.6600000001,211.55570089918186,39000.0,False,False
1999,Healthcare,40-44,359,771874.31,285.7210620898937,40000.0,False,False
1999,Healthcare,45-49,332,675652.04,260.15180529031,40000.0,False,False
1999,Healthcare,50-54,267,530838.0700000001,218.6196412738338,42000.0,False,False
1999,Healthcare,55-59,142,292292.13,114.76768725926763,48000.0,False,False
1999,Healthcare,60-64,84,173155.75,66.1291223975052,48000.0,True,False
1999,Other,25-29,4481,9283821.91,3441.9343823218464,26000.0,False,False
1999,Other,30-34,5045,10240566.16,3917.9461193819557,30000.0,False,False
1999,Other,35-39,5569,11576504.030000001,4360.61380602171,31000.0,False,False
1999,Other,40-44,5507,11676203.260000002,4357.572936299481,33000.0,False,False
1999,Other,45-49,5031,10390006.01,3953.7793141355346,35000.0,False,False
1999,Other,50-54,4177,8422082.46,3337.8627186539165,35600.0,False,False
1999,Other,55-59,2571,5338176.17,2075.266572200132,32870.0,False,False
1999,Other,60-64,1383,2802051.3900000006,1123.5932990927074,31000.0,False,False
2000,Tech,25-29,215,366450.7,166.9949075891602,51000.0,False,False
2000,Tech,30-34,289,423160.06000000006,214.97153129461788,56800.0,False,False
2000,Tech,35-39,287,399836.15,196.17808166923294,65000.0,False,False
2000,Tech,40-44,243,294421.53,179.70640423993348,65910.0,False,False
2000,Tech,45-49,186,231944.49,131.18115356977347,69964.0,False,False
2000,Tech,50-54,106,165367.56999999998,77.84666124070787,70000.0,False,False
2000,Tech,55-59,54,94034.93999999999,40.37128548886734,61000.0,True,False
2000,Tech,60-64,15,21541.72,12.314423552009423,45760.0,True,True
2000,Finance,25-29,290,468463.5,208.41956749220918,36500.0,False,False
2000,Finance,30-34,425,592541.6500000001,308.80100904495254,45000.0,False,False
2000,Finance,35-39,446,534687.5700000001,322.9759479467707,48000.0,False,False
2000,Finance,40-44,469,571891.77,325.4046251841359,50000.0,False,False
2000,Finance,45-49,368,480044.0,263.22702489687987,48500.0,False,False
2000,Finance,50-54,250,370325.51,181.94198892178292,46000.0,False,False
2000,Finance,55-59,125,213545.25,93.2981286859576,51000.0,False,False
2000,Finance,60-64,63,114848.76999999999,49.55799971419754,39000.0,True,False
2000,Healthcare,25-29,402,552574.93,287.3326861079651,35000.0,False,False
2000,Healthcare,30-34,470,628875.98,342.9934256381021,38000.0,False,False
2000,Healthcare,35-39,578,677332.0700000001,420.3015714666692,42000.0,False,False
2000,Healthcare,40-44,680,809599.83,480.9011282902006,41000.0,False,False
2000,Healthcare,45-49,621,761998.8,399.93414936405543,43000.0,False,False
2000,Healthcare,50-54,402,570530.8999999999,295.73915170991984,45000.0,False,False
2000,Healthcare,55-59,198,333840.11,152.60499764732646,44000.0,False,False
2000,Healthcare,60-64,114,167563.98,85.5205590673299,38000.0,False,False
2000,Other,25-29,6577,9443395.99,4683.842763605733,27000.0,False,False
2000,Other,30-34,8059,10528954.540000001,5733.110460523583,30000.0,False,False
2000,Other,35-39,9373,11478780.68,6679.983329895946,32350.0,False,False
2000,Other,40-44,9871,11881859.32,6995.6601887301385,35000.0,False,False
2000,Other,45-49,8362,10690573.68,5872.595288787156,35000.0,False,False
2000,Other,50-54,6435,9201553.83,4593.862292018274,36002.0,False,False
2000,Other,55-59,3729,5783962.04,2650.9737958512123,34000.0,False,False
2000,Other,60-64,1842,2891517.3499999996,1331.8916996692665,31415.0,False,False
2001,Tech,25-29,215,355237.43999999994,161.85738150103194,52000.0,False,False
2001,Tech,30-34,314,471993.54000000004,227.288521029009,61916.0,False,False
2001,Tech,35-39,252,350499.79000000004,190.12120309914792,68000.0,False,False
2001,Tech,40-44,235,299052.39,171.3895263678119,65000.0,False,False
2001,Tech,45-49,148,193292.06,104.39557557733923,70000.0,False,False
2001,Tech,50-54,108,165357.33000000002,72.7896042675252,60000.0,False,False
2001,Tech,55-59,46,79739.02,37.39623614625306,68000.0,True,False
2001,Tech,60-64,18,27500.15,15.008559988448164,65000.0,True,True
2001,Finance,25-29,291,477860.04,202.03663818831922,40000.0,False,False
2001,Finance,30-34,427,549733.64,312.01753888155673,45000.0,False,False
2001,Finance,35-39,444,537603.98,323.0869657252756,50000.0,False,False
2001,Finance,40-44,452,535535.8400000001,322.1626343807677,50000.0,False,False
2001,Finance,45-49,349,443892.81,251.48426386057403,50000.0,False,False
2001,Finance,50-54,254,388012.29000000004,185.14496634671747,49500.0,False,False
2001,Finance,55-59,182,301026.01,135.31290903579966,62500.0,False,False
2001,Finance,60-64,73,136783.38999999998,59.016298696017174,42800.0,True,False
2001,Healthcare,25-29,398,559750.91,286.574178823717,35000.0,False,False
2001,Healthcare,30-34,494,632819.79,353.54407173855554,40000.0,False,False
2001,Healthcare,35-39,569,676312.97,406.9799014240394,41600.0,False,False
2001,Healthcare,40-44,676,814287.84,478.8478118887807,42302.0,False,False
2001,Healthcare,45-49,652,830349.86,444.8867781062326,49000.0,False,False
2001,Healthcare,50-54,436,612264.9199999999,322.39756892825164,48000.0,False,False
2001,Healthcare,55-59,239,388363.82000000007,182.27889508604179,45000.0,False,False
2001,Healthcare,60-64,102,160196.62999999998,74.05700222225275,46000.0,False,False
2001,Other,25-29,6265,9050691.66,4431.370389802082,28000.0,False,False
2001,Other,30-34,7755,10063302.32,5420.667201400838,31000.0,False,False
2001,Other,35-39,8886,11016619.23,6408.290485872354,34000.0,False,False
2001,Other,40-44,9538,11678099.15,6730.435331495985,35000.0,False,False
2001,Other,45-49,8356,10809051.2,5922.726836289569,36000.0,False,False
2001,Other,50-54,6430,9231873.59,4523.584260647938,37000.0,False,False
2001,Other,55-59,4028,6116021.9399999995,2911.9974771036236,35720.0,False,False
2001,Other,60-64,1935,3070986.4799999995,1400.3571790907579,32300.0,False,False
2002,Tech,25-29,291,508095.23,217.82864264508876,49000.0,False,False
2002,Tech,30-34,338,497016.67000000004,243.89798962272218,56000.0,False,False
2002,Tech,35-39,320,448876.26,227.84981169044963,70000.0,False,False
2002,Tech,40-44,324,408466.74,236.0660631195178,68000.0,False,False
2002,Tech,45-49,256,364017.43000000005,186.1504532859857,75000.0,False,False
2002,Tech,50-54,165,249311.40000000002,118.79942667295263,65000.0,False,False
2002,Tech,55-59,84,139970.06,61.88895176892374,70000.0,True,False
2002,Tech,60-64,37,61855.65,28.133854980212362,71000.0,True,False
2002,Finance,25-29,251,367724.06999999995,173.7750645181639,40000.0,False,False
2002,Finance,30-34,387,546203.41,276.7601074425284,43500.0,False,False
2002,Finance,35-39,420,515730.93000000005,303.75346704302524,50000.0,False,False
2002,Finance,40-44,471,588145.6900000001,349.8771572010487,55000.0,False,False
2002,Finance,45-49,382,469778.63,276.81703594227633,51000.0,False,False
2002,Finance,50-54,276,419169.32,187.14960849422846,53000.0,False,False
2002,Finance,55-59,174,289439.76999999996,129.1639421386018,49000.0,False,False
2002,Finance,60-64,86,147758.66000000003,65.51135451656866,50000.0,True,False
2002,Healthcare,25-29,321,509453.23000000004,233.41651034005451,40000.0,False,False
2002,Healthcare,30-34,420,585010.29,310.21643858910744,44000.0,False,False
2002,Healthcare,35-39,446,574789.28,325.8563413330544,45000.0,False,False
2002,Healthcare,40-44,591,709395.8,429.02779490606486,48000.0,False,False
2002,Healthcare,45-49,597,785368.4500000001,424.76626265601124,49421.0,False,False
2002,Healthcare,50-54,422,601679.95,299.1507429155314,48600.0,False,False
2002,Healthcare,55-59,234,408422.05,169.69109983266978,50000.0,False,False
2002,Healthcare,60-64,109,170848.71000000002,81.18900199012351,44250.0,False,False
2002,Other,25-29,5994,8952569.469999999,4254.861125053996,28000.0,False,False
2002,Other,30-34,7439,10081876.98,5233.9810865072395,32000.0,False,False
2002,Other,35-39,8298,10481663.36,5843.3784504628975,35000.0,False,False
2002,Other,40-44,9279,11383156.809999999,6634.693510029181,35000.0,False,False
2002,Other,45-49,8328,10769744.21,5842.475317409457,37000.0,False,False
2002,Other,50-54,6343,9031047.51,4430.753152734049,38000.0,False,False
2002,Other,55-59,4085,6354706.359999999,2943.9790078814367,37000.0,False,False
2002,Other,60-64,2026,3194075.59,1481.9663177462335,35000.0,False,False
2003,Tech,25-29,206,392829.56999999995,143.60411510117714,54000.0,False,False
2003,Tech,30-34,329,478884.3,229.41642202116208,60000.0,False,False
2003,Tech,35-39,355,479232.62,254.9547844181996,62000.0,False,False
2003,Tech,40-44,322,437533.78,205.0180865354841,68000.0,False,False
2003,Tech,45-49,291,401678.67,221.98819604694972,70000.0,False,False
2003,Tech,50-54,175,277657.75999999995,129.32889497107396,73000.0,False,False
2003,Tech,55-59,94,149317.36,67.84286254755746,65000.0,True,False
2003,Tech,60-64,41,65063.38999999999,30.317795523873478,60800.0,True,False
2003,Finance,25-29,275,434257.35,186.3282911634371,40000.0,False,False
2003,Finance,30-34,386,573682.76,280.350673508756,45000.0,False,False
2003,Finance,35-39,385,503492.53,285.7833611849122,53000.0,False,False
2003,Finance,40-44,459,583701.09,318.3412843732564,54000.0,False,False
2003,Finance,45-49,382,492461.6400000001,274.1219420182859,52000.0,False,False
2003,Finance,50-54,267,387497.07,182.14351517941844,50000.0,False,False
2003,Finance,55-59,194,315720.04,139.22239063788697,47500.0,False,False
2003,Finance,60-64,81,154593.21000000002,61.26855230918964,52290.0,True,False
2003,Healthcare,25-29,313,496501.12,216.58208366000616,37000.0,False,False
2003,Healthcare,30-34,447,651593.2300000001,324.8179897567935,45000.0,False,False
2003,Healthcare,35-39,443,596789.37,311.72267547186,49000.0,False,False
2003,Healthcare,40-44,573,719816.36,420.37966594685116,48000.0,False,False
2003,Healthcare,45-49,631,825696.3799999999,443.81373029212074,50000.0,False,False
2003,Healthcare,50-54,424,579585.6699999999,303.42577096720066,50000.0,False,False
2003,Healthcare,55-59,258,425057.54000000004,177.81991788279433,53000.0,False,False
2003,Healthcare,60-64,120,202860.57,88.838883376954,54000.0,False,False
2003,Other,25-29,5746,8968396.5,4000.2145404628595,28600.0,False,False
2003,Other,30-34,7130,9831304.280000001,4938.426641244588,32000.0,False,False
2003,Other,35-39,7642,10056494.5,5327.8918687856685,35000.0,False,False
2003,Other,40-44,8829,11095454.11,6095.293784524354,36000.0,False,False
2003,Other,45-49,8375,10942269.66,5780.356818236695,38000.0,False,False
2003,Other,50-54,6456,9235619.209999999,4450.084216133624,40000.0,False,False
2003,Other,55-59,4322,6675617.27,3030.2895026760684,39189.0,False,False
2003,Other,60-64,2112,3342070.67,1487.7910779455033,35000.0,False,False
2004,Tech,25-29,229,393501.8,170.7727996311125,50000.0,False,False
2004,Tech,30-34,351,523206.11999999994,249.02645010855338,60000.0,False,False
2004,Tech,35-39,313,434943.22,216.24587955333874,65000.0,False,False
2004,Tech,40-44,325,425318.9,234.59968418407007,68000.0,False,False
2004,Tech,45-49,266,365669.48,194.74805638935464,68000.0,False,False
2004,Tech,50-54,193,291980.06000000006,140.9055005382185,70000.0,False,False
2004,Tech,55-59,108,186511.21000000002,84.88140519173436,75000.0,False,False
2004,Tech,60-64,42,84385.19,33.1713782143401,84000.0,True,False
2004,Finance,25-29,264,410940.8,186.46790473143466,40000.0,False,False
2004,Finance,30-34,350,517488.3899999999,249.18367889783704,50000.0,False,False
2004,Finance,35-39,414,534417.6399999999,293.48535666433395,50200.0,False,False
2004,Finance,40-44,439,550347.0,313.2700731482367,55000.0,False,False
2004,Finance,45-49,360,491140.93000000005,261.2799809490843,54700.0,False,False
2004,Finance,50-54,279,436951.69000000006,193.16230282314592,48500.0,False,False
2004,Finance,55-59,195,316081.07999999996,144.21734006813207,50000.0,False,False
2004,Finance,60-64,92,185984.96,70.59244186525542,50000.0,True,False
2004,Healthcare,25-29,315,450729.67,218.31978770802223,39000.0,False,False
2004,Healthcare,30-34,417,571721.4,291.48053028023406,45000.0,False,False
2004,Healthcare,35-39,496,651071.44,345.8366628059735,50000.0,False,False
2004,Healthcare,40-44,527,668955.11,379.9708887954921,50000.0,False,False
2004,Healthcare,45-49,573,788977.25,398.2252333390546,50000.0,False,False
2004,Healthcare,50-54,478,661935.78,335.5633192274254,53000.0,False,False
2004,Healthcare,55-59,288,494219.83999999997,213.4136490901689,50000.0,False,False
2004,Healthcare,60-64,130,237678.59999999998,89.05354488958203,58000.0,False,False
2004,Other,25-29,5819,9216826.56,4023.3677915544763,29218.0,False,False
2004,Other,30-34,6885,9628349.77,4782.648849797066,33000.0,False,False
2004,Other,35-39,7632,10103110.0,5300.161283518955,35000.0,False,False
2004,Other,40-44,8531,11239334.049999999,5875.728372465239,37000.0,False,False
2004,Other,45-49,8185,11184800.669999998,5608.146181456988,38000.0,False,False
2004,Other,50-54,6492,9496318.49,4585.583170274008,39151.0,False,False
2004,Other,55-59,4387,6926580.07,3140.7725302453177,39000.0,False,False
2004,Other,60-64,2167,3536366.95,1552.8208555033357,36000.0,False,False
2005,Tech,25-29,227,432798.02999999997,172.45190830996933,50000.0,False,False
2005,Tech,30-34,326,491064.75,240.77030438255045,60000.0,False,False
2005,Tech,35-39,353,490395.92,262.5252856457034,72000.0,False,False
2005,Tech,40-44,362,519950.47,272.44397720091973,72000.0,False,False
2005,Tech,45-49,275,384273.12,199.5195604105522,71000.0,False,False
2005,Tech,50-54,219,334586.85000000003,161.48312981194317,75000.0,False,False
2005,Tech,55-59,124,196952.37999999998,92.40119224319585,75000.0,False,False
2005,Tech,60-64,46,85383.74999999999,37.75853735540896,90000.0,True,False
2005,Finance,25-29,298,515880.59,216.46036017209556,45000.0,False,False
2005,Finance,30-34,295,457626.89,222.15036772172533,50000.0,False,False
2005,Finance,35-39,405,547887.48,297.93704868159455,58001.0,False,False
2005,Finance,40-44,408,548400.6599999999,296.6324641952397,59600.0,False,False
2005,Finance,45-49,400,559080.37,292.0138568882684,60000.0,False,False
2005,Finance,50-54,266,404139.98000000004,193.09876985996294,54000.0,False,False
2005,Finance,55-59,206,352856.9,154.4495289655802,59000.0,False,False
2005,Finance,60-64,95,176408.61000000004,72.29427296056305,50000.0,True,False
2005,Healthcare,25-29,303,479439.4,224.3327262502794,40000.0,False,False
2005,Healthcare,30-34,406,566001.04,301.0799262392706,43128.0,False,False
2005,Healthcare,35-39,498,662615.05,364.46298338232555,50000.0,False,False
2005,Healthcare,40-44,510,693518.34,366.39105705871225,50000.0,False,False
2005,Healthcare,45-49,563,815586.51,414.20497949669243,55000.0,False,False
2005,Healthcare,50-54,478,679912.53,345.27494292452377,55000.0,False,False
2005,Healthcare,55-59,305,518832.44999999995,219.9819990671816,55000.0,False,False
2005,Healthcare,60-64,114,200477.21000000002,88.3689659998493,55000.0,False,False
2005,Other,25-29,6080,9759882.36,4332.021693930965,30000.0,False,False
2005,Other,30-34,6602,9393676.36,4730.955135499123,34000.0,False,False
2005,Other,35-39,7729,10328124.42,5450.170442552122,37000.0,False,False
2005,Other,40-44,8437,11175816.239999998,5985.248114128877,38000.0,False,False
2005,Other,45-49,8182,11364030.75,5927.469971888022,40000.0,False,False
2005,Other,50-54,6507,9599430.05,4674.6456670683565,40000.0,False,False
2005,Other,55-59,4662,7522830.34,3426.8274102292785,40000.0,False,False
2005,Other,60-64,2187,3702782.6399999997,1617.6071962905228,36701.0,False,False
2006,Tech,25-29,216,405450.18,157.47933325287255,52000.0,False,False
2006,Tech,30-34,299,468099.0,223.91568456290977,62500.0,False,False
2006,Tech,35-39,354,540784.38,259.92781383117415,74000.0,False,False
2006,Tech,40-44,366,532054.15,278.9482084411248,80000.0,False,False
2006,Tech,45-49,287,407661.1,215.57275038846691,80000.0,False,False
2006,Tech,50-54,234,371286.79000000004,161.6271430796171,72000.0,False,False
2006,Tech,55-59,124,207184.18,93.04912586974648,80000.0,False,False
2006,Tech,60-64,49,100199.6,39.744021204238656,70000.0,True,False
2006,Finance,25-29,273,519846.10000000003,208.73146071429682,46000.0,False,False
2006,Finance,30-34,330,525133.79,238.48165790348773,50000.0,False,False
2006,Finance,35-39,395,553155.9099999999,291.27663742233153,55000.0,False,False
2006,Finance,40-44,415,558111.9099999999,305.58732077980176,57000.0,False,False
2006,Finance,45-49,406,584427.44,300.5372539567621,60000.0,False,False
2006,Finance,50-54,312,471376.06,225.50408575592306,60000.0,False,False
2006,Finance,55-59,199,323738.22000000003,152.15911899969987,62000.0,False,False
2006,Finance,60-64,93,158366.24000000002,68.20838933110235,57000.0,True,False
2006,Healthcare,25-29,336,525848.8600000001,232.41919247073963,40000.0,False,False
2006,Healthcare,30-34,452,670613.45,330.14076079146986,48000.0,False,False
2006,Healthcare,35-39,530,711212.6,379.7069105514641,52000.0,False,False
2006,Healthcare,40-44,501,693500.8300000001,363.66878890743544,50000.0,False,False
2006,Healthcare,45-49,541,723427.88,386.2630074975126,56000.0,False,False
2006,Healthcare,50-54,476,685978.76,342.8029950004615,59179.0,False,False
2006,Healthcare,55-59,318,506332.56000000006,233.28439505621554,60000.0,False,False
2006,Healthcare,60-64,158,287553.16,121.04348810106461,52000.0,False,False
2006,Other,25-29,6196,10243551.290000001,4466.308631513975,30000.0,False,False
2006,Other,30-34,6569,9579214.04,4691.65110610254,35000.0,False,False
2006,Other,35-39,7564,10323381.0,5378.886377250595,38000.0,False,False
2006,Other,40-44,8274,11101471.760000002,6000.248366317503,39300.0,False,False
2006,Other,45-49,8052,11368938.25,5615.939078919311,40000.0,False,False
2006,Other,50-54,6742,10227894.91,4804.634100480582,40000.0,False,False
2006,Other,55-59,4884,7908007.669999999,3567.706174930325,40000.0,False,False
2006,Other,60-64,2373,4001215.5599999996,1739.9927107356182,38636.0,False,False
2007,Tech,25-29,248,455132.32999999996,189.46615449024392,54083.0,False,False
2007,Tech,30-34,347,536699.11,266.5703400115409,65500.0,False,False
2007,Tech,35-39,390,596227.6499999999,290.37363542758055,72000.0,False,False
2007,Tech,40-44,394,552223.31,298.4683844924822,78000.0,False,False
2007,Tech,45-49,347,480812.38,258.2046231103563,76000.0,False,False
2007,Tech,50-54,229,350646.06999999995,167.08827827956517,80000.0,False,False
2007,Tech,55-59,137,214939.12,100.58087522503865,78000.0,False,False
2007,Tech,60-64,69,135390.37000000002,55.20245595006575,75000.0,True,False
2007,Finance,25-29,341,588655.94,246.30940248812144,45000.0,False,False
2007,Finance,30-34,347,557568.52,252.39142802968829,52000.0,False,False
2007,Finance,35-39,420,563867.1599999999,307.3099639517365,60000.0,False,False
2007,Finance,40-44,370,511933.4600000001,282.77421050116084,60000.0,False,False
2007,Finance,45-49,372,534483.6599999999,279.8486541148034,57000.0,False,False
2007,Finance,50-54,290,446697.6,209.74711515568387,60000.0,False,False
2007,Finance,55-59,199,337154.67000000004,152.57719768210634,59000.0,False,False
2007,Finance,60-64,111,188015.51,78.68642242447962,60000.0,False,False
2007,Healthcare,25-29,306,512311.16000000003,222.85829372155905,45000.0,False,False
2007,Healthcare,30-34,457,655346.36,332.29488719237656,49000.0,False,False
2007,Healthcare,35-39,527,735399.67,395.08008951896005,55000.0,False,False
2007,Healthcare,40-44,521,728942.85,384.8818895040361,55000.0,False,False
2007,Healthcare,45-49,548,780257.4199999999,399.9602381530629,55000.0,False,False
2007,Healthcare,50-54,535,805161.3200000001,393.1422569135892,60000.0,False,False
2007,Healthcare,55-59,361,606890.6599999999,270.42542534360433,59000.0,False,False
2007,Healthcare,60-64,182,297410.65,133.51619209667098,59469.0,False,False
2007,Other,25-29,6103,10211174.65,4381.560406371452,30160.0,False,False
2007,Other,30-34,6478,9401793.7,4637.354966291817,35000.0,False,False
2007,Other,35-39,7454,10260424.450000001,5383.768105997221,40000.0,False,False
2007,Other,40-44,7927,10747394.36,5653.175698778979,40000.0,False,False
2007,Other,45-49,8016,11349127.65,5725.380150458332,40000.0,False,False
2007,Other,50-54,6853,10352154.64,4897.428614963502,40500.0,False,False
2007,Other,55-59,5025,8050454.77,3658.840733318458,42000.0,False,False
2007,Other,60-64,2648,4455337.550000001,1953.081284117807,40000.0,False,False
2008,Tech,25-29,266,476499.24,197.3107403119195,55000.0,False,False
2008,Tech,30-34,371,546234.71,269.967677130607,66000.0,False,False
2008,Tech,35-39,385,551386.79,289.1189828150597,80000.0,False,False
2008,Tech,40-44,352,468395.0,267.08606655157985,82000.0,False,False
2008,Tech,45-49,375,504763.7700000001,275.9569835680135,80000.0,False,False
2008,Tech,50-54,261,386445.69,189.30348555227803,78000.0,False,False
2008,Tech,55-59,127,201831.42999999996,94.31351010768384,85000.0,False,False
2008,Tech,60-64,62,113548.29,47.781627305865285,83000.0,True,False
2008,Finance,25-29,325,589692.3500000001,233.73180398021904,46000.0,False,False
2008,Finance,30-34,387,536835.21,267.91068012065693,60000.0,False,False
2008,Finance,35-39,370,495724.06999999995,271.80318145762635,65000.0,False,False
2008,Finance,40-44,367,473095.9799999999,267.1464364031467,65000.0,False,False
2008,Finance,45-49,398,524681.48,294.0457874506862,60000.0,False,False
2008,Finance,50-54,303,440585.95,214.15002914180968,60000.0,False,False
2008,Finance,55-59,192,319667.77,137.5072421634187,60000.0,False,False
2008,Finance,60-64,133,229690.93000000002,96.63855276673057,68000.0,False,False
2008,Healthcare,25-29,326,575056.2999999999,239.66468159385042,45000.0,False,False
2008,Healthcare,30-34,468,677098.96,344.5995826283433,50000.0,False,False
2008,Healthcare,35-39,549,767042.5,406.809724984302,56000.0,False,False
2008,Healthcare,40-44,531,688978.89,406.1458930801999,55000.0,False,False
2008,Healthcare,45-49,551,783903.0700000001,406.3589413079341,60000.0,False,False
2008,Healthcare,50-54,544,797252.5800000001,390.7508371632964,60000.0,False,False
2008,Healthcare,55-59,353,569588.54,258.1383210858931,60000.0,False,False
2008,Healthcare,60-64,193,346880.37,149.5657058242299,62000.0,False,False
2008,Other,25-29,5794,9732892.030000001,4127.074205000341,32000.0,False,False
2008,Other,30-34,6271,8967714.530000001,4477.249393893424,37000.0,False,False
2008,Other,35-39,6994,9634167.33,4993.561553505232,40000.0,False,False
2008,Other,40-44,7676,10242099.620000001,5554.595880893289,40000.0,False,False
2008,Other,45-49,7702,10737900.1,5489.782744803958,41108.0,False,False
2008,Other,50-54,6712,10061777.31,4853.441291946546,42000.0,False,False
2008,Other,55-59,4889,7964685.239999999,3569.3261743753724,43000.0,False,False
2008,Other,60-64,2719,4539047.54,2001.560507432895,43000.0,False,False
2009,Tech,25-29,252,440869.09,191.7695601072175,55000.0,False,False
2009,Tech,30-34,362,546859.7000000001,268.200321555256,65000.0,False,False
2009,Tech,35-39,381,559074.98,286.31354886611746,75500.0,False,False
2009,Tech,40-44,365,500836.39999999997,273.827972768026,80000.0,False,False
2009,Tech,45-49,337,472513.9,253.18983864814848,86700.0,False,False
2009,Tech,50-54,260,400081.96,194.80820741620988,85000.0,False,False
2009,Tech,55-59,151,257762.22,106.27801798867885,90000.0,False,False
2009,Tech,60-64,58,121357.09,45.38181631570259,80000.0,True,False
2009,Finance,25-29,283,508018.32999999996,203.7470512901956,50000.0,False,False
2009,Finance,30-34,355,497138.87,242.84252857249425,53000.0,False,False
2009,Finance,35-39,390,530613.53,281.589735562161,60000.0,False,False
2009,Finance,40-44,371,490417.21,280.13236118217634,60000.0,False,False
2009,Finance,45-49,365,540920.49,264.8785878641492,58000.0,False,False
2009,Finance,50-54,299,455922.33,220.34541504336272,65000.0,False,False
2009,Finance,55-59,199,320946.70999999996,144.06307212808161,60000.0,False,False
2009,Finance,60-64,135,250934.00000000006,95.88232039944876,63000.0,False,False
2009,Healthcare,25-29,402,625296.7999999999,288.4956110278373,45000.0,False,False
2009,Healthcare,30-34,501,730141.15,372.1414617534183,50000.0,False,False
2009,Healthcare,35-39,586,802187.31,435.4846003113353,54000.0,False,False
2009,Healthcare,40-44,520,697564.39,394.0537027390446,58000.0,False,False
2009,Healthcare,45-49,544,789534.3,402.50962034403466,60000.0,False,False
2009,Healthcare,50-54,490,745315.83,356.25838517328714,60000.0,False,False
2009,Healthcare,55-59,392,634876.36,280.10712672373126,64373.0,False,False
2009,Healthcare,60-64,198,370039.32000000007,146.27162538082226,66000.0,False,False
2009,Other,25-29,5560,8752199.809999999,3991.784333233041,32000.0,False,False
2009,Other,30-34,6071,8296995.970000001,4324.512322342016,38000.0,False,False
2009,Other,35-39,6599,8918840.1,4772.997161371682,40000.0,False,False
2009,Other,40-44,7067,9386982.89,5118.5753002164965,41000.0,False,False
2009,Other,45-49,7335,10241658.02,5368.8667045699085,42000.0,False,False
2009,Other,50-54,6496,9931572.059999999,4717.512735370062,43000.0,False,False
2009,Other,55-59,4851,7774802.369999999,3530.2854386830372,45000.0,False,False
2009,Other,60-64,2744,4783135.73,1996.7583300264305,42000.0,False,False
2010,Tech,25-29,246,378334.9199999999,174.16987939488655,60000.0,False,False
2010,Tech,30-34,369,546676.5399999999,263.5345223169678,68000.0,False,False
2010,Tech,35-39,401,591377.7899999999,302.49465306075336,80000.0,False,False
2010,Tech,40-44,331,474864.88,246.23321823800566,80000.0,False,False
2010,Tech,45-49,366,520511.06999999995,276.15103175879676,82000.0,False,False
2010,Tech,50-54,253,393748.0,177.75856678958664,84000.0,False,False
2010,Tech,55-59,140,257349.12999999995,103.69534584262435,82000.0,False,False
2010,Tech,60-64,71,133360.12,52.21009981782606,77000.0,True,False
2010,Finance,25-29,307,569334.94,225.34591975570524,49000.0,False,False
2010,Finance,30-34,367,493835.63,255.02858299306155,52000.0,False,False
2010,Finance,35-39,324,447289.87,235.83560705246938,60000.0,False,False
2010,Finance,40-44,443,612734.94,322.95245311678656,65000.0,False,False
2010,Finance,45-49,311,452824.47,229.69826571319842,67000.0,False,False
2010,Finance,50-54,270,442748.75,199.72789247487555,70000.0,False,False
2010,Finance,55-59,217,392301.66000000003,160.56209961006957,71000.0,False,False
2010,Finance,60-64,102,190894.49999999997,71.93743467554023,65000.0,False,False
2010,Healthcare,25-29,407,666009.47,293.9978820672204,48000.0,False,False
2010,Healthcare,30-34,521,731853.2,366.33966007804383,52000.0,False,False
2010,Healthcare,35-39,527,761828.33,393.74353101305104,55000.0,False,False
2010,Healthcare,40-44,510,724106.6000000001,373.10973762683903,60000.0,False,False
2010,Healthcare,45-49,483,686034.0700000001,346.1570592435059,63000.0,False,False
2010,Healthcare,50-54,472,759223.54,350.8664982845315,65000.0,False,False
2010,Healthcare,55-59,372,645669.12,279.9919240697432,60000.0,False,False
2010,Healthcare,60-64,229,393196.36,161.7470710271838,61000.0,False,False
2010,Other,25-29,5361,8698640.45,3811.4405343195585,32000.0,False,False
2010,Other,30-34,6126,8755000.46,4317.533422005729,38000.0,False,False
2010,Other,35-39,6262,8650882.1,4544.218849804018,40000.0,False,False
2010,Other,40-44,6953,9397355.620000001,4902.080337305693,42000.0,False,False
2010,Other,45-49,7007,10120690.92,5150.280676615926,43000.0,False,False
2010,Other,50-54,6367,9901676.78,4594.544363663772,44467.0,False,False
2010,Other,55-59,4917,8165005.65,3585.301353671783,45000.0,False,False
2010,Other,60-64,2965,5135416.1899999995,2169.4157591144053,43000.0,False,False
2011,Tech,25-29,212,380766.04000000004,157.40666143698857,60000.0,False,False
2011,Tech,30-34,356,572446.06,267.8410030691379,70000.0,False,False
2011,Tech,35-39,363,531048.1799999999,277.0383575611171,83000.0,False,False
2011,Tech,40-44,390,578603.03,277.1120845198363,80000.0,False,False
2011,Tech,45-49,331,482429.58999999997,240.31240018245632,87000.0,False,False
2011,Tech,50-54,261,411513.01999999996,192.2329284219393,90000.0,False,False
2011,Tech,55-59,191,320072.16,133.34961364943385,78000.0,False,False
2011,Tech,60-64,62,119404.90000000002,48.79808887824299,79400.0,True,False
2011,Finance,25-29,276,496164.92000000004,206.68303699275825,49000.0,False,False
2011,Finance,30-34,366,540943.0900000001,256.46898490638404,50000.0,False,False
2011,Finance,35-39,308,409759.33,220.99601820427017,60000.0,False,False
2011,Finance,40-44,388,542924.8899999999,282.52039314649954,65000.0,False,False
2011,Finance,45-49,353,510473.26999999996,248.72656064921108,60000.0,False,False
2011,Finance,50-54,314,509715.08,227.6344221640716,65000.0,False,False
2011,Finance,55-59,213,371454.76999999996,155.5319779359298,80000.0,False,False
2011,Finance,60-64,118,226880.93000000002,89.2779948630092,65000.0,False,False
2011,Healthcare,25-29,390,668970.4,273.7568110836311,45000.0,False,False
2011,Healthcare,30-34,487,725983.4500000001,352.7486201722113,56000.0,False,False
2011,Healthcare,35-39,549,780664.15,410.3935257000848,60000.0,False,False
2011,Healthcare,40-44,513,738572.6499999999,392.17922681691897,62400.0,False,False
2011,Healthcare,45-49,482,692446.95,345.01511926696327,63500.0,False,False
2011,Healthcare,50-54,444,711980.6499999999,325.4269185466738,64500.0,False,False
2011,Healthcare,55-59,427,772381.23,325.1278592384138,65000.0,False,False
2011,Healthcare,60-64,264,450691.26,186.25737301415055,57500.0,False,False
2011,Other,25-29,5314,8862998.649999999,3739.022665727271,32000.0,False,False
2011,Other,30-34,6126,9068489.51,4302.521921424891,38000.0,False,False
2011,Other,35-39,6179,8815483.42,4450.319595838461,41000.0,False,False
2011,Other,40-44,7007,9741888.57,5004.271902086122,42000.0,False,False
2011,Other,45-49,6769,10064001.530000001,4854.347133822417,43000.0,False,False
2011,Other,50-54,6411,10106767.950000001,4630.448360224695,45000.0,False,False
2011,Other,55-59,4952,8223581.68,3585.14210952559,45000.0,False,False
2011,Other,60-64,2952,5132115.69,2151.292580332072,45000.0,False,False
2012,Tech,25-29,231,427574.49999999994,173.6584182933363,65000.0,False,False
2012,Tech,30-34,359,579680.5499999999,269.58127392295063,70000.0,False,False
2012,Tech,35-39,412,616331.39,320.3222963311016,80000.0,False,False
2012,Tech,40-44,396,586803.4299999999,304.2023642006447,89000.0,False,False
2012,Tech,45-49,384,575852.3500000001,291.7006831685483,92000.0,False,False
2012,Tech,50-54,286,449093.86,215.34088737934857,92000.0,False,False
2012,Tech,55-59,187,302255.24,137.03255764452473,80000.0,False,False
2012,Tech,60-64,74,126519.9,55.458385635284145,65000.0,True,False
2012,Finance,25-29,279,509631.97000000003,206.18652697675427,49000.0,False,False
2012,Finance,30-34,372,611834.7,276.4975199238745,55000.0,False,False
2012,Finance,35-39,327,464576.4,232.58324522599176,60000.0,False,False
2012,Finance,40-44,356,485971.66,261.74405374095574,65000.0,False,False
2012,Finance,45-49,336,484459.43,242.1849380757605,70000.0,False,False
2012,Finance,50-54,302,499253.23000000004,218.62285127705655,67000.0,False,False
2012,Finance,55-59,235,427481.16000000003,176.93036957977526,63000.0,False,False
2012,Finance,60-64,148,257224.46000000002,110.70442385233848,62000.0,False,False
2012,Healthcare,25-29,401,704242.3200000001,294.1737922476057,49000.0,False,False
2012,Healthcare,30-34,541,828994.9099999999,396.59051214238673,55000.0,False,False
2012,Healthcare,35-39,527,742161.94,403.0375975177503,58000.0,False,False
2012,Healthcare,40-44,508,707742.02,377.37131715116874,60000.0,False,False
2012,Healthcare,45-49,511,737113.8999999999,392.59484737593147,65000.0,False,False
2012,Healthcare,50-54,478,725315.99,344.03979211406715,63000.0,False,False
2012,Healthcare,55-59,401,724132.43,299.45041322305383,62000.0,False,False
2012,Healthcare,60-64,264,471823.8599999999,198.4082403641018,65000.0,False,False
2012,Other,25-29,5225,8986839.709999999,3733.7906776065493,32400.0,False,False
2012,Other,30-34,6227,9367081.120000001,4425.706680230248,39000.0,False,False
2012,Other,35-39,6164,8709307.84,4498.782663141826,42000.0,False,False
2012,Other,40-44,6886,9728567.11,5069.569822656459,44000.0,False,False
2012,Other,45-49,6711,9716117.84,4916.235749068753,44000.0,False,False
2012,Other,50-54,6431,10143657.2,4669.782658248352,45000.0,False,False
2012,Other,55-59,5229,8878131.27,3815.164808345614,46000.0,False,False
2012,Other,60-64,2951,5045136.37,2137.4804676027943,46000.0,False,False
2013,Tech,25-29,136,349280.63,92.96895006584685,60000.0,False,False
2013,Tech,30-34,235,564817.5900000001,162.80575237321034,70408.0,False,False
2013,Tech,35-39,229,519796.69999999995,162.06918695258946,85002.0,False,False
2013,Tech,40-44,264,576375.26,181.69853583781864,80000.0,False,False
2013,Tech,45-49,257,571972.7,188.41147652476758,83000.0,False,False
2013,Tech,50-54,203,453595.51,142.0979835781732,97000.0,False,False
2013,Tech,55-59,129,352095.0,92.14872476245989,90000.0,False,False
2013,Tech,60-64,68,173607.69000000003,51.56405333543934,83000.0,True,False
2013,Finance,25-29,172,476053.84,118.51653631263392,52000.0,False,False
2013,Finance,30-34,221,465124.93000000005,151.25086488620647,55000.0,False,False
2013,Finance,35-39,234,464448.03,162.8690220022203,60000.0,False,False
2013,Finance,40-44,232,466500.80000000005,166.73781816338413,65000.0,False,False
2013,Finance,45-49,234,502290.11,165.84706622605643,70000.0,False,False
2013,Finance,50-54,201,466252.57999999996,143.01892800222805,75000.0,False,False
2013,Finance,55-59,179,459490.67000000004,126.85081697510812,60000.0,False,False
2013,Finance,60-64,107,304263.60000000003,74.98198225311725,80000.0,False,False
2013,Healthcare,25-29,312,788363.92,211.44376274160243,47000.0,False,False
2013,Healthcare,30-34,372,828569.73,267.22054253552744,52000.0,False,False
2013,Healthcare,35-39,363,732337.71,248.00865800558125,60000.0,False,False
2013,Healthcare,40-44,401,841079.9099999999,282.25027488753113,60000.0,False,False
2013,Healthcare,45-49,332,720202.23,231.19683332375357,60000.0,False,False
2013,Healthcare,50-54,297,721238.96,212.62511680269395,60000.0,False,False
2013,Healthcare,55-59,285,688498.3999999999,199.0557184442849,68600.0,False,False
2013,Healthcare,60-64,157,399909.26,113.32594711790159,75000.0,False,False
2013,Other,25-29,3814,9337481.5,2544.1540623704213,33000.0,False,False
2013,Other,30-34,4414,9614986.27,2958.172081211128,40000.0,False,False
2013,Other,35-39,4471,9195003.0,3091.5852814537106,42000.0,False,False
2013,Other,40-44,4641,9563418.1,3165.094533189947,45000.0,False,False
2013,Other,45-49,4673,9963022.780000001,3272.24951435012,45000.0,False,False
2013,Other,50-54,4383,10492009.38,3015.987374817422,45000.0,False,False
2013,Other,55-59,3490,8649248.27,2448.7053197315986,46000.0,False,False
2013,Other,60-64,2257,5674929.8100000005,1593.2280963037272,45000.0,False,False
2014,Tech,25-29,213,421828.44999999995,161.007932322234,60000.0,False,False
2014,Tech,30-34,344,625455.9,262.4205895304582,75000.0,False,False
2014,Tech,35-39,376,604752.64,287.5678155994171,85000.0,False,False
2014,Tech,40-44,383,610847.12,306.8812947564308,90000.0,False,False
2014,Tech,45-49,356,546444.66,273.1003597878508,90000.0,False,False
2014,Tech,50-54,311,501011.8499999999,234.57818134471532,90000.0,False,False
2014,Tech,55-59,186,330306.52999999997,144.381541235968,90000.0,False,False
2014,Tech,60-64,113,235439.12999999998,90.91212047650545,87000.0,False,False
2014,Finance,25-29,292,591533.8200000001,220.33587909230542,55000.0,False,False
2014,Finance,30-34,344,549845.76,253.95597460681896,60000.0,False,False
2014,Finance,35-39,355,506938.33,269.0409750928374,63000.0,False,False
2014,Finance,40-44,344,527640.27,260.47654365384136,60000.0,False,False
2014,Finance,45-49,301,499004.80000000005,228.641791562566,65000.0,False,False
2014,Finance,50-54,331,579352.11,243.4617010608335,65000.0,False,False
2014,Finance,55-59,205,356870.5,152.72187123140694,70000.0,False,False
2014,Finance,60-64,139,249846.44,101.16260880064917,80000.0,False,False
2014,Healthcare,25-29,408,792077.85,307.87016341200274,50000.0,False,False
2014,Healthcare,30-34,602,950512.73,441.471209704329,53000.0,False,False
2014,Healthcare,35-39,537,774875.5,402.9641432696975,60000.0,False,False
2014,Healthcare,40-44,581,832941.1299999999,435.7089849395518,62000.0,False,False
2014,Healthcare,45-49,478,702669.02,346.9113533007148,61000.0,False,False
2014,Healthcare,50-54,485,816634.1199999999,363.2146068128944,62000.0,False,False
2014,Healthcare,55-59,428,765200.3400000001,317.9528860502348,66000.0,False,False
2014,Healthcare,60-64,270,500095.87,204.11629715119736,68000.0,False,False
2014,Other,25-29,5435,9617470.65,3859.9774955390644,34000.0,False,False
2014,Other,30-34,6341,9851648.049999999,4572.589279533788,40000.0,False,False
2014,Other,35-39,6492,9471781.489999998,4752.398432988978,41000.0,False,False
2014,Other,40-44,6586,9669926.89,4830.887699597225,45000.0,False,False
2014,Other,45-49,6435,9923504.95,4697.698384196303,46000.0,False,False
2014,Other,50-54,6318,10193684.780000001,4605.106443469329,46000.0,False,False
2014,Other,55-59,5214,9011020.870000001,3791.190349293409,46000.0,False,False
2014,Other,60-64,3276,5827220.140000001,2404.959536226314,45000.0,False,False
2015,Tech,25-29,240,573098.19,187.44458314567737,68659.0,False,False
2015,Tech,30-34,345,642805.66,252.4544230848089,80000.0,False,False
2015,Tech,35-39,394,690953.24,319.2118437090666,85000.0,False,False
2015,Tech,40-44,356,609831.51,287.81070860776055,90000.0,False,False
2015,Tech,45-49,300,517921.0,235.32575380888613,100000.0,False,False
2015,Tech,50-54,284,535933.99,215.02269091912538,92000.0,False,False
2015,Tech,55-59,192,391259.77,147.6726567530118,90000.0,False,False
2015,Tech,60-64,104,238694.43,83.87360446705466,87000.0,False,False
2015,Finance,25-29,243,541338.16,184.52797172776474,50000.0,False,False
2015,Finance,30-34,323,555781.9199999999,237.4796924205422,51000.0,False,False
2015,Finance,35-39,369,594895.19,280.0761850583556,70000.0,False,False
2015,Finance,40-44,315,536707.8600000001,246.53143586183668,72000.0,False,False
2015,Finance,45-49,335,563820.47,246.5040157914559,65000.0,False,False
2015,Finance,50-54,275,490895.42000000004,200.0670147454503,75000.0,False,False
2015,Finance,55-59,227,440307.79000000004,163.54126642344252,72000.0,False,False
2015,Finance,60-64,144,304150.95999999996,109.80910290307197,70000.0,False,False
2015,Healthcare,25-29,400,861166.1599999999,301.96735121662476,50000.0,False,False
2015,Healthcare,30-34,531,861624.3499999999,380.5211123469228,57000.0,False,False
2015,Healthcare,35-39,539,829557.1699999999,395.92540486648636,60000.0,False,False
2015,Healthcare,40-44,522,802139.78,389.6026790284441,62000.0,False,False
2015,Healthcare,45-49,481,778717.97,360.61761323562,60000.0,False,False
2015,Healthcare,50-54,430,771929.96,319.4666993795708,60000.0,False,False
2015,Healthcare,55-59,369,736798.47,274.72411530107246,72662.0,False,False
2015,Healthcare,60-64,290,577208.2699999999,223.64582855821106,73300.0,False,False
2015,Other,25-29,5123,10111958.13,3642.4398916949367,35000.0,False,False
2015,Other,30-34,5891,10088673.77,4190.556332616942,40000.0,False,False
2015,Other,35-39,6242,9634483.82,4504.4232400202445,45000.0,False,False
2015,Other,40-44,6023,9402793.42,4474.5152289855505,46000.0,False,False
2015,Other,45-49,6110,10089558.19,4462.520408230418,48000.0,False,False
2015,Other,50-54,5835,10263812.950000001,4301.395057022199,48000.0,False,False
2015,Other,55-59,4881,9455434.65,3620.9727622677674,49000.0,False,False
2015,Other,60-64,3052,5951439.46,2245.0116378048415,49000.0,False,False
2016,Tech,25-29,259,587730.5800000001,194.62112516975373,61000.0,False,False
2016,Tech,30-34,337,600114.01,249.53015800950638,75000.0,False,False
2016,Tech,35-39,430,719720.1799999999,331.2312259619393,90000.0,False,False
2016,Tech,40-44,369,633221.19,292.99752691073377,95000.0,False,False
2016,Tech,45-49,287,497461.35000000003,225.52762519004136,92000.0,False,False
2016,Tech,50-54,268,500327.81000000006,205.20720413082702,88000.0,False,False
2016,Tech,55-59,189,399995.89999999997,149.61487931441738,89000.0,False,False
2016,Tech,60-64,118,261970.25999999998,90.91532856089493,90000.0,False,False
2016,Finance,25-29,238,522544.30000000005,172.43789137950694,55000.0,False,False
2016,Finance,30-34,326,577995.6699999999,238.3641570488625,60000.0,False,False
2016,Finance,35-39,349,543744.31,258.0597092193287,70000.0,False,False
2016,Finance,40-44,303,483115.1,236.57572797821732,79000.0,False,False
2016,Finance,45-49,320,537725.3,233.6785631059553,70000.0,False,False
2016,Finance,50-54,284,518250.25999999995,219.86598137044444,67762.0,False,False
2016,Finance,55-59,199,370888.75,139.61157709513046,72000.0,False,False
2016,Finance,60-64,163,341030.95,120.58853970248175,74000.0,False,False
2016,Healthcare,25-29,446,982701.53,333.76955343470604,50000.0,False,False
2016,Healthcare,30-34,572,984015.95,408.4192495812513,60000.0,False,False
2016,Healthcare,35-39,564,906914.87,421.7765360958581,60000.0,False,False
2016,Healthcare,40-44,499,746442.15,364.69437585177025,63000.0,False,False
2016,Healthcare,45-49,542,841791.1599999999,406.09476925866466,70000.0,False,False
2016,Healthcare,50-54,460,832376.3500000001,347.62964273208235,70000.0,False,False
2016,Healthcare,55-59,364,710492.8200000001,270.87777290133204,70000.0,False,False
2016,Healthcare,60-64,274,536614.3300000001,204.06255400182562,78000.0,False,False
2016,Other,25-29,5339,10736528.87,3792.5828644356334,36000.0,False,False
2016,Other,30-34,6055,10528688.23,4310.855523974744,40274.0,False,False
2016,Other,35-39,6549,10121099.0,4759.631223213769,47000.0,False,False
2016,Other,40-44,5990,9379925.15,4436.613312224289,50000.0,False,False
2016,Other,45-49,6125,10207751.75,4426.60189520591,49243.0,False,False
2016,Other,50-54,5810,10200216.91,4279.361115177614,50000.0,False,False
2016,Other,55-59,4955,9485104.99,3655.8350509633224,49000.0,False,False
2016,Other,60-64,3219,6187220.76,2379.3611623453103,50000.0,False,False
2017,Tech,25-29,256,645503.8300000001,194.13267382990583,75000.0,False,False
2017,Tech,30-34,323,647043.74,241.35251343390595,80000.0,False,False
2017,Tech,35-39,394,691447.71,300.34191176907194,90000.0,False,False
2017,Tech,40-44,390,680716.24,302.57925268537684,91000.0,False,False
2017,Tech,45-49,306,558643.97,237.86633274206673,98000.0,False,False
2017,Tech,50-54,250,474352.69,199.3935332812488,99000.0,False,False
2017,Tech,55-59,194,379355.3,146.55281457708247,100000.0,False,False
2017,Tech,60-64,127,273181.88999999996,97.84328954103847,100000.0,False,False
2017,Finance,25-29,242,582930.4299999999,184.3054942295388,50000.0,False,False
2017,Finance,30-34,337,610378.9500000001,238.11272704394318,60000.0,False,False
2017,Finance,35-39,337,576674.52,243.05242282984412,70000.0,False,False
2017,Finance,40-44,313,500354.7899999999,237.09214078851596,75000.0,False,False
2017,Finance,45-49,305,554251.51,226.21797765275045,75021.0,False,False
2017,Finance,50-54,235,456059.10000000003,179.8434664900513,80000.0,False,False
2017,Finance,55-59,211,435484.45000000007,151.62552828322634,76000.0,False,False
2017,Finance,60-64,149,322785.08999999997,111.11265300187324,65000.0,False,False
2017,Healthcare,25-29,406,917244.59,302.41737376801615,48000.0,False,False
2017,Healthcare,30-34,536,984070.98,384.694056695411,60000.0,False,False
2017,Healthcare,35-39,545,905594.94,399.94469807920143,65000.0,False,False
2017,Healthcare,40-44,519,850353.06,389.0752090087863,67500.0,False,False
2017,Healthcare,45-49,493,814448.64,367.17035072022406,70000.0,False,False
2017,Healthcare,50-54,405,760080.1,305.81897472693316,70000.0,False,False
2017,Healthcare,55-59,318,679382.95,242.5504840409634,68000.0,False,False
2017,Healthcare,60-64,262,552492.3400000001,198.5055486300415,75000.0,False,False
2017,Other,25-29,5175,10990248.75,3661.4891594387996,37000.0,False,False
2017,Other,30-34,5790,10503764.07,4128.0277714246995,42800.0,False,False
2017,Other,35-39,6392,10667638.11,4673.712538811119,48000.0,False,False
2017,Other,40-44,5908,9596423.0,4310.149921452928,50000.0,False,False
2017,Other,45-49,6043,10299098.379999999,4447.120015142021,50000.0,False,False
2017,Other,50-54,5589,10223311.21,4119.433338815698,50000.0,False,False
2017,Other,55-59,4683,9217294.49,3411.979878369381,50000.0,False,False
2017,Other,60-64,3311,6582446.49,2489.230367563782,50000.0,False,False
2018,Tech,25-29,256,596789.3799999999,197.21551263983682,64000.0,False,False
2018,Tech,30-34,365,708078.99,272.08535198210313,83000.0,False,False
2018,Tech,35-39,410,754132.21,322.8679351616004,96000.0,False,False
2018,Tech,40-44,359,634505.1799999999,291.88600282398215,100000.0,False,False
2018,Tech,45-49,318,588065.28,246.0111465858738,100000.0,False,False
2018,Tech,50-54,254,494598.76,199.0953714966428,100000.0,False,False
2018,Tech,55-59,190,373926.75,139.24493264285664,100000.0,False,False
2018,Tech,60-64,142,310227.18,112.42825938179675,93000.0,False,False
2018,Finance,25-29,263,651843.47,200.2349304865313,60000.0,False,False
2018,Finance,30-34,323,611377.6799999999,249.10121861523334,64000.0,False,False
2018,Finance,35-39,345,586439.6199999999,266.30938616659506,75000.0,False,False
2018,Finance,40-44,342,565814.1699999999,257.5749386662276,73540.0,False,False
2018,Finance,45-49,312,524581.1799999999,223.07886668621745,75000.0,False,False
2018,Finance,50-54,238,456761.61,180.19026284578229,74000.0,False,False
2018,Finance,55-59,221,499255.08999999997,176.7308454712239,76000.0,False,False
2018,Finance,60-64,133,289474.58,103.50502118703398,70000.0,False,False
2018,Healthcare,25-29,411,916789.4099999999,303.23930598766196,52000.0,False,False
2018,Healthcare,30-34,544,1001221.49,393.3530357264178,60000.0,False,False
2018,Healthcare,35-39,600,988780.17,451.21375824748515,65000.0,False,False
2018,Healthcare,40-44,560,897544.05,411.6703325857411,72000.0,False,False
2018,Healthcare,45-49,507,852488.3999999999,376.8364338187098,74000.0,False,False
2018,Healthcare,50-54,416,807601.31,314.5352057626962,75000.0,False,False
2018,Healthcare,55-59,327,645665.3500000001,245.02207320219821,75000.0,False,False
2018,Healthcare,60-64,277,583746.6900000001,211.50675261569967,75000.0,False,False
2018,Other,25-29,5281,11374658.669999998,3741.5348844192536,39400.0,False,False
2018,Other,30-34,5988,10973359.75,4315.97932329987,45000.0,False,False
2018,Other,35-39,6353,10490427.98,4572.880372998337,50000.0,False,False
2018,Other,40-44,6074,9819104.35,4437.188777772288,50000.0,False,False
2018,Other,45-49,5944,10310736.33,4357.253207541105,50002.0,False,False
2018,Other,50-54,5383,10054009.62,4030.473258782294,52000.0,False,False
2018,Other,55-59,4952,9451313.129999999,3692.645314025502,51000.0,False,False
2018,Other,60-64,3561,6911841.129999999,2666.4083938840754,51000.0,False,False
2019,Tech,25-29,239,623476.1006,179.56685459075499,72000.0,False,False
2019,Tech,30-34,347,833978.9081000001,256.77123306529245,84000.0,False,False
2019,Tech,35-39,419,911149.8098,314.1039977431603,90000.0,False,False
2019,Tech,40-44,358,710224.1595000001,273.4774990870982,100000.0,False,False
2019,Tech,45-49,295,616668.1173,226.37124038270173,100000.0,False,False
2019,Tech,50-54,277,599788.2092,211.56929830003074,100000.0,False,False
2019,Tech,55-59,212,484601.06919999997,163.9270405844905,100000.0,False,False
2019,Tech,60-64,136,351569.3846,105.1529732689825,101000.0,False,False
2019,Finance,25-29,206,587327.1810999999,145.1416239803928,58000.0,False,False
2019,Finance,30-34,301,716302.6429,222.03726532856444,69000.0,False,False
2019,Finance,35-39,301,596750.1438,217.26176214970118,80000.0,False,False
2019,Finance,40-44,274,548078.8783,203.2070344921289,75000.0,False,False
2019,Finance,45-49,287,570586.1732000001,209.12478587985646,75000.0,False,False
2019,Finance,50-54,241,512572.65770000004,177.3984371572673,77000.0,False,False
2019,Finance,55-59,197,471392.5606,152.24125869824442,90000.0,False,False
2019,Finance,60-64,142,362317.5366,107.67204924334122,91000.0,False,False
2019,Healthcare,25-29,378,1004871.5576999999,275.9432672588942,55000.0,False,False
2019,Healthcare,30-34,564,1174810.0398,408.70307515712017,65000.0,False,False
2019,Healthcare,35-39,605,1124580.4794,426.1597810084193,70000.0,False,False
2019,Healthcare,40-44,499,918007.1599000001,360.717701253895,70000.0,False,False
2019,Healthcare,45-49,444,838835.4979000001,325.9633188416579,72000.0,False,False
2019,Healthcare,50-54,404,859468.1991,303.1411061486956,75000.0,False,False
2019,Healthcare,55-59,330,757704.3732,248.6413499807534,69000.0,False,False
2019,Healthcare,60-64,281,625073.1845,211.80807984745047,70000.0,False,False
2019,Other,25-29,4333,10794153.666199999,3101.914988115462,40000.0,False,False
2019,Other,30-34,5025,10799568.3317,3536.4839531748207,46000.0,False,False
2019,Other,35-39,5470,10794414.3226,3832.6608524466005,51000.0,False,False
2019,Other,40-44,5022,9689271.0766,3642.7076470230036,52000.0,False,False
2019,Other,45-49,4888,9994630.461299999,3426.875673730265,55000.0,False,False
2019,Other,50-54,4808,10208503.575100001,3470.150124263059,55000.0,False,False
2019,Other,55-59,4414,9446347.9519,3245.6760200269478,55000.0,False,False
2019,Other,60-64,3164,6859670.5978,2361.7234719979024,51134.0,False,False
2020,Tech,25-29,251,650959.8442,187.43694579429064,75000.0,False,False
2020,Tech,30-34,328,753788.1967000001,262.094487381448,81000.0,False,False
2020,Tech,35-39,426,905663.3119,333.31648566779154,100000.0,False,False
2020,Tech,40-44,344,691050.5989999999,272.9731097081461,110000.0,False,False
2020,Tech,45-49,310,624825.329,244.6492697053436,100000.0,False,False
2020,Tech,50-54,274,566576.1809,206.7410382054453,108000.0,False,False
2020,Tech,55-59,197,471025.8834,153.01447413168177,105000.0,False,False
2020,Tech,60-64,149,375078.4662,124.16557576965046,105000.0,False,False
2020,Finance,25-29,210,567735.7149,162.56377744971422,60000.0,False,False
2020,Finance,30-34,268,576635.0635,196.53787998499587,68000.0,False,False
2020,Finance,35-39,272,542750.9259,200.00457977308466,79900.0,False,False
2020,Finance,40-44,259,506279.9316,202.9020607837574,80000.0,False,False
2020,Finance,45-49,252,507607.126,183.9649556695447,90000.0,False,False
2020,Finance,50-54,264,541757.0841,202.35503548642006,89000.0,False,False
2020,Finance,55-59,209,504240.3561,161.4076281934342,78000.0,False,False
2020,Finance,60-64,143,320594.2377,107.19450865966452,75000.0,False,False
2020,Healthcare,25-29,366,862792.7212,267.27798465159276,58000.0,False,False
2020,Healthcare,30-34,531,1061868.7344,373.67017657117776,67000.0,False,False
2020,Healthcare,35-39,566,1006752.2115,401.1265662031632,72000.0,False,False
2020,Healthcare,40-44,523,934328.6046,390.82225180744564,80000.0,False,False
2020,Healthcare,45-49,454,812117.1302,333.9343112202427,79060.0,False,False
2020,Healthcare,50-54,410,826412.3362,306.89925959004387,75000.0,False,False
2020,Healthcare,55-59,309,695635.5575,223.75001643847534,75000.0,False,False
2020,Healthcare,60-64,246,560123.3621,188.17481992479,76000.0,False,False
2020,Other,25-29,4055,9430498.3137,2895.446218338143,42000.0,False,False
2020,Other,30-34,4800,9784894.445,3425.6245344088065,50000.0,False,False
2020,Other,35-39,5108,9447923.2617,3604.692032999837,54000.0,False,False
2020,Other,40-44,4977,9082481.0585,3659.1635625468716,57000.0,False,False
2020,Other,45-49,4598,8939935.1315,3366.2436695820475,56000.0,False,False
2020,Other,50-54,4370,8934870.6089,3204.812734683129,60000.0,False,False
2020,Other,55-59,3889,8507274.26,2858.7626584471323,57000.0,False,False
2020,Other,60-64,2987,6414354.6452,2214.8866951663,57000.0,False,False
2021,Tech,25-29,282,753323.74,215.97249728021708,85000.0,False,False
2021,Tech,30-34,342,814897.8,260.464287635527,95000.0,False,False
2021,Tech,35-39,365,829209.89,284.2172142030062,107000.0,False,False
2021,Tech,40-44,343,732031.23,266.9100441901359,114000.0,False,False
2021,Tech,45-49,283,624080.8600000001,218.8147133920063,105000.0,False,False
2021,Tech,50-54,267,620620.6200000001,202.96671138359895,105000.0,False,False
2021,Tech,55-59,203,482110.36000000004,153.65331527953168,110000.0,False,False
2021,Tech,60-64,154,421493.51,122.60646844014177,105000.0,False,False
2021,Finance,25-29,196,513960.89,133.9991180738188,70000.0,False,False
2021,Finance,30-34,243,583413.45,174.27246036092285,80000.0,False,False
2021,Finance,35-39,243,510632.69,181.19674598819648,80000.0,False,False
2021,Finance,40-44,289,602132.8099999999,222.44844580103347,86000.0,False,False
2021,Finance,45-49,235,477032.87,172.52939221664116,98000.0,False,False
2021,Finance,50-54,220,494675.45,158.26947548806328,90000.0,False,False
2021,Finance,55-59,182,442009.72,133.4560796581976,90000.0,False,False
2021,Finance,60-64,138,330588.31,103.50293256765198,95000.0,False,False
2021,Healthcare,25-29,350,891759.1499999999,253.41446890912923,60000.0,False,False
2021,Healthcare,30-34,523,1153937.46,355.12493911593725,65000.0,False,False
2021,Healthcare,35-39,581,1166820.02,413.0555652002641,75000.0,False,False
2021,Healthcare,40-44,540,1031443.2500000001,395.34234079427245,78000.0,False,False
2021,Healthcare,45-49,469,916457.5800000001,354.677448536917,80000.0,False,False
2021,Healthcare,50-54,406,883607.83,293.7373737873779,80000.0,False,False
2021,Healthcare,55-59,320,728750.04,223.3680216823317,80000.0,False,False
2021,Healthcare,60-64,265,670646.71,204.9347341841111,86000.0,False,False
2021,Other,25-29,4088,10268948.209999999,2896.9638353568025,45000.0,False,False
2021,Other,30-34,4863,10904815.99,3435.092580187786,50000.0,False,False
2021,Other,35-39,5171,10522763.7,3670.758262701125,55000.0,False,False
2021,Other,40-44,5281,10433223.82,3879.7369285922764,57711.0,False,False
2021,Other,45-49,4598,9428058.43,3403.8516609413905,60000.0,False,False
2021,Other,50-54,4420,9825447.07,3171.044735559085,58000.0,False,False
2021,Other,55-59,3946,9105348.21,2859.385052506749,55000.0,False,False
2021,Other,60-64,3038,7126477.72,2267.7139421015577,58500.0,False,False
2022,Tech,25-29,237,719127.4400000001,182.5635417458579,95000.0,False,False
2022,Tech,30-34,388,1014234.25,301.0783766598664,95000.0,False,False
2022,Tech,35-39,361,879299.3999999999,277.0633950159758,108500.0,False,False
2022,Tech,40-44,365,799095.8799999999,278.6751285598994,115000.0,False,False
2022,Tech,45-49,307,708831.99,237.87359520119267,110500.0,False,False
2022,Tech,50-54,257,624726.28,199.56750057184658,115000.0,False,False
2022,Tech,55-59,201,530526.9299999999,158.01382652017358,120000.0,False,False
2022,Tech,60-64,141,391719.64,111.93771958734314,115000.0,False,False
2022,Finance,25-29,193,599055.29,139.60088141181672,70000.0,False,False
2022,Finance,30-34,218,543801.8200000001,159.59793715618432,79560.0,False,False
2022,Finance,35-39,258,562958.5800000001,193.4009258220892,85000.0,False,False
2022,Finance,40-44,278,584616.29,211.87842428418978,85000.0,False,False
2022,Finance,45-49,220,501298.04999999993,165.49909591559472,85000.0,False,False
2022,Finance,50-54,240,573884.64,185.0489084005443,88675.0,False,False
2022,Finance,55-59,180,444842.76000000007,137.86305717076579,90000.0,False,False
2022,Finance,60-64,152,371205.04000000004,110.50243254980056,97000.0,False,False
2022,Healthcare,25-29,383,1031894.1599999999,277.4953065938205,60000.0,False,False
2022,Healthcare,30-34,518,1217819.0899999999,372.5243418746838,75000.0,False,False
2022,Healthcare,35-39,537,1122151.89,401.62124474145963,80000.0,False,False
2022,Healthcare,40-44,511,1009514.3200000001,390.03778292657233,84000.0,False,False
2022,Healthcare,45-49,382,790770.95,287.83523582369196,85000.0,False,False
2022,Healthcare,50-54,397,894784.23,277.75531676618647,87000.0,False,False
2022,Healthcare,55-59,319,785310.71,227.81187219782916,80000.0,False,False
2022,Healthcare,60-64,231,567323.17,175.95167940846548,80000.0,False,False
2022,Other,25-29,4056,10616990.11,2887.0863578565736,47000.0,False,False
2022,Other,30-34,4863,11683324.559999999,3492.7740251102596,53600.0,False,False
2022,Other,35-39,5035,10838188.309999999,3601.7317474018428,59800.0,False,False
2022,Other,40-44,5105,10725912.61,3752.2317219906254,60000.0,False,False
2022,Other,45-49,4611,9842418.52,3399.2236721530326,60000.0,False,False
2022,Other,50-54,4458,10163400.02,3226.4137596825503,60000.0,False,False
2022,Other,55-59,3797,9146617.33,2812.6240509481936,60000.0,False,False
2022,Other,60-64,2880,6952605.74,2133.6258442017966,58000.0,False,False
2023,Tech,25-29,232,641203.06,170.80786117718694,88000.0,False,False
2023,Tech,30-34,389,991971.1799999999,294.96661786308863,115000.0,False,False
2023,Tech,35-39,345,824227.93,267.0101554241164,110000.0,False,False
2023,Tech,40-44,352,751935.0,261.74453327330826,110000.0,False,False
2023,Tech,45-49,296,687189.4,233.83216794396466,110000.0,False,False
2023,Tech,50-54,256,631744.81,201.39217849789713,120000.0,False,False
2023,Tech,55-59,191,469156.66000000003,150.96493398864655,120000.0,False,False
2023,Tech,60-64,145,408629.57000000007,114.30802139283117,120000.0,False,False
2023,Finance,25-29,168,505548.51999999996,124.94633184673006,75000.0,False,False
2023,Finance,30-34,265,705057.29,194.6269103354381,82800.0,False,False
2023,Finance,35-39,280,633181.3500000001,206.64840037606098,100000.0,False,False
2023,Finance,40-44,296,671545.6100000001,229.24560657701366,90000.0,False,False
2023,Finance,45-49,271,582094.5700000001,201.80035598977108,99397.0,False,False
2023,Finance,50-54,209,480645.8,157.87403499500343,105000.0,False,False
2023,Finance,55-59,164,425678.24,124.86141796126155,94000.0,False,False
2023,Finance,60-64,168,455855.26,129.74267023683126,91000.0,False,False
2023,Healthcare,25-29,343,888497.06,249.4097433369298,66000.0,False,False
2023,Healthcare,30-34,479,1128078.8900000001,350.50669705897866,73000.0,False,False
2023,Healthcare,35-39,553,1200732.33,395.9689637112448,90000.0,False,False
2023,Healthcare,40-44,511,1057027.97,381.2498345979794,90000.0,False,False
2023,Healthcare,45-49,421,909046.96,314.77904138804007,86400.0,False,False
2023,Healthcare,50-54,406,920186.0,301.05306632749523,93000.0,False,False
2023,Healthcare,55-59,290,704981.4099999999,219.47793226034216,85000.0,False,False
2023,Healthcare,60-64,250,618169.01,186.27439284051923,81000.0,False,False
2023,Other,25-29,3986,10380465.58,2838.927410016414,50000.0,False,False
2023,Other,30-34,4782,11491280.86,3432.0646792744974,56000.0,False,False
2023,Other,35-39,5019,11040908.030000001,3687.878616037316,60000.0,False,False
2023,Other,40-44,4960,10856783.11,3602.568704893594,60000.0,False,False
2023,Other,45-49,4671,10053590.66,3435.4154008682513,62000.0,False,False
2023,Other,50-54,4302,9985771.08,3185.380090505133,62500.0,False,False
2023,Other,55-59,3668,8918403.379999999,2683.2052570539236,61000.0,False,False
2023,Other,60-64,2887,7214000.01,2079.820432249421,60000.0,False,False
2024,Tech,25-29,283,814646.1599999999,211.36882924839688,96100.0,False,False
2024,Tech,30-34,315,886091.0,243.61236438818833,105000.0,False,False
2024,Tech,35-39,375,878230.5199999999,284.03040305974656,118000.0,False,False
2024,Tech,40-44,333,762600.3899999999,253.2568760167881,120000.0,False,False
2024,Tech,45-49,280,684058.19,217.41270456596172,120000.0,False,False
2024,Tech,50-54,240,665712.1499999999,186.4867668924269,120000.0,False,False
2024,Tech,55-59,197,490638.13,148.16170155025748,127724.0,False,False
2024,Tech,60-64,126,344117.45,97.09084312733006,125000.0,False,False
2024,Finance,25-29,181,553941.2999999999,134.0747547929135,85000.0,False,False
2024,Finance,30-34,246,672713.2999999998,180.6676073802337,90000.0,False,False
2024,Finance,35-39,277,643859.1000000001,203.30864893097922,106000.0,False,False
2024,Finance,40-44,270,567172.6000000001,197.70817512925424,100000.0,False,False
2024,Finance,45-49,236,554829.5800000001,178.69154065008905,102502.0,False,False
2024,Finance,50-54,199,472193.56,152.69311468012813,100000.0,False,False
2024,Finance,55-59,175,460952.25,133.4470473917048,100000.0,False,False
2024,Finance,60-64,138,354372.58999999997,103.92277971618532,91000.0,False,False
2024,Healthcare,25-29,362,1075097.69,271.19117232625484,65000.0,False,False
2024,Healthcare,30-34,493,1228512.81,342.88343756325605,78000.0,False,False
2024,Healthcare,35-39,495,1095181.05,361.1306512453594,80000.0,False,False
2024,Healthcare,40-44,486,1076466.83,360.37192811893505,97000.0,False,False
2024,Healthcare,45-49,447,979833.27,334.2909448454805,95000.0,False,False
2024,Healthcare,50-54,365,856879.4400000001,274.0880194527701,87000.0,False,False
2024,Healthcare,55-59,254,655221.19,196.87738063487743,85000.0,False,False
2024,Healthcare,60-64,223,552945.54,166.18270235197667,83200.0,False,False
2024,Other,25-29,3947,10548589.34,2839.3581015033214,50000.0,False,False
2024,Other,30-34,4685,11775799.39,3323.6999771824535,60000.0,False,False
2024,Other,35-39,5047,11679151.370000001,3640.378864007648,65000.0,False,False
2024,Other,40-44,5138,11109699.49,3686.8925630584376,65000.0,False,False
2024,Other,45-49,4632,10322690.74,3319.221131979873,65000.0,False,False
2024,Other,50-54,4047,9670393.93,2947.4156945472637,68000.0,False,False
2024,Other,55-59,3526,8853535.77,2556.3449564190496,63000.0,False,False
2024,Other,60-64,2948,7220666.5600000005,2196.592726358469,61000.0,False,False
