YEAR,OCCLY,OCC10LY,n
1976,1,800,346
1976,2,1300,22
1976,3,1010,90
1976,4,1006,80
1976,5,1006,10
1976,6,1320,32
1976,10,1350,24
1976,11,1360,83
1976,12,1410,170
1976,13,1430,103
1976,14,1460,110
1976,15,1450,16
1976,20,1520,3
1976,21,1520,13
1976,22,4930,14
1976,23,1530,76
1976,24,2340,3
1976,25,1640,24
1976,26,2340,4
1976,30,2100,11
1976,31,2100,79
1976,32,2430,64
1976,33,2400,3
1976,34,1200,5
1976,35,1240,4
1976,36,1240,9
1976,42,1600,5
1976,43,1710,5
1976,44,1610,21
1976,45,1720,78
1976,51,1740,12
1976,52,1740,4
1976,53,1700,15
1976,54,1740,3
1976,55,1220,74
1976,56,630,139
1976,62,3010,8
1976,63,3040,2
1976,64,3050,25
1976,65,3060,78
1976,72,3250,2
1976,74,3030,11
1976,75,3255,292
1976,76,3245,47
1976,80,3300,69
1976,81,3310,3
1976,82,3510,9
1976,83,3320,23
1976,85,3400,43
1976,86,2040,109
1976,90,2060,16
1976,91,735,50
1976,93,1820,23
1976,95,1840,9
1976,96,1860,1
1976,100,2010,134
1976,101,4620,24
1976,102,2200,2
1976,103,2200,2
1976,104,2200,12
1976,105,2200,7
1976,110,2200,8
1976,111,2200,6
1976,112,2200,12
1976,113,2200,25
1976,114,2200,9
1976,115,2200,4
1976,116,2200,9
1976,120,2200,9
1976,121,2200,4
1976,122,2200,10
1976,123,2200,20
1976,124,2200,7
1976,125,2200,4
1976,126,2200,16
1976,130,2200,8
1976,132,2200,1
1976,133,2200,2
1976,134,2200,4
1976,135,2200,7
1976,140,2200,17
1976,141,2340,19
1976,142,2310,577
1976,143,2300,54
1976,144,2320,571
1976,145,2340,23
1976,150,1900,22
1976,151,1920,44
1976,152,1540,97
1976,153,1550,88
1976,154,1550,4
1976,155,1550,5
1976,156,1550,4
1976,161,1560,23
1976,162,1550,99
1976,163,9030,25
1976,164,9040,18
1976,165,4460,2
1976,170,9030,3
1976,171,2900,21
1976,172,7900,2
1976,173,1965,4
1976,174,2000,86
1976,175,2710,1
1976,180,2720,9
1976,181,2850,7
1976,183,2630,49
1976,184,2830,74
1976,185,2750,10
1976,190,2600,26
1976,191,2910,25
1976,192,2825,48
1976,193,2800,10
1976,194,2860,21
1976,195,430,39
1976,201,430,12
1976,202,120,260
1976,203,510,7
1976,205,520,64
1976,210,120,20
1976,211,4465,7
1976,212,350,86
1976,213,6660,13
1976,215,565,57
1976,216,410,28
1976,220,430,157
1976,221,9310,10
1976,222,430,178
1976,223,430,61
1976,224,430,16
1976,225,530,98
1976,226,9240,13
1976,230,430,87
1976,231,50,147
1976,233,50,184
1976,235,230,46
1976,240,230,140
1976,245,430,1596
1976,260,4800,34
1976,262,4950,5
1976,264,4950,7
1976,265,4810,165
1976,266,4950,3
1976,270,4920,90
1976,271,4820,39
1976,281,4850,155
1976,282,4850,301
1976,283,4760,344
1976,284,4760,136
1976,285,4760,35
1976,301,5160,99
1976,303,5110,48
1976,305,5120,496
1976,310,4720,161
1976,311,5250,13
1976,312,5000,133
1976,313,5100,17
1976,314,4740,76
1976,315,5520,30
1976,320,5310,5
1976,321,5240,168
1976,323,5600,88
1976,325,5260,49
1976,326,540,74
1976,330,5320,28
1976,331,5550,123
1976,332,5850,31
1976,333,5510,9
1976,334,5530,13
1976,341,5110,25
1976,342,5110,6
1976,343,5800,94
1976,344,5900,10
1976,345,5810,67
1976,355,5900,13
1976,360,5140,86
1976,361,5540,136
1976,362,5910,5
1976,363,4920,12
1976,364,5400,111
1976,370,5700,43
1976,371,5700,33
1976,372,5700,1002
1976,374,5610,172
1976,375,3510,139
1976,376,5940,27
1976,381,5620,198
1976,382,2540,40
1976,383,5510,1
1976,384,5030,1
1976,385,5020,98
1976,390,5410,59
1976,391,5820,235
1976,392,5630,14
1976,394,5940,253
1976,395,5860,99
1976,401,8450,3
1976,402,7800,42
1976,403,7630,1
1976,404,6210,17
1976,405,8256,8
1976,410,6220,23
1976,412,6300,37
1976,413,8500,27
1976,415,6230,162
1976,416,6230,1
1976,420,6240,14
1976,421,6250,15
1976,422,8250,53
1976,423,8255,2
1976,424,9510,67
1976,425,2630,26
1976,426,8760,7
1976,430,6355,199
1976,431,6355,6
1976,433,7410,56
1976,434,8256,2
1976,435,8910,1
1976,436,6320,102
1976,440,6240,3
1976,441,7700,765
1976,442,7930,6
1976,443,8510,4
1976,445,6360,9
1976,446,8220,8
1976,450,8740,8
1976,452,8740,61
1976,453,8750,8
1976,454,8220,40
1976,455,9200,20
1976,456,9200,6
1976,461,8030,250
1976,462,8030,2
1976,470,7315,64
1976,471,7140,61
1976,472,7150,48
1976,473,7200,293
1976,475,7010,32
1976,480,7220,27
1976,481,7330,359
1976,482,7320,48
1976,483,7330,3
1976,484,7010,22
1976,485,7020,36
1976,486,7220,25
1976,491,7360,1
1976,492,7630,67
1976,495,7340,3
1976,501,8650,3
1976,502,7360,55
1976,503,8920,24
1976,505,4410,7
1976,506,3520,14
1976,510,6420,53
1976,512,6420,3
1976,514,8100,9
1976,515,8250,12
1976,516,7430,1
1976,520,6460,4
1976,522,6440,137
1976,523,6440,2
1976,525,8600,19
1976,530,8255,51
1976,531,8255,1
1976,533,7940,6
1976,534,6515,7
1976,535,6520,63
1976,536,6520,1
1976,540,8100,8
1976,542,8330,6
1976,543,8810,3
1976,545,8610,103
1976,546,8920,1
1976,550,6530,28
1976,551,8350,11
1976,552,7020,157
1976,554,7420,32
1976,560,6240,9
1976,561,8130,82
1976,562,8130,1
1976,563,8450,10
1976,571,7630,1
1976,575,7630,24
1976,601,6400,7
1976,602,7750,330
1976,603,6830,6
1976,604,8800,20
1976,605,1560,3
1976,610,8740,255
1976,611,8310,37
1976,612,8710,72
1976,613,8350,12
1976,614,6820,11
1976,615,6330,3
1976,620,8650,6
1976,621,7950,33
1976,622,8730,30
1976,623,9360,48
1976,624,8740,7
1976,625,8740,5
1976,626,8220,2
1976,630,8300,43
1976,631,7810,82
1976,633,7810,44
1976,634,9640,10
1976,635,8220,8
1976,640,6940,51
1976,641,8650,34
1976,642,7350,20
1976,643,9640,192
1976,644,8810,39
1976,645,8830,24
1976,650,7950,18
1976,651,7950,50
1976,652,7950,36
1976,653,7950,15
1976,656,7950,66
1976,660,8220,5
1976,661,9300,4
1976,662,8530,36
1976,663,8320,211
1976,664,8330,22
1976,665,8140,10
1976,666,8730,36
1976,670,8460,1
1976,671,8410,6
1976,672,8420,32
1976,673,8410,16
1976,674,8460,39
1976,680,8140,221
1976,681,8965,24
1976,690,8965,427
1976,692,8965,119
1976,694,8950,192
1976,695,8950,58
1976,701,9310,1
1976,703,9120,69
1976,704,9415,4
1976,705,9130,160
1976,706,9600,133
1976,710,9200,2
1976,711,9350,3
1976,712,9260,19
1976,713,9260,20
1976,714,9140,48
1976,715,9130,607
1976,740,4350,23
1976,750,6260,12
1976,751,6260,113
1976,752,6100,1
1976,753,9620,183
1976,754,9720,24
1976,755,4250,98
1976,760,9620,11
1976,761,6130,6
1976,762,5620,119
1976,763,9750,2
1976,764,9610,47
1976,770,9620,87
1976,780,9620,80
1976,785,9620,63
1976,802,205,12
1976,821,6005,15
1976,822,6050,199
1976,901,4230,32
1976,902,4230,198
1976,903,4220,411
1976,910,4040,47
1976,911,4130,5
1976,912,4020,183
1976,913,4140,20
1976,914,4060,20
1976,915,4110,143
1976,916,4140,89
1976,921,3640,14
1976,922,3645,62
1976,923,3255,2
1976,924,3600,1
1976,925,3600,254
1976,926,3500,110
1976,931,9415,6
1976,932,4430,8
1976,933,4650,18
1976,934,4530,8
1976,935,4500,19
1976,942,4600,28
1976,943,9750,11
1976,944,4510,60
1976,950,4230,33
1976,954,2016,17
1976,960,3940,5
1976,961,3740,118
1976,962,3930,169
1976,964,3850,289
1976,965,3800,31
1976,980,4600,18
1976,981,4020,5
1976,982,4230,26
1976,984,4230,44
1977,1,800,352
1977,2,1300,25
1977,3,1010,95
1977,4,1006,79
1977,5,1006,14
1977,6,1320,32
1977,10,1350,20
1977,11,1360,116
1977,12,1410,230
1977,13,1430,106
1977,14,1460,118
1977,15,1450,13
1977,20,1520,1
1977,21,1520,8
1977,22,4930,19
1977,23,1530,84
1977,24,2340,7
1977,25,1640,36
1977,26,2340,4
1977,30,2100,8
1977,31,2100,113
1977,32,2430,85
1977,33,2400,6
1977,34,1200,7
1977,35,1240,5
1977,36,1240,7
1977,42,1600,15
1977,43,1710,5
1977,44,1610,35
1977,45,1720,66
1977,51,1740,9
1977,52,1740,2
1977,53,1700,19
1977,54,1740,4
1977,55,1220,76
1977,56,630,205
1977,61,3000,1
1977,62,3010,5
1977,63,3040,1
1977,64,3050,46
1977,65,3060,83
1977,72,3250,6
1977,74,3030,15
1977,75,3255,363
1977,76,3245,66
1977,80,3300,75
1977,81,3310,5
1977,82,3510,3
1977,83,3320,28
1977,84,3645,5
1977,85,3400,64
1977,86,2040,150
1977,90,2060,20
1977,91,735,55
1977,93,1820,48
1977,94,1860,3
1977,95,1840,11
1977,96,1860,1
1977,100,2010,149
1977,101,4620,27
1977,102,2200,3
1977,103,2200,2
1977,104,2200,13
1977,105,2200,9
1977,110,2200,11
1977,111,2200,9
1977,112,2200,12
1977,113,2200,31
1977,114,2200,8
1977,115,2200,12
1977,116,2200,13
1977,120,2200,6
1977,121,2200,2
1977,122,2200,13
1977,123,2200,34
1977,124,2200,10
1977,125,2200,10
1977,126,2200,22
1977,130,2200,6
1977,131,2200,2
1977,132,2200,6
1977,133,2200,5
1977,134,2200,2
1977,135,2200,22
1977,140,2200,11
1977,141,2340,29
1977,142,2310,653
1977,143,2300,62
1977,144,2320,632
1977,145,2340,33
1977,150,1900,20
1977,151,1920,42
1977,152,1540,104
1977,153,1550,122
1977,154,1550,3
1977,155,1550,9
1977,156,1550,2
1977,161,1560,36
1977,162,1550,109
1977,163,9030,27
1977,164,9040,21
1977,170,9030,1
1977,171,2900,37
1977,172,7900,1
1977,173,1965,6
1977,174,2000,94
1977,175,2710,2
1977,180,2720,20
1977,181,2850,5
1977,183,2630,60
1977,184,2830,58
1977,185,2750,15
1977,190,2600,44
1977,191,2910,20
1977,192,2825,62
1977,193,2800,7
1977,194,2860,23
1977,195,430,40
1977,201,430,21
1977,202,120,334
1977,203,510,10
1977,205,520,72
1977,210,120,38
1977,211,4465,7
1977,212,350,110
1977,213,6660,16
1977,215,565,68
1977,216,410,37
1977,220,430,192
1977,221,9310,18
1977,222,430,270
1977,223,430,60
1977,224,430,27
1977,225,530,103
1977,226,9240,30
1977,230,430,119
1977,231,50,180
1977,233,50,192
1977,235,230,74
1977,240,230,161
1977,245,430,1901
1977,260,4800,32
1977,262,4950,3
1977,264,4950,6
1977,265,4810,210
1977,266,4950,2
1977,270,4920,92
1977,271,4820,36
1977,281,4850,158
1977,282,4850,369
1977,283,4760,439
1977,284,4760,159
1977,285,4760,64
1977,301,5160,106
1977,303,5110,63
1977,305,5120,604
1977,310,4720,185
1977,311,5250,23
1977,312,5000,131
1977,313,5100,24
1977,314,4740,87
1977,315,5520,42
1977,320,5310,8
1977,321,5240,195
1977,323,5600,104
1977,325,5260,56
1977,326,540,73
1977,330,5320,24
1977,331,5550,151
1977,332,5850,27
1977,333,5510,11
1977,334,5530,19
1977,341,5110,15
1977,342,5110,16
1977,343,5800,109
1977,344,5900,11
1977,345,5810,87
1977,355,5900,12
1977,360,5140,96
1977,361,5540,154
1977,362,5910,10
1977,363,4920,17
1977,364,5400,132
1977,370,5700,52
1977,371,5700,28
1977,372,5700,1140
1977,374,5610,202
1977,375,3510,139
1977,376,5940,24
1977,381,5620,213
1977,382,2540,33
1977,384,5030,2
1977,385,5020,134
1977,390,5410,81
1977,391,5820,256
1977,392,5630,17
1977,394,5940,295
1977,395,5860,115
1977,401,8450,3
1977,402,7800,36
1977,403,7630,2
1977,404,6210,14
1977,405,8256,6
1977,410,6220,22
1977,411,6220,1
1977,412,6300,45
1977,413,8500,22
1977,415,6230,235
1977,416,6230,2
1977,420,6240,12
1977,421,6250,13
1977,422,8250,88
1977,423,8255,1
1977,424,9510,72
1977,425,2630,23
1977,426,8760,12
1977,430,6355,263
1977,431,6355,6
1977,433,7410,64
1977,435,8910,2
1977,436,6320,124
1977,440,6240,3
1977,441,7700,971
1977,442,7930,7
1977,443,8510,4
1977,444,8460,1
1977,445,6360,12
1977,446,8220,9
1977,450,8740,10
1977,452,8740,69
1977,453,8750,15
1977,454,8220,31
1977,455,9200,28
1977,456,9200,5
1977,461,8030,246
1977,462,8030,3
1977,470,7315,75
1977,471,7140,69
1977,472,7150,65
1977,473,7200,344
1977,475,7010,39
1977,480,7220,35
1977,481,7330,455
1977,482,7320,52
1977,483,7330,6
1977,484,7010,31
1977,485,7020,55
1977,486,7220,31
1977,491,7360,4
1977,492,7630,79
1977,495,7340,15
1977,501,8650,3
1977,502,7360,57
1977,503,8920,32
1977,505,4410,4
1977,506,3520,15
1977,510,6420,88
1977,512,6420,2
1977,514,8100,20
1977,515,8250,16
1977,516,7430,3
1977,520,6460,3
1977,522,6440,171
1977,525,8600,17
1977,530,8255,60
1977,533,7940,5
1977,534,6515,9
1977,535,6520,56
1977,536,6520,1
1977,540,8100,4
1977,542,8330,2
1977,543,8810,4
1977,545,8610,107
1977,546,8920,1
1977,550,6530,27
1977,551,8350,12
1977,552,7020,156
1977,554,7420,45
1977,560,6240,7
1977,561,8130,87
1977,562,8130,3
1977,563,8450,21
1977,571,7630,3
1977,572,7630,1
1977,575,7630,23
1977,601,6400,16
1977,602,7750,363
1977,603,6830,3
1977,604,8800,19
1977,605,1560,4
1977,610,8740,274
1977,611,8310,36
1977,612,8710,95
1977,613,8350,17
1977,614,6820,17
1977,615,6330,12
1977,620,8650,9
1977,621,7950,52
1977,622,8730,29
1977,623,9360,61
1977,624,8740,16
1977,625,8740,7
1977,626,8220,1
1977,630,8300,41
1977,631,7810,97
1977,633,7810,39
1977,634,9640,19
1977,635,8220,11
1977,640,6940,75
1977,641,8650,28
1977,642,7350,24
1977,643,9640,218
1977,644,8810,59
1977,645,8830,26
1977,650,7950,30
1977,651,7950,50
1977,652,7950,58
1977,653,7950,22
1977,656,7950,62
1977,660,8220,6
1977,661,9300,6
1977,662,8530,40
1977,663,8320,282
1977,664,8330,39
1977,665,8140,19
1977,666,8730,55
1977,670,8460,7
1977,671,8410,11
1977,672,8420,64
1977,673,8410,12
1977,674,8460,40
1977,680,8140,276
1977,681,8965,16
1977,690,8965,528
1977,692,8965,105
1977,694,8950,226
1977,695,8950,75
1977,703,9120,79
1977,704,9415,5
1977,705,9130,190
1977,706,9600,165
1977,710,9200,7
1977,711,9350,10
1977,712,9260,21
1977,713,9260,30
1977,714,9140,45
1977,715,9130,757
1977,740,4350,18
1977,750,6260,10
1977,751,6260,146
1977,752,6100,4
1977,753,9620,211
1977,754,9720,21
1977,755,4250,96
1977,760,9620,9
1977,761,6130,10
1977,762,5620,143
1977,764,9610,40
1977,770,9620,92
1977,780,9620,104
1977,785,9620,79
1977,802,205,24
1977,821,6005,20
1977,822,6050,242
1977,901,4230,29
1977,902,4230,222
1977,903,4220,478
1977,910,4040,56
1977,911,4130,6
1977,912,4020,235
1977,913,4140,32
1977,914,4060,28
1977,915,4110,159
1977,916,4140,91
1977,921,3640,20
1977,922,3645,60
1977,925,3600,308
1977,926,3500,123
1977,931,9415,6
1977,932,4430,41
1977,933,4650,18
1977,934,4530,15
1977,935,4500,14
1977,940,4230,1
1977,942,4600,37
1977,943,9750,12
1977,944,4510,55
1977,950,4230,49
1977,952,4600,2
1977,954,2016,26
1977,960,3940,10
1977,961,3740,154
1977,962,3930,173
1977,963,3800,5
1977,964,3850,326
1977,965,3800,39
1977,980,4600,15
1977,981,4020,3
1977,982,4230,20
1977,984,4230,43
1978,1,800,411
1978,2,1300,25
1978,3,1010,84
1978,4,1006,104
1978,5,1006,19
1978,6,1320,35
1978,10,1350,35
1978,11,1360,99
1978,12,1410,195
1978,13,1430,116
1978,14,1460,122
1978,15,1450,7
1978,20,1520,4
1978,21,1520,10
1978,22,4930,21
1978,23,1530,99
1978,24,2340,10
1978,25,1640,28
1978,26,2340,3
1978,30,2100,12
1978,31,2100,133
1978,32,2430,75
1978,33,2400,7
1978,34,1200,3
1978,35,1240,3
1978,36,1240,11
1978,42,1600,8
1978,43,1710,5
1978,44,1610,32
1978,45,1720,62
1978,51,1740,12
1978,52,1740,2
1978,53,1700,11
1978,54,1740,3
1978,55,1220,69
1978,56,630,215
1978,62,3010,6
1978,63,3040,2
1978,64,3050,41
1978,65,3060,100
1978,72,3250,3
1978,73,3000,1
1978,74,3030,18
1978,75,3255,359
1978,76,3245,68
1978,80,3300,95
1978,81,3310,11
1978,82,3510,1
1978,83,3320,27
1978,84,3645,4
1978,85,3400,54
1978,86,2040,141
1978,90,2060,16
1978,91,735,49
1978,92,1860,1
1978,93,1820,46
1978,94,1860,1
1978,95,1840,7
1978,96,1860,4
1978,100,2010,191
1978,101,4620,34
1978,102,2200,2
1978,103,2200,2
1978,104,2200,8
1978,105,2200,11
1978,110,2200,11
1978,111,2200,15
1978,112,2200,9
1978,113,2200,26
1978,114,2200,12
1978,115,2200,13
1978,116,2200,9
1978,120,2200,7
1978,121,2200,1
1978,122,2200,14
1978,123,2200,18
1978,124,2200,5
1978,125,2200,6
1978,126,2200,14
1978,130,2200,7
1978,131,2200,3
1978,132,2200,2
1978,133,2200,5
1978,134,2200,5
1978,135,2200,21
1978,140,2200,17
1978,141,2340,28
1978,142,2310,644
1978,143,2300,56
1978,144,2320,609
1978,145,2340,21
1978,150,1900,18
1978,151,1920,34
1978,152,1540,130
1978,153,1550,129
1978,154,1550,4
1978,155,1550,9
1978,156,1550,5
1978,161,1560,40
1978,162,1550,111
1978,163,9030,30
1978,164,9040,17
1978,165,4460,2
1978,171,2900,30
1978,172,7900,1
1978,173,1965,7
1978,174,2000,87
1978,175,2710,4
1978,180,2720,9
1978,181,2850,4
1978,183,2630,61
1978,184,2830,70
1978,185,2750,19
1978,190,2600,33
1978,191,2910,21
1978,192,2825,44
1978,193,2800,8
1978,194,2860,22
1978,195,430,56
1978,201,430,18
1978,202,120,350
1978,203,510,9
1978,205,520,68
1978,210,120,31
1978,211,4465,12
1978,212,350,104
1978,213,6660,19
1978,215,565,67
1978,216,410,50
1978,220,430,199
1978,221,9310,15
1978,222,430,280
1978,223,430,68
1978,224,430,28
1978,225,530,97
1978,226,9240,22
1978,230,430,126
1978,231,50,161
1978,233,50,186
1978,235,230,61
1978,240,230,137
1978,245,430,2002
1978,260,4800,29
1978,262,4950,2
1978,264,4950,5
1978,265,4810,219
1978,266,4950,3
1978,270,4920,123
1978,271,4820,39
1978,281,4850,170
1978,282,4850,353
1978,283,4760,345
1978,284,4760,167
1978,285,4760,63
1978,301,5160,122
1978,303,5110,61
1978,305,5120,580
1978,310,4720,207
1978,311,5250,17
1978,312,5000,101
1978,313,5100,23
1978,314,4740,114
1978,315,5520,47
1978,320,5310,9
1978,321,5240,184
1978,323,5600,116
1978,325,5260,51
1978,326,540,74
1978,330,5320,30
1978,331,5550,153
1978,332,5850,51
1978,333,5510,14
1978,334,5530,23
1978,341,5110,10
1978,342,5110,10
1978,343,5800,140
1978,344,5900,7
1978,345,5810,85
1978,350,5800,1
1978,355,5900,19
1978,360,5140,91
1978,361,5540,124
1978,362,5910,8
1978,363,4920,8
1978,364,5400,140
1978,370,5700,79
1978,371,5700,26
1978,372,5700,1146
1978,374,5610,166
1978,375,3510,113
1978,376,5940,41
1978,381,5620,203
1978,382,2540,59
1978,384,5030,5
1978,385,5020,129
1978,390,5410,67
1978,391,5820,238
1978,392,5630,25
1978,394,5940,358
1978,395,5860,131
1978,401,8450,4
1978,402,7800,37
1978,403,7630,2
1978,404,6210,18
1978,405,8256,12
1978,410,6220,32
1978,412,6300,38
1978,413,8500,12
1978,415,6230,270
1978,420,6240,7
1978,421,6250,12
1978,422,8250,65
1978,424,9510,85
1978,425,2630,30
1978,426,8760,8
1978,430,6355,251
1978,431,6355,6
1978,433,7410,67
1978,434,8256,2
1978,435,8910,2
1978,436,6320,116
1978,440,6240,3
1978,441,7700,953
1978,442,7930,3
1978,443,8510,7
1978,444,8460,1
1978,445,6360,8
1978,446,8220,11
1978,450,8740,11
1978,452,8740,60
1978,453,8750,18
1978,454,8220,49
1978,455,9200,31
1978,456,9200,3
1978,461,8030,221
1978,462,8030,2
1978,470,7315,76
1978,471,7140,85
1978,472,7150,55
1978,473,7200,349
1978,475,7010,36
1978,480,7220,22
1978,481,7330,424
1978,482,7320,53
1978,483,7330,9
1978,484,7010,32
1978,485,7020,46
1978,486,7220,31
1978,491,7360,3
1978,492,7630,97
1978,495,7340,9
1978,501,8650,1
1978,502,7360,47
1978,503,8920,22
1978,505,4410,4
1978,506,3520,19
1978,510,6420,91
1978,512,6420,5
1978,514,8100,20
1978,515,8250,12
1978,516,7430,3
1978,520,6460,6
1978,522,6440,157
1978,525,8600,21
1978,530,8255,82
1978,533,7940,6
1978,534,6515,9
1978,535,6520,52
1978,536,6520,1
1978,540,8100,6
1978,542,8330,2
1978,543,8810,9
1978,545,8610,89
1978,546,8920,2
1978,550,6530,26
1978,551,8350,15
1978,552,7020,174
1978,554,7420,51
1978,560,6240,8
1978,561,8130,103
1978,562,8130,1
1978,563,8450,15
1978,571,7630,1
1978,575,7630,24
1978,601,6400,12
1978,602,7750,404
1978,604,8800,14
1978,605,1560,3
1978,610,8740,328
1978,611,8310,44
1978,612,8710,94
1978,613,8350,20
1978,614,6820,14
1978,615,6330,19
1978,620,8650,8
1978,621,7950,41
1978,622,8730,24
1978,623,9360,78
1978,624,8740,17
1978,625,8740,5
1978,626,8220,1
1978,630,8300,47
1978,631,7810,90
1978,633,7810,39
1978,634,9640,13
1978,635,8220,12
1978,636,8460,1
1978,640,6940,65
1978,641,8650,34
1978,642,7350,21
1978,643,9640,209
1978,644,8810,54
1978,645,8830,27
1978,650,7950,26
1978,651,7950,49
1978,652,7950,51
1978,653,7950,16
1978,656,7950,53
1978,660,8220,7
1978,661,9300,6
1978,662,8530,44
1978,663,8320,259
1978,664,8330,21
1978,665,8140,13
1978,666,8730,41
1978,670,8460,12
1978,671,8410,10
1978,672,8420,49
1978,673,8410,8
1978,674,8460,46
1978,680,8140,264
1978,681,8965,13
1978,690,8965,524
1978,692,8965,131
1978,694,8950,244
1978,695,8950,89
1978,703,9120,88
1978,704,9415,3
1978,705,9130,193
1978,706,9600,156
1978,710,9200,6
1978,711,9350,8
1978,712,9260,25
1978,713,9260,27
1978,714,9140,38
1978,715,9130,735
1978,740,4350,15
1978,750,6260,9
1978,751,6260,169
1978,752,6100,4
1978,753,9620,221
1978,754,9720,35
1978,755,4250,87
1978,760,9620,15
1978,761,6130,17
1978,762,5620,156
1978,763,9750,4
1978,764,9610,41
1978,770,9620,113
1978,780,9620,88
1978,785,9620,83
1978,802,205,23
1978,821,6005,21
1978,822,6050,229
1978,901,4230,44
1978,902,4230,236
1978,903,4220,504
1978,910,4040,69
1978,911,4130,15
1978,912,4020,218
1978,913,4140,40
1978,914,4060,24
1978,915,4110,159
1978,916,4140,77
1978,921,3640,25
1978,922,3645,67
1978,923,3255,1
1978,925,3600,317
1978,926,3500,118
1978,931,9415,9
1978,932,4430,34
1978,933,4650,15
1978,934,4530,9
1978,935,4500,9
1978,940,4230,3
1978,942,4600,42
1978,943,9750,11
1978,944,4510,71
1978,950,4230,34
1978,952,4600,1
1978,954,2016,16
1978,960,3940,6
1978,961,3740,140
1978,962,3930,187
1978,963,3800,9
1978,964,3850,275
1978,965,3800,37
1978,980,4600,27
1978,982,4230,16
1978,984,4230,58
1979,1,800,460
1979,2,1300,40
1979,3,1010,117
1979,4,1006,90
1979,5,1006,14
1979,6,1320,39
1979,10,1350,34
1979,11,1360,97
1979,12,1410,205
1979,13,1430,129
1979,14,1460,127
1979,15,1450,14
1979,20,1520,5
1979,21,1520,9
1979,22,4930,18
1979,23,1530,91
1979,24,2340,5
1979,25,1640,34
1979,26,2340,4
1979,30,2100,12
1979,31,2100,140
1979,32,2430,86
1979,33,2400,9
1979,34,1200,5
1979,35,1240,3
1979,36,1240,16
1979,42,1600,11
1979,43,1710,5
1979,44,1610,22
1979,45,1720,72
1979,51,1740,16
1979,52,1740,3
1979,53,1700,7
1979,54,1740,8
1979,55,1220,74
1979,56,630,205
1979,61,3000,1
1979,62,3010,4
1979,63,3040,3
1979,64,3050,35
1979,65,3060,99
1979,72,3250,4
1979,74,3030,20
1979,75,3255,407
1979,76,3245,81
1979,80,3300,75
1979,81,3310,5
1979,82,3510,3
1979,83,3320,34
1979,84,3645,2
1979,85,3400,59
1979,86,2040,165
1979,90,2060,14
1979,91,735,52
1979,92,1860,1
1979,93,1820,38
1979,95,1840,14
1979,96,1860,5
1979,100,2010,184
1979,101,4620,36
1979,102,2200,4
1979,103,2200,5
1979,104,2200,17
1979,105,2200,9
1979,110,2200,10
1979,111,2200,19
1979,112,2200,17
1979,113,2200,19
1979,114,2200,15
1979,115,2200,11
1979,116,2200,6
1979,120,2200,6
1979,121,2200,5
1979,122,2200,18
1979,123,2200,19
1979,124,2200,9
1979,125,2200,5
1979,126,2200,16
1979,130,2200,12
1979,131,2200,1
1979,132,2200,2
1979,133,2200,3
1979,134,2200,4
1979,135,2200,19
1979,140,2200,23
1979,141,2340,30
1979,142,2310,631
1979,143,2300,72
1979,144,2320,614
1979,145,2340,31
1979,150,1900,16
1979,151,1920,48
1979,152,1540,120
1979,153,1550,132
1979,154,1550,8
1979,155,1550,10
1979,156,1550,1
1979,161,1560,40
1979,162,1550,110
1979,163,9030,20
1979,164,9040,28
1979,170,9030,4
1979,171,2900,36
1979,172,7900,1
1979,173,1965,11
1979,174,2000,92
1979,175,2710,4
1979,180,2720,7
1979,181,2850,4
1979,183,2630,65
1979,184,2830,86
1979,185,2750,13
1979,190,2600,42
1979,191,2910,22
1979,192,2825,55
1979,193,2800,6
1979,194,2860,16
1979,195,430,53
1979,201,430,15
1979,202,120,353
1979,203,510,7
1979,205,520,65
1979,210,120,34
1979,211,4465,14
1979,212,350,95
1979,213,6660,14
1979,215,565,73
1979,216,410,42
1979,220,430,221
1979,221,9310,14
1979,222,430,256
1979,223,430,61
1979,224,430,23
1979,225,530,115
1979,226,9240,12
1979,230,430,130
1979,231,50,166
1979,233,50,189
1979,235,230,50
1979,240,230,157
1979,245,430,2011
1979,260,4800,45
1979,262,4950,4
1979,264,4950,10
1979,265,4810,207
1979,266,4950,1
1979,270,4920,112
1979,271,4820,38
1979,281,4850,163
1979,282,4850,366
1979,283,4760,355
1979,284,4760,176
1979,285,4760,42
1979,301,5160,127
1979,303,5110,45
1979,305,5120,584
1979,310,4720,198
1979,311,5250,22
1979,312,5000,139
1979,313,5100,32
1979,314,4740,103
1979,315,5520,47
1979,320,5310,18
1979,321,5240,186
1979,323,5600,123
1979,325,5260,66
1979,326,540,77
1979,330,5320,29
1979,331,5550,152
1979,332,5850,52
1979,333,5510,19
1979,334,5530,14
1979,341,5110,24
1979,342,5110,13
1979,343,5800,157
1979,344,5900,11
1979,345,5810,75
1979,350,5800,1
1979,355,5900,24
1979,360,5140,100
1979,361,5540,140
1979,362,5910,13
1979,363,4920,15
1979,364,5400,147
1979,370,5700,58
1979,371,5700,36
1979,372,5700,1261
1979,374,5610,183
1979,375,3510,137
1979,376,5940,34
1979,381,5620,197
1979,382,2540,48
1979,384,5030,4
1979,385,5020,113
1979,390,5410,65
1979,391,5820,276
1979,392,5630,28
1979,394,5940,366
1979,395,5860,131
1979,401,8450,8
1979,402,7800,43
1979,403,7630,1
1979,404,6210,21
1979,405,8256,10
1979,410,6220,34
1979,411,6220,1
1979,412,6300,33
1979,413,8500,25
1979,415,6230,262
1979,416,6230,1
1979,420,6240,14
1979,421,6250,11
1979,422,8250,69
1979,424,9510,75
1979,425,2630,28
1979,426,8760,6
1979,430,6355,234
1979,431,6355,2
1979,433,7410,64
1979,434,8256,2
1979,436,6320,146
1979,441,7700,963
1979,442,7930,5
1979,443,8510,6
1979,444,8460,2
1979,445,6360,11
1979,446,8220,6
1979,450,8740,16
1979,452,8740,88
1979,453,8750,14
1979,454,8220,57
1979,455,9200,37
1979,456,9200,6
1979,461,8030,247
1979,462,8030,2
1979,470,7315,60
1979,471,7140,64
1979,472,7150,66
1979,473,7200,345
1979,475,7010,60
1979,480,7220,24
1979,481,7330,458
1979,482,7320,55
1979,483,7330,6
1979,484,7010,31
1979,485,7020,48
1979,486,7220,32
1979,491,7360,2
1979,492,7630,108
1979,495,7340,15
1979,501,8650,2
1979,502,7360,49
1979,503,8920,14
1979,505,4410,1
1979,506,3520,13
1979,510,6420,92
1979,512,6420,7
1979,514,8100,10
1979,515,8250,17
1979,516,7430,3
1979,520,6460,3
1979,522,6440,152
1979,523,6440,3
1979,525,8600,16
1979,530,8255,75
1979,533,7940,6
1979,534,6515,15
1979,535,6520,62
1979,536,6520,1
1979,540,8100,7
1979,542,8330,1
1979,543,8810,2
1979,545,8610,115
1979,546,8920,3
1979,550,6530,26
1979,551,8350,17
1979,552,7020,176
1979,554,7420,34
1979,560,6240,12
1979,561,8130,75
1979,563,8450,16
1979,571,7630,4
1979,575,7630,20
1979,601,6400,11
1979,602,7750,447
1979,603,6830,5
1979,604,8800,13
1979,605,1560,1
1979,610,8740,318
1979,611,8310,35
1979,612,8710,90
1979,613,8350,18
1979,614,6820,20
1979,615,6330,18
1979,620,8650,5
1979,621,7950,39
1979,622,8730,25
1979,623,9360,48
1979,624,8740,11
1979,625,8740,7
1979,626,8220,2
1979,630,8300,53
1979,631,7810,84
1979,633,7810,38
1979,634,9640,22
1979,635,8220,19
1979,640,6940,63
1979,641,8650,35
1979,642,7350,12
1979,643,9640,205
1979,644,8810,64
1979,645,8830,26
1979,650,7950,19
1979,651,7950,70
1979,652,7950,39
1979,653,7950,23
1979,656,7950,45
1979,660,8220,2
1979,661,9300,5
1979,662,8530,52
1979,663,8320,312
1979,664,8330,28
1979,665,8140,17
1979,666,8730,32
1979,670,8460,7
1979,671,8410,9
1979,672,8420,42
1979,673,8410,11
1979,674,8460,43
1979,680,8140,284
1979,681,8965,24
1979,690,8965,576
1979,692,8965,127
1979,694,8950,229
1979,695,8950,73
1979,701,9310,1
1979,703,9120,88
1979,704,9415,1
1979,705,9130,196
1979,706,9600,165
1979,710,9200,3
1979,711,9350,7
1979,712,9260,23
1979,713,9260,24
1979,714,9140,41
1979,715,9130,759
1979,740,4350,21
1979,750,6260,8
1979,751,6260,169
1979,752,6100,7
1979,753,9620,231
1979,754,9720,25
1979,755,4250,85
1979,760,9620,13
1979,761,6130,12
1979,762,5620,166
1979,763,9750,3
1979,764,9610,43
1979,770,9620,103
1979,780,9620,93
1979,785,9620,78
1979,802,205,22
1979,821,6005,32
1979,822,6050,200
1979,901,4230,45
1979,902,4230,211
1979,903,4220,484
1979,910,4040,56
1979,911,4130,5
1979,912,4020,250
1979,913,4140,34
1979,914,4060,20
1979,915,4110,142
1979,916,4140,102
1979,921,3640,32
1979,922,3645,76
1979,925,3600,329
1979,926,3500,123
1979,931,9415,9
1979,932,4430,36
1979,933,4650,18
1979,934,4530,9
1979,935,4500,15
1979,942,4600,37
1979,943,9750,8
1979,944,4510,74
1979,950,4230,44
1979,953,4420,1
1979,954,2016,24
1979,960,3940,4
1979,961,3740,125
1979,962,3930,207
1979,963,3800,6
1979,964,3850,281
1979,965,3800,38
1979,980,4600,34
1979,981,4020,4
1979,982,4230,26
1979,984,4230,40
1980,1,800,544
1980,2,1300,47
1980,3,1010,163
1980,4,1006,112
1980,5,1006,23
1980,6,1320,45
1980,10,1350,42
1980,11,1360,111
1980,12,1410,250
1980,13,1430,153
1980,14,1460,140
1980,15,1450,10
1980,20,1520,8
1980,21,1520,16
1980,22,4930,21
1980,23,1530,134
1980,24,2340,11
1980,25,1640,60
1980,26,2340,4
1980,30,2100,22
1980,31,2100,155
1980,32,2430,100
1980,33,2400,8
1980,34,1200,6
1980,35,1240,4
1980,36,1240,11
1980,42,1600,15
1980,43,1710,6
1980,44,1610,28
1980,45,1720,86
1980,51,1740,26
1980,52,1740,7
1980,53,1700,20
1980,54,1740,6
1980,55,1220,103
1980,56,630,270
1980,61,3000,1
1980,62,3010,8
1980,63,3040,3
1980,64,3050,38
1980,65,3060,128
1980,71,3120,2
1980,72,3250,5
1980,74,3030,36
1980,75,3255,538
1980,76,3245,81
1980,80,3300,102
1980,81,3310,8
1980,82,3510,12
1980,83,3320,52
1980,84,3645,6
1980,85,3400,88
1980,86,2040,179
1980,90,2060,17
1980,91,735,70
1980,92,1860,2
1980,93,1820,44
1980,95,1840,7
1980,96,1860,5
1980,100,2010,219
1980,101,4620,36
1980,102,2200,4
1980,103,2200,3
1980,104,2200,16
1980,105,2200,11
1980,110,2200,10
1980,111,2200,15
1980,112,2200,27
1980,113,2200,42
1980,114,2200,14
1980,115,2200,10
1980,116,2200,3
1980,120,2200,8
1980,121,2200,6
1980,122,2200,9
1980,123,2200,15
1980,124,2200,9
1980,125,2200,14
1980,126,2200,24
1980,130,2200,11
1980,131,2200,2
1980,132,2200,2
1980,133,2200,3
1980,134,2200,5
1980,135,2200,24
1980,140,2200,30
1980,141,2340,29
1980,142,2310,707
1980,143,2300,64
1980,144,2320,746
1980,145,2340,34
1980,150,1900,22
1980,151,1920,46
1980,152,1540,150
1980,153,1550,153
1980,154,1550,6
1980,155,1550,12
1980,156,1550,2
1980,161,1560,44
1980,162,1550,110
1980,163,9030,36
1980,164,9040,16
1980,165,4460,3
1980,170,9030,3
1980,171,2900,30
1980,172,7900,3
1980,173,1965,10
1980,174,2000,109
1980,175,2710,4
1980,180,2720,12
1980,181,2850,7
1980,183,2630,84
1980,184,2830,100
1980,185,2750,19
1980,190,2600,48
1980,191,2910,34
1980,192,2825,65
1980,193,2800,13
1980,194,2860,34
1980,195,430,69
1980,201,430,33
1980,202,120,412
1980,203,510,8
1980,205,520,79
1980,210,120,36
1980,211,4465,8
1980,212,350,140
1980,213,6660,19
1980,215,565,83
1980,216,410,50
1980,220,430,282
1980,221,9310,10
1980,222,430,324
1980,223,430,60
1980,224,430,27
1980,225,530,157
1980,226,9240,25
1980,230,430,173
1980,231,50,186
1980,233,50,224
1980,235,230,92
1980,240,230,195
1980,245,430,2336
1980,260,4800,47
1980,261,4965,1
1980,262,4950,4
1980,264,4950,10
1980,265,4810,213
1980,266,4950,6
1980,270,4920,139
1980,271,4820,37
1980,281,4850,204
1980,282,4850,413
1980,283,4760,420
1980,284,4760,207
1980,285,4760,83
1980,301,5160,140
1980,303,5110,64
1980,305,5120,738
1980,310,4720,252
1980,311,5250,26
1980,312,5000,148
1980,313,5100,36
1980,314,4740,105
1980,315,5520,53
1980,320,5310,27
1980,321,5240,240
1980,323,5600,140
1980,325,5260,75
1980,326,540,87
1980,330,5320,32
1980,331,5550,171
1980,332,5850,60
1980,333,5510,22
1980,334,5530,24
1980,341,5110,14
1980,342,5110,14
1980,343,5800,228
1980,344,5900,10
1980,345,5810,115
1980,355,5900,26
1980,360,5140,111
1980,361,5540,176
1980,362,5910,9
1980,363,4920,17
1980,364,5400,172
1980,370,5700,78
1980,371,5700,38
1980,372,5700,1452
1980,374,5610,205
1980,375,3510,203
1980,376,5940,21
1980,381,5620,276
1980,382,2540,92
1980,384,5030,2
1980,385,5020,126
1980,390,5410,80
1980,391,5820,319
1980,392,5630,26
1980,394,5940,472
1980,395,5860,162
1980,401,8450,8
1980,402,7800,37
1980,403,7630,3
1980,404,6210,22
1980,405,8256,9
1980,410,6220,35
1980,412,6300,56
1980,413,8500,22
1980,415,6230,330
1980,416,6230,2
1980,420,6240,15
1980,421,6250,26
1980,422,8250,79
1980,424,9510,79
1980,425,2630,37
1980,426,8760,18
1980,430,6355,288
1980,431,6355,10
1980,433,7410,83
1980,435,8910,2
1980,436,6320,168
1980,440,6240,3
1980,441,7700,1130
1980,442,7930,5
1980,443,8510,7
1980,445,6360,23
1980,446,8220,11
1980,450,8740,13
1980,452,8740,72
1980,453,8750,7
1980,454,8220,58
1980,455,9200,45
1980,456,9200,3
1980,461,8030,306
1980,462,8030,2
1980,470,7315,82
1980,471,7140,78
1980,472,7150,75
1980,473,7200,418
1980,474,7210,1
1980,475,7010,59
1980,480,7220,35
1980,481,7330,550
1980,482,7320,72
1980,483,7330,7
1980,484,7010,50
1980,485,7020,47
1980,486,7220,38
1980,491,7360,3
1980,492,7630,105
1980,495,7340,21
1980,501,8650,3
1980,502,7360,66
1980,503,8920,26
1980,505,4410,4
1980,506,3520,15
1980,510,6420,121
1980,512,6420,2
1980,514,8100,15
1980,515,8250,16
1980,516,7430,3
1980,520,6460,5
1980,522,6440,205
1980,523,6440,1
1980,525,8600,22
1980,530,8255,83
1980,533,7940,8
1980,534,6515,18
1980,535,6520,80
1980,536,6520,2
1980,540,8100,2
1980,542,8330,5
1980,543,8810,4
1980,545,8610,140
1980,546,8920,2
1980,550,6530,30
1980,551,8350,13
1980,552,7020,221
1980,554,7420,43
1980,560,6240,10
1980,561,8130,89
1980,562,8130,1
1980,563,8450,26
1980,571,7630,2
1980,575,7630,23
1980,601,6400,17
1980,602,7750,461
1980,603,6830,8
1980,604,8800,19
1980,605,1560,1
1980,610,8740,374
1980,611,8310,43
1980,612,8710,104
1980,613,8350,19
1980,614,6820,16
1980,615,6330,20
1980,620,8650,4
1980,621,7950,44
1980,622,8730,32
1980,623,9360,62
1980,624,8740,7
1980,625,8740,4
1980,626,8220,3
1980,630,8300,64
1980,631,7810,107
1980,633,7810,50
1980,634,9640,23
1980,635,8220,18
1980,640,6940,107
1980,641,8650,38
1980,642,7350,13
1980,643,9640,224
1980,644,8810,75
1980,645,8830,30
1980,650,7950,25
1980,651,7950,54
1980,652,7950,43
1980,653,7950,35
1980,656,7950,69
1980,660,8220,9
1980,661,9300,5
1980,662,8530,57
1980,663,8320,275
1980,664,8330,33
1980,665,8140,22
1980,666,8730,35
1980,670,8460,2
1980,671,8410,5
1980,672,8420,38
1980,673,8410,15
1980,674,8460,71
1980,680,8140,304
1980,681,8965,29
1980,690,8965,623
1980,692,8965,170
1980,694,8950,259
1980,695,8950,101
1980,701,9310,1
1980,703,9120,98
1980,704,9415,3
1980,705,9130,224
1980,706,9600,182
1980,710,9200,7
1980,711,9350,12
1980,712,9260,24
1980,713,9260,28
1980,714,9140,57
1980,715,9130,820
1980,740,4350,21
1980,750,6260,14
1980,751,6260,231
1980,752,6100,6
1980,753,9620,272
1980,754,9720,28
1980,755,4250,105
1980,760,9620,14
1980,761,6130,11
1980,762,5620,162
1980,763,9750,5
1980,764,9610,51
1980,770,9620,129
1980,780,9620,113
1980,785,9620,108
1980,802,205,37
1980,821,6005,27
1980,822,6050,255
1980,901,4230,46
1980,902,4230,268
1980,903,4220,560
1980,910,4040,88
1980,911,4130,12
1980,912,4020,312
1980,913,4140,32
1980,914,4060,28
1980,915,4110,169
1980,916,4140,120
1980,921,3640,40
1980,922,3645,103
1980,923,3255,1
1980,925,3600,376
1980,926,3500,138
1980,931,9415,8
1980,932,4430,78
1980,933,4650,24
1980,934,4530,15
1980,935,4500,15
1980,942,4600,45
1980,943,9750,6
1980,944,4510,82
1980,945,4500,2
1980,950,4230,68
1980,952,4600,2
1980,954,2016,33
1980,960,3940,1
1980,961,3740,159
1980,962,3930,198
1980,963,3800,3
1980,964,3850,331
1980,965,3800,37
1980,980,4600,37
1980,981,4020,2
1980,982,4230,20
1980,984,4230,48
1981,1,800,538
1981,2,1300,41
1981,3,1010,176
1981,4,1006,118
1981,5,1006,20
1981,6,1320,52
1981,10,1350,44
1981,11,1360,133
1981,12,1410,256
1981,13,1430,131
1981,14,1460,138
1981,15,1450,11
1981,20,1520,11
1981,21,1520,15
1981,22,4930,14
1981,23,1530,123
1981,24,2340,15
1981,25,1640,30
1981,26,2340,4
1981,30,2100,15
1981,31,2100,177
1981,32,2430,75
1981,33,2400,12
1981,34,1200,7
1981,35,1240,4
1981,36,1240,10
1981,42,1600,14
1981,43,1710,4
1981,44,1610,34
1981,45,1720,95
1981,51,1740,35
1981,52,1740,4
1981,53,1700,23
1981,54,1740,6
1981,55,1220,108
1981,56,630,258
1981,62,3010,10
1981,63,3040,1
1981,64,3050,59
1981,65,3060,126
1981,72,3250,5
1981,74,3030,23
1981,75,3255,552
1981,76,3245,98
1981,80,3300,130
1981,81,3310,15
1981,82,3510,4
1981,83,3320,38
1981,84,3645,5
1981,85,3400,68
1981,86,2040,158
1981,90,2060,14
1981,91,735,90
1981,92,1860,2
1981,93,1820,47
1981,95,1840,10
1981,96,1860,4
1981,100,2010,222
1981,101,4620,41
1981,102,2200,7
1981,103,2200,4
1981,104,2200,13
1981,105,2200,12
1981,110,2200,12
1981,111,2200,18
1981,112,2200,19
1981,113,2200,41
1981,114,2200,12
1981,115,2200,8
1981,116,2200,11
1981,120,2200,8
1981,121,2200,4
1981,122,2200,6
1981,123,2200,20
1981,124,2200,8
1981,125,2200,9
1981,126,2200,23
1981,130,2200,7
1981,131,2200,3
1981,132,2200,4
1981,133,2200,4
1981,134,2200,3
1981,135,2200,19
1981,140,2200,31
1981,141,2340,32
1981,142,2310,718
1981,143,2300,63
1981,144,2320,727
1981,145,2340,48
1981,150,1900,19
1981,151,1920,55
1981,152,1540,155
1981,153,1550,165
1981,154,1550,2
1981,155,1550,5
1981,156,1550,4
1981,161,1560,51
1981,162,1550,141
1981,163,9030,48
1981,164,9040,27
1981,165,4460,1
1981,170,9030,5
1981,171,2900,44
1981,172,7900,4
1981,173,1965,22
1981,174,2000,98
1981,175,2710,7
1981,180,2720,17
1981,181,2850,6
1981,182,2740,2
1981,183,2630,82
1981,184,2830,110
1981,185,2750,16
1981,190,2600,47
1981,191,2910,35
1981,192,2825,63
1981,193,2800,14
1981,194,2860,38
1981,195,430,91
1981,201,430,31
1981,202,120,472
1981,203,510,4
1981,205,520,83
1981,210,120,39
1981,211,4465,11
1981,212,350,148
1981,213,6660,20
1981,215,565,82
1981,216,410,51
1981,220,430,270
1981,221,9310,15
1981,222,430,366
1981,223,430,61
1981,224,430,28
1981,225,530,151
1981,226,9240,28
1981,230,430,194
1981,231,50,185
1981,233,50,266
1981,235,230,88
1981,240,230,183
1981,245,430,2463
1981,260,4800,54
1981,261,4965,2
1981,262,4950,4
1981,264,4950,8
1981,265,4810,239
1981,266,4950,8
1981,270,4920,126
1981,271,4820,65
1981,281,4850,196
1981,282,4850,465
1981,283,4760,434
1981,284,4760,186
1981,285,4760,63
1981,301,5160,152
1981,303,5110,68
1981,305,5120,761
1981,310,4720,247
1981,311,5250,26
1981,312,5000,171
1981,313,5100,44
1981,314,4740,112
1981,315,5520,63
1981,320,5310,16
1981,321,5240,243
1981,323,5600,139
1981,325,5260,80
1981,326,540,100
1981,330,5320,32
1981,331,5550,175
1981,332,5850,48
1981,333,5510,19
1981,334,5530,21
1981,341,5110,15
1981,342,5110,4
1981,343,5800,225
1981,344,5900,9
1981,345,5810,129
1981,355,5900,23
1981,360,5140,90
1981,361,5540,153
1981,362,5910,12
1981,363,4920,12
1981,364,5400,160
1981,370,5700,61
1981,371,5700,48
1981,372,5700,1465
1981,374,5610,231
1981,375,3510,180
1981,376,5940,31
1981,381,5620,226
1981,382,2540,64
1981,384,5030,6
1981,385,5020,142
1981,390,5410,77
1981,391,5820,299
1981,392,5630,15
1981,394,5940,525
1981,395,5860,188
1981,401,8450,2
1981,402,7800,45
1981,403,7630,3
1981,404,6210,21
1981,405,8256,6
1981,410,6220,44
1981,412,6300,34
1981,413,8500,24
1981,415,6230,261
1981,416,6230,1
1981,420,6240,15
1981,421,6250,16
1981,422,8250,86
1981,423,8255,1
1981,424,9510,79
1981,425,2630,28
1981,426,8760,16
1981,430,6355,327
1981,431,6355,5
1981,433,7410,94
1981,434,8256,3
1981,435,8910,2
1981,436,6320,158
1981,440,6240,8
1981,441,7700,1236
1981,442,7930,7
1981,443,8510,8
1981,445,6360,21
1981,446,8220,5
1981,450,8740,9
1981,452,8740,68
1981,453,8750,7
1981,454,8220,60
1981,455,9200,35
1981,456,9200,2
1981,461,8030,287
1981,462,8030,1
1981,470,7315,99
1981,471,7140,98
1981,472,7150,81
1981,473,7200,381
1981,474,7210,1
1981,475,7010,59
1981,480,7220,23
1981,481,7330,540
1981,482,7320,69
1981,483,7330,5
1981,484,7010,49
1981,485,7020,34
1981,486,7220,34
1981,492,7630,105
1981,495,7340,10
1981,501,8650,2
1981,502,7360,52
1981,503,8920,26
1981,505,4410,3
1981,506,3520,30
1981,510,6420,112
1981,512,6420,1
1981,514,8100,17
1981,515,8250,16
1981,516,7430,2
1981,520,6460,6
1981,522,6440,192
1981,523,6440,1
1981,525,8600,23
1981,530,8255,92
1981,533,7940,8
1981,534,6515,21
1981,535,6520,70
1981,536,6520,1
1981,540,8100,6
1981,542,8330,6
1981,543,8810,7
1981,545,8610,115
1981,546,8920,4
1981,550,6530,22
1981,551,8350,8
1981,552,7020,218
1981,554,7420,35
1981,560,6240,8
1981,561,8130,104
1981,562,8130,1
1981,563,8450,17
1981,571,7630,4
1981,572,7630,1
1981,575,7630,19
1981,601,6400,18
1981,602,7750,395
1981,603,6830,4
1981,604,8800,24
1981,605,1560,4
1981,610,8740,396
1981,611,8310,39
1981,612,8710,107
1981,613,8350,21
1981,614,6820,20
1981,615,6330,13
1981,620,8650,5
1981,621,7950,35
1981,622,8730,27
1981,623,9360,54
1981,624,8740,15
1981,625,8740,4
1981,626,8220,2
1981,630,8300,63
1981,631,7810,92
1981,633,7810,55
1981,634,9640,17
1981,635,8220,12
1981,640,6940,114
1981,641,8650,31
1981,642,7350,22
1981,643,9640,194
1981,644,8810,68
1981,645,8830,27
1981,650,7950,23
1981,651,7950,49
1981,652,7950,56
1981,653,7950,16
1981,656,7950,46
1981,660,8220,11
1981,661,9300,3
1981,662,8530,37
1981,663,8320,264
1981,664,8330,47
1981,665,8140,15
1981,666,8730,57
1981,670,8460,2
1981,671,8410,4
1981,672,8420,25
1981,673,8410,10
1981,674,8460,42
1981,680,8140,289
1981,681,8965,25
1981,690,8965,618
1981,692,8965,166
1981,694,8950,252
1981,695,8950,69
1981,701,9310,2
1981,703,9120,100
1981,704,9415,4
1981,705,9130,255
1981,706,9600,154
1981,710,9200,5
1981,711,9350,5
1981,712,9260,30
1981,713,9260,19
1981,714,9140,47
1981,715,9130,838
1981,740,4350,17
1981,750,6260,5
1981,751,6260,205
1981,752,6100,3
1981,753,9620,240
1981,754,9720,30
1981,755,4250,98
1981,760,9620,20
1981,761,6130,15
1981,762,5620,177
1981,764,9610,47
1981,770,9620,126
1981,780,9620,75
1981,785,9620,91
1981,802,205,37
1981,821,6005,14
1981,822,6050,280
1981,901,4230,53
1981,902,4230,297
1981,903,4220,549
1981,910,4040,80
1981,911,4130,29
1981,912,4020,295
1981,913,4140,38
1981,914,4060,32
1981,915,4110,175
1981,916,4140,118
1981,921,3640,36
1981,922,3645,116
1981,923,3255,4
1981,924,3600,2
1981,925,3600,370
1981,926,3500,162
1981,931,9415,16
1981,932,4430,60
1981,933,4650,16
1981,934,4530,8
1981,935,4500,15
1981,940,4230,1
1981,942,4600,33
1981,943,9750,7
1981,944,4510,74
1981,950,4230,55
1981,952,4600,2
1981,953,4420,1
1981,954,2016,37
1981,960,3940,3
1981,961,3740,150
1981,962,3930,235
1981,963,3800,3
1981,964,3850,320
1981,965,3800,52
1981,980,4600,33
1981,981,4020,4
1981,982,4230,25
1981,983,8310,1
1981,984,4230,52
1982,1,800,552
1982,2,1300,27
1982,3,1010,157
1982,4,1006,114
1982,5,1006,42
1982,6,1320,40
1982,10,1350,49
1982,11,1360,111
1982,12,1410,219
1982,13,1430,150
1982,14,1460,121
1982,15,1450,9
1982,20,1520,9
1982,21,1520,12
1982,22,4930,12
1982,23,1530,124
1982,24,2340,7
1982,25,1640,42
1982,26,2340,1
1982,30,2100,10
1982,31,2100,158
1982,32,2430,85
1982,33,2400,10
1982,34,1200,4
1982,35,1240,6
1982,36,1240,8
1982,42,1600,9
1982,43,1710,3
1982,44,1610,29
1982,45,1720,75
1982,51,1740,26
1982,52,1740,4
1982,53,1700,13
1982,54,1740,5
1982,55,1220,134
1982,56,630,232
1982,62,3010,3
1982,63,3040,2
1982,64,3050,58
1982,65,3060,137
1982,72,3250,5
1982,73,3000,1
1982,74,3030,15
1982,75,3255,475
1982,76,3245,118
1982,80,3300,110
1982,81,3310,10
1982,82,3510,8
1982,83,3320,47
1982,84,3645,8
1982,85,3400,83
1982,86,2040,141
1982,90,2060,24
1982,91,735,96
1982,93,1820,25
1982,95,1840,9
1982,96,1860,2
1982,100,2010,201
1982,101,4620,29
1982,102,2200,5
1982,103,2200,4
1982,104,2200,13
1982,105,2200,7
1982,110,2200,9
1982,111,2200,18
1982,112,2200,21
1982,113,2200,19
1982,114,2200,12
1982,115,2200,11
1982,116,2200,13
1982,120,2200,8
1982,121,2200,6
1982,122,2200,10
1982,123,2200,14
1982,124,2200,8
1982,125,2200,5
1982,126,2200,19
1982,130,2200,10
1982,131,2200,3
1982,132,2200,2
1982,133,2200,6
1982,134,2200,2
1982,135,2200,13
1982,140,2200,18
1982,141,2340,21
1982,142,2310,701
1982,143,2300,74
1982,144,2320,603
1982,145,2340,46
1982,150,1900,15
1982,151,1920,55
1982,152,1540,140
1982,153,1550,161
1982,154,1550,3
1982,155,1550,6
1982,161,1560,33
1982,162,1550,110
1982,163,9030,37
1982,164,9040,9
1982,165,4460,3
1982,170,9030,3
1982,171,2900,44
1982,172,7900,4
1982,173,1965,12
1982,174,2000,78
1982,175,2710,1
1982,180,2720,14
1982,181,2850,9
1982,183,2630,71
1982,184,2830,97
1982,185,2750,13
1982,190,2600,36
1982,191,2910,20
1982,192,2825,65
1982,193,2800,8
1982,194,2860,30
1982,195,430,64
1982,201,430,17
1982,202,120,415
1982,203,510,6
1982,205,520,85
1982,210,120,33
1982,211,4465,10
1982,212,350,153
1982,213,6660,17
1982,215,565,56
1982,216,410,47
1982,220,430,223
1982,221,9310,15
1982,222,430,313
1982,223,430,69
1982,224,430,16
1982,225,530,153
1982,226,9240,23
1982,230,430,166
1982,231,50,161
1982,233,50,197
1982,235,230,72
1982,240,230,164
1982,245,430,2178
1982,260,4800,46
1982,262,4950,6
1982,264,4950,10
1982,265,4810,239
1982,266,4950,5
1982,270,4920,98
1982,271,4820,84
1982,281,4850,183
1982,282,4850,463
1982,283,4760,412
1982,284,4760,172
1982,285,4760,71
1982,301,5160,148
1982,303,5110,67
1982,305,5120,667
1982,310,4720,246
1982,311,5250,22
1982,312,5000,165
1982,313,5100,30
1982,314,4740,93
1982,315,5520,55
1982,320,5310,13
1982,321,5240,279
1982,323,5600,120
1982,325,5260,95
1982,326,540,99
1982,330,5320,29
1982,331,5550,151
1982,332,5850,55
1982,333,5510,19
1982,334,5530,13
1982,341,5110,13
1982,342,5110,5
1982,343,5800,229
1982,344,5900,4
1982,345,5810,126
1982,355,5900,31
1982,360,5140,90
1982,361,5540,159
1982,362,5910,7
1982,363,4920,14
1982,364,5400,166
1982,370,5700,68
1982,371,5700,33
1982,372,5700,1293
1982,374,5610,230
1982,375,3510,168
1982,376,5940,24
1982,381,5620,208
1982,382,2540,46
1982,383,5510,3
1982,384,5030,1
1982,385,5020,121
1982,390,5410,76
1982,391,5820,268
1982,392,5630,10
1982,394,5940,418
1982,395,5860,165
1982,401,8450,6
1982,402,7800,33
1982,403,7630,2
1982,404,6210,23
1982,405,8256,12
1982,410,6220,18
1982,412,6300,29
1982,413,8500,25
1982,415,6230,248
1982,416,6230,1
1982,420,6240,22
1982,421,6250,7
1982,422,8250,61
1982,423,8255,1
1982,424,9510,70
1982,425,2630,27
1982,426,8760,14
1982,430,6355,256
1982,431,6355,3
1982,433,7410,74
1982,434,8256,2
1982,436,6320,116
1982,440,6240,6
1982,441,7700,1013
1982,442,7930,3
1982,443,8510,9
1982,445,6360,18
1982,446,8220,3
1982,450,8740,3
1982,452,8740,79
1982,453,8750,5
1982,454,8220,44
1982,455,9200,19
1982,456,9200,1
1982,461,8030,250
1982,470,7315,110
1982,471,7140,63
1982,472,7150,53
1982,473,7200,371
1982,475,7010,44
1982,480,7220,32
1982,481,7330,472
1982,482,7320,56
1982,483,7330,3
1982,484,7010,46
1982,485,7020,55
1982,486,7220,39
1982,491,7360,1
1982,492,7630,98
1982,495,7340,11
1982,501,8650,3
1982,502,7360,49
1982,503,8920,22
1982,505,4410,3
1982,506,3520,18
1982,510,6420,93
1982,512,6420,1
1982,514,8100,15
1982,515,8250,20
1982,516,7430,1
1982,520,6460,4
1982,522,6440,196
1982,523,6440,2
1982,525,8600,15
1982,530,8255,88
1982,531,8255,1
1982,533,7940,5
1982,534,6515,15
1982,535,6520,58
1982,540,8100,8
1982,542,8330,5
1982,543,8810,3
1982,545,8610,103
1982,546,8920,1
1982,550,6530,36
1982,551,8350,11
1982,552,7020,200
1982,554,7420,44
1982,560,6240,4
1982,561,8130,69
1982,563,8450,7
1982,571,7630,4
1982,575,7630,14
1982,601,6400,14
1982,602,7750,435
1982,603,6830,5
1982,604,8800,15
1982,605,1560,4
1982,610,8740,347
1982,611,8310,40
1982,612,8710,80
1982,613,8350,17
1982,614,6820,25
1982,615,6330,15
1982,620,8650,8
1982,621,7950,42
1982,622,8730,30
1982,623,9360,47
1982,624,8740,12
1982,625,8740,3
1982,626,8220,1
1982,630,8300,67
1982,631,7810,75
1982,633,7810,42
1982,634,9640,18
1982,635,8220,10
1982,640,6940,98
1982,641,8650,43
1982,642,7350,17
1982,643,9640,216
1982,644,8810,67
1982,645,8830,29
1982,650,7950,19
1982,651,7950,42
1982,652,7950,40
1982,653,7950,18
1982,656,7950,49
1982,660,8220,10
1982,661,9300,7
1982,662,8530,30
1982,663,8320,231
1982,664,8330,26
1982,665,8140,20
1982,666,8730,31
1982,670,8460,3
1982,671,8410,3
1982,672,8420,40
1982,673,8410,12
1982,674,8460,43
1982,680,8140,240
1982,681,8965,22
1982,690,8965,516
1982,692,8965,114
1982,694,8950,244
1982,695,8950,58
1982,701,9310,2
1982,703,9120,100
1982,704,9415,3
1982,705,9130,195
1982,706,9600,152
1982,710,9200,4
1982,711,9350,6
1982,712,9260,30
1982,713,9260,13
1982,714,9140,48
1982,715,9130,725
1982,740,4350,20
1982,750,6260,9
1982,751,6260,176
1982,752,6100,3
1982,753,9620,221
1982,754,9720,28
1982,755,4250,119
1982,760,9620,14
1982,761,6130,8
1982,762,5620,170
1982,763,9750,1
1982,764,9610,47
1982,770,9620,123
1982,780,9620,70
1982,785,9620,101
1982,802,205,21
1982,821,6005,13
1982,822,6050,233
1982,901,4230,54
1982,902,4230,260
1982,903,4220,506
1982,910,4040,79
1982,911,4130,20
1982,912,4020,266
1982,913,4140,34
1982,914,4060,36
1982,915,4110,166
1982,916,4140,108
1982,921,3640,28
1982,922,3645,97
1982,923,3255,3
1982,925,3600,347
1982,926,3500,136
1982,931,9415,12
1982,932,4430,50
1982,933,4650,18
1982,934,4530,5
1982,935,4500,12
1982,942,4600,27
1982,943,9750,6
1982,944,4510,65
1982,950,4230,67
1982,952,4600,1
1982,953,4420,1
1982,954,2016,25
1982,960,3940,5
1982,961,3740,124
1982,962,3930,210
1982,963,3800,6
1982,964,3850,282
1982,965,3800,58
1982,980,4600,25
1982,981,4020,3
1982,982,4230,28
1982,984,4230,53
1983,3,10,4
1983,4,10,12
1983,5,430,242
1983,6,3710,35
1983,7,120,212
1983,8,136,62
1983,9,150,57
1983,13,50,223
1983,14,230,221
1983,15,350,51
1983,16,410,71
1983,17,430,18
1983,18,4465,8
1983,19,430,2008
1983,23,800,527
1983,24,860,17
1983,25,910,241
1983,26,710,47
1983,27,630,176
1983,28,510,7
1983,29,520,82
1983,33,530,108
1983,34,500,12
1983,35,6660,38
1983,36,565,88
1983,37,740,91
1983,43,1300,26
1983,44,1320,41
1983,45,1450,16
1983,46,1520,6
1983,47,1520,15
1983,48,1350,46
1983,49,1530,9
1983,53,1360,114
1983,54,1340,3
1983,55,1410,234
1983,56,1430,118
1983,57,1460,131
1983,58,1440,9
1983,59,1530,98
1983,63,1310,8
1983,64,1006,137
1983,65,1220,84
1983,66,1200,5
1983,67,1240,20
1983,68,1240,7
1983,69,1700,14
1983,73,1720,58
1983,74,1710,6
1983,75,1740,45
1983,76,1740,7
1983,77,1600,15
1983,78,1610,25
1983,79,1640,35
1983,83,1650,10
1983,84,3060,140
1983,85,3010,8
1983,86,3250,8
1983,87,3040,3
1983,88,3120,1
1983,89,3000,1
1983,95,3255,447
1983,96,3050,54
1983,97,3030,31
1983,98,3220,33
1983,99,3150,13
1983,103,3160,14
1983,104,3230,19
1983,105,3245,23
1983,106,3400,19
1983,113,2200,1
1983,114,2200,12
1983,115,2200,7
1983,116,2200,3
1983,118,2200,11
1983,119,2200,8
1983,123,2200,16
1983,124,2200,3
1983,125,2200,1
1983,126,2200,6
1983,127,2200,13
1983,128,2200,17
1983,129,2200,4
1983,133,2200,9
1983,134,2200,18
1983,135,2200,7
1983,136,2200,3
1983,137,2200,11
1983,138,2200,7
1983,139,2200,7
1983,143,2200,12
1983,144,2200,8
1983,145,2200,4
1983,146,2200,2
1983,147,2200,4
1983,148,2200,6
1983,149,2200,2
1983,154,2200,48
1983,155,2300,84
1983,156,2310,691
1983,157,2320,637
1983,158,2330,4
1983,159,2340,102
1983,163,2000,73
1983,164,2430,78
1983,165,2400,7
1983,166,735,50
1983,167,1820,46
1983,168,1860,2
1983,169,1860,7
1983,173,1840,8
1983,174,2010,182
1983,175,4620,21
1983,176,2040,151
1983,177,2060,26
1983,178,2100,164
1983,179,2100,20
1983,183,2850,8
1983,184,2840,20
1983,185,2630,120
1983,186,2750,12
1983,187,2710,20
1983,188,2600,26
1983,189,2910,20
1983,194,2860,5
1983,195,2830,94
1983,197,2825,54
1983,198,2800,10
1983,199,2720,10
1983,203,3300,118
1983,204,3310,15
1983,205,3510,19
1983,206,3320,37
1983,207,3500,149
1983,208,3400,68
1983,213,1550,140
1983,214,1550,3
1983,215,1550,11
1983,216,1550,101
1983,217,1540,116
1983,218,1560,29
1983,223,1900,20
1983,224,1920,45
1983,225,1550,25
1983,226,9030,30
1983,227,9040,11
1983,228,2900,16
1983,229,1010,163
1983,233,7900,1
1983,234,2145,46
1983,235,1965,93
1983,243,4700,880
1983,253,4810,180
1983,254,4920,119
1983,255,4820,82
1983,256,4800,56
1983,257,4840,138
1983,258,4930,14
1983,259,4850,613
1983,263,4760,73
1983,264,4760,51
1983,265,4760,21
1983,266,4760,34
1983,267,4760,36
1983,268,4760,50
1983,269,4750,40
1983,274,4760,225
1983,275,4740,17
1983,276,4720,263
1983,277,4950,26
1983,278,4950,3
1983,283,4900,4
1983,284,4965,1
1983,285,4965,5
1983,303,5000,236
1983,304,5000,20
1983,305,5000,50
1983,306,5000,6
1983,307,5000,87
1983,308,5800,222
1983,309,5800,1
1983,313,5700,1523
1983,314,5940,25
1983,315,5820,237
1983,316,5310,46
1983,317,5300,16
1983,318,5410,45
1983,319,5400,153
1983,323,5400,46
1983,325,5350,1
1983,326,5350,17
1983,327,5350,76
1983,328,5360,38
1983,329,5320,23
1983,335,5260,67
1983,336,5260,62
1983,337,5120,677
1983,338,5140,83
1983,339,5110,60
1983,343,5110,40
1983,344,5110,19
1983,345,5900,5
1983,346,5850,4
1983,347,5900,9
1983,348,5020,87
1983,349,5030,5
1983,353,5010,3
1983,354,5540,136
1983,355,5550,146
1983,356,5850,45
1983,357,5510,25
1983,359,5520,72
1983,363,5600,82
1983,364,5610,166
1983,365,5620,191
1983,366,5530,18
1983,368,5630,29
1983,373,5240,40
1983,374,5620,11
1983,375,540,104
1983,376,5240,119
1983,377,5250,25
1983,378,5100,42
1983,379,5860,207
1983,383,5160,128
1983,384,5910,5
1983,385,5810,114
1983,386,3510,65
1983,387,2540,54
1983,389,5940,186
1983,404,4020,3
1983,405,4230,7
1983,406,4600,12
1983,407,4230,57
1983,413,3720,18
1983,414,3710,42
1983,415,3730,16
1983,416,3750,14
1983,417,3740,97
1983,418,3850,222
1983,423,3800,50
1983,424,3800,54
1983,425,3940,1
1983,426,3930,168
1983,427,3955,7
1983,433,4010,53
1983,434,4040,81
1983,435,4110,158
1983,436,4020,231
1983,437,4020,7
1983,438,4060,10
1983,439,4030,33
1983,443,4130,39
1983,444,4140,108
1983,445,3640,20
1983,446,3645,91
1983,447,3600,401
1983,448,4200,52
1983,449,4230,164
1983,453,4220,617
1983,454,9750,8
1983,455,4240,6
1983,456,4320,7
1983,457,4500,13
1983,458,4510,63
1983,459,4430,47
1983,463,4540,5
1983,465,9050,22
1983,466,4530,4
1983,467,2016,10
1983,468,4600,34
1983,469,4650,33
1983,473,205,4
1983,475,205,16
1983,476,205,1
1983,477,6005,20
1983,479,6050,212
1983,484,6050,5
1983,485,4210,23
1983,486,4250,97
1983,487,4350,14
1983,488,6050,4
1983,494,6005,4
1983,495,6120,10
1983,496,6130,18
1983,497,6100,2
1983,498,6100,5
1983,503,7000,151
1983,505,7200,261
1983,507,7210,129
1983,508,7140,33
1983,509,7240,21
1983,514,7150,56
1983,515,7140,9
1983,516,7220,111
1983,517,7220,26
1983,518,7330,244
1983,519,7350,21
1983,523,7020,63
1983,525,7010,39
1983,526,7320,18
1983,527,7420,36
1983,529,7020,158
1983,533,7040,27
1983,534,7315,73
1983,535,7430,11
1983,536,7540,7
1983,538,7010,31
1983,539,7300,19
1983,543,6700,10
1983,544,7360,46
1983,547,7630,137
1983,549,7340,96
1983,553,6200,2
1983,554,6200,6
1983,555,6200,15
1983,556,6200,2
1983,557,6200,4
1983,558,6200,137
1983,563,6220,35
1983,565,6240,3
1983,566,6240,15
1983,567,6230,176
1983,569,6230,1
1983,573,6330,10
1983,575,6355,217
1983,576,6355,8
1983,577,7410,61
1983,579,6420,57
1983,583,6420,6
1983,584,6460,8
1983,585,6440,159
1983,587,6440,1
1983,588,6250,9
1983,589,6360,12
1983,593,6400,13
1983,595,6515,10
1983,596,6520,6
1983,597,6530,15
1983,598,6820,3
1983,599,6730,46
1983,613,6200,43
1983,614,6800,29
1983,615,6830,7
1983,616,6840,22
1983,617,6940,26
1983,633,7700,721
1983,634,8130,60
1983,635,8130,1
1983,636,7730,4
1983,637,8030,203
1983,639,8030,1
1983,643,6210,21
1983,644,8220,4
1983,645,8100,3
1983,646,8100,13
1983,647,8750,7
1983,649,8910,2
1983,653,6520,65
1983,655,7950,2
1983,656,8550,3
1983,657,8500,9
1983,658,8510,4
1983,666,8350,25
1983,667,8350,14
1983,668,8450,9
1983,669,8330,4
1983,674,8460,2
1983,675,8920,3
1983,676,8100,9
1983,677,3520,16
1983,678,8760,16
1983,679,8256,10
1983,683,7720,62
1983,684,8220,9
1983,686,7810,116
1983,687,7800,30
1983,688,7840,8
1983,689,8740,58
1983,693,7750,4
1983,694,8620,20
1983,695,8600,27
1983,696,8610,59
1983,699,8630,30
1983,703,8220,10
1983,704,7950,34
1983,705,7950,6
1983,706,7950,37
1983,707,7940,8
1983,708,7950,13
1983,709,7950,45
1983,713,7930,6
1983,714,7900,3
1983,715,8220,16
1983,717,8220,8
1983,719,8100,31
1983,723,8220,23
1983,724,8220,9
1983,725,8650,4
1983,726,8540,7
1983,727,8530,21
1983,728,8540,1
1983,729,8540,1
1983,733,8550,8
1983,734,8255,119
1983,735,8250,26
1983,736,8250,23
1983,737,8256,13
1983,738,8420,36
1983,739,8410,15
1983,743,8400,2
1983,744,8320,220
1983,745,8330,36
1983,747,8310,44
1983,748,8300,60
1983,749,8460,22
1983,753,8850,12
1983,754,8800,144
1983,755,8720,17
1983,756,8650,49
1983,757,8640,29
1983,758,8720,7
1983,759,8810,68
1983,763,7830,2
1983,764,8965,9
1983,765,8930,8
1983,766,8730,52
1983,768,8650,17
1983,769,8710,60
1983,773,4410,3
1983,774,8830,29
1983,777,8965,346
1983,779,8950,108
1983,783,8140,190
1983,784,8140,12
1983,785,7750,351
1983,786,7810,15
1983,787,8920,10
1983,789,8810,9
1983,793,8910,2
1983,794,8965,3
1983,795,8965,13
1983,796,8740,253
1983,797,8740,28
1983,798,8740,6
1983,799,8740,23
1983,803,9000,14
1983,804,9130,672
1983,805,9130,99
1983,806,9130,90
1983,808,9120,101
1983,809,9140,29
1983,813,9350,6
1983,814,9150,1
1983,823,9240,16
1983,824,9200,29
1983,825,9260,17
1983,826,9260,5
1983,828,9310,17
1983,829,9300,6
1983,834,9420,2
1983,843,9000,6
1983,844,6320,69
1983,845,9510,1
1983,848,9560,11
1983,849,9510,45
1983,853,9520,27
1983,855,6300,31
1983,856,9600,141
1983,859,9750,62
1983,863,9000,4
1983,864,7610,6
1983,865,6600,16
1983,866,1560,2
1983,867,6940,4
1983,869,6260,138
1983,873,8950,24
1983,875,9720,17
1983,876,9620,11
1983,877,5620,87
1983,878,9630,27
1983,883,9620,150
1983,885,9360,51
1983,887,9610,35
1983,888,9640,82
1983,889,9620,352
1984,3,10,5
1984,4,10,19
1984,5,430,265
1984,6,3710,31
1984,7,120,207
1984,8,136,79
1984,9,150,59
1984,13,50,185
1984,14,230,266
1984,15,350,58
1984,16,410,93
1984,17,430,20
1984,18,4465,16
1984,19,430,2155
1984,23,800,513
1984,24,860,24
1984,25,910,279
1984,26,710,43
1984,27,630,163
1984,28,510,8
1984,29,520,81
1984,33,530,126
1984,34,500,14
1984,35,6660,34
1984,36,565,111
1984,37,740,106
1984,43,1300,27
1984,44,1320,30
1984,45,1450,14
1984,46,1520,5
1984,47,1520,16
1984,48,1350,31
1984,49,1530,13
1984,53,1360,134
1984,54,1340,5
1984,55,1410,256
1984,56,1430,122
1984,57,1460,127
1984,58,1440,8
1984,59,1530,99
1984,63,1310,4
1984,64,1006,169
1984,65,1220,82
1984,66,1200,6
1984,67,1240,20
1984,68,1240,3
1984,69,1700,17
1984,73,1720,49
1984,74,1710,8
1984,75,1740,33
1984,76,1740,6
1984,77,1600,13
1984,78,1610,41
1984,79,1640,23
1984,83,1650,13
1984,84,3060,111
1984,85,3010,8
1984,86,3250,8
1984,87,3040,2
1984,89,3000,2
1984,95,3255,515
1984,96,3050,53
1984,97,3030,23
1984,98,3220,26
1984,99,3150,7
1984,103,3160,27
1984,104,3230,15
1984,105,3245,15
1984,106,3400,18
1984,113,2200,3
1984,114,2200,10
1984,115,2200,4
1984,116,2200,5
1984,118,2200,14
1984,119,2200,8
1984,123,2200,11
1984,124,2200,2
1984,125,2200,3
1984,126,2200,4
1984,127,2200,13
1984,128,2200,22
1984,129,2200,5
1984,133,2200,10
1984,134,2200,21
1984,135,2200,21
1984,136,2200,2
1984,137,2200,15
1984,138,2200,5
1984,139,2200,4
1984,143,2200,23
1984,144,2200,10
1984,145,2200,1
1984,146,2200,1
1984,147,2200,6
1984,148,2200,2
1984,149,2200,3
1984,154,2200,57
1984,155,2300,73
1984,156,2310,694
1984,157,2320,635
1984,158,2330,95
1984,159,2340,84
1984,163,2000,95
1984,164,2430,94
1984,165,2400,6
1984,166,735,49
1984,167,1820,45
1984,168,1860,4
1984,169,1860,7
1984,173,1840,7
1984,174,2010,212
1984,175,4620,20
1984,176,2040,133
1984,177,2060,24
1984,178,2100,167
1984,179,2100,23
1984,183,2850,2
1984,184,2840,30
1984,185,2630,98
1984,186,2750,13
1984,187,2710,26
1984,188,2600,38
1984,189,2910,28
1984,194,2860,11
1984,195,2830,107
1984,197,2825,66
1984,198,2800,13
1984,199,2720,9
1984,203,3300,114
1984,204,3310,11
1984,205,3510,15
1984,206,3320,37
1984,207,3500,145
1984,208,3400,74
1984,213,1550,134
1984,214,1550,11
1984,215,1550,9
1984,216,1550,106
1984,217,1540,133
1984,218,1560,19
1984,223,1900,34
1984,224,1920,47
1984,225,1550,29
1984,226,9030,38
1984,227,9040,17
1984,228,2900,16
1984,229,1010,207
1984,233,7900,3
1984,234,2145,70
1984,235,1965,106
1984,243,4700,975
1984,253,4810,171
1984,254,4920,108
1984,255,4820,71
1984,256,4800,54
1984,257,4840,119
1984,258,4930,16
1984,259,4850,592
1984,263,4760,91
1984,264,4760,53
1984,265,4760,12
1984,266,4760,32
1984,267,4760,30
1984,268,4760,75
1984,269,4750,48
1984,274,4760,227
1984,275,4740,21
1984,276,4720,233
1984,277,4950,33
1984,278,4950,7
1984,283,4900,4
1984,284,4965,1
1984,285,4965,4
1984,303,5000,223
1984,304,5000,24
1984,305,5000,54
1984,306,5000,1
1984,307,5000,88
1984,308,5800,264
1984,309,5800,1
1984,313,5700,1493
1984,314,5940,20
1984,315,5820,241
1984,316,5310,57
1984,317,5300,14
1984,318,5410,36
1984,319,5400,150
1984,323,5400,47
1984,325,5350,1
1984,326,5350,8
1984,327,5350,77
1984,328,5360,31
1984,329,5320,19
1984,335,5260,71
1984,336,5260,66
1984,337,5120,623
1984,338,5140,74
1984,339,5110,64
1984,343,5110,38
1984,344,5110,13
1984,345,5900,4
1984,346,5850,7
1984,347,5900,9
1984,348,5020,87
1984,354,5540,126
1984,355,5550,139
1984,356,5850,47
1984,357,5510,21
1984,359,5520,84
1984,363,5600,106
1984,364,5610,185
1984,365,5620,220
1984,366,5530,18
1984,368,5630,26
1984,373,5240,47
1984,374,5620,9
1984,375,540,82
1984,376,5240,117
1984,377,5250,29
1984,378,5100,43
1984,379,5860,209
1984,383,5160,116
1984,384,5910,8
1984,385,5810,129
1984,386,3510,44
1984,387,2540,68
1984,389,5940,218
1984,404,4020,1
1984,405,4230,8
1984,406,4600,22
1984,407,4230,66
1984,413,3720,16
1984,414,3710,47
1984,415,3730,11
1984,416,3750,12
1984,417,3740,91
1984,418,3850,211
1984,423,3800,53
1984,424,3800,53
1984,425,3940,2
1984,426,3930,186
1984,427,3955,6
1984,433,4010,59
1984,434,4040,67
1984,435,4110,162
1984,436,4020,292
1984,437,4020,8
1984,438,4060,9
1984,439,4030,21
1984,443,4130,33
1984,444,4140,82
1984,445,3640,27
1984,446,3645,112
1984,447,3600,392
1984,448,4200,69
1984,449,4230,163
1984,453,4220,659
1984,454,9750,10
1984,455,4240,7
1984,456,4320,14
1984,457,4500,16
1984,458,4510,74
1984,459,4430,32
1984,463,4540,6
1984,465,9050,18
1984,466,4530,15
1984,467,2016,19
1984,468,4600,37
1984,469,4650,33
1984,473,205,5
1984,475,205,23
1984,476,205,1
1984,477,6005,23
1984,479,6050,211
1984,484,6050,6
1984,485,4210,28
1984,486,4250,94
1984,487,4350,13
1984,494,6005,4
1984,495,6120,10
1984,496,6130,14
1984,497,6100,1
1984,498,6100,1
1984,499,6100,1
1984,503,7000,168
1984,505,7200,238
1984,507,7210,129
1984,508,7140,51
1984,509,7240,19
1984,514,7150,45
1984,515,7140,6
1984,516,7220,80
1984,517,7220,26
1984,518,7330,262
1984,519,7350,9
1984,523,7020,66
1984,525,7010,44
1984,526,7320,17
1984,527,7420,35
1984,529,7020,132
1984,533,7040,27
1984,534,7315,76
1984,535,7430,9
1984,536,7540,6
1984,538,7010,30
1984,539,7300,17
1984,543,6700,8
1984,544,7360,41
1984,547,7630,150
1984,549,7340,65
1984,553,6200,3
1984,554,6200,9
1984,555,6200,19
1984,556,6200,2
1984,557,6200,2
1984,558,6200,149
1984,563,6220,25
1984,565,6240,4
1984,566,6240,8
1984,567,6230,198
1984,573,6330,11
1984,575,6355,221
1984,576,6355,3
1984,577,7410,57
1984,579,6420,71
1984,583,6420,2
1984,584,6460,6
1984,585,6440,160
1984,587,6440,1
1984,588,6250,14
1984,589,6360,14
1984,593,6400,11
1984,594,6300,1
1984,595,6515,10
1984,596,6520,13
1984,597,6530,9
1984,598,6820,4
1984,599,6730,49
1984,613,6200,37
1984,614,6800,22
1984,615,6830,5
1984,616,6840,20
1984,617,6940,17
1984,633,7700,742
1984,634,8130,49
1984,636,7730,4
1984,637,8030,211
1984,643,6210,18
1984,644,8220,6
1984,645,8100,2
1984,646,8100,9
1984,647,8750,15
1984,649,8910,3
1984,653,6520,53
1984,655,7950,1
1984,656,8550,5
1984,657,8500,10
1984,658,8510,5
1984,659,8550,1
1984,666,8350,17
1984,667,8350,16
1984,668,8450,16
1984,669,8330,3
1984,674,8460,1
1984,675,8920,5
1984,676,8100,9
1984,677,3520,21
1984,678,8760,11
1984,679,8256,12
1984,683,7720,90
1984,684,8220,4
1984,686,7810,104
1984,687,7800,35
1984,688,7840,9
1984,689,8740,51
1984,693,7750,4
1984,694,8620,31
1984,695,8600,34
1984,696,8610,75
1984,699,8630,13
1984,703,8220,13
1984,704,7950,35
1984,705,7950,5
1984,706,7950,42
1984,707,7940,5
1984,708,7950,8
1984,709,7950,54
1984,713,7930,6
1984,714,7900,2
1984,715,8220,13
1984,717,8220,14
1984,719,8100,45
1984,723,8220,20
1984,724,8220,7
1984,725,8650,2
1984,726,8540,4
1984,727,8530,31
1984,728,8540,1
1984,729,8540,3
1984,733,8550,10
1984,734,8255,88
1984,735,8250,16
1984,736,8250,29
1984,737,8256,15
1984,738,8420,35
1984,739,8410,20
1984,743,8400,5
1984,744,8320,311
1984,745,8330,40
1984,747,8310,51
1984,748,8300,58
1984,749,8460,17
1984,753,8850,17
1984,754,8800,146
1984,755,8720,9
1984,756,8650,55
1984,757,8640,30
1984,758,8720,5
1984,759,8810,61
1984,763,7830,1
1984,764,8965,3
1984,765,8930,9
1984,766,8730,50
1984,768,8650,17
1984,769,8710,62
1984,773,4410,2
1984,774,8830,27
1984,777,8965,375
1984,779,8950,118
1984,783,8140,219
1984,784,8140,14
1984,785,7750,338
1984,786,7810,4
1984,787,8920,9
1984,789,8810,15
1984,793,8910,1
1984,794,8965,1
1984,795,8965,14
1984,796,8740,284
1984,797,8740,22
1984,798,8740,4
1984,799,8740,28
1984,803,9000,17
1984,804,9130,678
1984,805,9130,124
1984,806,9130,91
1984,808,9120,116
1984,809,9140,45
1984,813,9350,14
1984,814,9150,1
1984,823,9240,22
1984,824,9200,26
1984,825,9260,25
1984,826,9260,6
1984,828,9310,6
1984,829,9300,8
1984,833,9300,1
1984,834,9420,2
1984,843,9000,7
1984,844,6320,72
1984,848,9560,16
1984,849,9510,39
1984,853,9520,26
1984,855,6300,38
1984,856,9600,140
1984,859,9750,78
1984,863,9000,5
1984,864,7610,7
1984,865,6600,15
1984,867,6940,1
1984,869,6260,112
1984,873,8950,17
1984,875,9720,13
1984,876,9620,7
1984,877,5620,87
1984,878,9630,23
1984,883,9620,129
1984,885,9360,56
1984,887,9610,34
1984,888,9640,75
1984,889,9620,351
1985,3,10,5
1985,4,10,8
1985,5,430,238
1985,6,3710,29
1985,7,120,180
1985,8,136,69
1985,9,150,49
1985,13,50,197
1985,14,230,251
1985,15,350,46
1985,16,410,100
1985,17,430,34
1985,18,4465,16
1985,19,430,2454
1985,23,800,554
1985,24,860,33
1985,25,910,287
1985,26,710,54
1985,27,630,177
1985,28,510,9
1985,29,520,84
1985,33,530,125
1985,34,500,25
1985,35,6660,24
1985,36,565,107
1985,37,740,116
1985,43,1300,36
1985,44,1320,50
1985,45,1450,12
1985,46,1520,8
1985,47,1520,13
1985,48,1350,36
1985,49,1530,8
1985,53,1360,143
1985,55,1410,272
1985,56,1430,101
1985,57,1460,146
1985,58,1440,15
1985,59,1530,101
1985,63,1310,9
1985,64,1006,148
1985,65,1220,83
1985,66,1200,6
1985,67,1240,18
1985,68,1240,3
1985,69,1700,16
1985,73,1720,65
1985,74,1710,9
1985,75,1740,23
1985,76,1740,11
1985,77,1600,21
1985,78,1610,33
1985,79,1640,27
1985,83,1650,19
1985,84,3060,108
1985,85,3010,8
1985,86,3250,9
1985,87,3040,2
1985,89,3000,1
1985,95,3255,526
1985,96,3050,63
1985,97,3030,23
1985,98,3220,35
1985,99,3150,10
1985,103,3160,20
1985,104,3230,17
1985,105,3245,16
1985,106,3400,22
1985,113,2200,3
1985,114,2200,14
1985,115,2200,4
1985,116,2200,13
1985,118,2200,10
1985,119,2200,4
1985,123,2200,12
1985,124,2200,6
1985,125,2200,4
1985,126,2200,2
1985,127,2200,10
1985,128,2200,27
1985,129,2200,4
1985,133,2200,10
1985,134,2200,22
1985,135,2200,14
1985,136,2200,6
1985,137,2200,16
1985,138,2200,5
1985,139,2200,7
1985,143,2200,16
1985,144,2200,19
1985,145,2200,3
1985,147,2200,2
1985,148,2200,1
1985,149,2200,1
1985,153,2200,2
1985,154,2200,84
1985,155,2300,96
1985,156,2310,661
1985,157,2320,655
1985,158,2330,92
1985,159,2340,90
1985,163,2000,86
1985,164,2430,83
1985,165,2400,4
1985,166,735,51
1985,167,1820,57
1985,168,1860,1
1985,169,1860,2
1985,173,1840,7
1985,174,2010,210
1985,175,4620,23
1985,176,2040,141
1985,177,2060,30
1985,178,2100,195
1985,179,2100,24
1985,183,2850,2
1985,184,2840,27
1985,185,2630,152
1985,186,2750,16
1985,187,2710,19
1985,188,2600,31
1985,189,2910,26
1985,194,2860,22
1985,195,2830,87
1985,197,2825,56
1985,198,2800,14
1985,199,2720,13
1985,203,3300,113
1985,204,3310,7
1985,205,3510,14
1985,206,3320,64
1985,207,3500,156
1985,208,3400,86
1985,213,1550,143
1985,214,1550,3
1985,215,1550,7
1985,216,1550,110
1985,217,1540,141
1985,218,1560,26
1985,223,1900,35
1985,224,1920,40
1985,225,1550,26
1985,226,9030,31
1985,227,9040,30
1985,228,2900,11
1985,229,1010,216
1985,233,7900,2
1985,234,2145,67
1985,235,1965,103
1985,243,4700,1047
1985,253,4810,161
1985,254,4920,126
1985,255,4820,92
1985,256,4800,47
1985,257,4840,176
1985,258,4930,13
1985,259,4850,636
1985,263,4760,100
1985,264,4760,62
1985,265,4760,15
1985,266,4760,36
1985,267,4760,51
1985,268,4760,68
1985,269,4750,63
1985,274,4760,204
1985,275,4740,25
1985,276,4720,289
1985,277,4950,33
1985,278,4950,9
1985,283,4900,2
1985,285,4965,6
1985,303,5000,271
1985,304,5000,26
1985,305,5000,40
1985,306,5000,2
1985,307,5000,82
1985,308,5800,304
1985,309,5800,1
1985,313,5700,1568
1985,314,5940,25
1985,315,5820,254
1985,316,5310,46
1985,317,5300,15
1985,318,5410,45
1985,319,5400,154
1985,323,5400,47
1985,325,5350,3
1985,326,5350,5
1985,327,5350,98
1985,328,5360,26
1985,329,5320,21
1985,335,5260,69
1985,336,5260,62
1985,337,5120,640
1985,338,5140,91
1985,339,5110,47
1985,343,5110,40
1985,344,5110,17
1985,345,5900,4
1985,346,5850,6
1985,347,5900,9
1985,348,5020,91
1985,349,5030,4
1985,353,5010,1
1985,354,5540,138
1985,355,5550,160
1985,356,5850,42
1985,357,5510,24
1985,359,5520,89
1985,363,5600,80
1985,364,5610,198
1985,365,5620,224
1985,366,5530,17
1985,368,5630,25
1985,373,5240,38
1985,374,5620,9
1985,375,540,91
1985,376,5240,145
1985,377,5250,32
1985,378,5100,32
1985,379,5860,235
1985,383,5160,131
1985,384,5910,7
1985,385,5810,138
1985,386,3510,43
1985,387,2540,71
1985,389,5940,264
1985,404,4020,5
1985,405,4230,16
1985,406,4600,16
1985,407,4230,59
1985,413,3720,14
1985,414,3710,47
1985,415,3730,9
1985,416,3750,13
1985,417,3740,109
1985,418,3850,233
1985,423,3800,38
1985,424,3800,61
1985,425,3940,2
1985,426,3930,206
1985,427,3955,7
1985,433,4010,67
1985,434,4040,73
1985,435,4110,196
1985,436,4020,305
1985,437,4020,13
1985,438,4060,9
1985,439,4030,25
1985,443,4130,41
1985,444,4140,94
1985,445,3640,26
1985,446,3645,119
1985,447,3600,414
1985,448,4200,78
1985,449,4230,165
1985,453,4220,704
1985,454,9750,6
1985,455,4240,8
1985,456,4320,22
1985,457,4500,13
1985,458,4510,68
1985,459,4430,25
1985,463,4540,5
1985,464,4420,1
1985,465,9050,17
1985,466,4530,8
1985,467,2016,9
1985,468,4600,58
1985,469,4650,25
1985,473,205,9
1985,475,205,13
1985,476,205,2
1985,477,6005,28
1985,479,6050,195
1985,484,6050,4
1985,485,4210,30
1985,486,4250,104
1985,487,4350,14
1985,488,6050,4
1985,489,6010,1
1985,494,6005,2
1985,495,6120,6
1985,496,6130,7
1985,497,6100,4
1985,498,6100,4
1985,499,6100,2
1985,503,7000,150
1985,505,7200,280
1985,507,7210,166
1985,508,7140,61
1985,509,7240,25
1985,514,7150,50
1985,515,7140,5
1985,516,7220,89
1985,517,7220,22
1985,518,7330,284
1985,519,7350,19
1985,523,7020,59
1985,525,7010,53
1985,526,7320,16
1985,527,7420,50
1985,529,7020,139
1985,533,7040,35
1985,534,7315,97
1985,535,7430,16
1985,536,7540,5
1985,538,7010,31
1985,539,7300,9
1985,543,6700,6
1985,544,7360,42
1985,547,7630,173
1985,549,7340,87
1985,553,6200,1
1985,554,6200,13
1985,555,6200,15
1985,556,6200,1
1985,557,6200,6
1985,558,6200,157
1985,563,6220,26
1985,565,6240,8
1985,566,6240,12
1985,567,6230,229
1985,573,6330,25
1985,575,6355,227
1985,576,6355,4
1985,577,7410,59
1985,579,6420,71
1985,583,6420,4
1985,584,6460,8
1985,585,6440,153
1985,588,6250,14
1985,589,6360,22
1985,593,6400,15
1985,594,6300,1
1985,595,6515,16
1985,596,6520,11
1985,597,6530,18
1985,598,6820,6
1985,599,6730,41
1985,613,6200,34
1985,614,6800,25
1985,615,6830,3
1985,616,6840,25
1985,617,6940,13
1985,633,7700,800
1985,634,8130,62
1985,635,8130,1
1985,636,7730,2
1985,637,8030,246
1985,639,8030,1
1985,643,6210,14
1985,644,8220,9
1985,645,8100,2
1985,646,8100,7
1985,647,8750,13
1985,649,8910,7
1985,653,6520,57
1985,654,6520,1
1985,656,8550,3
1985,657,8500,17
1985,658,8510,11
1985,659,8550,2
1985,666,8350,22
1985,667,8350,13
1985,668,8450,15
1985,669,8330,2
1985,674,8460,1
1985,675,8920,2
1985,676,8100,7
1985,677,3520,12
1985,678,8760,20
1985,679,8256,12
1985,683,7720,130
1985,684,8220,14
1985,686,7810,101
1985,687,7800,31
1985,688,7840,15
1985,689,8740,46
1985,693,7750,2
1985,694,8620,29
1985,695,8600,28
1985,696,8610,69
1985,699,8630,18
1985,703,8220,15
1985,704,7950,28
1985,705,7950,5
1985,706,7950,55
1985,707,7940,5
1985,708,7950,16
1985,709,7950,69
1985,713,7930,6
1985,714,7900,2
1985,715,8220,23
1985,717,8220,10
1985,719,8100,56
1985,723,8220,22
1985,724,8220,7
1985,725,8650,2
1985,726,8540,5
1985,727,8530,36
1985,728,8540,1
1985,733,8550,10
1985,734,8255,99
1985,735,8250,12
1985,736,8250,23
1985,737,8256,10
1985,738,8420,29
1985,739,8410,16
1985,743,8400,1
1985,744,8320,295
1985,745,8330,15
1985,747,8310,52
1985,748,8300,59
1985,749,8460,27
1985,753,8850,14
1985,754,8800,142
1985,755,8720,17
1985,756,8650,58
1985,757,8640,30
1985,758,8720,8
1985,759,8810,73
1985,763,7830,3
1985,764,8965,4
1985,765,8930,8
1985,766,8730,49
1985,768,8650,18
1985,769,8710,68
1985,773,4410,4
1985,774,8830,35
1985,777,8965,390
1985,779,8950,127
1985,783,8140,241
1985,784,8140,12
1985,785,7750,371
1985,786,7810,3
1985,787,8920,7
1985,789,8810,3
1985,793,8910,3
1985,795,8965,15
1985,796,8740,313
1985,797,8740,31
1985,798,8740,4
1985,799,8740,35
1985,803,9000,21
1985,804,9130,688
1985,805,9130,142
1985,806,9130,99
1985,808,9120,113
1985,809,9140,34
1985,813,9350,9
1985,814,9150,1
1985,823,9240,21
1985,824,9200,31
1985,825,9260,26
1985,826,9260,3
1985,828,9310,10
1985,829,9300,7
1985,834,9420,2
1985,843,9000,5
1985,844,6320,73
1985,848,9560,12
1985,849,9510,36
1985,853,9520,24
1985,855,6300,34
1985,856,9600,163
1985,859,9750,66
1985,863,9000,3
1985,864,7610,3
1985,865,6600,23
1985,866,1560,2
1985,867,6940,1
1985,869,6260,133
1985,873,8950,23
1985,875,9720,25
1985,876,9620,6
1985,877,5620,103
1985,878,9630,26
1985,883,9620,139
1985,885,9360,49
1985,887,9610,62
1985,888,9640,85
1985,889,9620,335
1986,3,10,3
1986,4,10,6
1986,5,430,280
1986,6,3710,15
1986,7,120,234
1986,8,136,61
1986,9,150,45
1986,13,50,213
1986,14,230,264
1986,15,350,58
1986,16,410,120
1986,17,430,24
1986,18,4465,12
1986,19,430,2456
1986,23,800,558
1986,24,860,21
1986,25,910,269
1986,26,710,57
1986,27,630,157
1986,28,510,7
1986,29,520,99
1986,33,530,121
1986,34,500,6
1986,35,6660,21
1986,36,565,98
1986,37,740,107
1986,43,1300,38
1986,44,1320,46
1986,45,1450,12
1986,46,1520,3
1986,47,1520,14
1986,48,1350,33
1986,49,1530,4
1986,53,1360,123
1986,54,1340,3
1986,55,1410,270
1986,56,1430,96
1986,57,1460,138
1986,58,1440,11
1986,59,1530,116
1986,63,1310,11
1986,64,1006,172
1986,65,1220,121
1986,66,1200,7
1986,67,1240,18
1986,68,1240,3
1986,69,1700,16
1986,73,1720,58
1986,74,1710,3
1986,75,1740,22
1986,76,1740,6
1986,77,1600,8
1986,78,1610,28
1986,79,1640,20
1986,83,1650,14
1986,84,3060,122
1986,85,3010,13
1986,86,3250,11
1986,87,3040,4
1986,89,3000,2
1986,95,3255,567
1986,96,3050,66
1986,97,3030,23
1986,98,3220,26
1986,99,3150,11
1986,103,3160,13
1986,104,3230,18
1986,105,3245,14
1986,106,3400,16
1986,113,2200,2
1986,114,2200,15
1986,115,2200,9
1986,116,2200,7
1986,117,2200,1
1986,118,2200,7
1986,119,2200,10
1986,123,2200,9
1986,124,2200,3
1986,125,2200,3
1986,126,2200,1
1986,127,2200,11
1986,128,2200,14
1986,129,2200,5
1986,133,2200,8
1986,134,2200,20
1986,135,2200,18
1986,136,2200,2
1986,137,2200,19
1986,138,2200,4
1986,139,2200,1
1986,143,2200,19
1986,144,2200,6
1986,145,2200,3
1986,146,2200,1
1986,147,2200,6
1986,149,2200,2
1986,153,2200,3
1986,154,2200,80
1986,155,2300,95
1986,156,2310,639
1986,157,2320,628
1986,158,2330,106
1986,159,2340,102
1986,163,2000,82
1986,164,2430,70
1986,165,2400,5
1986,166,735,27
1986,167,1820,40
1986,168,1860,1
1986,169,1860,10
1986,173,1840,4
1986,174,2010,235
1986,175,4620,18
1986,176,2040,137
1986,177,2060,30
1986,178,2100,186
1986,179,2100,20
1986,183,2850,9
1986,184,2840,18
1986,185,2630,138
1986,186,2750,14
1986,187,2710,19
1986,188,2600,42
1986,189,2910,19
1986,194,2860,10
1986,195,2830,102
1986,197,2825,56
1986,198,2800,16
1986,199,2720,10
1986,203,3300,128
1986,204,3310,12
1986,205,3510,18
1986,206,3320,54
1986,207,3500,150
1986,208,3400,64
1986,213,1550,141
1986,214,1550,5
1986,215,1550,3
1986,216,1550,123
1986,217,1540,120
1986,218,1560,33
1986,223,1900,17
1986,224,1920,45
1986,225,1550,28
1986,226,9030,36
1986,227,9040,21
1986,228,2900,6
1986,229,1010,227
1986,234,2145,60
1986,235,1965,108
1986,243,4700,1135
1986,253,4810,188
1986,254,4920,142
1986,255,4820,104
1986,256,4800,59
1986,257,4840,196
1986,258,4930,10
1986,259,4850,627
1986,263,4760,83
1986,264,4760,57
1986,265,4760,12
1986,266,4760,55
1986,267,4760,43
1986,268,4760,55
1986,269,4750,60
1986,274,4760,199
1986,275,4740,21
1986,276,4720,285
1986,277,4950,34
1986,278,4950,5
1986,283,4900,1
1986,285,4965,3
1986,303,5000,250
1986,304,5000,21
1986,305,5000,59
1986,307,5000,74
1986,308,5800,325
1986,309,5800,2
1986,313,5700,1436
1986,314,5940,20
1986,315,5820,273
1986,316,5310,60
1986,317,5300,21
1986,318,5410,42
1986,319,5400,186
1986,323,5400,44
1986,325,5350,1
1986,326,5350,3
1986,327,5350,73
1986,328,5360,23
1986,329,5320,31
1986,335,5260,71
1986,336,5260,36
1986,337,5120,628
1986,338,5140,75
1986,339,5110,58
1986,343,5110,35
1986,344,5110,17
1986,345,5900,8
1986,346,5850,8
1986,347,5900,14
1986,348,5020,71
1986,349,5030,2
1986,354,5540,137
1986,355,5550,148
1986,356,5850,48
1986,357,5510,26
1986,359,5520,83
1986,363,5600,89
1986,364,5610,203
1986,365,5620,235
1986,366,5530,24
1986,368,5630,20
1986,373,5240,41
1986,374,5620,8
1986,375,540,112
1986,376,5240,157
1986,377,5250,23
1986,378,5100,44
1986,379,5860,248
1986,383,5160,131
1986,384,5910,4
1986,385,5810,131
1986,386,3510,39
1986,387,2540,67
1986,389,5940,303
1986,404,4020,2
1986,405,4230,4
1986,406,4600,24
1986,407,4230,65
1986,413,3720,16
1986,414,3710,53
1986,415,3730,12
1986,416,3750,3
1986,417,3740,126
1986,418,3850,243
1986,423,3800,51
1986,424,3800,87
1986,425,3940,2
1986,426,3930,228
1986,427,3955,5
1986,433,4010,55
1986,434,4040,72
1986,435,4110,216
1986,436,4020,288
1986,437,4020,17
1986,438,4060,14
1986,439,4030,18
1986,443,4130,25
1986,444,4140,100
1986,445,3640,45
1986,446,3645,90
1986,447,3600,433
1986,448,4200,78
1986,449,4230,180
1986,453,4220,693
1986,454,9750,5
1986,455,4240,7
1986,456,4320,15
1986,457,4500,9
1986,458,4510,78
1986,459,4430,26
1986,463,4540,4
1986,465,9050,24
1986,466,4530,7
1986,467,2016,16
1986,468,4600,46
1986,469,4650,24
1986,473,205,7
1986,475,205,35
1986,476,205,2
1986,477,6005,11
1986,479,6050,173
1986,484,6050,3
1986,485,4210,24
1986,486,4250,110
1986,487,4350,9
1986,488,6050,1
1986,494,6005,2
1986,495,6120,6
1986,496,6130,10
1986,497,6100,1
1986,498,6100,5
1986,499,6100,1
1986,503,7000,128
1986,505,7200,295
1986,507,7210,154
1986,508,7140,61
1986,509,7240,20
1986,514,7150,58
1986,515,7140,5
1986,516,7220,79
1986,517,7220,17
1986,518,7330,284
1986,519,7350,17
1986,523,7020,64
1986,525,7010,55
1986,526,7320,16
1986,527,7420,55
1986,529,7020,146
1986,533,7040,34
1986,534,7315,99
1986,535,7430,8
1986,536,7540,6
1986,538,7010,31
1986,539,7300,8
1986,543,6700,9
1986,544,7360,53
1986,547,7630,168
1986,549,7340,81
1986,554,6200,11
1986,555,6200,15
1986,556,6200,2
1986,557,6200,8
1986,558,6200,174
1986,563,6220,37
1986,565,6240,10
1986,566,6240,19
1986,567,6230,258
1986,573,6330,28
1986,575,6355,261
1986,576,6355,2
1986,577,7410,54
1986,579,6420,63
1986,583,6420,1
1986,584,6460,7
1986,585,6440,165
1986,588,6250,12
1986,589,6360,11
1986,593,6400,16
1986,594,6300,2
1986,595,6515,21
1986,596,6520,13
1986,597,6530,16
1986,598,6820,6
1986,599,6730,39
1986,613,6200,35
1986,614,6800,22
1986,615,6830,2
1986,616,6840,23
1986,617,6940,16
1986,633,7700,756
1986,634,8130,76
1986,635,8130,2
1986,636,7730,5
1986,637,8030,230
1986,643,6210,6
1986,644,8220,11
1986,645,8100,3
1986,646,8100,11
1986,647,8750,14
1986,649,8910,7
1986,653,6520,56
1986,655,7950,2
1986,657,8500,8
1986,658,8510,11
1986,659,8550,1
1986,666,8350,15
1986,667,8350,20
1986,668,8450,17
1986,669,8330,4
1986,674,8460,3
1986,675,8920,4
1986,676,8100,13
1986,677,3520,9
1986,678,8760,18
1986,679,8256,14
1986,683,7720,139
1986,684,8220,5
1986,686,7810,96
1986,687,7800,32
1986,688,7840,8
1986,689,8740,44
1986,693,7750,5
1986,694,8620,24
1986,695,8600,34
1986,696,8610,57
1986,699,8630,23
1986,703,8220,8
1986,704,7950,33
1986,705,7950,7
1986,706,7950,63
1986,707,7940,4
1986,708,7950,14
1986,709,7950,54
1986,713,7930,6
1986,714,7900,1
1986,715,8220,19
1986,717,8220,6
1986,719,8100,37
1986,723,8220,15
1986,724,8220,8
1986,725,8650,1
1986,726,8540,5
1986,727,8530,24
1986,729,8540,1
1986,733,8550,12
1986,734,8255,113
1986,735,8250,19
1986,736,8250,28
1986,737,8256,6
1986,738,8420,30
1986,739,8410,17
1986,743,8400,2
1986,744,8320,260
1986,745,8330,22
1986,747,8310,40
1986,748,8300,58
1986,749,8460,27
1986,753,8850,7
1986,754,8800,148
1986,755,8720,14
1986,756,8650,38
1986,757,8640,30
1986,758,8720,6
1986,759,8810,61
1986,763,7830,4
1986,764,8965,6
1986,765,8930,4
1986,766,8730,58
1986,768,8650,18
1986,769,8710,63
1986,773,4410,2
1986,774,8830,29
1986,777,8965,442
1986,779,8950,154
1986,783,8140,213
1986,784,8140,15
1986,785,7750,412
1986,786,7810,6
1986,787,8920,7
1986,789,8810,8
1986,793,8910,3
1986,794,8965,4
1986,795,8965,14
1986,796,8740,294
1986,797,8740,21
1986,798,8740,1
1986,799,8740,19
1986,803,9000,21
1986,804,9130,721
1986,805,9130,140
1986,806,9130,97
1986,808,9120,103
1986,809,9140,25
1986,813,9350,13
1986,823,9240,17
1986,824,9200,41
1986,825,9260,19
1986,826,9260,3
1986,828,9310,9
1986,829,9300,6
1986,834,9420,4
1986,843,9000,3
1986,844,6320,74
1986,848,9560,12
1986,849,9510,44
1986,853,9520,25
1986,855,6300,38
1986,856,9600,159
1986,859,9750,29
1986,863,9000,4
1986,864,7610,6
1986,865,6600,14
1986,866,1560,4
1986,867,6940,2
1986,869,6260,140
1986,873,8950,18
1986,875,9720,19
1986,876,9620,4
1986,877,5620,114
1986,878,9630,27
1986,883,9620,189
1986,885,9360,53
1986,887,9610,31
1986,888,9640,79
1986,889,9620,356
1987,3,10,7
1987,4,10,9
1987,5,430,277
1987,6,3710,26
1987,7,120,245
1987,8,136,72
1987,9,150,59
1987,13,50,215
1987,14,230,274
1987,15,350,81
1987,16,410,127
1987,17,430,22
1987,18,4465,11
1987,19,430,2525
1987,23,800,520
1987,24,860,34
1987,25,910,290
1987,26,710,44
1987,27,630,184
1987,28,510,8
1987,29,520,84
1987,33,530,127
1987,34,500,5
1987,35,6660,31
1987,36,565,102
1987,37,740,116
1987,43,1300,41
1987,44,1320,34
1987,45,1450,14
1987,46,1520,1
1987,47,1520,11
1987,48,1350,33
1987,49,1530,10
1987,53,1360,143
1987,54,1340,2
1987,55,1410,281
1987,56,1430,91
1987,57,1460,125
1987,58,1440,5
1987,59,1530,90
1987,63,1310,9
1987,64,1006,196
1987,65,1220,119
1987,66,1200,5
1987,67,1240,15
1987,68,1240,1
1987,69,1700,20
1987,73,1720,60
1987,74,1710,4
1987,75,1740,23
1987,76,1740,5
1987,77,1600,22
1987,78,1610,34
1987,79,1640,18
1987,83,1650,20
1987,84,3060,140
1987,85,3010,12
1987,86,3250,7
1987,87,3040,3
1987,89,3000,2
1987,95,3255,609
1987,96,3050,57
1987,97,3030,23
1987,98,3220,29
1987,99,3150,9
1987,103,3160,32
1987,104,3230,26
1987,105,3245,15
1987,106,3400,20
1987,114,2200,19
1987,115,2200,9
1987,116,2200,6
1987,117,2200,2
1987,118,2200,12
1987,119,2200,11
1987,123,2200,8
1987,124,2200,1
1987,125,2200,5
1987,126,2200,2
1987,127,2200,19
1987,128,2200,17
1987,129,2200,3
1987,133,2200,3
1987,134,2200,15
1987,135,2200,17
1987,136,2200,1
1987,137,2200,23
1987,138,2200,7
1987,139,2200,5
1987,143,2200,23
1987,144,2200,6
1987,145,2200,3
1987,146,2200,1
1987,147,2200,10
1987,148,2200,1
1987,149,2200,2
1987,153,2200,1
1987,154,2200,66
1987,155,2300,106
1987,156,2310,615
1987,157,2320,616
1987,158,2330,88
1987,159,2340,106
1987,163,2000,89
1987,164,2430,77
1987,165,2400,7
1987,166,735,53
1987,167,1820,58
1987,168,1860,1
1987,169,1860,8
1987,173,1840,4
1987,174,2010,237
1987,175,4620,20
1987,176,2040,154
1987,177,2060,23
1987,178,2100,197
1987,179,2100,17
1987,183,2850,5
1987,184,2840,17
1987,185,2630,141
1987,186,2750,13
1987,187,2710,23
1987,188,2600,38
1987,189,2910,30
1987,193,2740,4
1987,194,2860,18
1987,195,2830,127
1987,197,2825,74
1987,198,2800,12
1987,199,2720,10
1987,203,3300,107
1987,204,3310,18
1987,205,3510,11
1987,206,3320,47
1987,207,3500,148
1987,208,3400,86
1987,213,1550,127
1987,215,1550,6
1987,216,1550,102
1987,217,1540,124
1987,218,1560,28
1987,223,1900,19
1987,224,1920,42
1987,225,1550,29
1987,226,9030,45
1987,227,9040,20
1987,228,2900,8
1987,229,1010,195
1987,233,7900,3
1987,234,2145,79
1987,235,1965,106
1987,243,4700,1145
1987,253,4810,190
1987,254,4920,143
1987,255,4820,114
1987,256,4800,51
1987,257,4840,157
1987,258,4930,15
1987,259,4850,614
1987,263,4760,112
1987,264,4760,51
1987,265,4760,8
1987,266,4760,51
1987,267,4760,40
1987,268,4760,55
1987,269,4750,56
1987,274,4760,221
1987,275,4740,24
1987,276,4720,286
1987,277,4950,26
1987,278,4950,6
1987,283,4900,1
1987,284,4965,2
1987,285,4965,1
1987,303,5000,230
1987,304,5000,26
1987,305,5000,46
1987,306,5000,1
1987,307,5000,93
1987,308,5800,312
1987,309,5800,1
1987,313,5700,1447
1987,314,5940,25
1987,315,5820,249
1987,316,5310,52
1987,317,5300,18
1987,318,5410,36
1987,319,5400,177
1987,323,5400,41
1987,325,5350,2
1987,326,5350,10
1987,327,5350,75
1987,328,5360,31
1987,329,5320,25
1987,335,5260,64
1987,336,5260,57
1987,337,5120,635
1987,338,5140,89
1987,339,5110,59
1987,343,5110,34
1987,344,5110,10
1987,345,5900,3
1987,346,5850,2
1987,347,5900,11
1987,348,5020,71
1987,349,5030,2
1987,353,5010,1
1987,354,5540,133
1987,355,5550,160
1987,356,5850,53
1987,357,5510,34
1987,359,5520,106
1987,363,5600,92
1987,364,5610,183
1987,365,5620,252
1987,366,5530,21
1987,368,5630,25
1987,373,5240,46
1987,374,5620,9
1987,375,540,102
1987,376,5240,161
1987,377,5250,38
1987,378,5100,51
1987,379,5860,244
1987,383,5160,118
1987,384,5910,10
1987,385,5810,128
1987,386,3510,39
1987,387,2540,73
1987,389,5940,338
1987,403,8310,1
1987,404,4020,3
1987,405,4230,9
1987,406,4600,16
1987,407,4230,73
1987,413,3720,26
1987,414,3710,57
1987,415,3730,19
1987,416,3750,9
1987,417,3740,103
1987,418,3850,245
1987,423,3800,47
1987,424,3800,85
1987,425,3940,6
1987,426,3930,226
1987,427,3955,2
1987,433,4010,62
1987,434,4040,84
1987,435,4110,183
1987,436,4020,319
1987,437,4020,14
1987,438,4060,19
1987,439,4030,18
1987,443,4130,31
1987,444,4140,104
1987,445,3640,35
1987,446,3645,120
1987,447,3600,416
1987,448,4200,89
1987,449,4230,181
1987,453,4220,609
1987,454,9750,2
1987,455,4240,10
1987,456,4320,11
1987,457,4500,8
1987,458,4510,88
1987,459,4430,36
1987,463,4540,13
1987,464,4420,2
1987,465,9050,17
1987,466,4530,9
1987,467,2016,21
1987,468,4600,52
1987,469,4650,23
1987,473,205,6
1987,475,205,34
1987,476,205,1
1987,477,6005,14
1987,479,6050,155
1987,484,6050,9
1987,485,4210,18
1987,486,4250,138
1987,487,4350,13
1987,488,6050,4
1987,495,6120,2
1987,496,6130,10
1987,497,6100,1
1987,498,6100,1
1987,499,6100,2
1987,503,7000,165
1987,505,7200,270
1987,507,7210,131
1987,508,7140,48
1987,509,7240,20
1987,514,7150,58
1987,515,7140,6
1987,516,7220,81
1987,517,7220,11
1987,518,7330,293
1987,519,7350,23
1987,523,7020,73
1987,525,7010,63
1987,526,7320,12
1987,527,7420,27
1987,529,7020,130
1987,533,7040,23
1987,534,7315,85
1987,535,7430,8
1987,536,7540,4
1987,538,7010,25
1987,539,7300,10
1987,543,6700,8
1987,544,7360,45
1987,547,7630,170
1987,549,7340,90
1987,553,6200,2
1987,554,6200,10
1987,555,6200,12
1987,556,6200,2
1987,557,6200,6
1987,558,6200,185
1987,563,6220,26
1987,565,6240,13
1987,566,6240,12
1987,567,6230,266
1987,569,6230,1
1987,573,6330,32
1987,575,6355,259
1987,576,6355,5
1987,577,7410,56
1987,579,6420,85
1987,583,6420,3
1987,584,6460,7
1987,585,6440,167
1987,587,6440,1
1987,588,6250,16
1987,589,6360,14
1987,593,6400,9
1987,594,6300,5
1987,595,6515,22
1987,596,6520,16
1987,597,6530,16
1987,598,6820,2
1987,599,6730,57
1987,613,6200,21
1987,614,6800,8
1987,615,6830,4
1987,616,6840,11
1987,617,6940,16
1987,633,7700,699
1987,634,8130,68
1987,635,8130,1
1987,636,7730,3
1987,637,8030,190
1987,643,6210,14
1987,644,8220,16
1987,645,8100,2
1987,646,8100,5
1987,647,8750,11
1987,649,8910,7
1987,653,6520,55
1987,655,7950,2
1987,656,8550,1
1987,657,8500,12
1987,658,8510,14
1987,659,8550,2
1987,666,8350,22
1987,667,8350,22
1987,668,8450,16
1987,669,8330,4
1987,674,8460,3
1987,675,8920,7
1987,676,8100,13
1987,677,3520,21
1987,678,8760,18
1987,679,8256,6
1987,683,7720,146
1987,684,8220,9
1987,686,7810,98
1987,687,7800,30
1987,688,7840,8
1987,689,8740,55
1987,693,7750,7
1987,694,8620,20
1987,695,8600,26
1987,696,8610,63
1987,699,8630,18
1987,703,8220,10
1987,704,7950,22
1987,705,7950,7
1987,706,7950,58
1987,707,7940,5
1987,708,7950,9
1987,709,7950,55
1987,713,7930,8
1987,715,8220,16
1987,717,8220,9
1987,719,8100,41
1987,723,8220,15
1987,724,8220,9
1987,725,8650,4
1987,726,8540,4
1987,727,8530,26
1987,728,8540,2
1987,733,8550,13
1987,734,8255,120
1987,735,8250,17
1987,736,8250,18
1987,737,8256,20
1987,738,8420,34
1987,739,8410,24
1987,743,8400,3
1987,744,8320,231
1987,745,8330,28
1987,747,8310,44
1987,748,8300,51
1987,749,8460,39
1987,753,8850,3
1987,754,8800,136
1987,755,8720,14
1987,756,8650,40
1987,757,8640,28
1987,758,8720,7
1987,759,8810,74
1987,763,7830,2
1987,764,8965,4
1987,765,8930,6
1987,766,8730,41
1987,768,8650,16
1987,769,8710,93
1987,773,4410,2
1987,774,8830,26
1987,777,8965,382
1987,779,8950,132
1987,783,8140,209
1987,784,8140,10
1987,785,7750,387
1987,786,7810,7
1987,787,8920,2
1987,789,8810,11
1987,793,8910,5
1987,794,8965,1
1987,795,8965,11
1987,796,8740,295
1987,797,8740,40
1987,798,8740,4
1987,799,8740,30
1987,803,9000,26
1987,804,9130,668
1987,805,9130,195
1987,806,9130,100
1987,808,9120,100
1987,809,9140,42
1987,813,9350,5
1987,814,9150,2
1987,823,9240,20
1987,824,9200,35
1987,825,9260,17
1987,826,9260,4
1987,828,9310,15
1987,829,9300,8
1987,833,9300,1
1987,834,9420,3
1987,843,9000,6
1987,844,6320,73
1987,845,9510,2
1987,848,9560,7
1987,849,9510,30
1987,853,9520,38
1987,855,6300,39
1987,856,9600,157
1987,859,9750,33
1987,863,9000,3
1987,864,7610,3
1987,865,6600,15
1987,866,1560,3
1987,867,6940,1
1987,869,6260,152
1987,873,8950,21
1987,875,9720,22
1987,876,9620,6
1987,877,5620,99
1987,878,9630,32
1987,883,9620,186
1987,885,9360,49
1987,887,9610,43
1987,888,9640,85
1987,889,9620,390
1988,3,10,7
1988,4,10,9
1988,5,430,275
1988,6,3710,36
1988,7,120,296
1988,8,136,64
1988,9,150,50
1988,13,50,210
1988,14,230,275
1988,15,350,105
1988,16,410,122
1988,17,430,19
1988,18,4465,12
1988,19,430,2600
1988,23,800,574
1988,24,860,48
1988,25,910,294
1988,26,710,49
1988,27,630,172
1988,28,510,10
1988,29,520,78
1988,33,530,122
1988,34,500,9
1988,35,6660,32
1988,36,565,114
1988,37,740,152
1988,43,1300,46
1988,44,1320,43
1988,45,1450,13
1988,46,1520,5
1988,47,1520,7
1988,48,1350,46
1988,49,1530,10
1988,53,1360,109
1988,54,1340,1
1988,55,1410,314
1988,56,1430,105
1988,57,1460,155
1988,58,1440,3
1988,59,1530,114
1988,63,1310,10
1988,64,1006,230
1988,65,1220,109
1988,66,1200,4
1988,67,1240,13
1988,68,1240,2
1988,69,1700,23
1988,73,1720,53
1988,74,1710,5
1988,75,1740,18
1988,76,1740,3
1988,77,1600,22
1988,78,1610,46
1988,79,1640,16
1988,83,1650,10
1988,84,3060,146
1988,85,3010,6
1988,86,3250,13
1988,87,3040,3
1988,88,3120,1
1988,95,3255,584
1988,96,3050,69
1988,97,3030,32
1988,98,3220,24
1988,99,3150,14
1988,103,3160,23
1988,104,3230,27
1988,105,3245,24
1988,106,3400,27
1988,113,2200,3
1988,114,2200,12
1988,115,2200,9
1988,116,2200,6
1988,118,2200,12
1988,119,2200,8
1988,123,2200,8
1988,124,2200,1
1988,125,2200,6
1988,126,2200,2
1988,127,2200,14
1988,128,2200,23
1988,129,2200,5
1988,133,2200,6
1988,134,2200,17
1988,135,2200,10
1988,136,2200,3
1988,137,2200,16
1988,138,2200,7
1988,139,2200,4
1988,143,2200,24
1988,144,2200,8
1988,145,2200,1
1988,147,2200,4
1988,148,2200,3
1988,149,2200,1
1988,153,2200,2
1988,154,2200,62
1988,155,2300,114
1988,156,2310,640
1988,157,2320,603
1988,158,2330,107
1988,159,2340,107
1988,163,2000,89
1988,164,2430,87
1988,165,2400,14
1988,166,735,44
1988,167,1820,56
1988,168,1860,1
1988,169,1860,2
1988,173,1840,3
1988,174,2010,218
1988,175,4620,17
1988,176,2040,171
1988,177,2060,21
1988,178,2100,215
1988,179,2100,13
1988,183,2850,10
1988,184,2840,32
1988,185,2630,144
1988,186,2750,8
1988,187,2710,32
1988,188,2600,47
1988,189,2910,31
1988,193,2740,2
1988,194,2860,8
1988,195,2830,95
1988,197,2825,52
1988,198,2800,21
1988,199,2720,12
1988,203,3300,87
1988,204,3310,16
1988,205,3510,18
1988,206,3320,49
1988,207,3500,145
1988,208,3400,100
1988,213,1550,172
1988,214,1550,5
1988,215,1550,6
1988,216,1550,101
1988,217,1540,130
1988,218,1560,25
1988,223,1900,35
1988,224,1920,43
1988,225,1550,39
1988,226,9030,44
1988,227,9040,17
1988,228,2900,8
1988,229,1010,230
1988,233,7900,3
1988,234,2145,91
1988,235,1965,77
1988,243,4700,1216
1988,253,4810,176
1988,254,4920,160
1988,255,4820,138
1988,256,4800,69
1988,257,4840,133
1988,258,4930,17
1988,259,4850,613
1988,263,4760,110
1988,264,4760,55
1988,265,4760,13
1988,266,4760,49
1988,267,4760,39
1988,268,4760,56
1988,269,4750,67
1988,274,4760,233
1988,275,4740,24
1988,276,4720,300
1988,277,4950,23
1988,278,4950,8
1988,283,4900,1
1988,284,4965,2
1988,285,4965,1
1988,303,5000,241
1988,304,5000,21
1988,305,5000,46
1988,306,5000,1
1988,307,5000,93
1988,308,5800,349
1988,313,5700,1468
1988,314,5940,20
1988,315,5820,234
1988,316,5310,50
1988,317,5300,25
1988,318,5410,48
1988,319,5400,184
1988,323,5400,41
1988,325,5350,2
1988,326,5350,13
1988,327,5350,91
1988,328,5360,22
1988,329,5320,18
1988,335,5260,78
1988,336,5260,44
1988,337,5120,640
1988,338,5140,69
1988,339,5110,44
1988,343,5110,18
1988,344,5110,14
1988,345,5900,6
1988,346,5850,2
1988,347,5900,8
1988,348,5020,82
1988,349,5030,1
1988,354,5540,144
1988,355,5550,160
1988,356,5850,38
1988,357,5510,38
1988,359,5520,72
1988,363,5600,88
1988,364,5610,196
1988,365,5620,244
1988,366,5530,19
1988,368,5630,35
1988,369,5630,1
1988,373,5240,38
1988,374,5620,5
1988,375,540,137
1988,376,5240,184
1988,377,5250,32
1988,378,5100,42
1988,379,5860,254
1988,383,5160,132
1988,384,5910,5
1988,385,5810,128
1988,386,3510,30
1988,387,2540,79
1988,389,5940,315
1988,404,4020,2
1988,405,4230,6
1988,406,4600,28
1988,407,4230,61
1988,413,3720,20
1988,414,3710,63
1988,415,3730,31
1988,416,3750,7
1988,417,3740,100
1988,418,3850,236
1988,423,3800,46
1988,424,3800,99
1988,426,3930,189
1988,427,3955,1
1988,433,4010,92
1988,434,4040,68
1988,435,4110,230
1988,436,4020,325
1988,437,4020,10
1988,438,4060,17
1988,439,4030,26
1988,443,4130,44
1988,444,4140,109
1988,445,3640,39
1988,446,3645,107
1988,447,3600,420
1988,448,4200,90
1988,449,4230,149
1988,453,4220,599
1988,454,9750,6
1988,455,4240,16
1988,456,4320,12
1988,457,4500,8
1988,458,4510,95
1988,459,4430,35
1988,463,4540,6
1988,465,9050,13
1988,466,4530,11
1988,467,2016,30
1988,468,4600,52
1988,469,4650,43
1988,475,205,30
1988,476,205,1
1988,477,6005,16
1988,479,6050,178
1988,483,6050,1
1988,484,6050,7
1988,485,4210,29
1988,486,4250,122
1988,487,4350,8
1988,488,6050,1
1988,489,6010,1
1988,495,6120,1
1988,496,6130,14
1988,498,6100,5
1988,503,7000,157
1988,505,7200,261
1988,507,7210,151
1988,508,7140,46
1988,509,7240,19
1988,514,7150,61
1988,515,7140,11
1988,516,7220,82
1988,517,7220,18
1988,518,7330,265
1988,519,7350,12
1988,523,7020,70
1988,525,7010,56
1988,526,7320,12
1988,527,7420,41
1988,529,7020,105
1988,533,7040,31
1988,534,7315,119
1988,535,7430,10
1988,536,7540,8
1988,538,7010,35
1988,539,7300,15
1988,543,6700,7
1988,544,7360,41
1988,547,7630,192
1988,549,7340,82
1988,554,6200,11
1988,555,6200,19
1988,556,6200,4
1988,557,6200,5
1988,558,6200,184
1988,563,6220,23
1988,565,6240,10
1988,566,6240,24
1988,567,6230,310
1988,573,6330,23
1988,575,6355,238
1988,576,6355,8
1988,577,7410,50
1988,579,6420,94
1988,583,6420,4
1988,584,6460,6
1988,585,6440,162
1988,587,6440,4
1988,588,6250,13
1988,589,6360,10
1988,593,6400,9
1988,594,6300,7
1988,595,6515,18
1988,596,6520,16
1988,597,6530,16
1988,598,6820,5
1988,599,6730,63
1988,613,6200,26
1988,614,6800,8
1988,615,6830,5
1988,616,6840,21
1988,617,6940,14
1988,633,7700,757
1988,634,8130,79
1988,636,7730,5
1988,637,8030,192
1988,639,8030,1
1988,643,6210,4
1988,644,8220,8
1988,645,8100,4
1988,646,8100,5
1988,647,8750,16
1988,649,8910,5
1988,653,6520,53
1988,655,7950,1
1988,656,8550,2
1988,657,8500,9
1988,658,8510,9
1988,666,8350,12
1988,667,8350,17
1988,668,8450,18
1988,669,8330,8
1988,673,8460,2
1988,675,8920,9
1988,676,8100,8
1988,677,3520,22
1988,678,8760,16
1988,679,8256,14
1988,683,7720,147
1988,684,8220,5
1988,686,7810,103
1988,687,7800,25
1988,688,7840,11
1988,689,8740,50
1988,693,7750,5
1988,694,8620,30
1988,695,8600,23
1988,696,8610,54
1988,699,8630,19
1988,703,8220,8
1988,704,7950,31
1988,705,7950,7
1988,706,7950,49
1988,707,7940,6
1988,708,7950,9
1988,709,7950,75
1988,713,7930,7
1988,715,8220,13
1988,717,8220,5
1988,719,8100,42
1988,723,8220,20
1988,724,8220,13
1988,725,8650,4
1988,726,8540,6
1988,727,8530,33
1988,728,8540,3
1988,733,8550,14
1988,734,8255,136
1988,735,8250,20
1988,736,8250,21
1988,737,8256,12
1988,738,8420,35
1988,739,8410,25
1988,744,8320,279
1988,745,8330,15
1988,747,8310,49
1988,748,8300,58
1988,749,8460,43
1988,753,8850,9
1988,754,8800,134
1988,755,8720,18
1988,756,8650,49
1988,757,8640,25
1988,758,8720,9
1988,759,8810,69
1988,763,7830,4
1988,764,8965,4
1988,765,8930,6
1988,766,8730,55
1988,768,8650,19
1988,769,8710,75
1988,773,4410,1
1988,774,8830,30
1988,777,8965,415
1988,779,8950,138
1988,783,8140,247
1988,784,8140,14
1988,785,7750,387
1988,786,7810,5
1988,787,8920,7
1988,789,8810,11
1988,793,8910,9
1988,795,8965,7
1988,796,8740,318
1988,797,8740,35
1988,798,8740,2
1988,799,8740,31
1988,803,9000,29
1988,804,9130,712
1988,805,9130,191
1988,806,9130,91
1988,808,9120,110
1988,809,9140,54
1988,813,9350,10
1988,814,9150,1
1988,823,9240,28
1988,824,9200,35
1988,825,9260,26
1988,826,9260,3
1988,828,9310,6
1988,829,9300,6
1988,834,9420,4
1988,843,9000,3
1988,844,6320,81
1988,848,9560,5
1988,849,9510,40
1988,853,9520,49
1988,855,6300,25
1988,856,9600,173
1988,859,9750,42
1988,863,9000,6
1988,864,7610,5
1988,865,6600,23
1988,866,1560,1
1988,867,6940,1
1988,869,6260,172
1988,873,8950,13
1988,875,9720,19
1988,876,9620,7
1988,877,5620,99
1988,878,9630,38
1988,883,9620,184
1988,885,9360,38
1988,887,9610,40
1988,888,9640,86
1988,889,9620,387
1989,3,10,2
1989,4,10,7
1989,5,430,287
1989,6,3710,28
1989,7,120,248
1989,8,136,40
1989,9,150,62
1989,13,50,231
1989,14,230,268
1989,15,350,76
1989,16,410,124
1989,17,430,16
1989,18,4465,9
1989,19,430,2577
1989,23,800,519
1989,24,860,41
1989,25,910,297
1989,26,710,36
1989,27,630,203
1989,28,510,3
1989,29,520,65
1989,33,530,117
1989,34,500,5
1989,35,6660,24
1989,36,565,89
1989,37,740,184
1989,43,1300,50
1989,44,1320,39
1989,45,1450,8
1989,46,1520,1
1989,47,1520,11
1989,48,1350,54
1989,49,1530,2
1989,53,1360,132
1989,55,1410,243
1989,56,1430,82
1989,57,1460,145
1989,58,1440,3
1989,59,1530,111
1989,63,1310,5
1989,64,1006,249
1989,65,1220,91
1989,66,1200,5
1989,67,1240,11
1989,68,1240,4
1989,69,1700,11
1989,73,1720,55
1989,74,1710,4
1989,75,1740,23
1989,76,1740,14
1989,77,1600,13
1989,78,1610,41
1989,79,1640,20
1989,83,1650,13
1989,84,3060,133
1989,85,3010,7
1989,86,3250,10
1989,87,3040,2
1989,89,3000,3
1989,95,3255,578
1989,96,3050,59
1989,97,3030,36
1989,98,3220,19
1989,99,3150,13
1989,103,3160,22
1989,104,3230,25
1989,105,3245,18
1989,106,3400,30
1989,113,2200,1
1989,114,2200,10
1989,115,2200,7
1989,116,2200,3
1989,118,2200,4
1989,119,2200,5
1989,123,2200,7
1989,124,2200,3
1989,125,2200,3
1989,126,2200,1
1989,127,2200,6
1989,128,2200,19
1989,129,2200,3
1989,133,2200,7
1989,134,2200,7
1989,135,2200,15
1989,137,2200,24
1989,138,2200,5
1989,139,2200,4
1989,143,2200,13
1989,144,2200,2
1989,145,2200,5
1989,147,2200,4
1989,148,2200,1
1989,153,2200,6
1989,154,2200,77
1989,155,2300,104
1989,156,2310,614
1989,157,2320,595
1989,158,2330,126
1989,159,2340,117
1989,163,2000,88
1989,164,2430,79
1989,165,2400,10
1989,166,735,47
1989,167,1820,62
1989,169,1860,8
1989,173,1840,6
1989,174,2010,187
1989,175,4620,23
1989,176,2040,163
1989,177,2060,27
1989,178,2100,199
1989,179,2100,17
1989,183,2850,5
1989,184,2840,26
1989,185,2630,144
1989,186,2750,9
1989,187,2710,28
1989,188,2600,38
1989,189,2910,21
1989,194,2860,14
1989,195,2830,88
1989,197,2825,58
1989,198,2800,9
1989,199,2720,8
1989,203,3300,118
1989,204,3310,15
1989,205,3510,22
1989,206,3320,51
1989,207,3500,154
1989,208,3400,70
1989,213,1550,150
1989,215,1550,6
1989,216,1550,90
1989,217,1540,90
1989,218,1560,28
1989,223,1900,24
1989,224,1920,44
1989,225,1550,40
1989,226,9030,44
1989,227,9040,11
1989,228,2900,13
1989,229,1010,227
1989,233,7900,3
1989,234,2145,79
1989,235,1965,107
1989,243,4700,1097
1989,253,4810,178
1989,254,4920,163
1989,255,4820,110
1989,256,4800,41
1989,257,4840,175
1989,258,4930,14
1989,259,4850,607
1989,263,4760,81
1989,264,4760,39
1989,265,4760,9
1989,266,4760,44
1989,267,4760,48
1989,268,4760,67
1989,269,4750,62
1989,274,4760,199
1989,275,4740,23
1989,276,4720,304
1989,277,4950,25
1989,278,4950,4
1989,283,4900,1
1989,285,4965,2
1989,303,5000,201
1989,304,5000,23
1989,305,5000,43
1989,306,5000,4
1989,307,5000,80
1989,308,5800,298
1989,309,5800,2
1989,313,5700,1351
1989,314,5940,13
1989,315,5820,172
1989,316,5310,61
1989,317,5300,15
1989,318,5410,39
1989,319,5400,151
1989,323,5400,39
1989,325,5350,1
1989,326,5350,11
1989,327,5350,68
1989,328,5360,27
1989,329,5320,16
1989,335,5260,58
1989,336,5260,51
1989,337,5120,527
1989,338,5140,76
1989,339,5110,48
1989,343,5110,35
1989,344,5110,14
1989,345,5900,2
1989,346,5850,3
1989,347,5900,6
1989,348,5020,58
1989,349,5030,1
1989,354,5540,129
1989,355,5550,171
1989,356,5850,52
1989,357,5510,26
1989,359,5520,80
1989,363,5600,95
1989,364,5610,172
1989,365,5620,203
1989,366,5530,22
1989,368,5630,24
1989,373,5240,29
1989,374,5620,8
1989,375,540,131
1989,376,5240,194
1989,377,5250,31
1989,378,5100,28
1989,379,5860,235
1989,383,5160,122
1989,384,5910,13
1989,385,5810,119
1989,386,3510,25
1989,387,2540,86
1989,389,5940,325
1989,404,4020,1
1989,405,4230,6
1989,406,4600,28
1989,407,4230,62
1989,413,3720,15
1989,414,3710,55
1989,415,3730,20
1989,416,3750,9
1989,417,3740,102
1989,418,3850,219
1989,423,3800,53
1989,424,3800,97
1989,425,3940,2
1989,426,3930,201
1989,427,3955,3
1989,433,4010,102
1989,434,4040,81
1989,435,4110,178
1989,436,4020,312
1989,437,4020,13
1989,438,4060,11
1989,439,4030,12
1989,443,4130,40
1989,444,4140,94
1989,445,3640,42
1989,446,3645,95
1989,447,3600,409
1989,448,4200,60
1989,449,4230,178
1989,453,4220,572
1989,454,9750,5
1989,455,4240,10
1989,456,4320,9
1989,457,4500,10
1989,458,4510,95
1989,459,4430,36
1989,463,4540,10
1989,464,4420,1
1989,465,9050,15
1989,466,4530,7
1989,467,2016,22
1989,468,4600,55
1989,469,4650,31
1989,473,205,4
1989,475,205,22
1989,477,6005,14
1989,479,6050,184
1989,483,6050,1
1989,484,6050,5
1989,485,4210,29
1989,486,4250,109
1989,487,4350,7
1989,488,6050,2
1989,494,6005,2
1989,495,6120,4
1989,496,6130,14
1989,497,6100,1
1989,498,6100,3
1989,503,7000,172
1989,505,7200,277
1989,506,7200,2
1989,507,7210,133
1989,508,7140,58
1989,509,7240,13
1989,514,7150,49
1989,515,7140,3
1989,516,7220,83
1989,517,7220,19
1989,518,7330,280
1989,519,7350,11
1989,523,7020,40
1989,525,7010,69
1989,526,7320,20
1989,527,7420,33
1989,529,7020,105
1989,533,7040,28
1989,534,7315,94
1989,535,7430,7
1989,536,7540,6
1989,538,7010,25
1989,539,7300,13
1989,543,6700,4
1989,544,7360,46
1989,547,7630,166
1989,549,7340,92
1989,553,6200,1
1989,554,6200,14
1989,555,6200,17
1989,556,6200,7
1989,557,6200,8
1989,558,6200,197
1989,563,6220,33
1989,564,6220,1
1989,565,6240,10
1989,566,6240,25
1989,567,6230,247
1989,569,6230,2
1989,573,6330,20
1989,575,6355,248
1989,576,6355,9
1989,577,7410,61
1989,579,6420,78
1989,583,6420,2
1989,584,6460,6
1989,585,6440,130
1989,587,6440,1
1989,588,6250,12
1989,589,6360,6
1989,593,6400,10
1989,594,6300,3
1989,595,6515,22
1989,596,6520,11
1989,597,6530,26
1989,598,6820,6
1989,599,6730,65
1989,613,6200,29
1989,614,6800,8
1989,615,6830,1
1989,616,6840,15
1989,617,6940,7
1989,633,7700,675
1989,634,8130,71
1989,636,7730,5
1989,637,8030,202
1989,643,6210,13
1989,644,8220,12
1989,645,8100,3
1989,646,8100,1
1989,647,8750,13
1989,649,8910,11
1989,653,6520,60
1989,656,8550,2
1989,657,8500,15
1989,658,8510,7
1989,659,8550,1
1989,666,8350,14
1989,667,8350,11
1989,668,8450,21
1989,669,8330,1
1989,673,8460,2
1989,674,8460,1
1989,675,8920,8
1989,676,8100,12
1989,677,3520,27
1989,678,8760,19
1989,679,8256,15
1989,683,7720,109
1989,684,8220,7
1989,686,7810,100
1989,687,7800,31
1989,688,7840,8
1989,689,8740,47
1989,693,7750,4
1989,694,8620,30
1989,695,8600,30
1989,696,8610,61
1989,699,8630,15
1989,703,8220,14
1989,704,7950,23
1989,705,7950,9
1989,706,7950,47
1989,707,7940,9
1989,708,7950,14
1989,709,7950,56
1989,713,7930,4
1989,714,7900,1
1989,715,8220,16
1989,717,8220,11
1989,719,8100,41
1989,723,8220,18
1989,724,8220,7
1989,725,8650,7
1989,726,8540,4
1989,727,8530,20
1989,728,8540,1
1989,729,8540,2
1989,733,8550,14
1989,734,8255,107
1989,735,8250,20
1989,736,8250,25
1989,737,8256,7
1989,738,8420,32
1989,739,8410,14
1989,743,8400,3
1989,744,8320,243
1989,745,8330,15
1989,747,8310,42
1989,748,8300,71
1989,749,8460,40
1989,753,8850,15
1989,754,8800,136
1989,755,8720,13
1989,756,8650,37
1989,757,8640,30
1989,758,8720,11
1989,759,8810,43
1989,764,8965,5
1989,765,8930,11
1989,766,8730,32
1989,768,8650,27
1989,769,8710,74
1989,773,4410,2
1989,774,8830,20
1989,777,8965,376
1989,779,8950,130
1989,783,8140,228
1989,784,8140,17
1989,785,7750,395
1989,786,7810,2
1989,787,8920,6
1989,789,8810,8
1989,793,8910,8
1989,794,8965,4
1989,795,8965,5
1989,796,8740,325
1989,797,8740,17
1989,798,8740,3
1989,799,8740,28
1989,803,9000,23
1989,804,9130,717
1989,805,9130,190
1989,806,9130,67
1989,808,9120,87
1989,809,9140,46
1989,813,9350,9
1989,823,9240,21
1989,824,9200,22
1989,825,9260,20
1989,826,9260,5
1989,828,9310,9
1989,829,9300,6
1989,834,9420,1
1989,843,9000,4
1989,844,6320,98
1989,848,9560,2
1989,849,9510,39
1989,853,9520,44
1989,855,6300,45
1989,856,9600,180
1989,859,9750,32
1989,863,9000,5
1989,864,7610,4
1989,865,6600,16
1989,866,1560,2
1989,869,6260,160
1989,873,8950,27
1989,875,9720,13
1989,876,9620,4
1989,877,5620,72
1989,878,9630,29
1989,883,9620,192
1989,885,9360,49
1989,887,9610,61
1989,888,9640,90
1989,889,9620,381
1990,3,10,2
1990,4,10,5
1990,5,430,338
1990,6,3710,44
1990,7,120,260
1990,8,136,67
1990,9,150,68
1990,13,50,234
1990,14,230,256
1990,15,350,83
1990,16,410,142
1990,17,430,13
1990,18,4465,8
1990,19,430,2896
1990,23,800,576
1990,24,860,42
1990,25,910,347
1990,26,710,43
1990,27,630,203
1990,28,510,1
1990,29,520,90
1990,33,530,141
1990,34,500,7
1990,35,6660,34
1990,36,565,101
1990,37,740,132
1990,43,1300,39
1990,44,1320,36
1990,45,1450,8
1990,46,1520,1
1990,47,1520,8
1990,48,1350,49
1990,49,1530,5
1990,53,1360,132
1990,54,1340,2
1990,55,1410,316
1990,56,1430,111
1990,57,1460,158
1990,58,1440,6
1990,59,1530,129
1990,63,1310,8
1990,64,1006,279
1990,65,1220,122
1990,66,1200,7
1990,67,1240,16
1990,68,1240,4
1990,69,1700,17
1990,73,1720,73
1990,74,1710,3
1990,75,1740,22
1990,76,1740,10
1990,77,1600,8
1990,78,1610,26
1990,79,1640,21
1990,83,1650,12
1990,84,3060,135
1990,85,3010,6
1990,86,3250,13
1990,87,3040,5
1990,88,3120,1
1990,89,3000,2
1990,95,3255,602
1990,96,3050,62
1990,97,3030,35
1990,98,3220,25
1990,99,3150,13
1990,103,3160,17
1990,104,3230,21
1990,105,3245,16
1990,106,3400,28
1990,113,2200,4
1990,114,2200,8
1990,115,2200,3
1990,116,2200,6
1990,117,2200,3
1990,118,2200,4
1990,119,2200,7
1990,123,2200,10
1990,124,2200,5
1990,125,2200,6
1990,126,2200,2
1990,127,2200,9
1990,128,2200,14
1990,129,2200,3
1990,133,2200,8
1990,134,2200,20
1990,135,2200,18
1990,136,2200,1
1990,137,2200,17
1990,139,2200,2
1990,143,2200,17
1990,144,2200,4
1990,145,2200,2
1990,146,2200,1
1990,147,2200,7
1990,153,2200,1
1990,154,2200,84
1990,155,2300,94
1990,156,2310,545
1990,157,2320,574
1990,158,2330,115
1990,159,2340,116
1990,163,2000,102
1990,164,2430,62
1990,165,2400,7
1990,166,735,54
1990,167,1820,57
1990,168,1860,1
1990,169,1860,4
1990,173,1840,9
1990,174,2010,232
1990,175,4620,26
1990,176,2040,144
1990,177,2060,30
1990,178,2100,252
1990,179,2100,16
1990,183,2850,3
1990,184,2840,23
1990,185,2630,146
1990,186,2750,12
1990,187,2710,26
1990,188,2600,31
1990,189,2910,24
1990,193,2740,2
1990,194,2860,17
1990,195,2830,98
1990,197,2825,78
1990,198,2800,22
1990,199,2720,9
1990,203,3300,128
1990,204,3310,18
1990,205,3510,24
1990,206,3320,61
1990,207,3500,148
1990,208,3400,109
1990,213,1550,175
1990,214,1550,1
1990,215,1550,12
1990,216,1550,116
1990,217,1540,105
1990,218,1560,33
1990,223,1900,22
1990,224,1920,49
1990,225,1550,40
1990,226,9030,47
1990,227,9040,17
1990,228,2900,5
1990,229,1010,262
1990,233,7900,3
1990,234,2145,95
1990,235,1965,117
1990,243,4700,1256
1990,253,4810,219
1990,254,4920,170
1990,255,4820,109
1990,256,4800,72
1990,257,4840,169
1990,258,4930,13
1990,259,4850,662
1990,263,4760,135
1990,264,4760,56
1990,265,4760,7
1990,266,4760,46
1990,267,4760,54
1990,268,4760,73
1990,269,4750,59
1990,274,4760,199
1990,275,4740,31
1990,276,4720,338
1990,277,4950,33
1990,278,4950,10
1990,285,4965,2
1990,303,5000,241
1990,304,5000,24
1990,305,5000,42
1990,306,5000,2
1990,307,5000,80
1990,308,5800,339
1990,309,5800,4
1990,313,5700,1441
1990,314,5940,13
1990,315,5820,224
1990,316,5310,59
1990,317,5300,20
1990,318,5410,48
1990,319,5400,184
1990,323,5400,62
1990,325,5350,1
1990,326,5350,3
1990,327,5350,84
1990,328,5360,34
1990,329,5320,21
1990,335,5260,66
1990,336,5260,55
1990,337,5120,650
1990,338,5140,79
1990,339,5110,62
1990,343,5110,41
1990,344,5110,8
1990,345,5900,9
1990,346,5850,2
1990,347,5900,9
1990,348,5020,76
1990,349,5030,4
1990,353,5010,1
1990,354,5540,149
1990,355,5550,197
1990,356,5850,57
1990,357,5510,28
1990,359,5520,92
1990,363,5600,83
1990,364,5610,209
1990,365,5620,239
1990,366,5530,23
1990,368,5630,32
1990,369,5630,1
1990,373,5240,38
1990,374,5620,9
1990,375,540,134
1990,376,5240,204
1990,377,5250,35
1990,378,5100,57
1990,379,5860,224
1990,383,5160,139
1990,384,5910,8
1990,385,5810,162
1990,386,3510,25
1990,387,2540,98
1990,389,5940,331
1990,404,4020,5
1990,405,4230,6
1990,406,4600,36
1990,407,4230,80
1990,413,3720,23
1990,414,3710,61
1990,415,3730,24
1990,416,3750,5
1990,417,3740,112
1990,418,3850,258
1990,423,3800,60
1990,424,3800,116
1990,425,3940,2
1990,426,3930,253
1990,427,3955,6
1990,433,4010,81
1990,434,4040,55
1990,435,4110,195
1990,436,4020,378
1990,437,4020,7
1990,438,4060,16
1990,439,4030,15
1990,443,4130,42
1990,444,4140,119
1990,445,3640,46
1990,446,3645,138
1990,447,3600,424
1990,448,4200,57
1990,449,4230,193
1990,453,4220,706
1990,454,9750,2
1990,455,4240,14
1990,456,4320,10
1990,457,4500,12
1990,458,4510,111
1990,459,4430,34
1990,463,4540,4
1990,465,9050,15
1990,466,4530,13
1990,467,2016,19
1990,468,4600,64
1990,469,4650,42
1990,473,205,2
1990,474,4250,1
1990,475,205,38
1990,476,205,1
1990,477,6005,12
1990,479,6050,168
1990,484,6050,7
1990,485,4210,27
1990,486,4250,147
1990,487,4350,19
1990,488,6050,2
1990,494,6005,1
1990,495,6120,8
1990,496,6130,12
1990,497,6100,2
1990,498,6100,4
1990,503,7000,140
1990,505,7200,297
1990,507,7210,153
1990,508,7140,55
1990,509,7240,15
1990,514,7150,70
1990,515,7140,8
1990,516,7220,88
1990,517,7220,26
1990,518,7330,217
1990,519,7350,9
1990,523,7020,63
1990,525,7010,81
1990,526,7320,23
1990,527,7420,33
1990,529,7020,78
1990,533,7040,27
1990,534,7315,104
1990,535,7430,18
1990,536,7540,4
1990,538,7010,29
1990,539,7300,12
1990,543,6700,16
1990,544,7360,42
1990,547,7630,182
1990,549,7340,101
1990,553,6200,4
1990,554,6200,12
1990,555,6200,20
1990,556,6200,5
1990,557,6200,5
1990,558,6200,206
1990,563,6220,36
1990,564,6220,2
1990,565,6240,17
1990,566,6240,12
1990,567,6230,257
1990,573,6330,24
1990,575,6355,300
1990,576,6355,8
1990,577,7410,62
1990,579,6420,89
1990,584,6460,9
1990,585,6440,143
1990,587,6440,3
1990,588,6250,19
1990,589,6360,8
1990,593,6400,14
1990,594,6300,2
1990,595,6515,26
1990,596,6520,13
1990,597,6530,20
1990,598,6820,9
1990,599,6730,66
1990,613,6200,20
1990,614,6800,8
1990,615,6830,6
1990,616,6840,18
1990,617,6940,12
1990,633,7700,723
1990,634,8130,84
1990,635,8130,2
1990,636,7730,6
1990,637,8030,233
1990,639,8030,2
1990,643,6210,7
1990,644,8220,11
1990,645,8100,1
1990,646,8100,3
1990,647,8750,27
1990,649,8910,5
1990,653,6520,53
1990,655,7950,1
1990,657,8500,12
1990,658,8510,8
1990,666,8350,12
1990,667,8350,14
1990,668,8450,20
1990,669,8330,4
1990,674,8460,2
1990,675,8920,10
1990,676,8100,5
1990,677,3520,25
1990,678,8760,14
1990,679,8256,11
1990,683,7720,131
1990,684,8220,19
1990,686,7810,99
1990,687,7800,31
1990,688,7840,8
1990,689,8740,58
1990,693,7750,9
1990,694,8620,38
1990,695,8600,23
1990,696,8610,70
1990,699,8630,30
1990,703,8220,17
1990,704,7950,23
1990,705,7950,4
1990,706,7950,44
1990,707,7940,2
1990,708,7950,10
1990,709,7950,47
1990,713,7930,6
1990,714,7900,4
1990,715,8220,20
1990,717,8220,12
1990,719,8100,40
1990,723,8220,14
1990,724,8220,5
1990,725,8650,5
1990,726,8540,7
1990,727,8530,42
1990,728,8540,2
1990,729,8540,3
1990,733,8550,13
1990,734,8255,134
1990,735,8250,20
1990,736,8250,24
1990,737,8256,18
1990,738,8420,43
1990,739,8410,11
1990,744,8320,267
1990,745,8330,11
1990,747,8310,39
1990,748,8300,74
1990,749,8460,28
1990,753,8850,10
1990,754,8800,159
1990,755,8720,8
1990,756,8650,40
1990,757,8640,26
1990,758,8720,7
1990,759,8810,65
1990,763,7830,2
1990,764,8965,8
1990,765,8930,11
1990,766,8730,55
1990,768,8650,18
1990,769,8710,76
1990,773,4410,2
1990,774,8830,29
1990,777,8965,433
1990,779,8950,135
1990,783,8140,254
1990,784,8140,16
1990,785,7750,358
1990,786,7810,6
1990,787,8920,6
1990,789,8810,11
1990,793,8910,4
1990,794,8965,4
1990,795,8965,8
1990,796,8740,307
1990,797,8740,19
1990,798,8740,3
1990,799,8740,26
1990,803,9000,32
1990,804,9130,794
1990,805,9130,219
1990,806,9130,92
1990,808,9120,108
1990,809,9140,56
1990,813,9350,1
1990,814,9150,3
1990,823,9240,18
1990,824,9200,25
1990,825,9260,19
1990,826,9260,5
1990,828,9310,9
1990,829,9300,6
1990,834,9420,2
1990,843,9000,14
1990,844,6320,97
1990,848,9560,8
1990,849,9510,42
1990,853,9520,37
1990,855,6300,40
1990,856,9600,165
1990,859,9750,29
1990,863,9000,4
1990,864,7610,7
1990,865,6600,14
1990,866,1560,2
1990,869,6260,178
1990,873,8950,27
1990,875,9720,26
1990,876,9620,13
1990,877,5620,109
1990,878,9630,31
1990,883,9620,228
1990,885,9360,42
1990,887,9610,64
1990,888,9640,66
1990,889,9620,417
1991,3,10,2
1991,4,10,10
1991,5,430,285
1991,6,3710,19
1991,7,120,271
1991,8,136,62
1991,9,150,58
1991,13,50,259
1991,14,230,261
1991,15,350,73
1991,16,410,121
1991,17,430,19
1991,18,4465,11
1991,19,430,2845
1991,23,800,613
1991,24,860,47
1991,25,910,355
1991,26,710,48
1991,27,630,164
1991,28,510,2
1991,29,520,87
1991,33,530,155
1991,34,500,5
1991,35,6660,22
1991,36,565,122
1991,37,740,133
1991,43,1300,45
1991,44,1320,53
1991,45,1450,9
1991,46,1520,6
1991,47,1520,8
1991,48,1350,45
1991,49,1530,8
1991,53,1360,111
1991,55,1410,299
1991,56,1430,118
1991,57,1460,139
1991,58,1440,7
1991,59,1530,143
1991,63,1310,11
1991,64,1006,276
1991,65,1220,109
1991,66,1200,9
1991,67,1240,13
1991,68,1240,2
1991,69,1700,19
1991,73,1720,56
1991,74,1710,7
1991,75,1740,24
1991,76,1740,6
1991,77,1600,8
1991,78,1610,45
1991,79,1640,25
1991,83,1650,16
1991,84,3060,155
1991,85,3010,4
1991,86,3250,7
1991,87,3040,2
1991,95,3255,627
1991,96,3050,61
1991,97,3030,25
1991,98,3220,31
1991,99,3150,7
1991,103,3160,18
1991,104,3230,17
1991,105,3245,17
1991,106,3400,32
1991,113,2200,3
1991,114,2200,10
1991,115,2200,4
1991,116,2200,6
1991,117,2200,2
1991,118,2200,11
1991,119,2200,12
1991,123,2200,8
1991,124,2200,6
1991,125,2200,3
1991,126,2200,2
1991,127,2200,13
1991,128,2200,17
1991,129,2200,6
1991,133,2200,6
1991,134,2200,13
1991,135,2200,12
1991,136,2200,6
1991,137,2200,15
1991,138,2200,1
1991,139,2200,5
1991,143,2200,26
1991,144,2200,7
1991,145,2200,2
1991,146,2200,2
1991,147,2200,5
1991,148,2200,1
1991,149,2200,1
1991,153,2200,3
1991,154,2200,66
1991,155,2300,103
1991,156,2310,585
1991,157,2320,497
1991,158,2330,99
1991,159,2340,140
1991,163,2000,84
1991,164,2430,69
1991,165,2400,8
1991,166,735,49
1991,167,1820,68
1991,169,1860,5
1991,173,1840,4
1991,174,2010,299
1991,175,4620,28
1991,176,2040,146
1991,177,2060,18
1991,178,2100,224
1991,179,2100,14
1991,183,2850,6
1991,184,2840,18
1991,185,2630,141
1991,186,2750,14
1991,187,2710,22
1991,188,2600,37
1991,189,2910,31
1991,194,2860,12
1991,195,2830,118
1991,197,2825,60
1991,198,2800,26
1991,199,2720,22
1991,203,3300,126
1991,204,3310,15
1991,205,3510,24
1991,206,3320,60
1991,207,3500,159
1991,208,3400,110
1991,213,1550,198
1991,214,1550,2
1991,215,1550,9
1991,216,1550,91
1991,217,1540,113
1991,218,1560,26
1991,223,1900,28
1991,224,1920,46
1991,225,1550,34
1991,226,9030,44
1991,227,9040,11
1991,228,2900,6
1991,229,1010,256
1991,233,7900,3
1991,234,2145,86
1991,235,1965,119
1991,243,4700,1203
1991,253,4810,184
1991,254,4920,137
1991,255,4820,110
1991,256,4800,51
1991,257,4840,180
1991,258,4930,13
1991,259,4850,585
1991,263,4760,110
1991,264,4760,62
1991,265,4760,14
1991,266,4760,71
1991,267,4760,47
1991,268,4760,72
1991,269,4750,55
1991,274,4760,240
1991,275,4740,25
1991,276,4720,355
1991,277,4950,34
1991,278,4950,13
1991,285,4965,4
1991,303,5000,269
1991,304,5000,17
1991,305,5000,58
1991,306,5000,3
1991,307,5000,99
1991,308,5800,281
1991,309,5800,1
1991,313,5700,1363
1991,314,5940,7
1991,315,5820,157
1991,316,5310,52
1991,317,5300,27
1991,318,5410,32
1991,319,5400,197
1991,323,5400,44
1991,325,5350,1
1991,326,5350,5
1991,327,5350,110
1991,328,5360,39
1991,329,5320,20
1991,335,5260,88
1991,336,5260,47
1991,337,5120,658
1991,338,5140,66
1991,339,5110,58
1991,343,5110,38
1991,344,5110,15
1991,345,5900,12
1991,346,5850,2
1991,347,5900,6
1991,348,5020,85
1991,354,5540,128
1991,355,5550,166
1991,356,5850,59
1991,357,5510,44
1991,359,5520,115
1991,363,5600,90
1991,364,5610,217
1991,365,5620,226
1991,366,5530,28
1991,368,5630,29
1991,369,5630,2
1991,373,5240,42
1991,374,5620,7
1991,375,540,160
1991,376,5240,221
1991,377,5250,43
1991,378,5100,50
1991,379,5860,216
1991,383,5160,152
1991,384,5910,7
1991,385,5810,180
1991,386,3510,39
1991,387,2540,82
1991,389,5940,402
1991,404,4020,1
1991,405,4230,2
1991,406,4600,45
1991,407,4230,67
1991,413,3720,27
1991,414,3710,52
1991,415,3730,27
1991,416,3750,8
1991,417,3740,93
1991,418,3850,234
1991,423,3800,56
1991,424,3800,133
1991,425,3940,1
1991,426,3930,241
1991,427,3955,7
1991,433,4010,92
1991,434,4040,72
1991,435,4110,190
1991,436,4020,353
1991,437,4020,4
1991,438,4060,21
1991,439,4030,11
1991,443,4130,51
1991,444,4140,137
1991,445,3640,50
1991,446,3645,146
1991,447,3600,430
1991,448,4200,68
1991,449,4230,206
1991,453,4220,734
1991,454,9750,4
1991,455,4240,13
1991,456,4320,22
1991,457,4500,4
1991,458,4510,90
1991,459,4430,41
1991,463,4540,7
1991,465,9050,22
1991,466,4530,10
1991,467,2016,25
1991,468,4600,63
1991,469,4650,42
1991,473,205,3
1991,475,205,28
1991,476,205,1
1991,477,6005,9
1991,479,6050,205
1991,484,6050,4
1991,485,4210,26
1991,486,4250,129
1991,487,4350,21
1991,488,6050,1
1991,494,6005,4
1991,495,6120,7
1991,496,6130,14
1991,497,6100,1
1991,498,6100,1
1991,503,7000,172
1991,505,7200,288
1991,507,7210,131
1991,508,7140,48
1991,509,7240,30
1991,514,7150,66
1991,515,7140,9
1991,516,7220,72
1991,517,7220,10
1991,518,7330,257
1991,519,7350,13
1991,523,7020,70
1991,525,7010,65
1991,526,7320,18
1991,527,7420,31
1991,529,7020,93
1991,533,7040,29
1991,534,7315,102
1991,535,7430,8
1991,536,7540,19
1991,538,7010,33
1991,539,7300,14
1991,543,6700,13
1991,544,7360,37
1991,547,7630,180
1991,549,7340,92
1991,553,6200,2
1991,554,6200,12
1991,555,6200,14
1991,556,6200,3
1991,557,6200,3
1991,558,6200,190
1991,563,6220,27
1991,564,6220,1
1991,565,6240,15
1991,566,6240,17
1991,567,6230,271
1991,569,6230,1
1991,573,6330,21
1991,575,6355,263
1991,576,6355,6
1991,577,7410,69
1991,579,6420,84
1991,583,6420,4
1991,584,6460,9
1991,585,6440,176
1991,587,6440,3
1991,588,6250,20
1991,589,6360,9
1991,593,6400,21
1991,595,6515,29
1991,596,6520,21
1991,597,6530,14
1991,598,6820,7
1991,599,6730,54
1991,613,6200,20
1991,614,6800,17
1991,615,6830,3
1991,616,6840,15
1991,617,6940,10
1991,633,7700,651
1991,634,8130,81
1991,635,8130,1
1991,636,7730,5
1991,637,8030,229
1991,639,8030,1
1991,643,6210,10
1991,644,8220,10
1991,645,8100,2
1991,646,8100,4
1991,647,8750,15
1991,649,8910,2
1991,653,6520,40
1991,655,7950,1
1991,657,8500,9
1991,658,8510,9
1991,659,8550,3
1991,666,8350,16
1991,667,8350,11
1991,668,8450,12
1991,669,8330,2
1991,675,8920,3
1991,676,8100,5
1991,677,3520,20
1991,678,8760,21
1991,679,8256,11
1991,683,7720,129
1991,684,8220,6
1991,686,7810,121
1991,687,7800,47
1991,688,7840,12
1991,689,8740,64
1991,693,7750,5
1991,694,8620,31
1991,695,8600,30
1991,696,8610,61
1991,699,8630,13
1991,703,8220,12
1991,704,7950,35
1991,705,7950,2
1991,706,7950,42
1991,707,7940,11
1991,708,7950,10
1991,709,7950,57
1991,713,7930,5
1991,714,7900,2
1991,715,8220,17
1991,717,8220,12
1991,719,8100,46
1991,723,8220,9
1991,724,8220,8
1991,725,8650,6
1991,726,8540,6
1991,727,8530,35
1991,728,8540,1
1991,729,8540,2
1991,733,8550,19
1991,734,8255,129
1991,735,8250,14
1991,736,8250,29
1991,737,8256,16
1991,738,8420,40
1991,739,8410,18
1991,743,8400,4
1991,744,8320,231
1991,745,8330,8
1991,747,8310,40
1991,748,8300,71
1991,749,8460,24
1991,753,8850,8
1991,754,8800,158
1991,755,8720,18
1991,756,8650,35
1991,757,8640,30
1991,758,8720,5
1991,759,8810,73
1991,763,7830,2
1991,764,8965,2
1991,765,8930,9
1991,766,8730,50
1991,768,8650,14
1991,769,8710,102
1991,773,4410,1
1991,774,8830,38
1991,777,8965,452
1991,779,8950,132
1991,783,8140,247
1991,784,8140,21
1991,785,7750,424
1991,786,7810,5
1991,787,8920,3
1991,789,8810,8
1991,793,8910,9
1991,794,8965,3
1991,795,8965,14
1991,796,8740,282
1991,797,8740,23
1991,798,8740,2
1991,799,8740,29
1991,803,9000,30
1991,804,9130,799
1991,805,9130,192
1991,806,9130,101
1991,808,9120,111
1991,809,9140,40
1991,813,9350,8
1991,814,9150,5
1991,823,9240,27
1991,824,9200,34
1991,825,9260,25
1991,826,9260,4
1991,828,9310,14
1991,829,9300,3
1991,834,9420,3
1991,843,9000,10
1991,844,6320,91
1991,845,9510,1
1991,848,9560,11
1991,849,9510,34
1991,853,9520,38
1991,855,6300,25
1991,856,9600,197
1991,859,9750,38
1991,863,9000,7
1991,864,7610,4
1991,865,6600,26
1991,866,1560,2
1991,867,6940,2
1991,869,6260,180
1991,873,8950,19
1991,875,9720,16
1991,876,9620,9
1991,877,5620,129
1991,878,9630,31
1991,883,9620,212
1991,885,9360,57
1991,887,9610,45
1991,888,9640,95
1991,889,9620,391
1992,3,10,3
1992,4,10,10
1992,5,430,307
1992,6,3710,24
1992,7,120,305
1992,8,136,54
1992,9,150,63
1992,13,50,248
1992,14,230,261
1992,15,350,188
1992,16,400,27
1992,17,310,330
1992,18,410,139
1992,19,4465,12
1992,21,420,192
1992,22,430,2116
1992,23,800,539
1992,24,860,47
1992,25,910,313
1992,26,710,52
1992,27,630,173
1992,28,510,6
1992,29,520,84
1992,33,530,122
1992,34,500,11
1992,35,6660,29
1992,36,565,112
1992,37,740,200
1992,43,1300,37
1992,44,1320,47
1992,45,1450,13
1992,46,1520,2
1992,47,1520,9
1992,48,1350,31
1992,49,1530,4
1992,53,1360,112
1992,54,1340,1
1992,55,1410,270
1992,56,1430,99
1992,57,1460,152
1992,58,1440,6
1992,59,1530,112
1992,63,1310,4
1992,64,1006,274
1992,65,1220,103
1992,66,1200,8
1992,67,1240,10
1992,68,1240,1
1992,69,1700,15
1992,73,1720,52
1992,74,1710,3
1992,75,1740,27
1992,76,1740,15
1992,77,1600,15
1992,78,1610,46
1992,79,1640,21
1992,83,1650,25
1992,84,3060,139
1992,85,3010,8
1992,86,3250,13
1992,87,3040,1
1992,89,3000,2
1992,95,3255,632
1992,96,3050,69
1992,97,3030,23
1992,98,3220,29
1992,99,3150,10
1992,103,3160,35
1992,104,3230,23
1992,105,3245,24
1992,106,3400,15
1992,113,2200,6
1992,114,2200,13
1992,115,2200,6
1992,116,2200,4
1992,118,2200,10
1992,119,2200,5
1992,123,2200,5
1992,124,2200,6
1992,125,2200,4
1992,126,2200,3
1992,127,2200,14
1992,128,2200,15
1992,129,2200,5
1992,133,2200,3
1992,134,2200,19
1992,135,2200,7
1992,136,2200,2
1992,137,2200,12
1992,138,2200,4
1992,139,2200,3
1992,143,2200,18
1992,144,2200,13
1992,145,2200,4
1992,146,2200,1
1992,147,2200,4
1992,153,2200,3
1992,154,2200,55
1992,155,2300,117
1992,156,2310,607
1992,157,2320,489
1992,158,2330,99
1992,159,2340,155
1992,163,2000,98
1992,164,2430,69
1992,165,2400,7
1992,166,735,53
1992,167,1820,64
1992,169,1860,4
1992,173,1840,9
1992,174,2010,268
1992,175,4620,25
1992,176,2040,146
1992,177,2060,22
1992,178,2100,205
1992,179,2100,23
1992,183,2850,17
1992,184,2840,13
1992,185,2630,121
1992,186,2750,8
1992,187,2710,20
1992,188,2600,35
1992,189,2910,23
1992,194,2860,10
1992,195,2830,103
1992,197,2825,64
1992,198,2800,15
1992,199,2720,11
1992,203,3300,121
1992,204,3310,20
1992,205,3510,21
1992,206,3320,50
1992,207,3500,198
1992,208,3400,175
1992,213,1550,148
1992,214,1550,3
1992,215,1550,8
1992,216,1550,124
1992,217,1540,90
1992,218,1560,35
1992,223,1900,23
1992,224,1920,40
1992,225,1550,27
1992,226,9030,28
1992,227,9040,11
1992,228,2900,12
1992,229,1010,227
1992,233,7900,1
1992,234,2145,87
1992,235,1965,301
1992,243,4700,1326
1992,253,4810,166
1992,254,4920,134
1992,255,4820,107
1992,256,4800,52
1992,257,4840,181
1992,258,4930,15
1992,259,4850,579
1992,263,4760,95
1992,264,4760,52
1992,265,4760,13
1992,266,4760,49
1992,267,4760,48
1992,268,4760,74
1992,269,4750,59
1992,274,4760,208
1992,275,4740,40
1992,276,4720,332
1992,277,4950,33
1992,278,4950,9
1992,283,4900,3
1992,285,4965,4
1992,303,5000,240
1992,304,5000,12
1992,305,5000,55
1992,306,5000,3
1992,307,5000,108
1992,308,5800,252
1992,309,5800,1
1992,313,5700,1483
1992,314,2160,21
1992,315,5820,181
1992,316,5310,53
1992,317,5300,32
1992,318,5410,73
1992,319,5400,213
1992,323,5400,37
1992,325,5350,1
1992,326,5350,4
1992,327,5350,80
1992,328,5360,30
1992,329,5320,17
1992,335,5260,89
1992,336,5260,65
1992,337,5120,629
1992,338,5140,69
1992,339,5110,76
1992,343,5110,22
1992,344,5110,15
1992,345,5900,15
1992,346,5850,3
1992,347,5900,6
1992,348,5020,74
1992,353,5010,5
1992,354,5540,113
1992,355,5550,153
1992,356,5850,52
1992,357,5510,37
1992,359,5520,96
1992,363,5600,74
1992,364,5610,216
1992,365,5620,216
1992,366,5530,24
1992,368,5630,34
1992,373,5240,60
1992,374,5620,3
1992,375,540,146
1992,376,5240,249
1992,377,5250,40
1992,378,5100,57
1992,379,5860,214
1992,383,5160,147
1992,384,5910,11
1992,385,5810,174
1992,386,3510,38
1992,387,2540,94
1992,389,5940,574
1992,404,4020,1
1992,405,4230,8
1992,406,4600,33
1992,407,4230,46
1992,413,3720,15
1992,414,3850,50
1992,415,3730,24
1992,416,3750,11
1992,417,3740,103
1992,418,3850,220
1992,423,3800,58
1992,424,3800,131
1992,425,3940,4
1992,426,3930,233
1992,427,3955,15
1992,433,4010,99
1992,434,4040,81
1992,435,4110,198
1992,436,4020,394
1992,438,4060,10
1992,439,4030,31
1992,443,4130,38
1992,444,4140,111
1992,445,3640,39
1992,446,3645,119
1992,447,3600,462
1992,448,4200,72
1992,449,4230,203
1992,453,4220,673
1992,454,9750,2
1992,455,4240,14
1992,456,4320,22
1992,457,4500,10
1992,458,4510,99
1992,459,4430,42
1992,461,4540,4
1992,462,4420,1
1992,463,9050,20
1992,464,4530,10
1992,465,2016,16
1992,466,4600,4
1992,467,4600,76
1992,468,4600,41
1992,469,4650,28
1992,473,205,7
1992,475,205,28
1992,476,205,1
1992,477,6005,13
1992,479,6050,200
1992,484,6050,3
1992,485,4210,28
1992,486,4250,133
1992,487,4350,9
1992,488,6050,10
1992,494,6005,2
1992,495,6120,5
1992,496,6130,7
1992,497,6100,1
1992,498,6100,4
1992,499,6100,1
1992,503,7000,140
1992,505,7200,287
1992,507,7210,148
1992,508,7140,52
1992,509,7240,13
1992,514,7150,53
1992,515,7140,5
1992,516,7220,76
1992,517,7220,17
1992,518,7330,268
1992,519,7350,15
1992,523,7020,54
1992,525,7010,62
1992,526,7320,18
1992,527,7420,23
1992,529,7020,76
1992,533,7040,27
1992,534,7315,87
1992,535,7430,8
1992,536,7540,8
1992,538,7010,24
1992,539,7300,13
1992,543,6700,10
1992,544,7360,47
1992,547,7630,165
1992,549,7340,97
1992,553,6200,4
1992,554,6200,4
1992,555,6200,11
1992,556,6200,3
1992,557,6200,9
1992,558,6200,167
1992,563,6220,37
1992,565,6240,12
1992,566,6240,13
1992,567,6230,207
1992,573,6330,21
1992,575,6355,216
1992,576,6355,6
1992,577,7410,59
1992,579,6420,98
1992,583,6420,7
1992,584,6460,2
1992,585,6440,131
1992,587,6440,1
1992,588,6250,10
1992,589,6360,10
1992,593,6400,20
1992,594,6300,1
1992,595,6515,34
1992,596,6520,12
1992,597,6530,14
1992,598,6820,4
1992,599,6730,61
1992,613,6200,31
1992,614,6800,9
1992,615,6830,3
1992,616,6840,32
1992,617,6940,7
1992,628,7700,603
1992,634,8130,52
1992,635,8130,1
1992,636,7730,11
1992,637,8030,218
1992,643,6210,8
1992,644,8220,4
1992,645,8100,2
1992,646,8220,6
1992,647,8750,10
1992,649,8910,3
1992,653,6520,54
1992,656,8550,1
1992,657,8500,15
1992,658,8510,5
1992,666,8350,12
1992,667,8350,16
1992,668,8450,11
1992,669,8330,4
1992,674,8460,3
1992,675,8920,5
1992,676,8100,5
1992,677,3520,21
1992,678,8760,18
1992,679,8256,6
1992,683,7720,136
1992,684,8220,15
1992,686,7810,121
1992,687,7800,38
1992,688,7840,18
1992,689,8740,47
1992,693,7750,4
1992,694,8620,28
1992,695,8600,24
1992,696,8610,60
1992,699,8630,27
1992,703,8220,7
1992,704,7950,21
1992,705,7950,4
1992,706,7950,47
1992,707,7940,7
1992,708,7950,14
1992,709,7950,57
1992,713,7930,7
1992,715,8220,20
1992,717,8220,9
1992,719,8100,51
1992,723,8220,7
1992,724,8220,13
1992,725,8650,9
1992,726,8540,4
1992,727,8530,25
1992,729,8540,3
1992,733,8550,9
1992,734,8255,148
1992,735,8250,9
1992,736,8250,24
1992,737,8255,13
1992,738,8420,32
1992,739,8410,10
1992,743,8400,6
1992,744,8320,240
1992,745,8330,6
1992,747,8310,35
1992,748,8300,61
1992,749,8460,39
1992,753,8850,12
1992,754,8800,118
1992,755,8720,12
1992,756,8650,36
1992,757,8640,34
1992,758,8720,15
1992,759,8810,71
1992,763,7830,1
1992,764,8965,8
1992,765,8930,9
1992,766,8730,29
1992,768,8650,17
1992,769,8710,71
1992,774,8830,30
1992,777,8965,439
1992,779,8950,108
1992,783,8140,186
1992,784,8140,17
1992,785,7750,357
1992,786,7810,5
1992,787,8920,6
1992,789,8810,2
1992,793,8910,2
1992,795,8965,15
1992,796,8740,270
1992,797,8740,29
1992,798,8740,1
1992,799,8740,29
1992,803,9000,40
1992,804,9130,909
1992,806,9130,85
1992,808,9120,97
1992,809,9140,45
1992,813,9350,12
1992,823,9240,30
1992,824,9200,31
1992,825,9260,15
1992,826,9260,2
1992,828,9310,10
1992,829,9300,7
1992,833,9300,2
1992,834,9420,3
1992,843,9000,3
1992,844,6320,66
1992,845,9510,1
1992,848,9560,5
1992,849,9510,34
1992,853,9520,36
1992,855,6300,36
1992,856,9600,175
1992,859,9750,32
1992,864,9000,2
1992,865,7610,7
1992,866,6600,22
1992,867,1560,2
1992,868,6940,1
1992,869,6260,148
1992,874,8950,15
1992,875,9720,9
1992,876,9620,4
1992,877,5620,143
1992,878,9630,36
1992,883,9620,200
1992,885,9360,51
1992,887,9610,52
1992,888,9640,102
1992,889,9620,420
1993,3,10,4
1993,4,10,6
1993,5,430,301
1993,6,3710,25
1993,7,120,282
1993,8,136,40
1993,9,150,55
1993,13,50,240
1993,14,230,254
1993,15,350,172
1993,16,400,26
1993,17,310,296
1993,18,410,123
1993,19,4465,16
1993,21,420,236
1993,22,430,2297
1993,23,800,574
1993,24,860,51
1993,25,910,326
1993,26,710,49
1993,27,630,193
1993,28,510,5
1993,29,520,98
1993,33,530,123
1993,34,500,8
1993,35,6660,29
1993,36,565,90
1993,37,740,225
1993,43,1300,37
1993,44,1320,29
1993,45,1450,16
1993,46,1520,1
1993,47,1520,16
1993,48,1350,31
1993,49,1530,8
1993,53,1360,115
1993,54,1340,5
1993,55,1410,273
1993,56,1430,93
1993,57,1460,141
1993,58,1440,8
1993,59,1530,113
1993,63,1310,8
1993,64,1006,299
1993,65,1220,128
1993,66,1200,7
1993,67,1240,13
1993,68,1240,1
1993,69,1700,12
1993,73,1720,66
1993,74,1710,9
1993,75,1740,16
1993,76,1740,18
1993,77,1600,17
1993,78,1610,50
1993,79,1640,15
1993,83,1650,40
1993,84,3060,163
1993,85,3010,8
1993,86,3250,10
1993,87,3040,2
1993,88,3120,1
1993,89,3000,2
1993,95,3255,667
1993,96,3050,50
1993,97,3030,36
1993,98,3220,39
1993,99,3150,3
1993,103,3160,39
1993,104,3230,20
1993,105,3245,30
1993,106,3400,19
1993,113,2200,5
1993,114,2200,12
1993,115,2200,10
1993,116,2200,3
1993,118,2200,5
1993,119,2200,14
1993,123,2200,7
1993,124,2200,5
1993,125,2200,4
1993,126,2200,1
1993,127,2200,13
1993,128,2200,13
1993,129,2200,4
1993,133,2200,7
1993,134,2200,14
1993,135,2200,6
1993,136,2200,2
1993,137,2200,13
1993,138,2200,4
1993,139,2200,3
1993,143,2200,15
1993,144,2200,6
1993,145,2200,6
1993,146,2200,2
1993,147,2200,3
1993,148,2200,1
1993,153,2200,2
1993,154,2200,90
1993,155,2300,123
1993,156,2310,700
1993,157,2320,556
1993,158,2330,120
1993,159,2340,147
1993,163,2000,102
1993,164,2430,69
1993,165,2400,8
1993,166,735,62
1993,167,1820,75
1993,169,1860,9
1993,173,1840,6
1993,174,2010,246
1993,175,4620,22
1993,176,2040,141
1993,177,2060,17
1993,178,2100,213
1993,179,2100,14
1993,183,2850,19
1993,184,2840,19
1993,185,2630,143
1993,186,2750,14
1993,187,2710,22
1993,188,2600,31
1993,189,2910,26
1993,193,2740,1
1993,194,2860,22
1993,195,2830,111
1993,197,2825,77
1993,198,2800,13
1993,199,2720,17
1993,203,3300,120
1993,204,3310,19
1993,205,3510,19
1993,206,3320,59
1993,207,3500,166
1993,208,3400,169
1993,213,1550,134
1993,214,1550,3
1993,215,1550,4
1993,216,1550,105
1993,217,1540,93
1993,218,1560,26
1993,223,1900,22
1993,224,1920,26
1993,225,1550,29
1993,226,9030,49
1993,227,9040,11
1993,228,2900,11
1993,229,1010,259
1993,234,2145,83
1993,235,1965,201
1993,243,4700,1282
1993,253,4810,185
1993,254,4920,138
1993,255,4820,95
1993,256,4800,60
1993,257,4840,173
1993,258,4930,8
1993,259,4850,599
1993,263,4760,96
1993,264,4760,68
1993,265,4760,12
1993,266,4760,49
1993,267,4760,44
1993,268,4760,80
1993,269,4750,65
1993,274,4760,249
1993,275,4740,38
1993,276,4720,370
1993,277,4950,34
1993,278,4950,8
1993,284,4965,1
1993,285,4965,5
1993,303,5000,219
1993,304,5000,11
1993,305,5000,48
1993,307,5000,70
1993,308,5800,270
1993,309,5800,3
1993,313,5700,1369
1993,314,2160,25
1993,315,5820,149
1993,316,5310,46
1993,317,5300,23
1993,318,5410,76
1993,319,5400,242
1993,323,5400,55
1993,326,5350,7
1993,327,5350,75
1993,328,5360,16
1993,329,5320,20
1993,335,5260,57
1993,336,5260,65
1993,337,5120,593
1993,338,5140,70
1993,339,5110,54
1993,343,5110,24
1993,344,5110,16
1993,345,5900,6
1993,346,5850,5
1993,347,5900,5
1993,348,5020,75
1993,353,5010,8
1993,354,5540,132
1993,355,5550,168
1993,356,5850,61
1993,357,5510,32
1993,359,5520,92
1993,363,5600,96
1993,364,5610,216
1993,365,5620,183
1993,366,5530,35
1993,368,5630,24
1993,373,5240,56
1993,374,5620,7
1993,375,540,139
1993,376,5240,284
1993,377,5250,35
1993,378,5100,64
1993,379,5860,228
1993,383,5160,116
1993,384,5910,6
1993,385,5810,203
1993,386,3510,19
1993,387,2540,94
1993,389,5940,544
1993,405,4230,3
1993,406,4600,33
1993,407,4230,71
1993,413,3720,23
1993,414,3850,62
1993,415,3730,23
1993,416,3750,7
1993,417,3740,124
1993,418,3850,256
1993,423,3800,54
1993,424,3800,134
1993,425,3940,1
1993,426,3930,225
1993,427,3955,3
1993,433,4010,82
1993,434,4040,91
1993,435,4110,192
1993,436,4020,416
1993,438,4060,15
1993,439,4030,37
1993,443,4130,38
1993,444,4140,85
1993,445,3640,47
1993,446,3645,96
1993,447,3600,514
1993,448,4200,74
1993,449,4230,212
1993,453,4220,641
1993,454,9750,9
1993,455,4240,14
1993,456,4320,31
1993,457,4500,8
1993,458,4510,82
1993,459,4430,35
1993,461,4540,10
1993,462,4420,1
1993,463,9050,26
1993,464,4530,13
1993,465,2016,14
1993,467,4600,85
1993,468,4600,26
1993,469,4650,31
1993,473,205,2
1993,475,205,28
1993,477,6005,20
1993,479,6050,198
1993,484,6050,6
1993,485,4210,18
1993,486,4250,153
1993,487,4350,9
1993,488,6050,13
1993,494,6005,5
1993,495,6120,4
1993,496,6130,11
1993,497,6100,1
1993,498,6100,6
1993,503,7000,125
1993,505,7200,273
1993,507,7210,142
1993,508,7140,68
1993,509,7240,17
1993,514,7150,49
1993,515,7140,5
1993,516,7220,65
1993,517,7220,12
1993,518,7330,252
1993,519,7350,10
1993,523,7020,58
1993,525,7010,62
1993,526,7320,16
1993,527,7420,20
1993,529,7020,79
1993,533,7040,28
1993,534,7315,101
1993,535,7430,9
1993,536,7540,5
1993,538,7010,27
1993,539,7300,11
1993,543,6700,9
1993,544,7360,41
1993,547,7630,139
1993,549,7340,81
1993,553,6200,4
1993,554,6200,6
1993,555,6200,14
1993,556,6200,1
1993,557,6200,9
1993,558,6200,185
1993,563,6220,32
1993,565,6240,8
1993,566,6240,17
1993,567,6230,206
1993,569,6230,1
1993,573,6330,21
1993,575,6355,224
1993,576,6355,6
1993,577,7410,58
1993,579,6420,90
1993,583,6420,3
1993,584,6460,6
1993,585,6440,112
1993,587,6440,3
1993,588,6250,11
1993,589,6360,11
1993,593,6400,14
1993,594,6300,1
1993,595,6515,24
1993,596,6520,7
1993,597,6530,18
1993,598,6820,6
1993,599,6730,53
1993,613,6200,32
1993,614,6800,6
1993,615,6830,4
1993,616,6840,25
1993,617,6940,9
1993,628,7700,617
1993,634,8130,56
1993,635,8130,1
1993,636,7730,4
1993,637,8030,202
1993,643,6210,13
1993,644,8220,2
1993,645,8100,3
1993,646,8220,10
1993,647,8750,14
1993,649,8910,3
1993,653,6520,37
1993,654,6520,1
1993,656,8550,1
1993,657,8500,14
1993,658,8510,8
1993,666,8350,13
1993,667,8350,11
1993,668,8450,17
1993,669,8330,6
1993,674,8460,1
1993,675,8920,8
1993,676,8100,8
1993,677,3520,19
1993,678,8760,15
1993,679,8256,12
1993,683,7720,133
1993,684,8220,3
1993,686,7810,111
1993,687,7800,26
1993,688,7840,16
1993,689,8740,69
1993,693,7750,4
1993,694,8620,25
1993,695,8600,26
1993,696,8610,64
1993,699,8630,23
1993,703,8220,6
1993,704,7950,26
1993,705,7950,5
1993,706,7950,43
1993,707,7940,5
1993,708,7950,9
1993,709,7950,50
1993,713,7930,8
1993,714,7900,2
1993,715,8220,15
1993,717,8220,7
1993,719,8100,32
1993,723,8220,12
1993,724,8220,8
1993,725,8650,9
1993,726,8540,1
1993,727,8530,33
1993,729,8540,2
1993,733,8550,13
1993,734,8255,117
1993,735,8250,13
1993,736,8250,11
1993,737,8255,14
1993,738,8420,16
1993,739,8410,16
1993,743,8400,5
1993,744,8320,254
1993,745,8330,7
1993,747,8310,37
1993,748,8300,70
1993,749,8460,21
1993,753,8850,10
1993,754,8800,146
1993,755,8720,5
1993,756,8650,51
1993,757,8640,20
1993,758,8720,8
1993,759,8810,80
1993,763,7830,2
1993,764,8965,5
1993,765,8930,7
1993,766,8730,42
1993,768,8650,16
1993,769,8710,61
1993,774,8830,23
1993,777,8965,465
1993,779,8950,105
1993,783,8140,202
1993,784,8140,12
1993,785,7750,368
1993,786,7810,4
1993,787,8920,5
1993,789,8810,3
1993,793,8910,5
1993,795,8965,19
1993,796,8740,247
1993,797,8740,17
1993,798,8740,2
1993,799,8740,47
1993,803,9000,40
1993,804,9130,922
1993,806,9130,69
1993,808,9120,109
1993,809,9140,48
1993,813,9350,9
1993,814,9150,3
1993,823,9240,23
1993,824,9200,23
1993,825,9260,23
1993,826,9260,4
1993,828,9310,8
1993,829,9300,4
1993,833,9300,1
1993,834,9420,1
1993,843,9000,4
1993,844,6320,80
1993,845,9510,3
1993,848,9560,4
1993,849,9510,33
1993,853,9520,23
1993,855,6300,33
1993,856,9600,183
1993,859,9750,32
1993,864,9000,7
1993,865,7610,8
1993,866,6600,17
1993,867,1560,1
1993,869,6260,131
1993,874,8950,13
1993,875,9720,12
1993,876,9620,6
1993,877,5620,145
1993,878,9630,24
1993,883,9620,190
1993,885,9360,41
1993,887,9610,65
1993,888,9640,98
1993,889,9620,395
1994,3,10,5
1994,4,10,4
1994,5,430,315
1994,6,3710,30
1994,7,120,290
1994,8,136,47
1994,9,150,55
1994,13,50,284
1994,14,230,258
1994,15,350,282
1994,16,400,27
1994,17,310,318
1994,18,410,119
1994,19,4465,15
1994,21,420,193
1994,22,430,2125
1994,23,800,543
1994,24,860,38
1994,25,910,304
1994,26,710,36
1994,27,630,186
1994,28,510,11
1994,29,520,87
1994,33,530,114
1994,34,500,13
1994,35,6660,24
1994,36,565,107
1994,37,740,252
1994,43,1300,36
1994,44,1320,24
1994,45,1450,24
1994,46,1520,5
1994,47,1520,15
1994,48,1350,25
1994,49,1530,5
1994,53,1360,118
1994,54,1340,2
1994,55,1410,264
1994,56,1430,114
1994,57,1460,146
1994,58,1440,8
1994,59,1530,113
1994,63,1310,7
1994,64,1006,377
1994,65,1220,110
1994,66,1200,3
1994,67,1240,11
1994,68,1240,2
1994,69,1700,10
1994,73,1720,71
1994,74,1710,6
1994,75,1740,25
1994,76,1740,14
1994,77,1600,18
1994,78,1610,48
1994,79,1640,25
1994,83,1650,17
1994,84,3060,162
1994,85,3010,6
1994,86,3250,9
1994,87,3040,3
1994,89,3000,5
1994,95,3255,641
1994,96,3050,53
1994,97,3030,28
1994,98,3220,38
1994,99,3150,9
1994,103,3160,32
1994,104,3230,31
1994,105,3245,32
1994,106,3400,22
1994,113,2200,2
1994,114,2200,12
1994,115,2200,8
1994,116,2200,6
1994,117,2200,1
1994,118,2200,6
1994,119,2200,12
1994,123,2200,5
1994,124,2200,7
1994,125,2200,1
1994,126,2200,6
1994,127,2200,8
1994,128,2200,9
1994,129,2200,2
1994,133,2200,4
1994,134,2200,18
1994,135,2200,13
1994,136,2200,2
1994,137,2200,6
1994,139,2200,3
1994,143,2200,18
1994,144,2200,1
1994,145,2200,2
1994,147,2200,6
1994,148,2200,3
1994,149,2200,1
1994,153,2200,2
1994,154,2200,97
1994,155,2300,116
1994,156,2310,617
1994,157,2320,496
1994,158,2330,109
1994,159,2340,162
1994,163,2000,91
1994,164,2430,70
1994,165,2400,9
1994,166,735,40
1994,167,1820,74
1994,168,1860,1
1994,169,1860,5
1994,173,1840,14
1994,174,2010,254
1994,175,4620,17
1994,176,2040,144
1994,177,2060,25
1994,178,2100,204
1994,179,2100,10
1994,183,2850,17
1994,184,2840,25
1994,185,2630,123
1994,186,2750,7
1994,187,2710,23
1994,188,2600,31
1994,189,2910,23
1994,193,2740,1
1994,194,2860,18
1994,195,2830,120
1994,197,2825,62
1994,198,2800,11
1994,199,2720,14
1994,203,3300,130
1994,204,3310,17
1994,205,3510,22
1994,206,3320,54
1994,207,3500,217
1994,208,3400,183
1994,213,1550,145
1994,214,1550,1
1994,215,1550,15
1994,216,1550,121
1994,217,1540,93
1994,218,1560,24
1994,223,1900,41
1994,224,1920,25
1994,225,1550,32
1994,226,9030,36
1994,227,9040,15
1994,228,2900,20
1994,229,1010,215
1994,234,2145,91
1994,235,1965,32
1994,243,4700,1358
1994,253,4810,175
1994,254,4920,137
1994,255,4820,116
1994,256,4800,42
1994,257,4840,173
1994,258,4930,8
1994,259,4850,533
1994,263,4760,92
1994,264,4760,43
1994,265,4760,9
1994,266,4760,40
1994,267,4760,45
1994,268,4760,58
1994,269,4750,54
1994,274,4760,243
1994,275,4740,42
1994,276,4720,333
1994,277,4950,36
1994,278,4950,11
1994,283,4900,1
1994,285,4965,5
1994,303,5000,236
1994,304,5000,11
1994,305,5000,42
1994,306,5000,3
1994,307,5000,73
1994,308,5800,221
1994,313,5700,1182
1994,314,2160,34
1994,315,5820,158
1994,316,5310,42
1994,317,5300,20
1994,318,5410,92
1994,319,5400,188
1994,323,5400,61
1994,326,5350,6
1994,327,5350,72
1994,328,5360,20
1994,329,5320,29
1994,335,5260,63
1994,336,5260,64
1994,337,5120,496
1994,338,5140,49
1994,339,5110,64
1994,343,5110,22
1994,344,5110,23
1994,345,5900,2
1994,346,5850,5
1994,347,5900,6
1994,348,5020,65
1994,353,5010,4
1994,354,5540,152
1994,355,5550,169
1994,356,5850,61
1994,357,5510,38
1994,359,5520,77
1994,363,5600,82
1994,364,5610,228
1994,365,5620,180
1994,366,5530,24
1994,368,5630,18
1994,373,5240,49
1994,374,5620,7
1994,375,540,134
1994,376,5240,280
1994,377,5250,36
1994,378,5100,41
1994,379,5860,209
1994,383,5160,109
1994,384,5910,7
1994,385,5810,193
1994,386,3510,16
1994,387,2540,95
1994,389,5940,564
1994,404,4020,2
1994,405,4230,5
1994,406,4600,26
1994,407,4230,79
1994,413,3720,32
1994,414,3850,61
1994,415,3730,22
1994,416,3750,5
1994,417,3740,106
1994,418,3850,231
1994,423,3800,53
1994,424,3800,136
1994,426,3930,205
1994,427,3955,5
1994,433,4010,92
1994,434,4040,67
1994,435,4110,173
1994,436,4020,426
1994,438,4060,11
1994,439,4030,40
1994,443,4130,47
1994,444,4140,85
1994,445,3640,44
1994,446,3645,82
1994,447,3600,512
1994,448,4200,81
1994,449,4230,242
1994,453,4220,562
1994,454,9750,1
1994,455,4240,6
1994,456,4320,20
1994,457,4500,13
1994,458,4510,106
1994,459,4430,44
1994,461,4540,4
1994,463,9050,22
1994,464,4530,9
1994,465,2016,17
1994,466,4600,1
1994,467,4600,90
1994,468,4600,32
1994,469,4650,28
1994,473,205,3
1994,474,4250,1
1994,475,205,22
1994,476,205,1
1994,477,6005,21
1994,479,6050,174
1994,483,6050,1
1994,484,6050,8
1994,485,4210,30
1994,486,4250,152
1994,487,4350,17
1994,488,6050,13
1994,489,6010,1
1994,494,6005,5
1994,495,6120,2
1994,496,6130,11
1994,497,6100,2
1994,498,6100,3
1994,503,7000,135
1994,505,7200,259
1994,507,7210,132
1994,508,7140,52
1994,509,7240,8
1994,514,7150,48
1994,515,7140,5
1994,516,7220,68
1994,517,7220,11
1994,518,7330,286
1994,519,7350,11
1994,523,7020,54
1994,525,7010,50
1994,526,7320,21
1994,527,7420,22
1994,529,7020,97
1994,533,7040,20
1994,534,7315,94
1994,535,7430,5
1994,536,7540,6
1994,538,7010,28
1994,539,7300,8
1994,543,6700,3
1994,544,7360,46
1994,547,7630,200
1994,549,7340,78
1994,553,6200,1
1994,554,6200,5
1994,555,6200,16
1994,556,6200,1
1994,557,6200,3
1994,558,6200,161
1994,563,6220,23
1994,565,6240,8
1994,566,6240,19
1994,567,6230,223
1994,569,6230,1
1994,573,6330,27
1994,575,6355,236
1994,576,6355,4
1994,577,7410,52
1994,579,6420,88
1994,584,6460,6
1994,585,6440,131
1994,587,6440,1
1994,588,6250,13
1994,589,6360,5
1994,593,6400,11
1994,594,6300,1
1994,595,6515,36
1994,596,6520,8
1994,597,6530,8
1994,598,6820,7
1994,599,6730,50
1994,613,6200,33
1994,614,6800,5
1994,615,6830,3
1994,616,6840,20
1994,617,6940,8
1994,628,7700,601
1994,634,8130,51
1994,635,8130,1
1994,636,7730,9
1994,637,8030,207
1994,643,6210,13
1994,644,8220,4
1994,645,8100,5
1994,646,8220,1
1994,647,8750,17
1994,649,8910,4
1994,653,6520,62
1994,655,7950,2
1994,656,8550,6
1994,657,8500,20
1994,658,8510,5
1994,659,8550,2
1994,666,8350,18
1994,667,8350,14
1994,668,8450,16
1994,669,8330,5
1994,674,8460,3
1994,675,8920,4
1994,676,8100,9
1994,677,3520,23
1994,678,8760,22
1994,679,8256,14
1994,683,7720,133
1994,684,8220,4
1994,686,7810,97
1994,687,7800,46
1994,688,7840,9
1994,689,8740,48
1994,693,7750,2
1994,694,8620,32
1994,695,8600,21
1994,696,8610,64
1994,699,8630,19
1994,703,8220,11
1994,704,7950,24
1994,705,7950,3
1994,706,7950,40
1994,707,7940,5
1994,708,7950,8
1994,709,7950,64
1994,713,7930,7
1994,714,7900,4
1994,715,8220,13
1994,717,8220,8
1994,719,8100,34
1994,723,8220,13
1994,724,8220,11
1994,725,8650,7
1994,726,8540,6
1994,727,8530,21
1994,728,8540,3
1994,733,8550,8
1994,734,8255,98
1994,735,8250,14
1994,736,8250,16
1994,737,8255,13
1994,738,8420,24
1994,739,8410,18
1994,743,8400,1
1994,744,8320,235
1994,745,8330,14
1994,747,8310,45
1994,748,8300,63
1994,749,8460,22
1994,753,8850,13
1994,754,8800,122
1994,755,8720,20
1994,756,8650,47
1994,757,8640,36
1994,758,8720,12
1994,759,8810,78
1994,763,7830,2
1994,764,8965,2
1994,765,8930,13
1994,766,8730,35
1994,768,8650,18
1994,769,8710,64
1994,774,8830,16
1994,777,8965,423
1994,779,8950,124
1994,783,8140,242
1994,784,8140,10
1994,785,7750,372
1994,786,7810,4
1994,787,8920,8
1994,789,8810,8
1994,793,8910,4
1994,795,8965,18
1994,796,8740,211
1994,797,8740,24
1994,798,8740,4
1994,799,8740,40
1994,803,9000,39
1994,804,9130,906
1994,806,9130,76
1994,808,9120,129
1994,809,9140,39
1994,813,9350,12
1994,814,9150,3
1994,823,9240,17
1994,824,9200,28
1994,825,9260,11
1994,826,9260,2
1994,828,9310,8
1994,829,9300,1
1994,833,9300,1
1994,834,9420,3
1994,843,9000,10
1994,844,6320,83
1994,845,9510,2
1994,848,9560,5
1994,849,9510,29
1994,853,9520,43
1994,855,6300,27
1994,856,9600,173
1994,859,9750,30
1994,864,9000,3
1994,865,7610,10
1994,866,6600,13
1994,867,1560,3
1994,869,6260,145
1994,874,8950,18
1994,875,9720,23
1994,876,9620,4
1994,877,5620,163
1994,878,9630,18
1994,883,9620,209
1994,885,9360,36
1994,887,9610,53
1994,888,9640,77
1994,889,9620,347
1995,3,10,5
1995,4,10,7
1995,5,430,325
1995,6,3710,34
1995,7,120,298
1995,8,136,55
1995,9,150,61
1995,13,50,305
1995,14,230,289
1995,15,350,268
1995,16,400,25
1995,17,310,312
1995,18,410,129
1995,19,4465,13
1995,21,420,199
1995,22,430,2268
1995,23,800,565
1995,24,860,36
1995,25,910,284
1995,26,710,65
1995,27,630,187
1995,28,510,5
1995,29,520,71
1995,33,530,120
1995,34,500,2
1995,35,6660,23
1995,36,565,107
1995,37,740,179
1995,43,1300,39
1995,44,1320,24
1995,45,1450,10
1995,46,1520,8
1995,47,1520,8
1995,48,1350,31
1995,49,1530,8
1995,53,1360,111
1995,54,1340,3
1995,55,1410,273
1995,56,1430,134
1995,57,1460,136
1995,58,1440,5
1995,59,1530,116
1995,63,1310,8
1995,64,1006,400
1995,65,1220,112
1995,66,1200,4
1995,67,1240,12
1995,68,1240,1
1995,69,1700,9
1995,73,1720,69
1995,74,1710,3
1995,75,1740,26
1995,76,1740,17
1995,77,1600,12
1995,78,1610,51
1995,79,1640,17
1995,83,1650,20
1995,84,3060,219
1995,85,3010,12
1995,86,3250,10
1995,87,3040,3
1995,89,3000,2
1995,95,3255,633
1995,96,3050,71
1995,97,3030,35
1995,98,3220,32
1995,99,3150,15
1995,103,3160,41
1995,104,3230,28
1995,105,3245,32
1995,106,3400,30
1995,113,2200,2
1995,114,2200,14
1995,115,2200,8
1995,116,2200,6
1995,117,2200,3
1995,118,2200,14
1995,119,2200,7
1995,123,2200,2
1995,124,2200,5
1995,125,2200,4
1995,126,2200,1
1995,127,2200,20
1995,128,2200,12
1995,129,2200,10
1995,133,2200,7
1995,134,2200,15
1995,135,2200,9
1995,137,2200,8
1995,138,2200,3
1995,139,2200,6
1995,143,2200,28
1995,144,2200,6
1995,146,2200,1
1995,147,2200,1
1995,149,2200,3
1995,153,2200,2
1995,154,2200,105
1995,155,2300,108
1995,156,2310,625
1995,157,2320,527
1995,158,2330,115
1995,159,2340,133
1995,163,2000,93
1995,164,2430,76
1995,165,2400,6
1995,166,735,53
1995,167,1820,81
1995,168,1860,1
1995,169,1860,10
1995,173,1840,9
1995,174,2010,290
1995,175,4620,25
1995,176,2040,129
1995,177,2060,32
1995,178,2100,219
1995,179,2100,10
1995,183,2850,13
1995,184,2840,18
1995,185,2630,156
1995,186,2750,11
1995,187,2710,33
1995,188,2600,39
1995,189,2910,41
1995,193,2740,5
1995,194,2860,20
1995,195,2830,119
1995,197,2825,46
1995,198,2800,17
1995,199,2720,12
1995,203,3300,151
1995,204,3310,22
1995,205,3510,8
1995,206,3320,47
1995,207,3500,189
1995,208,3400,183
1995,213,1550,138
1995,214,1550,2
1995,215,1550,11
1995,216,1550,111
1995,217,1540,71
1995,218,1560,28
1995,223,1900,37
1995,224,1920,35
1995,225,1550,39
1995,226,9030,43
1995,227,9040,15
1995,228,2900,11
1995,229,1010,238
1995,233,7900,1
1995,234,2145,111
1995,235,1965,31
1995,243,4700,1437
1995,253,4810,163
1995,254,4920,154
1995,255,4820,131
1995,256,4800,63
1995,257,4840,185
1995,258,4930,18
1995,259,4850,586
1995,263,4760,104
1995,264,4760,35
1995,265,4760,3
1995,266,4760,48
1995,267,4760,43
1995,268,4760,64
1995,269,4750,52
1995,274,4760,221
1995,275,4740,34
1995,276,4720,329
1995,277,4950,28
1995,278,4950,11
1995,283,4900,1
1995,285,4965,3
1995,303,5000,230
1995,304,5000,11
1995,305,5000,30
1995,306,5000,9
1995,307,5000,76
1995,308,5800,189
1995,309,5800,3
1995,313,5700,1239
1995,314,2160,23
1995,315,5820,194
1995,316,5310,51
1995,317,5300,16
1995,318,5410,103
1995,319,5400,222
1995,323,5400,77
1995,326,5350,4
1995,327,5350,77
1995,328,5360,24
1995,329,5320,29
1995,335,5260,61
1995,336,5260,64
1995,337,5120,499
1995,338,5140,59
1995,339,5110,49
1995,343,5110,15
1995,344,5110,35
1995,345,5900,12
1995,346,5850,2
1995,347,5900,6
1995,348,5020,51
1995,353,5010,3
1995,354,5540,143
1995,355,5550,164
1995,356,5850,53
1995,357,5510,33
1995,359,5520,93
1995,363,5600,95
1995,364,5610,216
1995,365,5620,166
1995,366,5530,22
1995,368,5630,25
1995,373,5240,57
1995,374,5620,8
1995,375,540,160
1995,376,5240,264
1995,377,5250,37
1995,378,5100,47
1995,379,5860,202
1995,383,5160,118
1995,384,5910,4
1995,385,5810,195
1995,386,3510,38
1995,387,2540,104
1995,389,5940,341
1995,404,4020,2
1995,406,4600,35
1995,407,4230,82
1995,413,3720,14
1995,414,3850,51
1995,415,3730,24
1995,416,3750,5
1995,417,3740,117
1995,418,3850,244
1995,423,3800,82
1995,424,3800,128
1995,426,3930,191
1995,427,3955,6
1995,433,4010,108
1995,434,4040,68
1995,435,4110,202
1995,436,4020,411
1995,438,4060,12
1995,439,4030,32
1995,443,4130,54
1995,444,4140,121
1995,445,3640,71
1995,446,3645,89
1995,447,3600,544
1995,448,4200,81
1995,449,4230,200
1995,453,4220,631
1995,454,9750,5
1995,455,4240,13
1995,456,4320,26
1995,457,4500,17
1995,458,4510,101
1995,459,4430,58
1995,461,4540,8
1995,463,9050,23
1995,464,4530,11
1995,465,2016,18
1995,466,4600,4
1995,467,4600,75
1995,468,4600,42
1995,469,4650,30
1995,473,205,5
1995,475,205,29
1995,476,205,2
1995,477,6005,13
1995,479,6050,170
1995,483,6050,1
1995,484,6050,4
1995,485,4210,20
1995,486,4250,151
1995,487,4350,10
1995,488,6050,12
1995,489,6010,1
1995,494,6005,4
1995,495,6120,3
1995,496,6130,9
1995,497,6100,1
1995,498,6100,3
1995,499,6100,2
1995,503,7000,127
1995,505,7200,259
1995,506,7200,1
1995,507,7210,144
1995,508,7140,47
1995,509,7240,11
1995,514,7150,41
1995,515,7140,6
1995,516,7220,71
1995,517,7220,13
1995,518,7330,253
1995,519,7350,3
1995,523,7020,63
1995,525,7010,59
1995,526,7320,12
1995,527,7420,27
1995,529,7020,83
1995,533,7040,21
1995,534,7315,94
1995,535,7430,7
1995,536,7540,5
1995,538,7010,40
1995,539,7300,13
1995,543,6700,7
1995,544,7360,39
1995,547,7630,166
1995,549,7340,101
1995,553,6200,1
1995,554,6200,10
1995,555,6200,23
1995,556,6200,7
1995,557,6200,2
1995,558,6200,178
1995,563,6220,37
1995,565,6240,8
1995,566,6240,27
1995,567,6230,252
1995,569,6230,1
1995,573,6330,37
1995,575,6355,273
1995,576,6355,3
1995,577,7410,49
1995,579,6420,92
1995,583,6420,1
1995,584,6460,5
1995,585,6440,137
1995,587,6440,3
1995,588,6250,20
1995,589,6360,9
1995,593,6400,16
1995,595,6515,34
1995,596,6520,7
1995,597,6530,12
1995,598,6820,4
1995,599,6730,54
1995,613,6200,32
1995,614,6800,9
1995,615,6830,5
1995,616,6840,17
1995,617,6940,8
1995,628,7700,602
1995,634,8130,59
1995,635,8130,1
1995,636,7730,9
1995,637,8030,186
1995,643,6210,13
1995,644,8220,8
1995,645,8100,1
1995,646,8220,4
1995,647,8750,13
1995,653,6520,41
1995,657,8500,7
1995,658,8510,9
1995,659,8550,1
1995,666,8350,17
1995,667,8350,14
1995,668,8450,26
1995,669,8330,6
1995,674,8460,6
1995,675,8920,5
1995,676,8100,6
1995,677,3520,16
1995,678,8760,17
1995,679,8256,12
1995,683,7720,111
1995,684,8220,8
1995,686,7810,115
1995,687,7800,47
1995,688,7840,18
1995,689,8740,57
1995,693,7750,2
1995,694,8620,33
1995,695,8600,14
1995,696,8610,62
1995,699,8630,16
1995,703,8220,7
1995,704,7950,16
1995,705,7950,2
1995,706,7950,40
1995,707,7940,5
1995,708,7950,8
1995,709,7950,56
1995,713,7930,10
1995,714,7900,7
1995,715,8220,13
1995,717,8220,10
1995,719,8100,42
1995,723,8220,10
1995,724,8220,3
1995,725,8650,5
1995,726,8540,5
1995,727,8530,24
1995,728,8540,2
1995,733,8550,7
1995,734,8255,129
1995,735,8250,12
1995,736,8250,15
1995,737,8255,15
1995,738,8420,28
1995,739,8410,18
1995,743,8400,2
1995,744,8320,241
1995,745,8330,11
1995,747,8310,34
1995,748,8300,58
1995,749,8460,22
1995,753,8850,6
1995,754,8800,108
1995,755,8720,18
1995,756,8650,42
1995,757,8640,21
1995,758,8720,5
1995,759,8810,53
1995,763,7830,3
1995,764,8965,7
1995,765,8930,7
1995,766,8730,29
1995,768,8650,25
1995,769,8710,66
1995,774,8830,22
1995,777,8965,473
1995,779,8950,138
1995,783,8140,228
1995,784,8140,5
1995,785,7750,367
1995,786,7810,4
1995,787,8920,9
1995,789,8810,6
1995,793,8910,5
1995,795,8965,14
1995,796,8740,222
1995,797,8740,28
1995,798,8740,5
1995,799,8740,46
1995,803,9000,35
1995,804,9130,894
1995,806,9130,64
1995,808,9120,110
1995,809,9140,57
1995,813,9350,9
1995,814,9150,2
1995,823,9240,15
1995,824,9200,26
1995,825,9260,5
1995,826,9260,1
1995,828,9310,12
1995,829,9300,5
1995,833,9300,1
1995,834,9420,3
1995,843,9000,11
1995,844,6320,96
1995,845,9510,2
1995,848,9560,6
1995,849,9510,28
1995,853,9520,33
1995,855,6300,30
1995,856,9600,174
1995,859,9750,38
1995,864,9000,13
1995,865,7610,5
1995,866,6600,19
1995,867,1560,1
1995,868,6940,1
1995,869,6260,173
1995,874,8950,10
1995,875,9720,13
1995,876,9620,5
1995,877,5620,165
1995,878,9630,23
1995,883,9620,186
1995,885,9360,30
1995,887,9610,58
1995,888,9640,80
1995,889,9620,372
1996,4,10,4
1996,5,430,293
1996,6,3710,28
1996,7,120,257
1996,8,136,53
1996,9,150,53
1996,13,50,250
1996,14,230,233
1996,15,350,270
1996,17,310,314
1996,18,410,119
1996,19,4465,11
1996,21,420,189
1996,22,430,2017
1996,23,800,515
1996,24,860,40
1996,25,910,271
1996,26,710,61
1996,27,630,154
1996,28,510,4
1996,29,520,58
1996,33,530,101
1996,34,500,9
1996,35,6660,26
1996,36,565,105
1996,37,740,183
1996,43,1300,52
1996,44,1320,27
1996,45,1450,6
1996,46,1520,8
1996,47,1520,10
1996,48,1350,37
1996,49,1530,3
1996,53,1360,104
1996,54,1340,1
1996,55,1410,224
1996,56,1430,88
1996,57,1460,125
1996,58,1440,6
1996,59,1530,87
1996,63,1310,14
1996,64,1006,365
1996,65,1220,78
1996,66,1200,8
1996,67,1240,9
1996,69,1700,11
1996,73,1720,61
1996,74,1710,4
1996,75,1740,19
1996,76,1740,27
1996,77,1600,7
1996,78,1610,48
1996,79,1640,19
1996,83,1650,13
1996,84,3060,154
1996,85,3010,11
1996,86,3250,6
1996,87,3040,2
1996,89,3000,1
1996,95,3255,578
1996,96,3050,54
1996,97,3030,27
1996,98,3220,31
1996,99,3150,11
1996,103,3160,32
1996,104,3230,24
1996,105,3245,20
1996,106,3400,19
1996,113,2200,3
1996,114,2200,10
1996,115,2200,7
1996,116,2200,5
1996,117,2200,1
1996,118,2200,7
1996,119,2200,6
1996,123,2200,3
1996,124,2200,3
1996,125,2200,2
1996,126,2200,4
1996,127,2200,12
1996,128,2200,11
1996,129,2200,7
1996,133,2200,4
1996,134,2200,13
1996,135,2200,9
1996,136,2200,3
1996,137,2200,12
1996,138,2200,2
1996,139,2200,6
1996,143,2200,21
1996,144,2200,8
1996,145,2200,1
1996,146,2200,4
1996,147,2200,3
1996,148,2200,3
1996,153,2200,3
1996,154,2200,80
1996,155,2300,95
1996,156,2310,539
1996,157,2320,362
1996,158,2330,108
1996,159,2340,155
1996,163,2000,96
1996,164,2430,54
1996,165,2400,9
1996,166,735,59
1996,167,1820,63
1996,169,1860,13
1996,173,1840,3
1996,174,2010,301
1996,175,4620,26
1996,176,2040,117
1996,177,2060,35
1996,178,2100,209
1996,183,2850,15
1996,184,2840,20
1996,185,2630,124
1996,186,2750,10
1996,187,2710,28
1996,188,2600,27
1996,189,2910,20
1996,193,2740,2
1996,194,2860,21
1996,195,2830,86
1996,197,2825,64
1996,198,2800,17
1996,199,2720,13
1996,203,3300,132
1996,204,3310,14
1996,205,3510,8
1996,206,3320,38
1996,207,3500,184
1996,208,3400,174
1996,213,1550,109
1996,214,1550,1
1996,215,1550,9
1996,216,1550,96
1996,217,1540,76
1996,218,1560,21
1996,223,1900,27
1996,224,1920,29
1996,225,1550,19
1996,226,9030,30
1996,227,9040,18
1996,228,2900,6
1996,229,1010,189
1996,234,2145,96
1996,235,1965,27
1996,243,4700,1219
1996,253,4810,164
1996,254,4920,131
1996,255,4820,96
1996,256,4800,38
1996,257,4840,173
1996,258,4930,11
1996,259,4850,519
1996,263,4760,102
1996,264,4760,61
1996,265,4760,9
1996,266,4760,44
1996,267,4760,34
1996,268,4760,70
1996,269,4750,47
1996,274,4760,217
1996,275,4740,26
1996,276,4720,314
1996,277,4950,32
1996,278,4950,9
1996,283,4900,2
1996,285,4965,6
1996,303,5000,166
1996,304,5000,12
1996,305,5000,42
1996,306,5000,3
1996,307,5000,63
1996,308,5800,124
1996,313,5700,971
1996,314,2160,12
1996,315,5820,162
1996,316,5310,30
1996,317,5300,23
1996,318,5410,70
1996,319,5400,197
1996,323,5400,52
1996,326,5350,5
1996,327,5350,53
1996,328,5360,32
1996,329,5320,13
1996,335,5260,47
1996,336,5260,54
1996,337,5120,464
1996,338,5140,60
1996,339,5110,54
1996,343,5110,21
1996,344,5110,25
1996,345,5900,7
1996,346,5850,4
1996,347,5900,5
1996,348,5020,38
1996,353,5010,1
1996,354,5540,124
1996,355,5550,151
1996,356,5850,56
1996,357,5510,34
1996,359,5520,84
1996,363,5600,97
1996,364,5610,176
1996,365,5620,177
1996,366,5530,16
1996,368,5630,16
1996,373,5240,30
1996,374,5620,8
1996,375,540,151
1996,376,5240,304
1996,377,5250,42
1996,378,5100,36
1996,379,5860,201
1996,383,5160,86
1996,384,5910,2
1996,385,5810,192
1996,386,3510,37
1996,387,2540,105
1996,389,5940,296
1996,404,4020,1
1996,405,4230,2
1996,406,4600,35
1996,407,4230,73
1996,413,3720,16
1996,414,3850,47
1996,415,3730,20
1996,416,3750,4
1996,417,3740,94
1996,418,3850,197
1996,423,3800,55
1996,424,3800,115
1996,426,3930,195
1996,427,3955,3
1996,433,4010,64
1996,434,4040,70
1996,435,4110,166
1996,436,4020,389
1996,438,4060,17
1996,439,4030,34
1996,443,4130,59
1996,444,4140,76
1996,445,3640,59
1996,446,3645,85
1996,447,3600,482
1996,448,4200,68
1996,449,4230,216
1996,453,4220,593
1996,454,9750,6
1996,455,4240,11
1996,456,4320,19
1996,457,4500,6
1996,458,4510,83
1996,459,4430,40
1996,461,4540,4
1996,462,4420,1
1996,463,9050,15
1996,464,4530,9
1996,465,2016,20
1996,466,4600,2
1996,467,4600,71
1996,468,4600,20
1996,469,4650,28
1996,473,205,9
1996,475,205,36
1996,477,6005,19
1996,479,6050,194
1996,484,6050,3
1996,485,4210,28
1996,486,4250,145
1996,487,4350,14
1996,488,6050,10
1996,494,6005,3
1996,495,6120,5
1996,496,6130,12
1996,497,6100,1
1996,503,7000,111
1996,505,7200,250
1996,507,7210,123
1996,508,7140,64
1996,509,7240,17
1996,514,7150,54
1996,515,7140,4
1996,516,7220,68
1996,517,7220,14
1996,518,7330,222
1996,519,7350,1
1996,523,7020,53
1996,525,7010,64
1996,526,7320,9
1996,527,7420,10
1996,529,7020,70
1996,533,7040,19
1996,534,7315,79
1996,535,7430,6
1996,536,7540,7
1996,538,7010,23
1996,539,7300,5
1996,543,6700,7
1996,544,7360,25
1996,547,7630,152
1996,549,7340,92
1996,554,6200,7
1996,555,6200,6
1996,556,6200,1
1996,557,6200,9
1996,558,6200,157
1996,563,6220,27
1996,565,6240,6
1996,566,6240,19
1996,567,6230,235
1996,569,6230,2
1996,573,6330,42
1996,575,6355,229
1996,576,6355,6
1996,577,7410,50
1996,579,6420,68
1996,583,6420,3
1996,584,6460,6
1996,585,6440,154
1996,587,6440,1
1996,588,6250,10
1996,589,6360,10
1996,593,6400,18
1996,595,6515,31
1996,596,6520,9
1996,597,6530,10
1996,598,6820,4
1996,599,6730,63
1996,613,6200,30
1996,614,6800,7
1996,615,6830,2
1996,616,6840,25
1996,617,6940,10
1996,628,7700,488
1996,634,8130,48
1996,635,8130,1
1996,636,7730,9
1996,637,8030,150
1996,639,8030,1
1996,643,6210,7
1996,644,8220,4
1996,645,8100,3
1996,646,8220,1
1996,647,8750,11
1996,649,8910,7
1996,653,6520,46
1996,656,8550,1
1996,657,8500,20
1996,658,8510,8
1996,659,8550,1
1996,666,8350,15
1996,667,8350,16
1996,668,8450,12
1996,669,8330,2
1996,674,8460,1
1996,675,8920,6
1996,676,8100,2
1996,677,3520,19
1996,678,8760,9
1996,679,8256,14
1996,683,7720,83
1996,684,8220,4
1996,686,7810,86
1996,687,7800,42
1996,688,7840,13
1996,689,8740,41
1996,693,7750,7
1996,694,8620,22
1996,695,8600,10
1996,696,8610,56
1996,699,8630,12
1996,703,8220,6
1996,704,7950,14
1996,705,7950,5
1996,706,7950,34
1996,707,7940,1
1996,708,7950,8
1996,709,7950,39
1996,713,7930,7
1996,714,7900,5
1996,715,8220,6
1996,717,8220,15
1996,719,8100,35
1996,723,8220,7
1996,724,8220,3
1996,725,8650,4
1996,726,8540,2
1996,727,8530,29
1996,728,8540,2
1996,733,8550,10
1996,734,8255,122
1996,735,8250,7
1996,736,8250,7
1996,737,8255,6
1996,738,8420,14
1996,739,8410,16
1996,744,8320,210
1996,745,8330,7
1996,747,8310,31
1996,748,8300,51
1996,749,8460,25
1996,753,8850,8
1996,754,8800,115
1996,755,8720,13
1996,756,8650,35
1996,757,8640,19
1996,758,8720,5
1996,759,8810,64
1996,763,7830,3
1996,764,8965,3
1996,765,8930,8
1996,766,8730,30
1996,768,8650,15
1996,769,8710,50
1996,773,4410,1
1996,774,8830,21
1996,777,8965,439
1996,779,8950,130
1996,783,8140,177
1996,784,8140,9
1996,785,7750,427
1996,786,7810,3
1996,787,8920,13
1996,789,8810,3
1996,793,8910,4
1996,795,8965,13
1996,796,8740,173
1996,797,8740,29
1996,798,8740,4
1996,799,8740,42
1996,803,9000,33
1996,804,9130,885
1996,806,9130,43
1996,808,9120,96
1996,809,9140,37
1996,813,9350,5
1996,814,9150,2
1996,823,9240,21
1996,824,9200,23
1996,825,9260,11
1996,826,9260,2
1996,828,9310,13
1996,829,9300,6
1996,833,9300,1
1996,834,9420,1
1996,843,9000,3
1996,844,6320,78
1996,845,9510,1
1996,848,9560,6
1996,849,9510,26
1996,853,9520,27
1996,855,6300,26
1996,856,9600,160
1996,859,9750,20
1996,864,9000,4
1996,865,7610,4
1996,866,6600,15
1996,868,6940,2
1996,869,6260,167
1996,874,8950,8
1996,875,9720,20
1996,876,9620,1
1996,877,5620,134
1996,878,9630,12
1996,883,9620,162
1996,885,9360,38
1996,887,9610,40
1996,888,9640,70
1996,889,9620,390
1997,4,10,2
1997,5,430,280
1997,6,3710,23
1997,7,120,300
1997,8,136,44
1997,9,150,46
1997,13,50,260
1997,14,230,269
1997,15,350,268
1997,17,310,333
1997,18,410,131
1997,19,4465,9
1997,21,420,185
1997,22,430,2170
1997,23,800,521
1997,24,860,33
1997,25,910,271
1997,26,710,56
1997,27,630,150
1997,28,510,3
1997,29,520,62
1997,33,530,98
1997,34,500,9
1997,35,6660,23
1997,36,565,88
1997,37,740,204
1997,43,1300,48
1997,44,1320,30
1997,45,1450,9
1997,46,1520,4
1997,47,1520,11
1997,48,1350,36
1997,49,1530,3
1997,53,1360,93
1997,55,1410,260
1997,56,1430,93
1997,57,1460,138
1997,58,1440,5
1997,59,1530,85
1997,63,1310,4
1997,64,1006,424
1997,65,1220,69
1997,66,1200,5
1997,67,1240,12
1997,68,1240,2
1997,69,1700,8
1997,73,1720,51
1997,74,1710,3
1997,75,1740,23
1997,76,1740,18
1997,77,1600,10
1997,78,1610,47
1997,79,1640,16
1997,83,1650,14
1997,84,3060,171
1997,85,3010,12
1997,86,3250,8
1997,87,3040,5
1997,89,3000,1
1997,95,3255,578
1997,96,3050,56
1997,97,3030,41
1997,98,3220,31
1997,99,3150,8
1997,103,3160,36
1997,104,3230,24
1997,105,3245,42
1997,106,3400,21
1997,113,2200,1
1997,114,2200,5
1997,115,2200,6
1997,116,2200,6
1997,118,2200,4
1997,119,2200,5
1997,123,2200,4
1997,124,2200,4
1997,126,2200,4
1997,127,2200,7
1997,128,2200,11
1997,129,2200,5
1997,133,2200,7
1997,134,2200,10
1997,135,2200,13
1997,136,2200,2
1997,137,2200,4
1997,138,2200,3
1997,139,2200,7
1997,143,2200,14
1997,144,2200,2
1997,145,2200,6
1997,146,2200,1
1997,147,2200,4
1997,153,2200,6
1997,154,2200,79
1997,155,2300,108
1997,156,2310,517
1997,157,2320,341
1997,158,2330,115
1997,159,2340,159
1997,163,2000,86
1997,164,2430,59
1997,165,2400,7
1997,166,735,54
1997,167,1820,60
1997,169,1860,5
1997,173,1840,5
1997,174,2010,309
1997,175,4620,22
1997,176,2040,139
1997,177,2060,24
1997,178,2100,197
1997,183,2850,13
1997,184,2840,9
1997,185,2630,160
1997,186,2750,7
1997,187,2710,28
1997,188,2600,31
1997,189,2910,26
1997,194,2860,23
1997,195,2830,92
1997,197,2825,38
1997,198,2800,22
1997,199,2720,17
1997,203,3300,137
1997,204,3310,17
1997,205,3510,14
1997,206,3320,43
1997,207,3500,197
1997,208,3400,200
1997,213,1550,139
1997,214,1550,2
1997,215,1550,7
1997,216,1550,88
1997,217,1540,63
1997,218,1560,17
1997,223,1900,27
1997,224,1920,29
1997,225,1550,18
1997,226,9030,39
1997,227,9040,19
1997,228,2900,6
1997,229,1010,217
1997,233,7900,2
1997,234,2145,105
1997,235,1965,33
1997,243,4700,1300
1997,253,4810,159
1997,254,4920,112
1997,255,4820,122
1997,256,4800,44
1997,257,4840,149
1997,258,4930,13
1997,259,4850,474
1997,263,4760,93
1997,264,4760,38
1997,265,4760,7
1997,266,4760,37
1997,267,4760,45
1997,268,4760,71
1997,269,4750,54
1997,274,4760,210
1997,275,4740,37
1997,276,4720,353
1997,277,4950,31
1997,278,4950,6
1997,283,4900,2
1997,285,4965,4
1997,303,5000,180
1997,304,5000,8
1997,305,5000,31
1997,306,5000,3
1997,307,5000,71
1997,308,5800,131
1997,313,5700,929
1997,314,2160,33
1997,315,5820,149
1997,316,5310,39
1997,317,5300,29
1997,318,5410,73
1997,319,5400,218
1997,323,5400,76
1997,325,5350,1
1997,326,5350,6
1997,327,5350,70
1997,328,5360,22
1997,329,5320,24
1997,335,5260,56
1997,336,5260,53
1997,337,5120,444
1997,338,5140,54
1997,339,5110,43
1997,343,5110,14
1997,344,5110,22
1997,345,5900,11
1997,346,5850,3
1997,347,5900,12
1997,348,5020,38
1997,353,5010,2
1997,354,5540,125
1997,355,5550,130
1997,356,5850,47
1997,357,5510,29
1997,359,5520,100
1997,363,5600,102
1997,364,5610,172
1997,365,5620,152
1997,366,5530,18
1997,368,5630,23
1997,373,5240,41
1997,374,5620,3
1997,375,540,178
1997,376,5240,305
1997,377,5250,39
1997,378,5100,41
1997,379,5860,203
1997,383,5160,88
1997,384,5910,4
1997,385,5810,175
1997,386,3510,31
1997,387,2540,89
1997,389,5940,311
1997,404,4020,1
1997,405,4230,5
1997,406,4600,28
1997,407,4230,91
1997,413,3720,16
1997,414,3850,55
1997,415,3730,4
1997,416,3750,6
1997,417,3740,88
1997,418,3850,228
1997,423,3800,57
1997,424,3800,111
1997,425,3940,2
1997,426,3930,192
1997,427,3955,4
1997,433,4010,64
1997,434,4040,68
1997,435,4110,164
1997,436,4020,435
1997,438,4060,14
1997,439,4030,37
1997,443,4130,61
1997,444,4140,97
1997,445,3640,56
1997,446,3645,78
1997,447,3600,472
1997,448,4200,78
1997,449,4230,186
1997,453,4220,612
1997,454,9750,2
1997,455,4240,20
1997,456,4320,19
1997,457,4500,3
1997,458,4510,108
1997,459,4430,32
1997,461,4540,4
1997,463,9050,23
1997,464,4530,11
1997,465,2016,21
1997,466,4600,7
1997,467,4600,63
1997,468,4600,16
1997,469,4650,27
1997,473,205,3
1997,475,205,36
1997,477,6005,16
1997,479,6050,156
1997,483,6050,1
1997,484,6050,5
1997,485,4210,26
1997,486,4250,123
1997,487,4350,11
1997,488,6050,11
1997,494,6005,2
1997,495,6120,5
1997,496,6130,17
1997,497,6100,2
1997,498,6100,2
1997,503,7000,90
1997,505,7200,261
1997,506,7200,1
1997,507,7210,134
1997,508,7140,65
1997,509,7240,12
1997,514,7150,47
1997,515,7140,9
1997,516,7220,83
1997,517,7220,11
1997,518,7330,193
1997,519,7350,4
1997,523,7020,71
1997,525,7010,63
1997,526,7320,10
1997,527,7420,17
1997,529,7020,64
1997,533,7040,30
1997,534,7315,91
1997,535,7430,7
1997,536,7540,7
1997,538,7010,20
1997,539,7300,6
1997,543,6700,5
1997,544,7360,30
1997,547,7630,147
1997,549,7340,104
1997,553,6200,2
1997,554,6200,15
1997,555,6200,12
1997,556,6200,2
1997,557,6200,5
1997,558,6200,152
1997,563,6220,31
1997,564,6220,1
1997,565,6240,13
1997,566,6240,18
1997,567,6230,240
1997,569,6230,2
1997,573,6330,30
1997,575,6355,248
1997,576,6355,4
1997,577,7410,45
1997,579,6420,84
1997,583,6420,3
1997,584,6460,5
1997,585,6440,173
1997,587,6440,2
1997,588,6250,23
1997,589,6360,11
1997,593,6400,20
1997,594,6300,3
1997,595,6515,33
1997,596,6520,12
1997,597,6530,21
1997,598,6820,5
1997,599,6730,63
1997,613,6200,16
1997,614,6800,9
1997,616,6840,23
1997,617,6940,17
1997,628,7700,495
1997,634,8130,44
1997,635,8130,1
1997,636,7730,9
1997,637,8030,216
1997,639,8030,1
1997,643,6210,19
1997,644,8220,4
1997,645,8100,5
1997,646,8220,5
1997,647,8750,17
1997,653,6520,33
1997,654,6520,1
1997,657,8500,14
1997,658,8510,7
1997,666,8350,8
1997,667,8350,17
1997,668,8450,13
1997,669,8330,1
1997,674,8460,1
1997,675,8920,2
1997,676,8100,6
1997,677,3520,19
1997,678,8760,15
1997,679,8256,9
1997,683,7720,85
1997,684,8220,3
1997,686,7810,96
1997,687,7800,37
1997,688,7840,10
1997,689,8740,50
1997,693,7750,9
1997,694,8620,30
1997,695,8600,18
1997,696,8610,46
1997,699,8630,25
1997,703,8220,12
1997,704,7950,12
1997,705,7950,2
1997,706,7950,28
1997,707,7940,5
1997,708,7950,5
1997,709,7950,40
1997,713,7930,1
1997,714,7900,6
1997,715,8220,9
1997,717,8220,10
1997,719,8100,42
1997,723,8220,6
1997,724,8220,4
1997,725,8650,7
1997,726,8540,5
1997,727,8530,25
1997,728,8540,1
1997,729,8540,1
1997,733,8550,7
1997,734,8255,107
1997,735,8250,7
1997,736,8250,4
1997,737,8255,7
1997,738,8420,13
1997,739,8410,13
1997,743,8400,4
1997,744,8320,200
1997,745,8330,8
1997,747,8310,24
1997,748,8300,46
1997,749,8460,16
1997,753,8850,8
1997,754,8800,129
1997,755,8720,9
1997,756,8650,40
1997,757,8640,23
1997,758,8720,5
1997,759,8810,71
1997,763,7830,3
1997,764,8965,6
1997,765,8930,5
1997,766,8730,35
1997,768,8650,19
1997,769,8710,52
1997,774,8830,21
1997,777,8965,420
1997,779,8950,118
1997,783,8140,222
1997,784,8140,5
1997,785,7750,407
1997,786,7810,2
1997,787,8920,7
1997,789,8810,8
1997,793,8910,7
1997,795,8965,8
1997,796,8740,196
1997,797,8740,23
1997,798,8740,4
1997,799,8740,38
1997,803,9000,34
1997,804,9130,912
1997,806,9130,52
1997,808,9120,101
1997,809,9140,40
1997,813,9350,11
1997,823,9240,21
1997,824,9200,28
1997,825,9260,8
1997,826,9260,1
1997,828,9310,5
1997,829,9300,4
1997,833,9300,1
1997,834,9420,2
1997,843,9000,2
1997,844,6320,75
1997,845,9510,1
1997,848,9560,8
1997,849,9510,34
1997,853,9520,33
1997,855,6300,22
1997,856,9600,181
1997,859,9750,27
1997,864,9000,8
1997,865,7610,4
1997,866,6600,16
1997,867,1560,2
1997,869,6260,143
1997,874,8950,9
1997,875,9720,12
1997,876,9620,7
1997,877,5620,137
1997,878,9630,15
1997,883,9620,153
1997,885,9360,34
1997,887,9610,50
1997,888,9640,64
1997,889,9620,346
1998,4,10,4
1998,5,430,274
1998,6,3710,29
1998,7,120,302
1998,8,136,83
1998,9,150,64
1998,13,50,290
1998,14,230,282
1998,15,350,276
1998,17,310,361
1998,18,410,123
1998,19,4465,11
1998,21,420,200
1998,22,430,2098
1998,23,800,517
1998,24,860,40
1998,25,910,256
1998,26,710,75
1998,27,630,149
1998,28,510,1
1998,29,520,57
1998,33,530,110
1998,34,500,6
1998,35,6660,25
1998,36,565,104
1998,37,740,180
1998,43,1300,42
1998,44,1320,22
1998,45,1450,12
1998,46,1520,3
1998,47,1520,13
1998,48,1350,28
1998,49,1530,3
1998,53,1360,99
1998,54,1340,1
1998,55,1410,243
1998,56,1430,91
1998,57,1460,131
1998,58,1440,4
1998,59,1530,105
1998,63,1310,10
1998,64,1006,477
1998,65,1220,75
1998,66,1200,9
1998,67,1240,13
1998,68,1240,3
1998,69,1700,12
1998,73,1720,54
1998,74,1710,6
1998,75,1740,26
1998,76,1740,17
1998,77,1600,14
1998,78,1610,35
1998,79,1640,15
1998,83,1650,8
1998,84,3060,181
1998,85,3010,7
1998,86,3250,7
1998,87,3040,4
1998,88,3120,2
1998,89,3000,1
1998,95,3255,572
1998,96,3050,57
1998,97,3030,36
1998,98,3220,42
1998,99,3150,19
1998,103,3160,52
1998,104,3230,28
1998,105,3245,25
1998,106,3400,18
1998,114,2200,16
1998,115,2200,3
1998,116,2200,2
1998,117,2200,1
1998,118,2200,4
1998,119,2200,12
1998,123,2200,6
1998,124,2200,7
1998,126,2200,3
1998,127,2200,11
1998,128,2200,13
1998,129,2200,6
1998,133,2200,4
1998,134,2200,8
1998,135,2200,6
1998,136,2200,3
1998,137,2200,11
1998,138,2200,3
1998,139,2200,3
1998,143,2200,14
1998,144,2200,4
1998,145,2200,4
1998,146,2200,2
1998,147,2200,2
1998,148,2200,2
1998,149,2200,1
1998,154,2200,72
1998,155,2300,118
1998,156,2310,565
1998,157,2320,416
1998,158,2330,135
1998,159,2340,165
1998,163,2000,64
1998,164,2430,62
1998,165,2400,5
1998,166,735,55
1998,167,1820,63
1998,169,1860,7
1998,173,1840,10
1998,174,2010,311
1998,175,4620,30
1998,176,2040,132
1998,177,2060,28
1998,178,2100,222
1998,183,2850,16
1998,184,2840,29
1998,185,2630,149
1998,186,2750,22
1998,187,2710,30
1998,188,2600,38
1998,189,2910,23
1998,193,2740,2
1998,194,2860,19
1998,195,2830,93
1998,197,2825,55
1998,198,2800,14
1998,199,2720,19
1998,203,3300,119
1998,204,3310,12
1998,205,3510,5
1998,206,3320,57
1998,207,3500,195
1998,208,3400,193
1998,213,1550,157
1998,214,1550,1
1998,215,1550,6
1998,216,1550,67
1998,217,1540,71
1998,218,1560,22
1998,223,1900,22
1998,224,1920,31
1998,225,1550,37
1998,226,9030,31
1998,227,9040,13
1998,228,2900,11
1998,229,1010,175
1998,233,7900,2
1998,234,2145,115
1998,235,1965,26
1998,243,4700,1326
1998,253,4810,159
1998,254,4920,108
1998,255,4820,123
1998,256,4800,50
1998,257,4840,174
1998,258,4930,15
1998,259,4850,525
1998,263,4760,95
1998,264,4760,41
1998,265,4760,11
1998,266,4760,44
1998,267,4760,59
1998,268,4760,64
1998,269,4750,57
1998,274,4760,189
1998,275,4740,29
1998,276,4720,356
1998,277,4950,25
1998,278,4950,6
1998,283,4900,8
1998,303,5000,162
1998,304,5000,4
1998,305,5000,35
1998,306,5000,1
1998,307,5000,57
1998,308,5800,126
1998,313,5700,908
1998,314,2160,20
1998,315,5820,165
1998,316,5310,37
1998,317,5300,16
1998,318,5410,72
1998,319,5400,197
1998,323,5400,93
1998,325,5350,1
1998,326,5350,5
1998,327,5350,77
1998,328,5360,28
1998,329,5320,23
1998,335,5260,52
1998,336,5260,62
1998,337,5120,463
1998,338,5140,69
1998,339,5110,72
1998,343,5110,7
1998,344,5110,29
1998,345,5900,12
1998,346,5850,4
1998,347,5900,8
1998,348,5020,40
1998,353,5010,8
1998,354,5540,129
1998,355,5550,130
1998,356,5850,46
1998,357,5510,33
1998,359,5520,80
1998,363,5600,88
1998,364,5610,190
1998,365,5620,141
1998,366,5530,14
1998,368,5630,15
1998,373,5240,68
1998,374,5620,3
1998,375,540,171
1998,376,5240,357
1998,377,5250,33
1998,378,5100,52
1998,379,5860,197
1998,383,5160,109
1998,384,5910,5
1998,385,5810,218
1998,386,3510,35
1998,387,2540,95
1998,389,5940,297
1998,405,4230,2
1998,406,4600,21
1998,407,4230,72
1998,413,3720,24
1998,414,3850,56
1998,415,3730,22
1998,416,3750,6
1998,417,3740,93
1998,418,3850,237
1998,423,3800,64
1998,424,3800,88
1998,426,3930,202
1998,427,3955,2
1998,433,4010,70
1998,434,4040,90
1998,435,4110,171
1998,436,4020,427
1998,438,4060,15
1998,439,4030,29
1998,443,4130,64
1998,444,4140,127
1998,445,3640,39
1998,446,3645,87
1998,447,3600,489
1998,448,4200,79
1998,449,4230,173
1998,453,4220,622
1998,455,4240,10
1998,456,4320,35
1998,457,4500,3
1998,458,4510,106
1998,459,4430,34
1998,461,4540,7
1998,463,9050,25
1998,464,4530,7
1998,465,2016,21
1998,466,4600,4
1998,467,4600,60
1998,468,4600,24
1998,469,4650,33
1998,473,205,6
1998,475,205,29
1998,476,205,2
1998,477,6005,20
1998,479,6050,180
1998,483,6050,1
1998,484,6050,10
1998,485,4210,24
1998,486,4250,150
1998,487,4350,16
1998,488,6050,11
1998,489,6010,1
1998,494,6005,4
1998,495,6120,2
1998,496,6130,7
1998,497,6100,1
1998,498,6100,3
1998,503,7000,101
1998,505,7200,228
1998,507,7210,111
1998,508,7140,62
1998,509,7240,15
1998,514,7150,59
1998,515,7140,8
1998,516,7220,86
1998,517,7220,15
1998,518,7330,220
1998,519,7350,2
1998,523,7020,47
1998,525,7010,94
1998,526,7320,15
1998,527,7420,17
1998,529,7020,96
1998,533,7040,29
1998,534,7315,100
1998,535,7430,6
1998,536,7540,5
1998,538,7010,24
1998,539,7300,7
1998,543,6700,8
1998,544,7360,25
1998,547,7630,151
1998,549,7340,84
1998,553,6200,1
1998,554,6200,9
1998,555,6200,13
1998,556,6200,3
1998,557,6200,5
1998,558,6200,183
1998,563,6220,37
1998,565,6240,8
1998,566,6240,26
1998,567,6230,231
1998,573,6330,32
1998,575,6355,256
1998,576,6355,6
1998,577,7410,66
1998,579,6420,114
1998,583,6420,6
1998,584,6460,7
1998,585,6440,154
1998,587,6440,5
1998,588,6250,22
1998,589,6360,11
1998,593,6400,17
1998,594,6300,6
1998,595,6515,38
1998,596,6520,15
1998,597,6530,19
1998,598,6820,8
1998,599,6730,45
1998,613,6200,24
1998,614,6800,11
1998,615,6830,1
1998,616,6840,24
1998,617,6940,19
1998,628,7700,466
1998,634,8130,48
1998,636,7730,7
1998,637,8030,213
1998,639,8030,1
1998,643,6210,10
1998,644,8220,4
1998,645,8100,4
1998,646,8220,8
1998,647,8750,23
1998,649,8910,3
1998,653,6520,43
1998,654,6520,2
1998,656,8550,1
1998,657,8500,14
1998,658,8510,11
1998,659,8550,1
1998,666,8350,16
1998,667,8350,16
1998,668,8450,12
1998,669,8330,4
1998,674,8460,3
1998,675,8920,4
1998,676,8100,5
1998,677,3520,24
1998,678,8760,17
1998,679,8256,8
1998,683,7720,92
1998,684,8220,10
1998,686,7810,100
1998,687,7800,49
1998,688,7840,13
1998,689,8740,52
1998,693,7750,6
1998,694,8620,18
1998,695,8600,15
1998,696,8610,60
1998,699,8630,25
1998,703,8220,4
1998,704,7950,17
1998,705,7950,2
1998,706,7950,38
1998,707,7940,7
1998,708,7950,5
1998,709,7950,47
1998,713,7930,9
1998,714,7900,9
1998,715,8220,9
1998,717,8220,6
1998,719,8100,36
1998,723,8220,8
1998,724,8220,5
1998,725,8650,5
1998,726,8540,3
1998,727,8530,27
1998,733,8550,11
1998,734,8255,95
1998,735,8250,11
1998,736,8250,11
1998,737,8255,13
1998,738,8420,16
1998,739,8410,8
1998,743,8400,1
1998,744,8320,164
1998,745,8330,10
1998,747,8310,21
1998,748,8300,42
1998,749,8460,8
1998,753,8850,8
1998,754,8800,123
1998,755,8720,18
1998,756,8650,46
1998,757,8640,17
1998,758,8720,9
1998,759,8810,63
1998,763,7830,7
1998,765,8930,7
1998,766,8730,31
1998,768,8650,12
1998,769,8710,66
1998,774,8830,24
1998,777,8965,422
1998,779,8950,120
1998,783,8140,218
1998,784,8140,5
1998,785,7750,384
1998,786,7810,1
1998,787,8920,6
1998,789,8810,6
1998,793,8910,3
1998,795,8965,9
1998,796,8740,213
1998,797,8740,16
1998,798,8740,3
1998,799,8740,54
1998,803,9000,38
1998,804,9130,859
1998,806,9130,55
1998,808,9120,117
1998,809,9140,65
1998,813,9350,7
1998,823,9240,19
1998,824,9200,17
1998,825,9260,3
1998,826,9260,3
1998,828,9310,4
1998,829,9300,6
1998,833,9300,3
1998,834,9420,3
1998,843,9000,3
1998,844,6320,77
1998,848,9560,5
1998,849,9510,28
1998,853,9520,47
1998,855,6300,20
1998,856,9600,167
1998,859,9750,25
1998,864,9000,3
1998,865,7610,12
1998,866,6600,15
1998,867,1560,1
1998,869,6260,166
1998,874,8950,10
1998,875,9720,13
1998,876,9620,9
1998,877,5620,148
1998,878,9630,29
1998,883,9620,147
1998,885,9360,27
1998,887,9610,51
1998,888,9640,59
1998,889,9620,332
1999,4,10,7
1999,5,430,321
1999,6,3710,26
1999,7,120,308
1999,8,136,80
1999,9,150,51
1999,13,50,278
1999,14,230,277
1999,15,350,307
1999,17,310,369
1999,18,410,141
1999,19,4465,11
1999,21,420,225
1999,22,430,2257
1999,23,800,545
1999,24,860,48
1999,25,910,269
1999,26,710,94
1999,27,630,157
1999,28,510,5
1999,29,520,59
1999,33,530,114
1999,34,500,4
1999,35,6660,30
1999,36,565,128
1999,37,740,200
1999,43,1300,51
1999,44,1320,26
1999,45,1450,10
1999,46,1520,3
1999,47,1520,9
1999,48,1350,25
1999,49,1530,5
1999,53,1360,100
1999,54,1340,2
1999,55,1410,269
1999,56,1430,113
1999,57,1460,116
1999,58,1440,3
1999,59,1530,115
1999,63,1310,5
1999,64,1006,537
1999,65,1220,89
1999,66,1200,8
1999,67,1240,11
1999,68,1240,2
1999,69,1700,13
1999,73,1720,60
1999,74,1710,4
1999,75,1740,21
1999,76,1740,20
1999,77,1600,20
1999,78,1610,28
1999,79,1640,17
1999,83,1650,18
1999,84,3060,173
1999,85,3010,17
1999,86,3250,7
1999,87,3040,5
1999,88,3120,1
1999,95,3255,589
1999,96,3050,73
1999,97,3030,31
1999,98,3220,37
1999,99,3150,13
1999,103,3160,40
1999,104,3230,31
1999,105,3245,40
1999,106,3400,18
1999,113,2200,1
1999,114,2200,16
1999,115,2200,5
1999,116,2200,4
1999,117,2200,1
1999,118,2200,8
1999,119,2200,5
1999,123,2200,7
1999,124,2200,4
1999,125,2200,6
1999,126,2200,5
1999,127,2200,16
1999,128,2200,10
1999,129,2200,6
1999,133,2200,4
1999,134,2200,13
1999,135,2200,7
1999,136,2200,1
1999,137,2200,15
1999,138,2200,1
1999,139,2200,4
1999,143,2200,13
1999,144,2200,10
1999,145,2200,4
1999,146,2200,1
1999,147,2200,8
1999,148,2200,1
1999,149,2200,1
1999,154,2200,102
1999,155,2300,118
1999,156,2310,580
1999,157,2320,463
1999,158,2330,107
1999,159,2340,195
1999,163,2000,72
1999,164,2430,69
1999,165,2400,11
1999,166,735,49
1999,167,1820,53
1999,169,1860,13
1999,173,1840,6
1999,174,2010,288
1999,175,4620,18
1999,176,2040,111
1999,177,2060,47
1999,178,2100,219
1999,183,2850,20
1999,184,2840,24
1999,185,2630,166
1999,186,2750,14
1999,187,2710,27
1999,188,2600,32
1999,189,2910,26
1999,193,2740,6
1999,194,2860,19
1999,195,2830,92
1999,197,2825,50
1999,198,2800,14
1999,199,2720,23
1999,203,3300,112
1999,204,3310,16
1999,205,3510,5
1999,206,3320,46
1999,207,3500,183
1999,208,3400,192
1999,213,1550,169
1999,215,1550,10
1999,216,1550,68
1999,217,1540,72
1999,218,1560,21
1999,223,1900,29
1999,224,1920,27
1999,225,1550,31
1999,226,9030,35
1999,227,9040,9
1999,228,2900,19
1999,229,1010,226
1999,233,7900,2
1999,234,2145,117
1999,235,1965,25
1999,243,4700,1388
1999,253,4810,141
1999,254,4920,124
1999,255,4820,148
1999,256,4800,63
1999,257,4840,192
1999,258,4930,9
1999,259,4850,513
1999,263,4760,91
1999,264,4760,35
1999,265,4760,13
1999,266,4760,44
1999,267,4760,59
1999,268,4760,65
1999,269,4750,57
1999,274,4760,229
1999,275,4740,31
1999,276,4720,350
1999,277,4950,27
1999,278,4950,5
1999,283,4900,10
1999,284,4965,1
1999,285,4965,2
1999,303,5000,158
1999,304,5000,8
1999,305,5000,36
1999,306,5000,2
1999,307,5000,81
1999,308,5800,122
1999,309,5800,4
1999,313,5700,890
1999,314,2160,24
1999,315,5820,163
1999,316,5310,41
1999,317,5300,17
1999,318,5410,96
1999,319,5400,232
1999,323,5400,95
1999,327,5350,77
1999,328,5360,18
1999,329,5320,20
1999,335,5260,49
1999,336,5260,72
1999,337,5120,464
1999,338,5140,57
1999,339,5110,42
1999,343,5110,22
1999,344,5110,27
1999,345,5900,5
1999,346,5850,1
1999,347,5900,11
1999,348,5020,36
1999,353,5010,5
1999,354,5540,126
1999,355,5550,121
1999,356,5850,43
1999,357,5510,40
1999,359,5520,94
1999,363,5600,91
1999,364,5610,212
1999,365,5620,148
1999,366,5530,18
1999,368,5630,13
1999,373,5240,80
1999,374,5620,6
1999,375,540,160
1999,376,5240,315
1999,377,5250,49
1999,378,5100,54
1999,379,5860,148
1999,383,5160,88
1999,384,5910,5
1999,385,5810,220
1999,386,3510,34
1999,387,2540,91
1999,389,5940,300
1999,404,4020,1
1999,405,4230,6
1999,406,4600,27
1999,407,4230,86
1999,413,3720,18
1999,414,3850,37
1999,415,3730,20
1999,416,3750,13
1999,417,3740,98
1999,418,3850,256
1999,423,3800,65
1999,424,3800,106
1999,425,3940,1
1999,426,3930,219
1999,427,3955,6
1999,433,4010,78
1999,434,4040,70
1999,435,4110,185
1999,436,4020,508
1999,438,4060,22
1999,439,4030,33
1999,443,4130,66
1999,444,4140,111
1999,445,3640,40
1999,446,3645,79
1999,447,3600,529
1999,448,4200,69
1999,449,4230,185
1999,453,4220,600
1999,454,9750,3
1999,455,4240,20
1999,456,4320,26
1999,457,4500,4
1999,458,4510,115
1999,459,4430,44
1999,461,4540,4
1999,463,9050,25
1999,464,4530,10
1999,465,2016,24
1999,466,4600,4
1999,467,4600,87
1999,468,4600,30
1999,469,4650,26
1999,473,205,5
1999,475,205,37
1999,476,205,3
1999,477,6005,13
1999,479,6050,186
1999,483,6050,1
1999,484,6050,2
1999,485,4210,37
1999,486,4250,169
1999,487,4350,13
1999,488,6050,13
1999,489,6010,1
1999,494,6005,5
1999,495,6120,8
1999,496,6130,9
1999,498,6100,2
1999,499,6100,1
1999,503,7000,122
1999,505,7200,235
1999,507,7210,131
1999,508,7140,55
1999,509,7240,20
1999,514,7150,53
1999,515,7140,7
1999,516,7220,92
1999,517,7220,10
1999,518,7330,244
1999,519,7350,7
1999,523,7020,63
1999,525,7010,96
1999,526,7320,16
1999,527,7420,18
1999,529,7020,107
1999,533,7040,40
1999,534,7315,114
1999,535,7430,4
1999,536,7540,12
1999,538,7010,25
1999,539,7300,6
1999,543,6700,4
1999,544,7360,21
1999,547,7630,130
1999,549,7340,101
1999,554,6200,17
1999,555,6200,12
1999,556,6200,2
1999,557,6200,10
1999,558,6200,164
1999,563,6220,48
1999,565,6240,18
1999,566,6240,33
1999,567,6230,305
1999,569,6230,1
1999,573,6330,43
1999,575,6355,270
1999,576,6355,11
1999,577,7410,61
1999,579,6420,113
1999,583,6420,2
1999,584,6460,6
1999,585,6440,160
1999,587,6440,4
1999,588,6250,19
1999,589,6360,14
1999,593,6400,19
1999,594,6300,2
1999,595,6515,40
1999,596,6520,11
1999,597,6530,18
1999,598,6820,6
1999,599,6730,56
1999,613,6200,22
1999,614,6800,11
1999,615,6830,5
1999,616,6840,26
1999,617,6940,14
1999,628,7700,473
1999,634,8130,48
1999,635,8130,2
1999,636,7730,15
1999,637,8030,194
1999,643,6210,16
1999,644,8220,4
1999,645,8100,4
1999,646,8220,2
1999,647,8750,14
1999,649,8910,2
1999,653,6520,40
1999,656,8550,1
1999,657,8500,14
1999,658,8510,2
1999,659,8550,1
1999,666,8350,9
1999,667,8350,11
1999,668,8450,14
1999,669,8330,6
1999,674,8460,4
1999,675,8920,4
1999,676,8100,7
1999,677,3520,22
1999,678,8760,16
1999,679,8256,8
1999,683,7720,124
1999,684,8220,9
1999,686,7810,85
1999,687,7800,34
1999,688,7840,9
1999,689,8740,46
1999,693,7750,2
1999,694,8620,22
1999,695,8600,19
1999,696,8610,40
1999,699,8630,22
1999,703,8220,9
1999,704,7950,15
1999,705,7950,1
1999,706,7950,35
1999,707,7940,5
1999,708,7950,6
1999,709,7950,35
1999,713,7930,5
1999,714,7900,7
1999,715,8220,11
1999,717,8220,5
1999,719,8100,28
1999,723,8220,16
1999,724,8220,4
1999,725,8650,3
1999,726,8540,2
1999,727,8530,20
1999,728,8540,3
1999,729,8540,2
1999,733,8550,14
1999,734,8255,105
1999,735,8250,8
1999,736,8250,9
1999,737,8255,5
1999,738,8420,11
1999,739,8410,11
1999,744,8320,157
1999,745,8330,4
1999,747,8310,25
1999,748,8300,47
1999,749,8460,15
1999,753,8850,11
1999,754,8800,115
1999,755,8720,11
1999,756,8650,61
1999,757,8640,16
1999,758,8720,5
1999,759,8810,81
1999,763,7830,4
1999,764,8965,3
1999,765,8930,5
1999,766,8730,33
1999,768,8650,10
1999,769,8710,67
1999,774,8830,20
1999,777,8965,413
1999,779,8950,131
1999,783,8140,191
1999,784,8140,11
1999,785,7750,357
1999,786,7810,6
1999,787,8920,6
1999,789,8810,10
1999,793,8910,2
1999,795,8965,5
1999,796,8740,194
1999,797,8740,22
1999,798,8740,2
1999,799,8740,47
1999,803,9000,36
1999,804,9130,915
1999,806,9130,49
1999,808,9120,94
1999,809,9140,49
1999,813,9350,11
1999,814,9150,3
1999,823,9240,16
1999,824,9200,14
1999,825,9260,3
1999,826,9260,2
1999,828,9310,8
1999,829,9300,4
1999,833,9300,2
1999,834,9420,4
1999,843,9000,1
1999,844,6320,70
1999,845,9510,1
1999,848,9560,6
1999,849,9510,31
1999,853,9520,29
1999,855,6300,24
1999,856,9600,183
1999,859,9750,26
1999,864,9000,3
1999,865,7610,10
1999,866,6600,15
1999,869,6260,223
1999,874,8950,15
1999,875,9720,26
1999,876,9620,6
1999,877,5620,160
1999,878,9630,18
1999,883,9620,188
1999,885,9360,27
1999,887,9610,67
1999,888,9640,96
1999,889,9620,367
2000,4,10,6
2000,5,430,299
2000,6,3710,27
2000,7,120,305
2000,8,136,111
2000,9,150,48
2000,13,50,284
2000,14,230,314
2000,15,350,299
2000,17,310,352
2000,18,410,128
2000,19,4465,6
2000,21,420,259
2000,22,430,2360
2000,23,800,537
2000,24,860,33
2000,25,910,288
2000,26,710,83
2000,27,630,201
2000,28,510,6
2000,29,520,71
2000,33,530,110
2000,34,500,8
2000,35,6660,32
2000,36,565,124
2000,37,740,200
2000,43,1300,64
2000,44,1320,28
2000,45,1450,17
2000,46,1520,2
2000,47,1520,8
2000,48,1350,31
2000,49,1530,5
2000,53,1360,116
2000,54,1340,1
2000,55,1410,273
2000,56,1430,94
2000,57,1460,137
2000,58,1440,4
2000,59,1530,93
2000,63,1310,6
2000,64,1006,568
2000,65,1220,81
2000,66,1200,5
2000,67,1240,8
2000,68,1240,2
2000,69,1700,7
2000,73,1720,49
2000,74,1710,6
2000,75,1740,17
2000,76,1740,20
2000,77,1600,23
2000,78,1610,42
2000,79,1640,14
2000,83,1650,6
2000,84,3060,174
2000,85,3010,9
2000,86,3250,7
2000,87,3040,6
2000,88,3120,2
2000,95,3255,579
2000,96,3050,78
2000,97,3030,28
2000,98,3220,27
2000,99,3150,7
2000,103,3160,38
2000,104,3230,16
2000,105,3245,22
2000,106,3400,19
2000,113,2200,4
2000,114,2200,10
2000,115,2200,6
2000,116,2200,4
2000,117,2200,2
2000,118,2200,9
2000,119,2200,5
2000,123,2200,4
2000,124,2200,6
2000,125,2200,4
2000,127,2200,10
2000,128,2200,9
2000,129,2200,4
2000,133,2200,5
2000,134,2200,18
2000,135,2200,6
2000,136,2200,3
2000,137,2200,7
2000,138,2200,2
2000,139,2200,2
2000,143,2200,12
2000,144,2200,3
2000,145,2200,6
2000,146,2200,1
2000,147,2200,3
2000,148,2200,1
2000,153,2200,3
2000,154,2200,126
2000,155,2300,128
2000,156,2310,605
2000,157,2320,412
2000,158,2330,109
2000,159,2340,161
2000,163,2000,88
2000,164,2430,77
2000,165,2400,25
2000,166,735,44
2000,167,1820,57
2000,169,1860,8
2000,173,1840,12
2000,174,2010,313
2000,175,4620,25
2000,176,2040,139
2000,177,2060,31
2000,178,2100,235
2000,183,2850,21
2000,184,2840,20
2000,185,2630,155
2000,186,2750,10
2000,187,2710,16
2000,188,2600,41
2000,189,2910,27
2000,193,2740,2
2000,194,2860,10
2000,195,2830,101
2000,197,2825,57
2000,198,2800,16
2000,199,2720,15
2000,203,3300,96
2000,204,3310,16
2000,205,3510,8
2000,206,3320,52
2000,207,3500,171
2000,208,3400,228
2000,213,1550,182
2000,214,1550,3
2000,215,1550,7
2000,216,1550,79
2000,217,1540,67
2000,218,1560,25
2000,223,1900,43
2000,224,1920,26
2000,225,1550,25
2000,226,9030,36
2000,227,9040,16
2000,228,2900,13
2000,229,1010,226
2000,233,7900,5
2000,234,2145,128
2000,235,1965,29
2000,243,4700,1465
2000,253,4810,138
2000,254,4920,141
2000,255,4820,161
2000,256,4800,50
2000,257,4840,189
2000,258,4930,9
2000,259,4850,526
2000,263,4760,103
2000,264,4760,49
2000,265,4760,4
2000,266,4760,42
2000,267,4760,55
2000,268,4760,66
2000,269,4750,61
2000,274,4760,208
2000,275,4740,44
2000,276,4720,362
2000,277,4950,36
2000,278,4950,4
2000,283,4900,5
2000,285,4965,4
2000,303,5000,152
2000,304,5000,8
2000,305,5000,26
2000,307,5000,90
2000,308,5800,100
2000,309,5800,1
2000,313,5700,917
2000,314,2160,35
2000,315,5820,140
2000,316,5310,44
2000,317,5300,26
2000,318,5410,73
2000,319,5400,212
2000,323,5400,89
2000,325,5350,3
2000,326,5350,6
2000,327,5350,94
2000,328,5360,39
2000,329,5320,20
2000,335,5260,51
2000,336,5260,63
2000,337,5120,460
2000,338,5140,50
2000,339,5110,52
2000,343,5110,12
2000,344,5110,30
2000,345,5900,11
2000,346,5850,6
2000,347,5900,7
2000,348,5020,45
2000,353,5010,3
2000,354,5540,136
2000,355,5550,144
2000,356,5850,48
2000,357,5510,32
2000,359,5520,101
2000,363,5600,75
2000,364,5610,227
2000,365,5620,165
2000,366,5530,12
2000,368,5630,21
2000,373,5240,75
2000,374,5620,11
2000,375,540,173
2000,376,5240,310
2000,377,5250,39
2000,378,5100,44
2000,379,5860,187
2000,383,5160,75
2000,384,5910,4
2000,385,5810,201
2000,386,3510,28
2000,387,2540,129
2000,389,5940,323
2000,404,4020,1
2000,405,4230,3
2000,406,4600,45
2000,407,4230,108
2000,413,3720,15
2000,414,3850,52
2000,415,3730,24
2000,416,3750,7
2000,417,3740,104
2000,418,3850,257
2000,423,3800,55
2000,424,3800,124
2000,426,3930,210
2000,427,3955,6
2000,433,4010,73
2000,434,4040,82
2000,435,4110,177
2000,436,4020,523
2000,438,4060,14
2000,439,4030,48
2000,443,4130,67
2000,444,4140,103
2000,445,3640,52
2000,446,3645,110
2000,447,3600,553
2000,448,4200,77
2000,449,4230,208
2000,453,4220,656
2000,454,9750,2
2000,455,4240,20
2000,456,4320,24
2000,457,4500,8
2000,458,4510,102
2000,459,4430,61
2000,461,4540,12
2000,463,9050,34
2000,464,4530,11
2000,465,2016,28
2000,466,4600,3
2000,467,4600,76
2000,468,4600,36
2000,469,4650,34
2000,473,205,3
2000,475,205,22
2000,477,6005,16
2000,479,6050,203
2000,484,6050,7
2000,485,4210,37
2000,486,4250,172
2000,487,4350,10
2000,488,6050,14
2000,489,6010,4
2000,494,6005,4
2000,495,6120,9
2000,496,6130,10
2000,497,6100,1
2000,498,6100,3
2000,503,7000,94
2000,505,7200,280
2000,507,7210,132
2000,508,7140,44
2000,509,7240,7
2000,514,7150,57
2000,515,7140,3
2000,516,7220,56
2000,517,7220,4
2000,518,7330,215
2000,519,7350,1
2000,523,7020,59
2000,525,7010,111
2000,526,7320,9
2000,527,7420,31
2000,529,7020,110
2000,533,7040,26
2000,534,7315,108
2000,535,7430,5
2000,536,7540,15
2000,538,7010,31
2000,539,7300,8
2000,543,6700,15
2000,544,7360,36
2000,547,7630,121
2000,549,7340,91
2000,554,6200,13
2000,555,6200,15
2000,556,6200,6
2000,557,6200,6
2000,558,6200,190
2000,563,6220,51
2000,564,6220,2
2000,565,6240,13
2000,566,6240,20
2000,567,6230,337
2000,569,6230,1
2000,573,6330,38
2000,575,6355,282
2000,576,6355,9
2000,577,7410,46
2000,579,6420,120
2000,583,6420,2
2000,584,6460,12
2000,585,6440,161
2000,587,6440,2
2000,588,6250,31
2000,589,6360,8
2000,593,6400,21
2000,594,6300,1
2000,595,6515,40
2000,596,6520,8
2000,597,6530,19
2000,598,6820,8
2000,599,6730,65
2000,613,6200,27
2000,614,6800,11
2000,615,6830,3
2000,616,6840,20
2000,617,6940,15
2000,628,7700,463
2000,634,8130,44
2000,636,7730,13
2000,637,8030,196
2000,639,8030,1
2000,643,6210,11
2000,644,8220,6
2000,645,8100,2
2000,647,8750,7
2000,649,8910,2
2000,653,6520,40
2000,656,8550,2
2000,657,8500,20
2000,658,8510,7
2000,659,8550,1
2000,666,8350,11
2000,667,8350,3
2000,668,8450,12
2000,669,8330,4
2000,674,8460,6
2000,675,8920,8
2000,676,8100,3
2000,677,3520,24
2000,678,8760,11
2000,679,8256,17
2000,683,7720,99
2000,684,8220,4
2000,686,7810,119
2000,687,7800,46
2000,688,7840,20
2000,689,8740,56
2000,693,7750,2
2000,694,8620,39
2000,695,8600,16
2000,696,8610,49
2000,699,8630,15
2000,703,8220,8
2000,704,7950,16
2000,705,7950,1
2000,706,7950,35
2000,708,7950,9
2000,709,7950,39
2000,713,7930,4
2000,714,7900,9
2000,715,8220,14
2000,717,8220,5
2000,719,8100,24
2000,723,8220,8
2000,724,8220,4
2000,725,8650,5
2000,726,8540,5
2000,727,8530,22
2000,728,8540,3
2000,729,8540,1
2000,733,8550,14
2000,734,8255,108
2000,735,8250,9
2000,736,8250,10
2000,737,8255,9
2000,738,8420,19
2000,739,8410,5
2000,743,8400,2
2000,744,8320,160
2000,745,8330,2
2000,747,8310,23
2000,748,8300,57
2000,749,8460,15
2000,753,8850,5
2000,754,8800,98
2000,755,8720,12
2000,756,8650,53
2000,757,8640,27
2000,758,8720,7
2000,759,8810,68
2000,763,7830,4
2000,764,8965,2
2000,765,8930,5
2000,766,8730,32
2000,768,8650,16
2000,769,8710,54
2000,773,4410,3
2000,774,8830,34
2000,777,8965,445
2000,779,8950,127
2000,783,8140,214
2000,784,8140,6
2000,785,7750,413
2000,786,7810,4
2000,787,8920,4
2000,789,8810,6
2000,793,8910,8
2000,795,8965,4
2000,796,8740,190
2000,797,8740,26
2000,798,8740,1
2000,799,8740,41
2000,803,9000,26
2000,804,9130,953
2000,806,9130,47
2000,808,9120,99
2000,809,9140,60
2000,813,9350,12
2000,814,9150,3
2000,823,9240,25
2000,824,9200,24
2000,825,9260,2
2000,826,9260,1
2000,828,9310,12
2000,829,9300,4
2000,843,9000,12
2000,844,6320,94
2000,845,9510,2
2000,848,9560,8
2000,849,9510,23
2000,853,9520,27
2000,855,6300,20
2000,856,9600,203
2000,859,9750,30
2000,864,9000,4
2000,865,7610,10
2000,866,6600,18
2000,867,1560,1
2000,868,6940,4
2000,869,6260,244
2000,874,8950,20
2000,875,9720,22
2000,876,9620,2
2000,877,5620,150
2000,878,9630,29
2000,883,9620,179
2000,885,9360,31
2000,887,9610,65
2000,888,9640,119
2000,889,9620,351
2001,4,10,12
2001,5,430,532
2001,6,3710,45
2001,7,120,487
2001,8,136,150
2001,9,150,96
2001,13,50,500
2001,14,230,511
2001,15,350,493
2001,17,310,564
2001,18,410,194
2001,19,4465,25
2001,21,420,379
2001,22,430,4075
2001,23,800,901
2001,24,860,62
2001,25,910,468
2001,26,710,157
2001,27,630,377
2001,28,510,10
2001,29,520,123
2001,33,530,182
2001,34,500,2
2001,35,6660,45
2001,36,565,147
2001,37,740,311
2001,43,1300,96
2001,44,1320,47
2001,45,1450,15
2001,46,1520,7
2001,47,1520,10
2001,48,1350,51
2001,49,1530,6
2001,53,1360,185
2001,55,1410,445
2001,56,1430,157
2001,57,1460,230
2001,58,1440,6
2001,59,1530,139
2001,63,1310,16
2001,64,1006,1017
2001,65,1220,159
2001,66,1200,13
2001,67,1240,21
2001,68,1240,3
2001,69,1700,15
2001,73,1720,89
2001,74,1710,11
2001,75,1740,37
2001,76,1740,29
2001,77,1600,26
2001,78,1610,84
2001,79,1640,24
2001,83,1650,35
2001,84,3060,351
2001,85,3010,21
2001,86,3250,12
2001,87,3040,5
2001,88,3120,4
2001,89,3000,2
2001,95,3255,1113
2001,96,3050,102
2001,97,3030,45
2001,98,3220,42
2001,99,3150,16
2001,103,3160,58
2001,104,3230,38
2001,105,3245,50
2001,106,3400,42
2001,113,2200,4
2001,114,2200,20
2001,115,2200,9
2001,116,2200,8
2001,118,2200,17
2001,119,2200,8
2001,123,2200,5
2001,124,2200,3
2001,125,2200,5
2001,126,2200,6
2001,127,2200,17
2001,128,2200,19
2001,129,2200,11
2001,133,2200,4
2001,134,2200,27
2001,135,2200,13
2001,136,2200,7
2001,137,2200,17
2001,138,2200,2
2001,139,2200,9
2001,143,2200,17
2001,144,2200,11
2001,145,2200,7
2001,146,2200,1
2001,147,2200,8
2001,153,2200,4
2001,154,2200,187
2001,155,2300,197
2001,156,2310,953
2001,157,2320,630
2001,158,2330,174
2001,159,2340,308
2001,163,2000,150
2001,164,2430,88
2001,165,2400,18
2001,166,735,64
2001,167,1820,100
2001,168,1860,3
2001,169,1860,11
2001,173,1840,13
2001,174,2010,507
2001,175,4620,54
2001,176,2040,211
2001,177,2060,75
2001,178,2100,366
2001,183,2850,33
2001,184,2840,37
2001,185,2630,286
2001,186,2750,25
2001,187,2710,30
2001,188,2600,41
2001,189,2910,27
2001,193,2740,4
2001,194,2860,41
2001,195,2830,140
2001,197,2825,94
2001,198,2800,11
2001,199,2720,26
2001,203,3300,209
2001,204,3310,35
2001,205,3510,9
2001,206,3320,87
2001,207,3500,264
2001,208,3400,363
2001,213,1550,266
2001,214,1550,4
2001,215,1550,13
2001,216,1550,114
2001,217,1540,122
2001,218,1560,28
2001,223,1900,53
2001,224,1920,41
2001,225,1550,65
2001,226,9030,76
2001,227,9040,22
2001,228,2900,23
2001,229,1010,378
2001,233,7900,12
2001,234,2145,212
2001,235,1965,43
2001,243,4700,2228
2001,253,4810,269
2001,254,4920,200
2001,255,4820,249
2001,256,4800,84
2001,257,4840,325
2001,258,4930,28
2001,259,4850,836
2001,263,4760,172
2001,264,4760,69
2001,265,4760,16
2001,266,4760,73
2001,267,4760,73
2001,268,4760,120
2001,269,4750,85
2001,274,4760,346
2001,275,4740,49
2001,276,4720,557
2001,277,4950,50
2001,278,4950,19
2001,283,4900,8
2001,285,4965,7
2001,303,5000,266
2001,304,5000,9
2001,305,5000,62
2001,306,5000,5
2001,307,5000,144
2001,308,5800,165
2001,309,5800,7
2001,313,5700,1198
2001,314,2160,53
2001,315,5820,239
2001,316,5310,70
2001,317,5300,37
2001,318,5410,116
2001,319,5400,354
2001,323,5400,132
2001,326,5350,1
2001,327,5350,156
2001,328,5360,29
2001,329,5320,37
2001,335,5260,96
2001,336,5260,92
2001,337,5120,692
2001,338,5140,98
2001,339,5110,88
2001,343,5110,32
2001,344,5110,78
2001,345,5900,21
2001,346,5850,10
2001,347,5900,13
2001,348,5020,56
2001,353,5010,2
2001,354,5540,227
2001,355,5550,219
2001,356,5850,84
2001,357,5510,45
2001,359,5520,156
2001,363,5600,124
2001,364,5610,331
2001,365,5620,237
2001,366,5530,23
2001,368,5630,22
2001,373,5240,120
2001,374,5620,13
2001,375,540,256
2001,376,5240,602
2001,377,5250,58
2001,378,5100,93
2001,379,5860,331
2001,383,5160,151
2001,384,5910,5
2001,385,5810,308
2001,386,3510,61
2001,387,2540,205
2001,389,5940,574
2001,404,4020,3
2001,405,4230,7
2001,406,4600,32
2001,407,4230,126
2001,413,3720,31
2001,414,3850,84
2001,415,3730,22
2001,416,3750,8
2001,417,3740,163
2001,418,3850,395
2001,423,3800,100
2001,424,3800,217
2001,425,3940,6
2001,426,3930,344
2001,427,3955,19
2001,433,4010,157
2001,434,4040,100
2001,435,4110,266
2001,436,4020,760
2001,438,4060,34
2001,439,4030,66
2001,443,4130,113
2001,444,4140,209
2001,445,3640,80
2001,446,3645,145
2001,447,3600,948
2001,448,4200,117
2001,449,4230,319
2001,453,4220,994
2001,454,9750,2
2001,455,4240,35
2001,456,4320,40
2001,457,4500,13
2001,458,4510,191
2001,459,4430,101
2001,461,4540,8
2001,462,4420,1
2001,463,9050,46
2001,464,4530,18
2001,465,2016,71
2001,466,4600,14
2001,467,4600,132
2001,468,4600,43
2001,469,4650,81
2001,473,205,4
2001,474,4250,1
2001,475,205,47
2001,476,205,5
2001,477,6005,22
2001,479,6050,275
2001,483,6050,1
2001,484,6050,6
2001,485,4210,54
2001,486,4250,241
2001,487,4350,27
2001,488,6050,18
2001,489,6010,1
2001,494,6005,7
2001,495,6120,18
2001,496,6130,20
2001,497,6100,2
2001,498,6100,8
2001,499,6100,1
2001,503,7000,193
2001,505,7200,393
2001,507,7210,241
2001,508,7140,82
2001,509,7240,26
2001,514,7150,87
2001,515,7140,13
2001,516,7220,113
2001,517,7220,19
2001,518,7330,324
2001,519,7350,11
2001,523,7020,103
2001,525,7010,159
2001,526,7320,18
2001,527,7420,40
2001,529,7020,179
2001,533,7040,39
2001,534,7315,140
2001,535,7430,11
2001,536,7540,8
2001,538,7010,38
2001,539,7300,14
2001,543,6700,21
2001,544,7360,37
2001,547,7630,230
2001,549,7340,188
2001,553,6200,4
2001,554,6200,17
2001,555,6200,37
2001,556,6200,7
2001,557,6200,1
2001,558,6200,322
2001,563,6220,89
2001,565,6240,24
2001,566,6240,28
2001,567,6230,510
2001,569,6230,1
2001,573,6330,65
2001,575,6355,454
2001,576,6355,19
2001,577,7410,88
2001,579,6420,163
2001,583,6420,5
2001,584,6460,26
2001,585,6440,288
2001,587,6440,8
2001,588,6250,39
2001,589,6360,23
2001,593,6400,34
2001,594,6300,8
2001,595,6515,55
2001,596,6520,18
2001,597,6530,38
2001,598,6820,12
2001,599,6730,107
2001,613,6200,37
2001,614,6800,19
2001,615,6830,6
2001,616,6840,41
2001,617,6940,19
2001,628,7700,752
2001,634,8130,66
2001,635,8130,2
2001,636,7730,19
2001,637,8030,300
2001,643,6210,18
2001,644,8220,8
2001,645,8100,4
2001,646,8220,5
2001,647,8750,18
2001,649,8910,6
2001,653,6520,86
2001,654,6520,2
2001,656,8550,1
2001,657,8500,26
2001,658,8510,16
2001,666,8350,18
2001,667,8350,4
2001,668,8450,36
2001,669,8330,7
2001,674,8460,4
2001,675,8920,8
2001,676,8100,7
2001,677,3520,43
2001,678,8760,22
2001,679,8256,13
2001,683,7720,204
2001,684,8220,12
2001,686,7810,154
2001,687,7800,65
2001,688,7840,21
2001,689,8740,95
2001,693,7750,4
2001,694,8620,54
2001,695,8600,37
2001,696,8610,81
2001,699,8630,35
2001,703,8220,15
2001,704,7950,9
2001,705,7950,2
2001,706,7950,52
2001,707,7940,12
2001,708,7950,8
2001,709,7950,49
2001,713,7930,4
2001,714,7900,24
2001,715,8220,13
2001,717,8220,15
2001,719,8100,47
2001,723,8220,16
2001,724,8220,5
2001,725,8650,15
2001,726,8540,5
2001,727,8530,37
2001,728,8540,2
2001,733,8550,9
2001,734,8255,176
2001,735,8250,16
2001,736,8250,10
2001,737,8255,12
2001,738,8420,17
2001,739,8410,20
2001,743,8400,1
2001,744,8320,209
2001,745,8330,4
2001,747,8310,33
2001,748,8300,91
2001,749,8460,16
2001,753,8850,15
2001,754,8800,190
2001,755,8720,18
2001,756,8650,53
2001,757,8640,42
2001,758,8720,12
2001,759,8810,107
2001,763,7830,1
2001,764,8965,7
2001,765,8930,2
2001,766,8730,40
2001,768,8650,26
2001,769,8710,84
2001,773,4410,5
2001,774,8830,32
2001,777,8965,730
2001,779,8950,227
2001,783,8140,281
2001,784,8140,15
2001,785,7750,609
2001,786,7810,4
2001,787,8920,7
2001,789,8810,13
2001,793,8910,4
2001,795,8965,19
2001,796,8740,298
2001,797,8740,39
2001,798,8740,5
2001,799,8740,67
2001,803,9000,52
2001,804,9130,1576
2001,806,9130,98
2001,808,9120,198
2001,809,9140,104
2001,813,9350,20
2001,814,9150,4
2001,823,9240,43
2001,824,9200,41
2001,825,9260,3
2001,826,9260,3
2001,828,9310,15
2001,829,9300,10
2001,833,9300,1
2001,834,9420,2
2001,843,9000,9
2001,844,6320,151
2001,845,9510,4
2001,848,9560,11
2001,849,9510,39
2001,853,9520,38
2001,855,6300,30
2001,856,9600,322
2001,859,9750,49
2001,864,9000,9
2001,865,7610,12
2001,866,6600,17
2001,867,1560,2
2001,869,6260,409
2001,874,8950,27
2001,875,9720,31
2001,876,9620,2
2001,877,5620,278
2001,878,9630,49
2001,883,9620,304
2001,885,9360,60
2001,887,9610,116
2001,888,9640,169
2001,889,9620,539
2002,4,10,13
2002,5,430,566
2002,6,3710,42
2002,7,120,541
2002,8,136,146
2002,9,150,82
2002,13,50,432
2002,14,230,528
2002,15,350,530
2002,17,310,651
2002,18,410,237
2002,19,4465,23
2002,21,420,365
2002,22,430,3933
2002,23,800,883
2002,24,860,59
2002,25,910,511
2002,26,710,167
2002,27,630,359
2002,28,510,7
2002,29,520,111
2002,33,530,154
2002,34,500,14
2002,35,6660,42
2002,36,565,168
2002,37,740,338
2002,43,1300,93
2002,44,1320,61
2002,45,1450,12
2002,46,1520,8
2002,47,1520,12
2002,48,1350,54
2002,49,1530,6
2002,53,1360,172
2002,54,1340,2
2002,55,1410,438
2002,56,1430,157
2002,57,1460,207
2002,58,1440,3
2002,59,1530,173
2002,63,1310,21
2002,64,1006,1015
2002,65,1220,144
2002,66,1200,14
2002,67,1240,16
2002,68,1240,1
2002,69,1700,12
2002,73,1720,75
2002,74,1710,6
2002,75,1740,29
2002,76,1740,25
2002,77,1600,29
2002,78,1610,68
2002,79,1640,20
2002,83,1650,28
2002,84,3060,349
2002,85,3010,22
2002,86,3250,13
2002,87,3040,13
2002,88,3120,2
2002,89,3000,7
2002,95,3255,1119
2002,96,3050,122
2002,97,3030,30
2002,98,3220,59
2002,99,3150,38
2002,103,3160,63
2002,104,3230,61
2002,105,3245,54
2002,106,3400,43
2002,113,2200,3
2002,114,2200,28
2002,115,2200,4
2002,116,2200,10
2002,118,2200,11
2002,119,2200,7
2002,123,2200,9
2002,124,2200,4
2002,125,2200,3
2002,126,2200,4
2002,127,2200,17
2002,128,2200,13
2002,129,2200,10
2002,133,2200,10
2002,134,2200,25
2002,135,2200,10
2002,136,2200,5
2002,137,2200,21
2002,138,2200,1
2002,139,2200,7
2002,143,2200,31
2002,144,2200,13
2002,145,2200,5
2002,147,2200,13
2002,148,2200,1
2002,153,2200,1
2002,154,2200,200
2002,155,2300,225
2002,156,2310,1053
2002,157,2320,638
2002,158,2330,171
2002,159,2340,282
2002,163,2000,153
2002,164,2430,95
2002,165,2400,16
2002,166,735,57
2002,167,1820,107
2002,169,1860,22
2002,173,1840,6
2002,174,2010,505
2002,175,4620,39
2002,176,2040,228
2002,177,2060,67
2002,178,2100,351
2002,183,2850,28
2002,184,2840,33
2002,185,2630,280
2002,186,2750,23
2002,187,2710,42
2002,188,2600,40
2002,189,2910,28
2002,193,2740,2
2002,194,2860,26
2002,195,2830,134
2002,197,2825,108
2002,198,2800,13
2002,199,2720,24
2002,203,3300,189
2002,204,3310,35
2002,205,3510,5
2002,206,3320,92
2002,207,3500,275
2002,208,3400,360
2002,213,1550,258
2002,214,1550,5
2002,215,1550,14
2002,216,1550,103
2002,217,1540,124
2002,218,1560,16
2002,223,1900,52
2002,224,1920,44
2002,225,1550,46
2002,226,9030,71
2002,227,9040,19
2002,228,2900,20
2002,229,1010,321
2002,233,7900,3
2002,234,2145,243
2002,235,1965,56
2002,243,4700,2178
2002,253,4810,227
2002,254,4920,179
2002,255,4820,251
2002,256,4800,96
2002,257,4840,325
2002,258,4930,23
2002,259,4850,824
2002,263,4760,138
2002,264,4760,43
2002,265,4760,12
2002,266,4760,60
2002,267,4760,95
2002,268,4760,115
2002,269,4750,78
2002,274,4760,369
2002,275,4740,58
2002,276,4720,576
2002,277,4950,56
2002,278,4950,15
2002,283,4900,8
2002,284,4965,1
2002,285,4965,7
2002,303,5000,269
2002,304,5000,13
2002,305,5000,77
2002,306,5000,3
2002,307,5000,108
2002,308,5800,176
2002,309,5800,3
2002,313,5700,1057
2002,314,2160,53
2002,315,5820,264
2002,316,5310,59
2002,317,5300,31
2002,318,5410,102
2002,319,5400,381
2002,323,5400,165
2002,325,5350,1
2002,326,5350,6
2002,327,5350,151
2002,328,5360,19
2002,329,5320,29
2002,335,5260,71
2002,336,5260,114
2002,337,5120,676
2002,338,5140,76
2002,339,5110,123
2002,343,5110,23
2002,344,5110,77
2002,345,5900,13
2002,346,5850,2
2002,347,5900,6
2002,348,5020,63
2002,353,5010,6
2002,354,5540,204
2002,355,5550,228
2002,356,5850,62
2002,357,5510,40
2002,359,5520,140
2002,363,5600,116
2002,364,5610,337
2002,365,5620,246
2002,366,5530,36
2002,368,5630,25
2002,373,5240,132
2002,374,5620,5
2002,375,540,289
2002,376,5240,591
2002,377,5250,34
2002,378,5100,105
2002,379,5860,390
2002,383,5160,162
2002,384,5910,8
2002,385,5810,283
2002,386,3510,47
2002,387,2540,236
2002,389,5940,528
2002,404,4020,1
2002,405,4230,1
2002,406,4600,34
2002,407,4230,126
2002,413,3720,29
2002,414,3850,85
2002,415,3730,40
2002,416,3750,12
2002,417,3740,162
2002,418,3850,343
2002,423,3800,95
2002,424,3800,199
2002,425,3940,1
2002,426,3930,365
2002,427,3955,19
2002,433,4010,117
2002,434,4040,101
2002,435,4110,241
2002,436,4020,786
2002,438,4060,27
2002,439,4030,66
2002,443,4130,157
2002,444,4140,183
2002,445,3640,81
2002,446,3645,180
2002,447,3600,969
2002,448,4200,112
2002,449,4230,341
2002,453,4220,1060
2002,454,9750,4
2002,455,4240,21
2002,456,4320,42
2002,457,4500,14
2002,458,4510,180
2002,459,4430,110
2002,461,4540,4
2002,462,4420,1
2002,463,9050,42
2002,464,4530,15
2002,465,2016,53
2002,466,4600,7
2002,467,4600,128
2002,468,4600,52
2002,469,4650,61
2002,473,205,11
2002,475,205,51
2002,476,205,5
2002,477,6005,25
2002,479,6050,244
2002,484,6050,13
2002,485,4210,41
2002,486,4250,285
2002,487,4350,33
2002,488,6050,18
2002,489,6010,1
2002,494,6005,10
2002,495,6120,9
2002,496,6130,10
2002,497,6100,1
2002,498,6100,4
2002,499,6100,1
2002,503,7000,176
2002,505,7200,381
2002,507,7210,208
2002,508,7140,88
2002,509,7240,27
2002,514,7150,107
2002,515,7140,10
2002,516,7220,142
2002,517,7220,35
2002,518,7330,264
2002,519,7350,10
2002,523,7020,110
2002,525,7010,144
2002,526,7320,23
2002,527,7420,29
2002,529,7020,162
2002,533,7040,33
2002,534,7315,141
2002,535,7430,7
2002,536,7540,9
2002,538,7010,23
2002,539,7300,15
2002,543,6700,12
2002,544,7360,44
2002,547,7630,213
2002,549,7340,216
2002,553,6200,1
2002,554,6200,8
2002,555,6200,18
2002,556,6200,5
2002,557,6200,6
2002,558,6200,339
2002,563,6220,84
2002,564,6220,1
2002,565,6240,28
2002,566,6240,27
2002,567,6230,535
2002,569,6230,2
2002,573,6330,62
2002,575,6355,424
2002,576,6355,9
2002,577,7410,76
2002,579,6420,159
2002,583,6420,3
2002,584,6460,34
2002,585,6440,276
2002,587,6440,6
2002,588,6250,37
2002,589,6360,20
2002,593,6400,34
2002,594,6300,6
2002,595,6515,66
2002,596,6520,18
2002,597,6530,20
2002,598,6820,8
2002,599,6730,100
2002,613,6200,36
2002,614,6800,20
2002,615,6830,10
2002,616,6840,33
2002,617,6940,17
2002,628,7700,696
2002,634,8130,61
2002,636,7730,16
2002,637,8030,287
2002,643,6210,10
2002,644,8220,5
2002,645,8100,4
2002,646,8220,8
2002,647,8750,17
2002,649,8910,4
2002,653,6520,65
2002,656,8550,2
2002,657,8500,35
2002,658,8510,7
2002,659,8550,1
2002,666,8350,24
2002,667,8350,15
2002,668,8450,19
2002,669,8330,3
2002,674,8460,6
2002,675,8920,16
2002,676,8100,2
2002,677,3520,38
2002,678,8760,30
2002,679,8256,10
2002,683,7720,158
2002,684,8220,18
2002,686,7810,132
2002,687,7800,83
2002,688,7840,23
2002,689,8740,71
2002,693,7750,6
2002,694,8620,48
2002,695,8600,36
2002,696,8610,85
2002,699,8630,39
2002,703,8220,10
2002,704,7950,7
2002,705,7950,4
2002,706,7950,41
2002,707,7940,8
2002,708,7950,6
2002,709,7950,59
2002,713,7930,7
2002,714,7900,13
2002,715,8220,16
2002,717,8220,8
2002,719,8100,48
2002,723,8220,10
2002,724,8220,5
2002,725,8650,11
2002,726,8540,4
2002,727,8530,38
2002,728,8540,2
2002,729,8540,1
2002,733,8550,15
2002,734,8255,169
2002,735,8250,11
2002,736,8250,10
2002,737,8255,21
2002,738,8420,24
2002,739,8410,13
2002,743,8400,3
2002,744,8320,165
2002,745,8330,9
2002,747,8310,41
2002,748,8300,87
2002,749,8460,11
2002,753,8850,8
2002,754,8800,151
2002,755,8720,14
2002,756,8650,54
2002,757,8640,42
2002,758,8720,14
2002,759,8810,91
2002,763,7830,1
2002,764,8965,4
2002,765,8930,12
2002,766,8730,28
2002,768,8650,10
2002,769,8710,60
2002,773,4410,2
2002,774,8830,30
2002,777,8965,623
2002,779,8950,203
2002,783,8140,285
2002,784,8140,9
2002,785,7750,595
2002,786,7810,4
2002,787,8920,10
2002,789,8810,8
2002,793,8910,2
2002,795,8965,14
2002,796,8740,265
2002,797,8740,35
2002,798,8740,2
2002,799,8740,53
2002,803,9000,59
2002,804,9130,1645
2002,806,9130,79
2002,808,9120,215
2002,809,9140,78
2002,813,9350,23
2002,814,9150,3
2002,823,9240,30
2002,824,9200,30
2002,825,9260,2
2002,826,9260,3
2002,828,9310,13
2002,829,9300,12
2002,834,9420,3
2002,843,9000,4
2002,844,6320,147
2002,845,9510,5
2002,848,9560,13
2002,849,9510,49
2002,853,9520,41
2002,855,6300,20
2002,856,9600,299
2002,859,9750,42
2002,864,9000,12
2002,865,7610,9
2002,866,6600,29
2002,867,1560,2
2002,869,6260,394
2002,874,8950,20
2002,875,9720,24
2002,876,9620,3
2002,877,5620,263
2002,878,9630,25
2002,883,9620,301
2002,885,9360,58
2002,887,9610,98
2002,888,9640,140
2002,889,9620,596
2003,10,10,704
2003,20,20,474
2003,40,40,40
2003,50,50,553
2003,60,60,29
2003,100,100,43
2003,110,110,192
2003,120,120,614
2003,130,136,166
2003,140,140,160
2003,150,150,93
2003,160,160,138
2003,200,205,97
2003,220,220,232
2003,230,230,433
2003,300,300,70
2003,310,310,298
2003,320,4465,17
2003,330,330,8
2003,340,340,77
2003,350,350,294
2003,360,360,3
2003,410,410,213
2003,420,420,182
2003,430,430,1796
2003,500,500,29
2003,510,510,9
2003,520,520,113
2003,530,530,137
2003,540,540,152
2003,560,565,82
2003,600,600,84
2003,620,630,368
2003,700,700,11
2003,710,710,175
2003,720,725,22
2003,730,740,94
2003,800,800,939
2003,810,810,26
2003,820,820,35
2003,830,830,12
2003,840,840,27
2003,850,850,136
2003,860,860,57
2003,900,900,4
2003,910,910,218
2003,930,930,36
2003,940,940,23
2003,950,950,29
2003,1000,1006,356
2003,1010,1010,326
2003,1020,1020,422
2003,1040,1050,152
2003,1060,1060,35
2003,1100,1105,123
2003,1110,1030,161
2003,1200,1200,8
2003,1210,1240,3
2003,1220,1220,56
2003,1230,1240,5
2003,1240,1240,1
2003,1300,1300,120
2003,1310,1310,20
2003,1320,1320,44
2003,1330,1340,2
2003,1340,1340,4
2003,1350,1350,43
2003,1360,1360,194
2003,1400,1400,48
2003,1410,1410,217
2003,1420,1420,33
2003,1430,1430,131
2003,1440,1440,2
2003,1450,1450,17
2003,1460,1460,167
2003,1500,1520,3
2003,1510,1530,6
2003,1520,1520,7
2003,1530,1530,133
2003,1540,1540,106
2003,1550,1550,216
2003,1560,1560,23
2003,1600,1600,19
2003,1610,1610,63
2003,1640,1640,19
2003,1650,1650,71
2003,1700,1700,16
2003,1710,1710,4
2003,1720,1720,91
2003,1740,1740,49
2003,1760,1760,69
2003,1800,1800,24
2003,1810,735,55
2003,1820,1820,52
2003,1830,1860,5
2003,1840,1840,10
2003,1860,1860,23
2003,1900,1900,9
2003,1910,1910,10
2003,1920,1920,42
2003,1930,1930,9
2003,1940,1930,3
2003,1960,1965,84
2003,2000,2000,290
2003,2010,2010,386
2003,2020,2016,173
2003,2040,2040,235
2003,2050,2050,19
2003,2060,2060,27
2003,2100,2100,359
2003,2140,2145,142
2003,2150,2160,113
2003,2200,2200,507
2003,2300,2300,241
2003,2310,2310,1093
2003,2320,2320,563
2003,2330,2330,182
2003,2340,2340,157
2003,2400,2400,18
2003,2430,2430,85
2003,2440,2440,11
2003,2540,2540,268
2003,2550,2550,26
2003,2600,2600,47
2003,2630,2630,265
2003,2700,2700,4
2003,2710,2710,51
2003,2720,2720,68
2003,2740,2740,5
2003,2750,2750,24
2003,2760,2760,5
2003,2800,2800,16
2003,2810,2810,36
2003,2820,2825,51
2003,2830,2830,76
2003,2840,2840,29
2003,2850,2850,78
2003,2860,2860,21
2003,2900,2900,32
2003,2910,2910,36
2003,2920,2920,16
2003,2960,2900,1
2003,3010,3010,22
2003,3030,3030,31
2003,3040,3040,12
2003,3050,3050,113
2003,3060,3060,309
2003,3110,3110,22
2003,3120,3120,2
2003,3130,3255,1069
2003,3140,3140,3
2003,3150,3150,31
2003,3160,3160,65
2003,3200,3200,7
2003,3210,3210,5
2003,3220,3220,45
2003,3230,3230,45
2003,3240,3245,27
2003,3250,3250,8
2003,3260,3260,1
2003,3300,3300,130
2003,3310,3310,42
2003,3320,3320,129
2003,3400,3400,67
2003,3410,3420,144
2003,3500,3500,383
2003,3510,3510,37
2003,3520,3520,25
2003,3530,3535,39
2003,3540,3540,33
2003,3600,3600,762
2003,3610,3610,6
2003,3620,3620,18
2003,3630,3630,9
2003,3640,3640,88
2003,3650,3645,239
2003,3700,3700,16
2003,3710,3710,69
2003,3720,3720,32
2003,3730,3730,63
2003,3740,3740,145
2003,3750,3750,9
2003,3800,3800,169
2003,3820,3820,61
2003,3830,3840,3
2003,3840,3840,4
2003,3850,3850,352
2003,3860,3850,1
2003,3900,3900,9
2003,3910,3910,26
2003,3920,3930,309
2003,3940,3940,3
2003,3950,3955,11
2003,4000,4000,129
2003,4010,4010,288
2003,4020,4020,649
2003,4030,4030,179
2003,4040,4040,99
2003,4050,4050,57
2003,4060,4060,32
2003,4110,4110,341
2003,4120,4120,53
2003,4130,4130,62
2003,4140,4140,80
2003,4150,4150,19
2003,4200,4200,101
2003,4210,4210,62
2003,4220,4220,897
2003,4230,4230,593
2003,4240,4240,22
2003,4250,4250,261
2003,4300,4300,72
2003,4320,4320,30
2003,4340,4340,7
2003,4350,4350,25
2003,4400,4400,91
2003,4410,4410,3
2003,4420,4420,7
2003,4430,4430,31
2003,4460,4460,4
2003,4500,4500,11
2003,4510,4510,143
2003,4520,4520,38
2003,4530,4530,38
2003,4540,4540,12
2003,4550,9050,40
2003,4600,4600,257
2003,4610,4610,158
2003,4620,4620,108
2003,4640,4640,10
2003,4650,4650,13
2003,4700,4700,1438
2003,4710,4710,537
2003,4720,4720,561
2003,4740,4740,37
2003,4750,4750,102
2003,4760,4760,14
2003,4800,4800,72
2003,4810,4810,229
2003,4820,4820,147
2003,4830,4830,58
2003,4840,4840,667
2003,4850,4850,1168
2003,4900,4900,6
2003,4920,4920,235
2003,4930,4930,35
2003,4940,4940,34
2003,4950,4950,68
2003,4960,4965,170
2003,5000,5000,908
2003,5010,5010,27
2003,5020,5020,30
2003,5030,5030,1
2003,5100,5100,110
2003,5110,5110,218
2003,5120,5120,620
2003,5130,5130,4
2003,5140,5140,68
2003,5150,5150,20
2003,5160,5160,137
2003,5200,5200,12
2003,5210,5350,3
2003,5220,5220,59
2003,5230,5230,23
2003,5240,5240,778
2003,5250,5250,59
2003,5260,5260,152
2003,5300,5300,25
2003,5310,5310,48
2003,5320,5320,21
2003,5330,5330,95
2003,5340,5340,10
2003,5350,5350,52
2003,5360,5360,27
2003,5400,5400,430
2003,5410,5410,70
2003,5420,5420,45
2003,5500,5500,9
2003,5510,5510,89
2003,5520,5520,134
2003,5530,5530,36
2003,5540,5540,129
2003,5550,5550,172
2003,5560,5560,67
2003,5600,5600,151
2003,5610,5610,276
2003,5620,5620,487
2003,5630,5630,28
2003,5700,5700,1776
2003,5800,5800,122
2003,5810,5810,267
2003,5820,5820,171
2003,5830,5940,2
2003,5840,5840,123
2003,5850,5850,60
2003,5860,5860,404
2003,5900,5900,23
2003,5910,5910,11
2003,5920,5920,13
2003,5930,5940,281
2003,6000,6005,25
2003,6010,6010,13
2003,6040,6040,32
2003,6050,6050,267
2003,6100,6100,7
2003,6110,6100,2
2003,6120,6120,7
2003,6130,6130,21
2003,6200,6200,407
2003,6210,6210,32
2003,6220,6220,60
2003,6230,6230,524
2003,6240,6240,59
2003,6250,6250,48
2003,6260,6260,393
2003,6300,6300,5
2003,6310,6320,2
2003,6320,6320,248
2003,6330,6330,84
2003,6350,6355,389
2003,6360,6360,29
2003,6400,6400,16
2003,6420,6420,190
2003,6430,6420,2
2003,6440,6440,300
2003,6460,6460,2
2003,6500,6220,4
2003,6510,6515,69
2003,6520,6520,109
2003,6530,6530,36
2003,6600,6600,20
2003,6660,6660,75
2003,6700,6700,14
2003,6710,6710,8
2003,6720,6720,29
2003,6730,6730,43
2003,6740,6740,4
2003,6750,6765,6
2003,6760,6765,25
2003,6800,6800,12
2003,6820,6820,12
2003,6830,6830,9
2003,6840,6840,25
2003,6910,6940,2
2003,6940,6940,20
2003,7000,7000,225
2003,7010,7010,142
2003,7020,7020,144
2003,7030,7030,3
2003,7040,7040,23
2003,7100,7100,8
2003,7110,7110,16
2003,7120,7120,16
2003,7130,7130,21
2003,7140,7140,96
2003,7150,7150,80
2003,7160,7160,3
2003,7200,7200,345
2003,7210,7210,181
2003,7220,7220,133
2003,7240,7240,17
2003,7260,7260,40
2003,7300,7300,14
2003,7310,7315,146
2003,7320,7320,15
2003,7330,7330,322
2003,7340,7340,166
2003,7350,7350,19
2003,7360,7360,42
2003,7410,7410,94
2003,7420,7420,92
2003,7430,7430,19
2003,7510,7510,40
2003,7540,7540,9
2003,7550,7630,26
2003,7560,7560,3
2003,7600,7630,2
2003,7610,7610,10
2003,7620,7630,140
2003,7700,7700,602
2003,7710,7710,7
2003,7720,7720,135
2003,7730,7730,17
2003,7740,7740,12
2003,7750,7750,563
2003,7800,7800,84
2003,7810,7810,169
2003,7830,7830,4
2003,7840,7840,42
2003,7850,7850,11
2003,7900,7900,33
2003,7920,7920,5
2003,7930,7930,6
2003,7940,7940,8
2003,7950,7950,64
2003,7960,7950,5
2003,8000,7950,37
2003,8010,7950,16
2003,8020,7950,1
2003,8030,8030,260
2003,8040,8040,24
2003,8060,8100,3
2003,8100,8100,27
2003,8120,8220,3
2003,8130,8130,54
2003,8140,8140,272
2003,8150,8220,4
2003,8160,8220,6
2003,8200,8220,15
2003,8210,8220,8
2003,8220,8220,215
2003,8230,8256,14
2003,8240,8255,42
2003,8250,8250,36
2003,8260,8255,112
2003,8300,8300,70
2003,8310,8310,37
2003,8320,8320,138
2003,8330,8330,2
2003,8340,8330,5
2003,8350,8350,39
2003,8360,8400,4
2003,8400,8400,10
2003,8410,8410,8
2003,8420,8420,26
2003,8430,8460,1
2003,8440,8460,6
2003,8450,8450,15
2003,8460,8460,11
2003,8500,8500,23
2003,8510,8510,7
2003,8520,8550,2
2003,8530,8530,33
2003,8540,8540,20
2003,8550,8550,6
2003,8600,8600,34
2003,8610,8610,91
2003,8620,8620,44
2003,8630,8630,25
2003,8640,8640,41
2003,8650,8650,79
2003,8710,8710,43
2003,8720,8720,15
2003,8730,8730,8
2003,8740,8740,373
2003,8750,8750,23
2003,8760,8760,52
2003,8800,8800,144
2003,8810,8810,81
2003,8830,8830,15
2003,8850,8850,11
2003,8860,8965,7
2003,8900,8965,2
2003,8910,8910,5
2003,8920,8920,14
2003,8930,8930,23
2003,8940,8940,22
2003,8950,8950,24
2003,8960,8965,515
2003,9000,9000,116
2003,9030,9030,55
2003,9040,9040,26
2003,9110,9110,1
2003,9120,9120,169
2003,9130,9130,1623
2003,9140,9140,135
2003,9150,9150,10
2003,9200,9200,19
2003,9230,9260,7
2003,9240,9240,27
2003,9260,9260,10
2003,9300,9300,7
2003,9310,9310,13
2003,9340,9420,2
2003,9350,9350,26
2003,9360,9360,27
2003,9410,9410,37
2003,9420,9420,6
2003,9500,9560,3
2003,9510,9510,33
2003,9520,9520,39
2003,9560,9560,1
2003,9600,9600,263
2003,9610,9610,93
2003,9620,9620,618
2003,9630,9630,24
2003,9640,9640,159
2003,9650,9650,16
2003,9720,9720,33
2003,9730,9750,2
2003,9740,9750,5
2003,9750,9750,37
2004,10,10,707
2004,20,20,502
2004,40,40,37
2004,50,50,504
2004,60,60,31
2004,100,100,49
2004,110,110,203
2004,120,120,649
2004,130,136,184
2004,140,140,193
2004,150,150,109
2004,160,160,130
2004,200,205,58
2004,220,220,252
2004,230,230,462
2004,300,300,79
2004,310,310,298
2004,320,4465,17
2004,330,330,12
2004,340,340,70
2004,350,350,293
2004,360,360,7
2004,410,410,170
2004,420,420,177
2004,430,430,1482
2004,500,500,10
2004,510,510,5
2004,520,520,93
2004,530,530,157
2004,540,540,170
2004,560,565,90
2004,600,600,54
2004,620,630,394
2004,700,700,14
2004,710,710,169
2004,720,725,13
2004,730,740,120
2004,800,800,830
2004,810,810,41
2004,820,820,28
2004,830,830,21
2004,840,840,21
2004,850,850,128
2004,860,860,56
2004,900,900,6
2004,910,910,250
2004,930,930,45
2004,940,940,22
2004,950,950,20
2004,1000,1006,328
2004,1010,1010,306
2004,1020,1020,459
2004,1040,1050,193
2004,1060,1060,39
2004,1100,1105,96
2004,1110,1030,144
2004,1200,1200,8
2004,1210,1240,3
2004,1220,1220,59
2004,1230,1240,16
2004,1300,1300,85
2004,1310,1310,10
2004,1320,1320,63
2004,1330,1340,5
2004,1340,1340,5
2004,1350,1350,30
2004,1360,1360,180
2004,1400,1400,45
2004,1410,1410,187
2004,1420,1420,29
2004,1430,1430,113
2004,1440,1440,7
2004,1450,1450,26
2004,1460,1460,177
2004,1500,1520,3
2004,1510,1530,9
2004,1520,1520,15
2004,1530,1530,167
2004,1540,1540,107
2004,1550,1550,226
2004,1560,1560,34
2004,1600,1600,17
2004,1610,1610,67
2004,1640,1640,20
2004,1650,1650,47
2004,1700,1700,13
2004,1710,1710,9
2004,1720,1720,72
2004,1740,1740,36
2004,1760,1760,51
2004,1800,1800,28
2004,1810,735,41
2004,1820,1820,58
2004,1830,1860,6
2004,1840,1840,14
2004,1860,1860,22
2004,1900,1900,16
2004,1910,1910,8
2004,1920,1920,56
2004,1930,1930,6
2004,1940,1930,3
2004,1960,1965,73
2004,2000,2000,291
2004,2010,2010,398
2004,2020,2016,151
2004,2040,2040,216
2004,2050,2050,25
2004,2060,2060,40
2004,2100,2100,388
2004,2140,2145,169
2004,2150,2160,98
2004,2200,2200,462
2004,2300,2300,243
2004,2310,2310,1185
2004,2320,2320,600
2004,2330,2330,187
2004,2340,2340,148
2004,2400,2400,22
2004,2430,2430,96
2004,2440,2440,11
2004,2540,2540,275
2004,2550,2550,52
2004,2600,2600,45
2004,2630,2630,302
2004,2700,2700,2
2004,2710,2710,39
2004,2720,2720,44
2004,2750,2750,14
2004,2760,2760,3
2004,2800,2800,12
2004,2810,2810,45
2004,2820,2825,59
2004,2830,2830,59
2004,2840,2840,23
2004,2850,2850,39
2004,2860,2860,27
2004,2900,2900,36
2004,2910,2910,30
2004,2920,2920,10
2004,3000,3000,6
2004,3010,3010,12
2004,3030,3030,33
2004,3040,3040,8
2004,3050,3050,120
2004,3060,3060,318
2004,3110,3110,31
2004,3120,3120,1
2004,3130,3255,1136
2004,3140,3140,7
2004,3150,3150,33
2004,3160,3160,73
2004,3200,3200,7
2004,3210,3210,11
2004,3220,3220,47
2004,3230,3230,44
2004,3240,3245,25
2004,3250,3250,15
2004,3260,3260,1
2004,3300,3300,148
2004,3310,3310,28
2004,3320,3320,148
2004,3400,3400,48
2004,3410,3420,173
2004,3500,3500,298
2004,3510,3510,44
2004,3520,3520,25
2004,3530,3535,47
2004,3540,3540,29
2004,3600,3600,713
2004,3610,3610,4
2004,3620,3620,24
2004,3630,3630,8
2004,3640,3640,83
2004,3650,3645,281
2004,3700,3700,31
2004,3710,3710,86
2004,3720,3720,43
2004,3730,3730,52
2004,3740,3740,179
2004,3750,3750,7
2004,3800,3800,227
2004,3820,3820,79
2004,3830,3840,2
2004,3840,3840,1
2004,3850,3850,406
2004,3860,3850,3
2004,3900,3900,4
2004,3910,3910,39
2004,3920,3930,327
2004,3940,3940,6
2004,3950,3955,9
2004,4000,4000,152
2004,4010,4010,248
2004,4020,4020,572
2004,4030,4030,160
2004,4040,4040,91
2004,4050,4050,53
2004,4060,4060,20
2004,4110,4110,295
2004,4120,4120,51
2004,4130,4130,75
2004,4140,4140,77
2004,4150,4150,21
2004,4200,4200,104
2004,4210,4210,64
2004,4220,4220,835
2004,4230,4230,508
2004,4240,4240,27
2004,4250,4250,323
2004,4300,4300,52
2004,4320,4320,51
2004,4340,4340,9
2004,4350,4350,16
2004,4400,4400,59
2004,4410,4410,2
2004,4420,4420,1
2004,4430,4430,22
2004,4460,4460,1
2004,4500,4500,23
2004,4510,4510,124
2004,4520,4520,43
2004,4530,4530,33
2004,4540,4540,2
2004,4550,9050,42
2004,4600,4600,200
2004,4610,4610,199
2004,4620,4620,76
2004,4640,4640,16
2004,4650,4650,19
2004,4700,4700,1430
2004,4710,4710,620
2004,4720,4720,518
2004,4740,4740,61
2004,4750,4750,63
2004,4760,4760,12
2004,4800,4800,89
2004,4810,4810,256
2004,4820,4820,164
2004,4830,4830,36
2004,4840,4840,752
2004,4850,4850,1080
2004,4900,4900,2
2004,4920,4920,233
2004,4930,4930,27
2004,4940,4940,31
2004,4950,4950,31
2004,4960,4965,77
2004,5000,5000,939
2004,5010,5010,19
2004,5020,5020,22
2004,5030,5030,6
2004,5100,5100,94
2004,5110,5110,222
2004,5120,5120,626
2004,5130,5130,4
2004,5140,5140,72
2004,5150,5150,8
2004,5160,5160,134
2004,5200,5200,4
2004,5210,5350,6
2004,5220,5220,58
2004,5230,5230,29
2004,5240,5240,723
2004,5250,5250,57
2004,5260,5260,132
2004,5300,5300,34
2004,5310,5310,33
2004,5320,5320,22
2004,5330,5330,93
2004,5340,5340,13
2004,5350,5350,47
2004,5360,5360,37
2004,5400,5400,425
2004,5410,5410,69
2004,5420,5420,44
2004,5500,5500,7
2004,5510,5510,124
2004,5520,5520,138
2004,5530,5530,35
2004,5540,5540,115
2004,5550,5550,210
2004,5560,5560,74
2004,5600,5600,167
2004,5610,5610,304
2004,5620,5620,437
2004,5630,5630,28
2004,5700,5700,1728
2004,5800,5800,98
2004,5810,5810,210
2004,5820,5820,110
2004,5830,5940,1
2004,5840,5840,141
2004,5850,5850,54
2004,5860,5860,349
2004,5900,5900,37
2004,5910,5910,6
2004,5920,5920,15
2004,5930,5940,248
2004,6000,6005,33
2004,6010,6010,9
2004,6020,6050,2
2004,6040,6040,33
2004,6050,6050,262
2004,6100,6100,5
2004,6110,6100,1
2004,6120,6120,4
2004,6130,6130,31
2004,6200,6200,421
2004,6210,6210,13
2004,6220,6220,81
2004,6230,6230,520
2004,6240,6240,68
2004,6250,6250,44
2004,6260,6260,365
2004,6300,6300,7
2004,6310,6320,1
2004,6320,6320,173
2004,6330,6330,65
2004,6350,6355,401
2004,6360,6360,23
2004,6400,6400,20
2004,6420,6420,192
2004,6430,6420,3
2004,6440,6440,260
2004,6500,6220,2
2004,6510,6515,67
2004,6520,6520,68
2004,6530,6530,31
2004,6600,6600,30
2004,6660,6660,49
2004,6700,6700,19
2004,6710,6710,9
2004,6720,6720,11
2004,6730,6730,57
2004,6740,6740,7
2004,6750,6765,3
2004,6760,6765,11
2004,6800,6800,23
2004,6820,6820,14
2004,6830,6830,8
2004,6840,6840,21
2004,6910,6940,3
2004,6920,6800,2
2004,6940,6940,13
2004,7000,7000,215
2004,7010,7010,195
2004,7020,7020,123
2004,7030,7030,6
2004,7040,7040,21
2004,7050,7100,3
2004,7100,7100,15
2004,7110,7110,13
2004,7120,7120,14
2004,7130,7130,22
2004,7140,7140,74
2004,7150,7150,71
2004,7160,7160,8
2004,7200,7200,404
2004,7210,7210,185
2004,7220,7220,131
2004,7240,7240,12
2004,7260,7260,26
2004,7300,7300,18
2004,7310,7315,160
2004,7320,7320,23
2004,7330,7330,283
2004,7340,7340,184
2004,7350,7350,21
2004,7360,7360,37
2004,7410,7410,79
2004,7420,7420,64
2004,7430,7430,19
2004,7510,7510,25
2004,7520,7630,1
2004,7540,7540,15
2004,7550,7630,6
2004,7560,7560,4
2004,7600,7630,4
2004,7610,7610,9
2004,7620,7630,98
2004,7700,7700,636
2004,7710,7710,4
2004,7720,7720,108
2004,7730,7730,14
2004,7740,7740,10
2004,7750,7750,534
2004,7800,7800,62
2004,7810,7810,152
2004,7830,7830,1
2004,7840,7840,38
2004,7850,7850,11
2004,7900,7900,24
2004,7920,7920,6
2004,7930,7930,4
2004,7940,7940,15
2004,7950,7950,82
2004,7960,7950,2
2004,8000,7950,43
2004,8010,7950,12
2004,8020,7950,5
2004,8030,8030,226
2004,8040,8040,24
2004,8060,8100,3
2004,8100,8100,34
2004,8120,8220,6
2004,8130,8130,50
2004,8140,8140,283
2004,8150,8220,8
2004,8160,8220,4
2004,8200,8220,17
2004,8210,8220,8
2004,8220,8220,255
2004,8230,8256,18
2004,8240,8255,33
2004,8250,8250,26
2004,8260,8255,118
2004,8300,8300,88
2004,8310,8310,30
2004,8320,8320,113
2004,8330,8330,1
2004,8340,8330,3
2004,8350,8350,38
2004,8360,8400,5
2004,8400,8400,5
2004,8410,8410,16
2004,8420,8420,17
2004,8440,8460,2
2004,8450,8450,18
2004,8460,8460,10
2004,8500,8500,35
2004,8510,8510,9
2004,8530,8530,27
2004,8540,8540,23
2004,8550,8550,5
2004,8600,8600,30
2004,8610,8610,91
2004,8620,8620,45
2004,8630,8630,33
2004,8640,8640,36
2004,8650,8650,60
2004,8710,8710,42
2004,8720,8720,24
2004,8730,8730,9
2004,8740,8740,397
2004,8750,8750,18
2004,8760,8760,54
2004,8800,8800,143
2004,8810,8810,101
2004,8830,8830,21
2004,8840,8965,2
2004,8850,8850,7
2004,8860,8965,9
2004,8900,8965,1
2004,8910,8910,4
2004,8920,8920,19
2004,8930,8930,23
2004,8940,8940,10
2004,8950,8950,23
2004,8960,8965,503
2004,9000,9000,119
2004,9030,9030,57
2004,9040,9040,33
2004,9110,9110,10
2004,9120,9120,209
2004,9130,9130,1502
2004,9140,9140,74
2004,9150,9150,9
2004,9200,9200,43
2004,9230,9260,10
2004,9240,9240,30
2004,9260,9260,4
2004,9300,9300,5
2004,9310,9310,10
2004,9330,9300,5
2004,9340,9420,2
2004,9350,9350,29
2004,9360,9360,29
2004,9410,9410,29
2004,9420,9420,8
2004,9500,9560,4
2004,9510,9510,27
2004,9520,9520,39
2004,9560,9560,4
2004,9600,9600,262
2004,9610,9610,87
2004,9620,9620,642
2004,9630,9630,28
2004,9640,9640,163
2004,9650,9650,17
2004,9720,9720,33
2004,9730,9750,3
2004,9740,9750,7
2004,9750,9750,30
2005,10,10,659
2005,20,20,501
2005,40,40,41
2005,50,50,414
2005,60,60,23
2005,100,100,44
2005,110,110,198
2005,120,120,660
2005,130,136,183
2005,140,140,205
2005,150,150,111
2005,160,160,136
2005,200,205,57
2005,220,220,253
2005,230,230,449
2005,300,300,63
2005,310,310,338
2005,320,4465,17
2005,330,330,8
2005,340,340,46
2005,350,350,295
2005,360,360,12
2005,410,410,219
2005,420,420,167
2005,430,430,1475
2005,500,500,9
2005,510,510,8
2005,520,520,90
2005,530,530,166
2005,540,540,190
2005,560,565,88
2005,600,600,54
2005,620,630,355
2005,700,700,29
2005,710,710,179
2005,720,725,18
2005,730,740,149
2005,800,800,843
2005,810,810,53
2005,820,820,26
2005,830,830,19
2005,840,840,28
2005,850,850,158
2005,860,860,65
2005,900,900,9
2005,910,910,193
2005,930,930,32
2005,940,940,14
2005,950,950,23
2005,1000,1006,378
2005,1010,1010,295
2005,1020,1020,448
2005,1040,1050,176
2005,1060,1060,47
2005,1100,1105,106
2005,1110,1030,152
2005,1200,1200,8
2005,1210,1240,3
2005,1220,1220,58
2005,1230,1240,20
2005,1240,1240,1
2005,1300,1300,100
2005,1310,1310,15
2005,1320,1320,48
2005,1330,1340,3
2005,1340,1340,6
2005,1350,1350,33
2005,1360,1360,196
2005,1400,1400,27
2005,1410,1410,200
2005,1420,1420,21
2005,1430,1430,108
2005,1440,1440,5
2005,1450,1450,20
2005,1460,1460,175
2005,1500,1520,8
2005,1510,1530,5
2005,1520,1520,13
2005,1530,1530,172
2005,1540,1540,94
2005,1550,1550,234
2005,1560,1560,56
2005,1600,1600,23
2005,1610,1610,50
2005,1640,1640,30
2005,1650,1650,67
2005,1700,1700,9
2005,1710,1710,5
2005,1720,1720,74
2005,1740,1740,57
2005,1760,1760,59
2005,1800,1800,19
2005,1810,735,55
2005,1820,1820,40
2005,1830,1860,3
2005,1840,1840,12
2005,1860,1860,20
2005,1900,1900,8
2005,1910,1910,8
2005,1920,1920,37
2005,1930,1930,11
2005,1940,1930,5
2005,1960,1965,54
2005,2000,2000,303
2005,2010,2010,368
2005,2020,2016,131
2005,2040,2040,217
2005,2050,2050,19
2005,2060,2060,23
2005,2100,2100,361
2005,2140,2145,184
2005,2150,2160,106
2005,2200,2200,465
2005,2300,2300,249
2005,2310,2310,1133
2005,2320,2320,558
2005,2330,2330,177
2005,2340,2340,167
2005,2400,2400,17
2005,2430,2430,96
2005,2440,2440,7
2005,2540,2540,244
2005,2550,2550,42
2005,2600,2600,40
2005,2630,2630,277
2005,2700,2700,3
2005,2710,2710,48
2005,2720,2720,44
2005,2740,2740,6
2005,2750,2750,29
2005,2760,2760,2
2005,2800,2800,18
2005,2810,2810,42
2005,2820,2825,57
2005,2830,2830,63
2005,2840,2840,21
2005,2850,2850,46
2005,2860,2860,19
2005,2900,2900,34
2005,2910,2910,35
2005,2920,2920,12
2005,3000,3000,13
2005,3010,3010,17
2005,3030,3030,27
2005,3040,3040,9
2005,3050,3050,105
2005,3060,3060,306
2005,3110,3110,33
2005,3130,3255,1032
2005,3140,3140,9
2005,3150,3150,38
2005,3160,3160,83
2005,3200,3200,11
2005,3210,3210,5
2005,3220,3220,53
2005,3230,3230,36
2005,3240,3245,27
2005,3250,3250,19
2005,3260,3260,6
2005,3300,3300,180
2005,3310,3310,34
2005,3320,3320,153
2005,3400,3400,82
2005,3410,3420,151
2005,3500,3500,345
2005,3510,3510,45
2005,3520,3520,21
2005,3530,3535,55
2005,3540,3540,34
2005,3600,3600,695
2005,3610,3610,5
2005,3620,3620,22
2005,3630,3630,6
2005,3640,3640,70
2005,3650,3645,304
2005,3700,3700,31
2005,3710,3710,87
2005,3720,3720,30
2005,3730,3730,48
2005,3740,3740,182
2005,3750,3750,13
2005,3800,3800,236
2005,3820,3820,81
2005,3830,3840,7
2005,3840,3840,3
2005,3850,3850,417
2005,3860,3850,2
2005,3900,3900,4
2005,3910,3910,48
2005,3920,3930,317
2005,3940,3940,5
2005,3950,3955,11
2005,4000,4000,135
2005,4010,4010,219
2005,4020,4020,631
2005,4030,4030,156
2005,4040,4040,87
2005,4050,4050,44
2005,4060,4060,20
2005,4110,4110,335
2005,4120,4120,43
2005,4130,4130,60
2005,4140,4140,51
2005,4150,4150,16
2005,4200,4200,126
2005,4210,4210,54
2005,4220,4220,876
2005,4230,4230,476
2005,4240,4240,28
2005,4250,4250,308
2005,4300,4300,52
2005,4320,4320,31
2005,4340,4340,4
2005,4350,4350,29
2005,4400,4400,61
2005,4410,4410,3
2005,4430,4430,33
2005,4500,4500,14
2005,4510,4510,151
2005,4520,4520,35
2005,4530,4530,27
2005,4540,4540,5
2005,4550,9050,36
2005,4600,4600,182
2005,4610,4610,201
2005,4620,4620,76
2005,4640,4640,15
2005,4650,4650,8
2005,4700,4700,1377
2005,4710,4710,594
2005,4720,4720,555
2005,4740,4740,41
2005,4750,4750,62
2005,4760,4760,12
2005,4800,4800,97
2005,4810,4810,206
2005,4820,4820,163
2005,4830,4830,29
2005,4840,4840,731
2005,4850,4850,1104
2005,4900,4900,2
2005,4920,4920,200
2005,4930,4930,22
2005,4940,4940,31
2005,4950,4950,35
2005,4960,4965,74
2005,5000,5000,911
2005,5010,5010,20
2005,5020,5020,19
2005,5030,5030,4
2005,5100,5100,77
2005,5110,5110,229
2005,5120,5120,583
2005,5130,5130,6
2005,5140,5140,81
2005,5150,5150,11
2005,5160,5160,120
2005,5200,5200,9
2005,5210,5350,7
2005,5220,5220,60
2005,5230,5230,19
2005,5240,5240,754
2005,5250,5250,32
2005,5260,5260,109
2005,5300,5300,35
2005,5310,5310,50
2005,5320,5320,32
2005,5330,5330,103
2005,5340,5340,10
2005,5350,5350,54
2005,5360,5360,37
2005,5400,5400,418
2005,5410,5410,73
2005,5420,5420,40
2005,5500,5500,11
2005,5510,5510,101
2005,5520,5520,137
2005,5530,5530,21
2005,5540,5540,88
2005,5550,5550,216
2005,5560,5560,69
2005,5600,5600,166
2005,5610,5610,280
2005,5620,5620,467
2005,5630,5630,32
2005,5700,5700,1602
2005,5800,5800,92
2005,5810,5810,193
2005,5820,5820,126
2005,5830,5940,1
2005,5840,5840,142
2005,5850,5850,59
2005,5860,5860,328
2005,5900,5900,20
2005,5910,5910,4
2005,5920,5920,10
2005,5930,5940,282
2005,6000,6005,27
2005,6010,6010,12
2005,6020,6050,2
2005,6040,6040,30
2005,6050,6050,290
2005,6100,6100,4
2005,6120,6120,2
2005,6130,6130,29
2005,6200,6200,457
2005,6210,6210,5
2005,6220,6220,62
2005,6230,6230,559
2005,6240,6240,69
2005,6250,6250,41
2005,6260,6260,405
2005,6300,6300,5
2005,6320,6320,205
2005,6330,6330,67
2005,6350,6355,408
2005,6360,6360,27
2005,6400,6400,29
2005,6420,6420,169
2005,6430,6420,1
2005,6440,6440,274
2005,6500,6220,3
2005,6510,6515,70
2005,6520,6520,64
2005,6530,6530,21
2005,6600,6600,37
2005,6660,6660,53
2005,6700,6700,15
2005,6710,6710,9
2005,6720,6720,15
2005,6730,6730,52
2005,6740,6740,8
2005,6750,6765,6
2005,6760,6765,15
2005,6800,6800,19
2005,6820,6820,20
2005,6830,6830,3
2005,6840,6840,36
2005,6910,6940,3
2005,6920,6800,1
2005,6940,6940,19
2005,7000,7000,215
2005,7010,7010,198
2005,7020,7020,98
2005,7030,7030,6
2005,7040,7040,25
2005,7050,7100,2
2005,7100,7100,17
2005,7110,7110,14
2005,7120,7120,23
2005,7130,7130,25
2005,7140,7140,89
2005,7150,7150,72
2005,7160,7160,11
2005,7200,7200,379
2005,7210,7210,195
2005,7220,7220,136
2005,7240,7240,19
2005,7260,7260,33
2005,7300,7300,8
2005,7310,7315,178
2005,7320,7320,11
2005,7330,7330,273
2005,7340,7340,172
2005,7350,7350,22
2005,7360,7360,42
2005,7410,7410,69
2005,7420,7420,89
2005,7430,7430,30
2005,7510,7510,28
2005,7520,7630,2
2005,7540,7540,7
2005,7550,7630,4
2005,7560,7560,5
2005,7600,7630,1
2005,7610,7610,6
2005,7620,7630,97
2005,7700,7700,535
2005,7710,7710,3
2005,7720,7720,104
2005,7730,7730,12
2005,7740,7740,12
2005,7750,7750,591
2005,7800,7800,66
2005,7810,7810,177
2005,7830,7830,9
2005,7840,7840,37
2005,7850,7850,8
2005,7900,7900,23
2005,7920,7920,11
2005,7930,7930,7
2005,7940,7940,11
2005,7950,7950,66
2005,7960,7950,2
2005,8000,7950,36
2005,8010,7950,11
2005,8020,7950,2
2005,8030,8030,250
2005,8040,8040,9
2005,8060,8100,9
2005,8100,8100,39
2005,8120,8220,6
2005,8130,8130,58
2005,8140,8140,298
2005,8150,8220,7
2005,8160,8220,4
2005,8200,8220,16
2005,8210,8220,6
2005,8220,8220,234
2005,8230,8256,15
2005,8240,8255,26
2005,8250,8250,24
2005,8260,8255,117
2005,8300,8300,80
2005,8310,8310,41
2005,8320,8320,110
2005,8330,8330,4
2005,8340,8330,4
2005,8350,8350,28
2005,8360,8400,5
2005,8400,8400,10
2005,8410,8410,11
2005,8420,8420,22
2005,8430,8460,1
2005,8440,8460,2
2005,8450,8450,21
2005,8460,8460,12
2005,8500,8500,28
2005,8510,8510,10
2005,8530,8530,26
2005,8540,8540,26
2005,8550,8550,9
2005,8600,8600,38
2005,8610,8610,83
2005,8620,8620,56
2005,8630,8630,29
2005,8640,8640,34
2005,8650,8650,54
2005,8710,8710,48
2005,8720,8720,20
2005,8730,8730,11
2005,8740,8740,382
2005,8750,8750,21
2005,8760,8760,46
2005,8800,8800,165
2005,8810,8810,112
2005,8830,8830,20
2005,8840,8965,3
2005,8850,8850,11
2005,8860,8965,4
2005,8910,8910,4
2005,8920,8920,21
2005,8930,8930,34
2005,8940,8940,5
2005,8950,8950,18
2005,8960,8965,479
2005,9000,9000,118
2005,9030,9030,61
2005,9040,9040,28
2005,9110,9110,5
2005,9120,9120,178
2005,9130,9130,1484
2005,9140,9140,83
2005,9150,9150,10
2005,9200,9200,38
2005,9230,9260,7
2005,9240,9240,32
2005,9260,9260,3
2005,9300,9300,11
2005,9310,9310,14
2005,9330,9300,3
2005,9340,9420,5
2005,9350,9350,17
2005,9360,9360,21
2005,9410,9410,23
2005,9420,9420,6
2005,9510,9510,39
2005,9520,9520,40
2005,9560,9560,3
2005,9600,9600,243
2005,9610,9610,105
2005,9620,9620,684
2005,9630,9630,21
2005,9640,9640,175
2005,9650,9650,17
2005,9720,9720,24
2005,9740,9750,2
2005,9750,9750,26
2006,10,10,686
2006,20,20,622
2006,40,40,35
2006,50,50,490
2006,60,60,41
2006,100,100,52
2006,110,110,258
2006,120,120,648
2006,130,136,172
2006,140,140,195
2006,150,150,101
2006,160,160,159
2006,200,205,73
2006,210,205,2
2006,220,220,267
2006,230,230,391
2006,300,300,49
2006,310,310,264
2006,320,4465,15
2006,330,330,10
2006,340,340,64
2006,350,350,282
2006,360,360,8
2006,410,410,207
2006,420,420,185
2006,430,430,1499
2006,500,500,10
2006,510,510,5
2006,520,520,88
2006,530,530,171
2006,540,540,162
2006,560,565,95
2006,600,600,59
2006,620,630,383
2006,700,700,22
2006,710,710,180
2006,720,725,18
2006,730,740,97
2006,800,800,820
2006,810,810,52
2006,820,820,33
2006,830,830,19
2006,840,840,51
2006,850,850,145
2006,860,860,61
2006,900,900,6
2006,910,910,232
2006,930,930,31
2006,940,940,12
2006,950,950,12
2006,1000,1006,405
2006,1010,1010,283
2006,1020,1020,465
2006,1040,1050,169
2006,1060,1060,40
2006,1100,1105,111
2006,1110,1030,156
2006,1200,1200,14
2006,1210,1240,3
2006,1220,1220,51
2006,1230,1240,18
2006,1240,1240,2
2006,1300,1300,93
2006,1310,1310,18
2006,1320,1320,46
2006,1330,1340,2
2006,1340,1340,3
2006,1350,1350,31
2006,1360,1360,164
2006,1400,1400,45
2006,1410,1410,209
2006,1420,1420,29
2006,1430,1430,101
2006,1440,1440,8
2006,1450,1450,17
2006,1460,1460,160
2006,1500,1520,9
2006,1510,1530,2
2006,1520,1520,14
2006,1530,1530,163
2006,1540,1540,85
2006,1550,1550,230
2006,1560,1560,43
2006,1600,1600,15
2006,1610,1610,83
2006,1640,1640,26
2006,1650,1650,68
2006,1700,1700,10
2006,1710,1710,7
2006,1720,1720,66
2006,1740,1740,57
2006,1760,1760,72
2006,1800,1800,21
2006,1810,735,52
2006,1820,1820,67
2006,1830,1860,1
2006,1840,1840,12
2006,1860,1860,23
2006,1900,1900,9
2006,1910,1910,4
2006,1920,1920,40
2006,1930,1930,6
2006,1940,1930,3
2006,1960,1965,54
2006,2000,2000,296
2006,2010,2010,423
2006,2020,2016,168
2006,2040,2040,218
2006,2050,2050,19
2006,2060,2060,23
2006,2100,2100,371
2006,2140,2145,168
2006,2150,2160,107
2006,2200,2200,472
2006,2300,2300,254
2006,2310,2310,1150
2006,2320,2320,557
2006,2330,2330,183
2006,2340,2340,182
2006,2400,2400,20
2006,2430,2430,90
2006,2440,2440,11
2006,2540,2540,253
2006,2550,2550,30
2006,2600,2600,44
2006,2630,2630,272
2006,2700,2700,2
2006,2710,2710,41
2006,2720,2720,44
2006,2740,2740,4
2006,2750,2750,31
2006,2760,2760,5
2006,2800,2800,13
2006,2810,2810,36
2006,2820,2825,51
2006,2830,2830,73
2006,2840,2840,24
2006,2850,2850,46
2006,2860,2860,18
2006,2900,2900,32
2006,2910,2910,26
2006,2920,2920,9
2006,3000,3000,8
2006,3010,3010,17
2006,3030,3030,37
2006,3040,3040,3
2006,3050,3050,94
2006,3060,3060,305
2006,3110,3110,33
2006,3130,3255,1106
2006,3140,3140,9
2006,3150,3150,28
2006,3160,3160,76
2006,3200,3200,3
2006,3210,3210,11
2006,3220,3220,45
2006,3230,3230,44
2006,3240,3245,24
2006,3250,3250,19
2006,3300,3300,178
2006,3310,3310,43
2006,3320,3320,142
2006,3400,3400,67
2006,3410,3420,138
2006,3500,3500,308
2006,3510,3510,50
2006,3520,3520,23
2006,3530,3535,50
2006,3540,3540,34
2006,3600,3600,757
2006,3610,3610,3
2006,3620,3620,28
2006,3630,3630,12
2006,3640,3640,76
2006,3650,3645,327
2006,3700,3700,32
2006,3710,3710,75
2006,3720,3720,25
2006,3730,3730,44
2006,3740,3740,158
2006,3750,3750,11
2006,3800,3800,231
2006,3820,3820,86
2006,3830,3840,2
2006,3840,3840,3
2006,3850,3850,418
2006,3860,3850,1
2006,3900,3900,8
2006,3910,3910,40
2006,3920,3930,331
2006,3940,3940,4
2006,3950,3955,13
2006,4000,4000,148
2006,4010,4010,264
2006,4020,4020,592
2006,4030,4030,144
2006,4040,4040,94
2006,4050,4050,56
2006,4060,4060,18
2006,4110,4110,317
2006,4120,4120,53
2006,4130,4130,71
2006,4140,4140,74
2006,4150,4150,20
2006,4160,4130,1
2006,4200,4200,120
2006,4210,4210,68
2006,4220,4220,920
2006,4230,4230,501
2006,4240,4240,36
2006,4250,4250,354
2006,4300,4300,53
2006,4320,4320,28
2006,4340,4340,8
2006,4350,4350,20
2006,4400,4400,51
2006,4420,4420,2
2006,4430,4430,31
2006,4460,4460,3
2006,4500,4500,20
2006,4510,4510,126
2006,4520,4520,35
2006,4530,4530,26
2006,4540,4540,8
2006,4550,9050,45
2006,4600,4600,191
2006,4610,4610,207
2006,4620,4620,67
2006,4640,4640,22
2006,4650,4650,16
2006,4700,4700,1367
2006,4710,4710,561
2006,4720,4720,556
2006,4740,4740,40
2006,4750,4750,74
2006,4760,4760,22
2006,4800,4800,101
2006,4810,4810,185
2006,4820,4820,161
2006,4830,4830,22
2006,4840,4840,745
2006,4850,4850,1130
2006,4900,4900,8
2006,4920,4920,218
2006,4930,4930,26
2006,4940,4940,33
2006,4950,4950,28
2006,4960,4965,73
2006,5000,5000,866
2006,5010,5010,19
2006,5020,5020,13
2006,5030,5030,3
2006,5100,5100,103
2006,5110,5110,212
2006,5120,5120,571
2006,5130,5130,15
2006,5140,5140,78
2006,5150,5150,17
2006,5160,5160,140
2006,5200,5200,3
2006,5210,5350,1
2006,5220,5220,58
2006,5230,5230,27
2006,5240,5240,782
2006,5250,5250,41
2006,5260,5260,105
2006,5300,5300,42
2006,5310,5310,57
2006,5320,5320,28
2006,5330,5330,89
2006,5340,5340,3
2006,5350,5350,47
2006,5360,5360,40
2006,5400,5400,419
2006,5410,5410,62
2006,5420,5420,36
2006,5500,5500,5
2006,5510,5510,100
2006,5520,5520,160
2006,5530,5530,26
2006,5540,5540,89
2006,5550,5550,197
2006,5560,5560,69
2006,5600,5600,152
2006,5610,5610,278
2006,5620,5620,459
2006,5630,5630,36
2006,5700,5700,1537
2006,5800,5800,78
2006,5810,5810,195
2006,5820,5820,106
2006,5830,5940,4
2006,5840,5840,126
2006,5850,5850,49
2006,5860,5860,389
2006,5900,5900,26
2006,5910,5910,2
2006,5920,5920,13
2006,5930,5940,261
2006,6000,6005,24
2006,6010,6010,8
2006,6040,6040,36
2006,6050,6050,271
2006,6100,6100,8
2006,6120,6120,4
2006,6130,6130,26
2006,6200,6200,401
2006,6210,6210,5
2006,6220,6220,70
2006,6230,6230,606
2006,6240,6240,49
2006,6250,6250,50
2006,6260,6260,513
2006,6300,6300,7
2006,6310,6320,4
2006,6320,6320,229
2006,6330,6330,113
2006,6350,6355,387
2006,6360,6360,11
2006,6400,6400,28
2006,6420,6420,162
2006,6430,6420,1
2006,6440,6440,288
2006,6500,6220,6
2006,6510,6515,93
2006,6520,6520,64
2006,6530,6530,19
2006,6600,6600,34
2006,6660,6660,53
2006,6700,6700,17
2006,6710,6710,6
2006,6720,6720,14
2006,6730,6730,66
2006,6740,6740,5
2006,6750,6765,5
2006,6760,6765,17
2006,6800,6800,25
2006,6820,6820,11
2006,6830,6830,6
2006,6840,6840,46
2006,6920,6800,4
2006,6930,6940,3
2006,6940,6940,25
2006,7000,7000,217
2006,7010,7010,160
2006,7020,7020,118
2006,7030,7030,9
2006,7040,7040,18
2006,7050,7100,2
2006,7100,7100,9
2006,7110,7110,12
2006,7120,7120,12
2006,7130,7130,30
2006,7140,7140,98
2006,7150,7150,59
2006,7160,7160,7
2006,7200,7200,394
2006,7210,7210,188
2006,7220,7220,125
2006,7240,7240,28
2006,7260,7260,22
2006,7300,7300,13
2006,7310,7315,149
2006,7320,7320,18
2006,7330,7330,260
2006,7340,7340,253
2006,7350,7350,29
2006,7360,7360,36
2006,7410,7410,69
2006,7420,7420,86
2006,7430,7430,31
2006,7510,7510,26
2006,7520,7630,2
2006,7540,7540,10
2006,7550,7630,2
2006,7560,7560,6
2006,7600,7630,4
2006,7610,7610,14
2006,7620,7630,84
2006,7700,7700,509
2006,7710,7710,8
2006,7720,7720,103
2006,7730,7730,8
2006,7740,7740,13
2006,7750,7750,570
2006,7800,7800,69
2006,7810,7810,176
2006,7830,7830,3
2006,7840,7840,25
2006,7850,7850,3
2006,7900,7900,39
2006,7920,7920,3
2006,7930,7930,5
2006,7940,7940,6
2006,7950,7950,62
2006,7960,7950,1
2006,8000,7950,28
2006,8010,7950,8
2006,8020,7950,2
2006,8030,8030,208
2006,8040,8040,14
2006,8060,8100,6
2006,8100,8100,31
2006,8120,8220,4
2006,8130,8130,50
2006,8140,8140,285
2006,8150,8220,6
2006,8160,8220,4
2006,8200,8220,13
2006,8210,8220,6
2006,8220,8220,248
2006,8230,8256,19
2006,8240,8255,23
2006,8250,8250,20
2006,8260,8255,129
2006,8300,8300,67
2006,8310,8310,23
2006,8320,8320,134
2006,8330,8330,6
2006,8340,8330,2
2006,8350,8350,22
2006,8360,8400,5
2006,8400,8400,5
2006,8410,8410,5
2006,8420,8420,9
2006,8430,8460,2
2006,8450,8450,30
2006,8460,8460,11
2006,8500,8500,53
2006,8510,8510,12
2006,8530,8530,40
2006,8540,8540,10
2006,8550,8550,11
2006,8600,8600,31
2006,8610,8610,59
2006,8620,8620,49
2006,8630,8630,30
2006,8640,8640,32
2006,8650,8650,49
2006,8710,8710,42
2006,8720,8720,25
2006,8730,8730,9
2006,8740,8740,367
2006,8750,8750,20
2006,8760,8760,43
2006,8800,8800,150
2006,8810,8810,91
2006,8830,8830,12
2006,8840,8965,1
2006,8850,8850,6
2006,8860,8965,7
2006,8910,8910,3
2006,8920,8920,15
2006,8930,8930,26
2006,8940,8940,12
2006,8950,8950,11
2006,8960,8965,521
2006,9000,9000,145
2006,9030,9030,69
2006,9040,9040,19
2006,9110,9110,11
2006,9120,9120,166
2006,9130,9130,1574
2006,9140,9140,64
2006,9150,9150,15
2006,9200,9200,28
2006,9230,9260,4
2006,9240,9240,18
2006,9260,9260,6
2006,9300,9300,5
2006,9310,9310,17
2006,9330,9300,3
2006,9340,9420,3
2006,9350,9350,15
2006,9360,9360,25
2006,9410,9410,32
2006,9420,9420,7
2006,9500,9560,3
2006,9510,9510,27
2006,9520,9520,23
2006,9560,9560,3
2006,9600,9600,250
2006,9610,9610,111
2006,9620,9620,626
2006,9630,9630,17
2006,9640,9640,162
2006,9650,9650,17
2006,9720,9720,31
2006,9730,9750,2
2006,9740,9750,6
2006,9750,9750,15
2007,10,10,660
2007,20,20,546
2007,40,40,35
2007,50,50,475
2007,60,60,25
2007,100,100,62
2007,110,110,251
2007,120,120,601
2007,130,136,168
2007,140,140,142
2007,150,150,79
2007,160,160,130
2007,200,205,51
2007,220,220,351
2007,230,230,422
2007,300,300,62
2007,310,310,343
2007,320,4465,11
2007,330,330,2
2007,340,340,73
2007,350,350,295
2007,360,360,7
2007,410,410,176
2007,420,420,208
2007,430,430,1498
2007,500,500,9
2007,510,510,3
2007,520,520,95
2007,530,530,159
2007,540,540,168
2007,560,565,98
2007,600,600,56
2007,620,630,429
2007,700,700,29
2007,710,710,223
2007,720,725,13
2007,730,740,108
2007,800,800,885
2007,810,810,48
2007,820,820,30
2007,830,830,18
2007,840,840,35
2007,850,850,130
2007,860,860,65
2007,900,900,3
2007,910,910,268
2007,930,930,34
2007,940,940,27
2007,950,950,28
2007,1000,1006,398
2007,1010,1010,282
2007,1020,1020,488
2007,1040,1050,152
2007,1060,1060,54
2007,1100,1105,85
2007,1110,1030,185
2007,1200,1200,20
2007,1210,1240,2
2007,1220,1220,61
2007,1230,1240,14
2007,1240,1240,3
2007,1300,1300,92
2007,1310,1310,18
2007,1320,1320,71
2007,1330,1340,1
2007,1340,1340,2
2007,1350,1350,44
2007,1360,1360,213
2007,1400,1400,34
2007,1410,1410,196
2007,1420,1420,19
2007,1430,1430,94
2007,1440,1440,6
2007,1450,1450,20
2007,1460,1460,162
2007,1500,1520,6
2007,1510,1530,3
2007,1520,1520,10
2007,1530,1530,196
2007,1540,1540,79
2007,1550,1550,213
2007,1560,1560,29
2007,1600,1600,13
2007,1610,1610,61
2007,1640,1640,20
2007,1650,1650,82
2007,1700,1700,9
2007,1710,1710,6
2007,1720,1720,61
2007,1740,1740,60
2007,1760,1760,67
2007,1800,1800,21
2007,1810,735,57
2007,1820,1820,64
2007,1830,1860,3
2007,1840,1840,15
2007,1860,1860,20
2007,1900,1900,18
2007,1910,1910,10
2007,1920,1920,36
2007,1930,1930,18
2007,1940,1930,3
2007,1960,1965,44
2007,2000,2000,335
2007,2010,2010,388
2007,2020,2016,185
2007,2040,2040,223
2007,2050,2050,17
2007,2060,2060,40
2007,2100,2100,359
2007,2140,2145,157
2007,2150,2160,112
2007,2200,2200,509
2007,2300,2300,231
2007,2310,2310,1214
2007,2320,2320,574
2007,2330,2330,168
2007,2340,2340,199
2007,2400,2400,25
2007,2430,2430,94
2007,2440,2440,7
2007,2540,2540,275
2007,2550,2550,33
2007,2600,2600,34
2007,2630,2630,303
2007,2710,2710,46
2007,2720,2720,51
2007,2740,2740,2
2007,2750,2750,22
2007,2760,2760,6
2007,2800,2800,18
2007,2810,2810,38
2007,2820,2825,60
2007,2830,2830,87
2007,2840,2840,30
2007,2850,2850,45
2007,2860,2860,20
2007,2900,2900,30
2007,2910,2910,22
2007,2920,2920,10
2007,3000,3000,4
2007,3010,3010,17
2007,3030,3030,37
2007,3040,3040,6
2007,3050,3050,112
2007,3060,3060,348
2007,3110,3110,42
2007,3130,3255,1115
2007,3140,3140,3
2007,3150,3150,32
2007,3160,3160,95
2007,3200,3200,5
2007,3210,3210,10
2007,3220,3220,46
2007,3230,3230,41
2007,3240,3245,41
2007,3250,3250,22
2007,3300,3300,164
2007,3310,3310,28
2007,3320,3320,128
2007,3400,3400,66
2007,3410,3420,143
2007,3500,3500,347
2007,3510,3510,54
2007,3520,3520,27
2007,3530,3535,59
2007,3540,3540,25
2007,3600,3600,747
2007,3610,3610,4
2007,3620,3620,30
2007,3630,3630,12
2007,3640,3640,85
2007,3650,3645,327
2007,3700,3700,33
2007,3710,3710,83
2007,3720,3720,38
2007,3730,3730,48
2007,3740,3740,180
2007,3750,3750,16
2007,3800,3800,253
2007,3820,3820,88
2007,3830,3840,3
2007,3840,3840,3
2007,3850,3850,383
2007,3860,3850,1
2007,3900,3900,4
2007,3910,3910,40
2007,3920,3930,340
2007,3940,3940,7
2007,3950,3955,21
2007,4000,4000,151
2007,4010,4010,250
2007,4020,4020,605
2007,4030,4030,143
2007,4040,4040,90
2007,4050,4050,58
2007,4060,4060,15
2007,4110,4110,309
2007,4120,4120,52
2007,4130,4130,82
2007,4140,4140,54
2007,4150,4150,14
2007,4160,4130,1
2007,4200,4200,135
2007,4210,4210,76
2007,4220,4220,852
2007,4230,4230,515
2007,4240,4240,23
2007,4250,4250,310
2007,4300,4300,57
2007,4320,4320,20
2007,4340,4340,8
2007,4350,4350,20
2007,4400,4400,63
2007,4410,4410,2
2007,4420,4420,6
2007,4430,4430,23
2007,4460,4460,3
2007,4500,4500,21
2007,4510,4510,140
2007,4520,4520,69
2007,4530,4530,28
2007,4540,4540,7
2007,4550,9050,47
2007,4600,4600,175
2007,4610,4610,236
2007,4620,4620,75
2007,4640,4640,20
2007,4650,4650,20
2007,4700,4700,1306
2007,4710,4710,540
2007,4720,4720,545
2007,4740,4740,41
2007,4750,4750,79
2007,4760,4760,20
2007,4800,4800,97
2007,4810,4810,197
2007,4820,4820,163
2007,4830,4830,45
2007,4840,4840,731
2007,4850,4850,1180
2007,4900,4900,10
2007,4920,4920,259
2007,4930,4930,14
2007,4940,4940,39
2007,4950,4950,33
2007,4960,4965,69
2007,5000,5000,852
2007,5010,5010,19
2007,5020,5020,20
2007,5030,5030,5
2007,5100,5100,96
2007,5110,5110,214
2007,5120,5120,578
2007,5130,5130,9
2007,5140,5140,83
2007,5150,5150,9
2007,5160,5160,140
2007,5200,5200,5
2007,5210,5350,3
2007,5220,5220,46
2007,5230,5230,28
2007,5240,5240,813
2007,5250,5250,40
2007,5260,5260,139
2007,5300,5300,40
2007,5310,5310,53
2007,5320,5320,33
2007,5330,5330,80
2007,5340,5340,13
2007,5350,5350,48
2007,5360,5360,23
2007,5400,5400,437
2007,5410,5410,52
2007,5420,5420,65
2007,5500,5500,12
2007,5510,5510,111
2007,5520,5520,155
2007,5530,5530,23
2007,5540,5540,102
2007,5550,5550,186
2007,5560,5560,59
2007,5600,5600,146
2007,5610,5610,260
2007,5620,5620,457
2007,5630,5630,27
2007,5700,5700,1461
2007,5800,5800,71
2007,5810,5810,215
2007,5820,5820,92
2007,5830,5940,1
2007,5840,5840,117
2007,5850,5850,43
2007,5860,5860,379
2007,5900,5900,17
2007,5910,5910,8
2007,5920,5920,17
2007,5930,5940,290
2007,6000,6005,24
2007,6010,6010,12
2007,6040,6040,45
2007,6050,6050,281
2007,6100,6100,2
2007,6120,6120,3
2007,6130,6130,22
2007,6200,6200,414
2007,6210,6210,17
2007,6220,6220,81
2007,6230,6230,557
2007,6240,6240,78
2007,6250,6250,49
2007,6260,6260,580
2007,6300,6300,7
2007,6310,6320,1
2007,6320,6320,203
2007,6330,6330,108
2007,6350,6355,424
2007,6360,6360,28
2007,6400,6400,23
2007,6420,6420,187
2007,6440,6440,296
2007,6460,6460,1
2007,6500,6220,3
2007,6510,6515,79
2007,6520,6520,47
2007,6530,6530,39
2007,6600,6600,38
2007,6660,6660,53
2007,6700,6700,17
2007,6710,6710,9
2007,6720,6720,9
2007,6730,6730,58
2007,6740,6740,13
2007,6750,6765,6
2007,6760,6765,18
2007,6800,6800,30
2007,6820,6820,15
2007,6830,6830,2
2007,6840,6840,51
2007,6910,6940,1
2007,6920,6800,3
2007,6930,6940,1
2007,6940,6940,22
2007,7000,7000,189
2007,7010,7010,132
2007,7020,7020,104
2007,7030,7030,15
2007,7040,7040,10
2007,7050,7100,3
2007,7100,7100,9
2007,7110,7110,12
2007,7120,7120,27
2007,7130,7130,17
2007,7140,7140,76
2007,7150,7150,46
2007,7160,7160,3
2007,7200,7200,375
2007,7210,7210,208
2007,7220,7220,127
2007,7240,7240,20
2007,7260,7260,34
2007,7300,7300,13
2007,7310,7315,179
2007,7320,7320,18
2007,7330,7330,253
2007,7340,7340,255
2007,7350,7350,29
2007,7360,7360,34
2007,7410,7410,66
2007,7420,7420,121
2007,7430,7430,26
2007,7510,7510,26
2007,7520,7630,1
2007,7540,7540,6
2007,7550,7630,7
2007,7560,7560,7
2007,7600,7630,7
2007,7610,7610,10
2007,7620,7630,72
2007,7700,7700,561
2007,7710,7710,2
2007,7720,7720,98
2007,7730,7730,14
2007,7740,7740,13
2007,7750,7750,506
2007,7800,7800,61
2007,7810,7810,149
2007,7830,7830,4
2007,7840,7840,43
2007,7850,7850,3
2007,7900,7900,26
2007,7920,7920,9
2007,7930,7930,4
2007,7940,7940,5
2007,7950,7950,76
2007,8000,7950,23
2007,8010,7950,9
2007,8020,7950,2
2007,8030,8030,193
2007,8040,8040,14
2007,8060,8100,5
2007,8100,8100,32
2007,8120,8220,4
2007,8130,8130,47
2007,8140,8140,282
2007,8150,8220,5
2007,8160,8220,3
2007,8200,8220,8
2007,8210,8220,3
2007,8220,8220,250
2007,8230,8256,27
2007,8240,8255,24
2007,8250,8250,33
2007,8260,8255,104
2007,8300,8300,96
2007,8310,8310,31
2007,8320,8320,132
2007,8330,8330,1
2007,8340,8330,6
2007,8350,8350,17
2007,8360,8400,9
2007,8400,8400,4
2007,8410,8410,10
2007,8420,8420,10
2007,8450,8450,12
2007,8460,8460,4
2007,8500,8500,37
2007,8510,8510,4
2007,8520,8550,1
2007,8530,8530,31
2007,8540,8540,13
2007,8550,8550,13
2007,8600,8600,38
2007,8610,8610,58
2007,8620,8620,47
2007,8630,8630,30
2007,8640,8640,22
2007,8650,8650,59
2007,8710,8710,46
2007,8720,8720,8
2007,8730,8730,5
2007,8740,8740,410
2007,8750,8750,16
2007,8760,8760,47
2007,8800,8800,138
2007,8810,8810,79
2007,8830,8830,19
2007,8850,8850,5
2007,8860,8965,7
2007,8900,8965,6
2007,8920,8920,20
2007,8930,8930,38
2007,8940,8940,6
2007,8950,8950,10
2007,8960,8965,518
2007,9000,9000,112
2007,9030,9030,57
2007,9040,9040,23
2007,9110,9110,4
2007,9120,9120,164
2007,9130,9130,1547
2007,9140,9140,112
2007,9150,9150,6
2007,9200,9200,34
2007,9230,9260,3
2007,9240,9240,33
2007,9260,9260,7
2007,9300,9300,6
2007,9310,9310,15
2007,9330,9300,1
2007,9340,9420,2
2007,9350,9350,25
2007,9360,9360,21
2007,9410,9410,23
2007,9420,9420,15
2007,9500,9560,2
2007,9510,9510,21
2007,9520,9520,29
2007,9560,9560,3
2007,9600,9600,245
2007,9610,9610,100
2007,9620,9620,633
2007,9630,9630,10
2007,9640,9640,152
2007,9650,9650,15
2007,9720,9720,35
2007,9740,9750,3
2007,9750,9750,20
2008,10,10,692
2008,20,20,552
2008,40,40,28
2008,50,50,522
2008,60,60,40
2008,100,100,49
2008,110,110,282
2008,120,120,638
2008,130,136,162
2008,140,140,152
2008,150,150,105
2008,160,160,136
2008,200,205,75
2008,220,220,357
2008,230,230,400
2008,300,300,59
2008,310,310,323
2008,320,4465,11
2008,330,330,9
2008,340,340,69
2008,350,350,310
2008,360,360,8
2008,410,410,177
2008,420,420,180
2008,430,430,1443
2008,500,500,12
2008,510,510,6
2008,520,520,77
2008,530,530,161
2008,540,540,165
2008,560,565,92
2008,600,600,62
2008,620,630,424
2008,700,700,21
2008,710,710,218
2008,720,725,26
2008,730,740,90
2008,800,800,847
2008,810,810,49
2008,820,820,29
2008,830,830,10
2008,840,840,45
2008,850,850,173
2008,860,860,50
2008,900,900,2
2008,910,910,260
2008,930,930,36
2008,940,940,38
2008,950,950,25
2008,1000,1006,442
2008,1010,1010,275
2008,1020,1020,533
2008,1040,1050,204
2008,1060,1060,52
2008,1100,1105,144
2008,1110,1030,188
2008,1200,1200,14
2008,1220,1220,47
2008,1230,1240,29
2008,1240,1240,2
2008,1300,1300,80
2008,1310,1310,17
2008,1320,1320,66
2008,1330,1340,4
2008,1340,1340,8
2008,1350,1350,39
2008,1360,1360,190
2008,1400,1400,41
2008,1410,1410,209
2008,1420,1420,25
2008,1430,1430,89
2008,1440,1440,11
2008,1450,1450,19
2008,1460,1460,174
2008,1500,1520,8
2008,1510,1530,2
2008,1520,1520,12
2008,1530,1530,181
2008,1540,1540,88
2008,1550,1550,203
2008,1560,1560,38
2008,1600,1600,23
2008,1610,1610,54
2008,1640,1640,27
2008,1650,1650,59
2008,1700,1700,10
2008,1710,1710,7
2008,1720,1720,72
2008,1740,1740,49
2008,1760,1760,64
2008,1800,1800,31
2008,1810,735,59
2008,1820,1820,55
2008,1830,1860,2
2008,1840,1840,17
2008,1860,1860,20
2008,1900,1900,14
2008,1910,1910,11
2008,1920,1920,30
2008,1930,1930,9
2008,1940,1930,6
2008,1960,1965,58
2008,2000,2000,325
2008,2010,2010,399
2008,2020,2016,169
2008,2040,2040,227
2008,2050,2050,16
2008,2060,2060,32
2008,2100,2100,385
2008,2140,2145,166
2008,2150,2160,114
2008,2200,2200,508
2008,2300,2300,249
2008,2310,2310,1302
2008,2320,2320,577
2008,2330,2330,154
2008,2340,2340,209
2008,2400,2400,16
2008,2430,2430,94
2008,2440,2440,8
2008,2540,2540,275
2008,2550,2550,38
2008,2600,2600,33
2008,2630,2630,279
2008,2700,2700,3
2008,2710,2710,51
2008,2720,2720,54
2008,2750,2750,16
2008,2760,2760,7
2008,2800,2800,11
2008,2810,2810,43
2008,2820,2825,73
2008,2830,2830,77
2008,2840,2840,29
2008,2850,2850,51
2008,2860,2860,37
2008,2900,2900,36
2008,2910,2910,33
2008,2920,2920,8
2008,3000,3000,9
2008,3010,3010,15
2008,3030,3030,34
2008,3040,3040,5
2008,3050,3050,101
2008,3060,3060,331
2008,3110,3110,57
2008,3120,3120,5
2008,3130,3255,1217
2008,3140,3140,2
2008,3150,3150,34
2008,3160,3160,94
2008,3200,3200,11
2008,3210,3210,3
2008,3220,3220,51
2008,3230,3230,62
2008,3240,3245,34
2008,3250,3250,15
2008,3260,3260,3
2008,3300,3300,167
2008,3310,3310,41
2008,3320,3320,138
2008,3400,3400,73
2008,3410,3420,190
2008,3500,3500,289
2008,3510,3510,34
2008,3520,3520,24
2008,3530,3535,60
2008,3540,3540,28
2008,3600,3600,721
2008,3610,3610,2
2008,3620,3620,28
2008,3630,3630,16
2008,3640,3640,83
2008,3650,3645,327
2008,3700,3700,21
2008,3710,3710,99
2008,3720,3720,34
2008,3730,3730,52
2008,3740,3740,181
2008,3750,3750,16
2008,3800,3800,216
2008,3820,3820,102
2008,3830,3840,1
2008,3840,3840,2
2008,3850,3850,387
2008,3860,3850,1
2008,3900,3900,3
2008,3910,3910,45
2008,3920,3930,360
2008,3940,3940,7
2008,3950,3955,10
2008,4000,4000,166
2008,4010,4010,251
2008,4020,4020,600
2008,4030,4030,160
2008,4040,4040,110
2008,4050,4050,57
2008,4060,4060,21
2008,4110,4110,319
2008,4120,4120,53
2008,4130,4130,48
2008,4140,4140,72
2008,4150,4150,21
2008,4160,4130,2
2008,4200,4200,125
2008,4210,4210,37
2008,4220,4220,915
2008,4230,4230,492
2008,4240,4240,25
2008,4250,4250,330
2008,4300,4300,52
2008,4320,4320,36
2008,4340,4340,2
2008,4350,4350,19
2008,4400,4400,64
2008,4410,4410,1
2008,4420,4420,7
2008,4430,4430,27
2008,4460,4460,3
2008,4500,4500,15
2008,4510,4510,166
2008,4520,4520,63
2008,4530,4530,28
2008,4540,4540,3
2008,4550,9050,48
2008,4600,4600,197
2008,4610,4610,238
2008,4620,4620,77
2008,4640,4640,17
2008,4650,4650,19
2008,4700,4700,1443
2008,4710,4710,480
2008,4720,4720,554
2008,4740,4740,31
2008,4750,4750,64
2008,4760,4760,922
2008,4800,4800,106
2008,4810,4810,215
2008,4820,4820,156
2008,4830,4830,35
2008,4840,4840,216
2008,4850,4850,618
2008,4900,4900,12
2008,4920,4920,244
2008,4930,4930,20
2008,4940,4940,34
2008,4950,4950,29
2008,4960,4965,73
2008,5000,5000,926
2008,5010,5010,13
2008,5020,5020,20
2008,5030,5030,4
2008,5100,5100,100
2008,5110,5110,265
2008,5120,5120,588
2008,5130,5130,11
2008,5140,5140,78
2008,5150,5150,11
2008,5160,5160,143
2008,5200,5200,4
2008,5210,5350,3
2008,5220,5220,54
2008,5230,5230,39
2008,5240,5240,805
2008,5250,5250,34
2008,5260,5260,126
2008,5300,5300,32
2008,5310,5310,49
2008,5320,5320,22
2008,5330,5330,65
2008,5340,5340,14
2008,5350,5350,50
2008,5360,5360,23
2008,5400,5400,445
2008,5410,5410,67
2008,5420,5420,60
2008,5500,5500,6
2008,5510,5510,101
2008,5520,5520,149
2008,5530,5530,26
2008,5540,5540,94
2008,5550,5550,216
2008,5560,5560,51
2008,5600,5600,137
2008,5610,5610,249
2008,5620,5620,474
2008,5630,5630,35
2008,5700,5700,1501
2008,5800,5800,55
2008,5810,5810,163
2008,5820,5820,57
2008,5830,5940,3
2008,5840,5840,160
2008,5850,5850,57
2008,5860,5860,428
2008,5900,5900,21
2008,5910,5910,5
2008,5920,5920,9
2008,5930,5940,259
2008,6000,6005,23
2008,6010,6010,17
2008,6020,6050,1
2008,6040,6040,29
2008,6050,6050,284
2008,6100,6100,5
2008,6120,6120,4
2008,6130,6130,20
2008,6200,6200,392
2008,6210,6210,12
2008,6220,6220,65
2008,6230,6230,538
2008,6240,6240,73
2008,6250,6250,39
2008,6260,6260,522
2008,6300,6300,12
2008,6320,6320,214
2008,6330,6330,60
2008,6350,6355,382
2008,6360,6360,24
2008,6400,6400,20
2008,6420,6420,174
2008,6440,6440,278
2008,6460,6460,1
2008,6500,6220,5
2008,6510,6515,68
2008,6520,6520,59
2008,6530,6530,29
2008,6600,6600,34
2008,6660,6660,49
2008,6700,6700,17
2008,6710,6710,7
2008,6720,6720,8
2008,6730,6730,69
2008,6740,6740,10
2008,6750,6765,8
2008,6760,6765,22
2008,6800,6800,26
2008,6820,6820,27
2008,6830,6830,5
2008,6840,6840,38
2008,6910,6940,1
2008,6930,6940,1
2008,6940,6940,28
2008,7000,7000,173
2008,7010,7010,129
2008,7020,7020,114
2008,7030,7030,11
2008,7040,7040,18
2008,7050,7100,5
2008,7100,7100,13
2008,7110,7110,12
2008,7120,7120,26
2008,7130,7130,18
2008,7140,7140,60
2008,7150,7150,73
2008,7160,7160,8
2008,7200,7200,330
2008,7210,7210,183
2008,7220,7220,143
2008,7240,7240,20
2008,7260,7260,39
2008,7300,7300,19
2008,7310,7315,179
2008,7320,7320,25
2008,7330,7330,273
2008,7340,7340,257
2008,7350,7350,21
2008,7360,7360,32
2008,7410,7410,60
2008,7420,7420,104
2008,7430,7430,36
2008,7510,7510,17
2008,7540,7540,14
2008,7550,7630,6
2008,7560,7560,6
2008,7600,7630,3
2008,7610,7610,11
2008,7620,7630,74
2008,7700,7700,521
2008,7710,7710,7
2008,7720,7720,111
2008,7730,7730,5
2008,7740,7740,14
2008,7750,7750,488
2008,7800,7800,91
2008,7810,7810,139
2008,7830,7830,5
2008,7840,7840,37
2008,7850,7850,1
2008,7900,7900,27
2008,7920,7920,8
2008,7930,7930,4
2008,7940,7940,6
2008,7950,7950,60
2008,8000,7950,20
2008,8010,7950,8
2008,8020,7950,3
2008,8030,8030,217
2008,8040,8040,7
2008,8060,8100,1
2008,8100,8100,37
2008,8120,8220,3
2008,8130,8130,42
2008,8140,8140,311
2008,8150,8220,5
2008,8160,8220,4
2008,8200,8220,10
2008,8210,8220,3
2008,8220,8220,193
2008,8230,8256,18
2008,8240,8255,19
2008,8250,8250,21
2008,8260,8255,100
2008,8300,8300,112
2008,8310,8310,25
2008,8320,8320,107
2008,8330,8330,4
2008,8340,8330,3
2008,8350,8350,15
2008,8360,8400,3
2008,8400,8400,3
2008,8410,8410,2
2008,8420,8420,7
2008,8430,8460,1
2008,8440,8460,1
2008,8450,8450,19
2008,8460,8460,6
2008,8500,8500,39
2008,8510,8510,9
2008,8530,8530,21
2008,8540,8540,14
2008,8550,8550,8
2008,8600,8600,41
2008,8610,8610,71
2008,8620,8620,42
2008,8630,8630,21
2008,8640,8640,35
2008,8650,8650,61
2008,8710,8710,38
2008,8720,8720,15
2008,8730,8730,7
2008,8740,8740,442
2008,8750,8750,20
2008,8760,8760,49
2008,8800,8800,157
2008,8810,8810,78
2008,8830,8830,19
2008,8840,8965,1
2008,8850,8850,6
2008,8860,8965,4
2008,8910,8910,3
2008,8920,8920,19
2008,8930,8930,15
2008,8940,8940,4
2008,8950,8950,4
2008,8960,8965,523
2008,9000,9000,124
2008,9030,9030,58
2008,9040,9040,23
2008,9110,9110,2
2008,9120,9120,197
2008,9130,9130,1561
2008,9140,9140,94
2008,9150,9150,7
2008,9200,9200,36
2008,9230,9260,1
2008,9240,9240,25
2008,9260,9260,9
2008,9300,9300,10
2008,9310,9310,19
2008,9330,9300,2
2008,9340,9420,3
2008,9350,9350,13
2008,9360,9360,18
2008,9410,9410,22
2008,9420,9420,10
2008,9500,9560,3
2008,9510,9510,37
2008,9520,9520,19
2008,9600,9600,273
2008,9610,9610,98
2008,9620,9620,636
2008,9630,9630,15
2008,9640,9640,144
2008,9650,9650,10
2008,9720,9720,26
2008,9730,9750,3
2008,9740,9750,1
2008,9750,9750,23
2009,10,10,699
2009,20,20,596
2009,40,40,31
2009,50,50,517
2009,60,60,37
2009,100,100,59
2009,110,110,297
2009,120,120,701
2009,130,136,188
2009,140,140,134
2009,150,150,119
2009,160,160,133
2009,200,205,58
2009,220,220,297
2009,230,230,418
2009,300,300,72
2009,310,310,346
2009,320,4465,10
2009,330,330,18
2009,340,340,64
2009,350,350,299
2009,360,360,5
2009,410,410,158
2009,420,420,217
2009,430,430,1368
2009,500,500,12
2009,510,510,7
2009,520,520,73
2009,530,530,144
2009,540,540,162
2009,560,565,113
2009,600,600,54
2009,620,630,435
2009,700,700,11
2009,710,710,274
2009,720,725,22
2009,730,740,197
2009,800,800,853
2009,810,810,39
2009,820,820,41
2009,830,830,14
2009,840,840,39
2009,850,850,163
2009,860,860,67
2009,900,900,7
2009,910,910,204
2009,930,930,43
2009,940,940,25
2009,950,950,39
2009,1000,1006,424
2009,1010,1010,271
2009,1020,1020,554
2009,1040,1050,189
2009,1060,1060,62
2009,1100,1105,130
2009,1110,1030,236
2009,1200,1200,12
2009,1220,1220,64
2009,1230,1240,24
2009,1240,1240,2
2009,1300,1300,80
2009,1310,1310,27
2009,1320,1320,62
2009,1330,1340,4
2009,1340,1340,10
2009,1350,1350,41
2009,1360,1360,194
2009,1400,1400,36
2009,1410,1410,171
2009,1420,1420,23
2009,1430,1430,98
2009,1440,1440,4
2009,1450,1450,14
2009,1460,1460,169
2009,1500,1520,6
2009,1510,1530,1
2009,1520,1520,12
2009,1530,1530,203
2009,1540,1540,84
2009,1550,1550,223
2009,1560,1560,32
2009,1600,1600,22
2009,1610,1610,51
2009,1640,1640,15
2009,1650,1650,82
2009,1700,1700,6
2009,1710,1710,7
2009,1720,1720,80
2009,1740,1740,61
2009,1760,1760,65
2009,1800,1800,19
2009,1810,735,46
2009,1820,1820,47
2009,1830,1860,3
2009,1840,1840,15
2009,1860,1860,17
2009,1900,1900,15
2009,1910,1910,13
2009,1920,1920,35
2009,1930,1930,11
2009,1960,1965,60
2009,2000,2000,324
2009,2010,2010,379
2009,2020,2016,167
2009,2040,2040,223
2009,2050,2050,13
2009,2060,2060,22
2009,2100,2100,436
2009,2140,2145,160
2009,2150,2160,123
2009,2200,2200,499
2009,2300,2300,241
2009,2310,2310,1290
2009,2320,2320,611
2009,2330,2330,197
2009,2340,2340,184
2009,2400,2400,20
2009,2430,2430,90
2009,2440,2440,17
2009,2540,2540,294
2009,2550,2550,48
2009,2600,2600,35
2009,2630,2630,266
2009,2700,2700,3
2009,2710,2710,39
2009,2720,2720,47
2009,2750,2750,11
2009,2760,2760,1
2009,2800,2800,6
2009,2810,2810,36
2009,2820,2825,62
2009,2830,2830,69
2009,2840,2840,27
2009,2850,2850,42
2009,2860,2860,25
2009,2900,2900,32
2009,2910,2910,23
2009,2920,2920,15
2009,3000,3000,10
2009,3010,3010,16
2009,3030,3030,40
2009,3040,3040,7
2009,3050,3050,116
2009,3060,3060,333
2009,3110,3110,45
2009,3120,3120,2
2009,3130,3255,1243
2009,3140,3140,3
2009,3150,3150,34
2009,3160,3160,74
2009,3200,3200,7
2009,3210,3210,8
2009,3220,3220,54
2009,3230,3230,64
2009,3240,3245,40
2009,3250,3250,22
2009,3260,3260,1
2009,3300,3300,149
2009,3310,3310,32
2009,3320,3320,156
2009,3400,3400,80
2009,3410,3420,180
2009,3500,3500,320
2009,3510,3510,62
2009,3520,3520,25
2009,3530,3535,64
2009,3540,3540,29
2009,3600,3600,778
2009,3610,3610,6
2009,3620,3620,25
2009,3630,3630,14
2009,3640,3640,86
2009,3650,3645,317
2009,3700,3700,39
2009,3710,3710,73
2009,3720,3720,34
2009,3730,3730,44
2009,3740,3740,157
2009,3750,3750,14
2009,3800,3800,239
2009,3820,3820,79
2009,3830,3840,5
2009,3840,3840,7
2009,3850,3850,406
2009,3860,3850,3
2009,3900,3900,1
2009,3910,3910,36
2009,3920,3930,364
2009,3940,3940,7
2009,3950,3955,6
2009,4000,4000,146
2009,4010,4010,202
2009,4020,4020,608
2009,4030,4030,134
2009,4040,4040,110
2009,4050,4050,64
2009,4060,4060,13
2009,4110,4110,320
2009,4120,4120,39
2009,4130,4130,65
2009,4140,4140,48
2009,4150,4150,15
2009,4160,4130,2
2009,4200,4200,126
2009,4210,4210,50
2009,4220,4220,854
2009,4230,4230,458
2009,4240,4240,27
2009,4250,4250,257
2009,4300,4300,66
2009,4320,4320,33
2009,4340,4340,5
2009,4350,4350,36
2009,4400,4400,54
2009,4410,4410,2
2009,4420,4420,5
2009,4430,4430,34
2009,4500,4500,10
2009,4510,4510,157
2009,4520,4520,60
2009,4530,4530,31
2009,4540,4540,8
2009,4550,9050,39
2009,4600,4600,172
2009,4610,4610,269
2009,4620,4620,68
2009,4640,4640,22
2009,4650,4650,17
2009,4700,4700,1416
2009,4710,4710,517
2009,4720,4720,565
2009,4740,4740,39
2009,4750,4750,47
2009,4760,4760,816
2009,4800,4800,95
2009,4810,4810,226
2009,4820,4820,121
2009,4830,4830,23
2009,4840,4840,222
2009,4850,4850,645
2009,4900,4900,13
2009,4920,4920,228
2009,4930,4930,22
2009,4940,4940,25
2009,4950,4950,22
2009,4960,4965,80
2009,5000,5000,867
2009,5010,5010,16
2009,5020,5020,17
2009,5030,5030,8
2009,5100,5100,90
2009,5110,5110,252
2009,5120,5120,564
2009,5130,5130,10
2009,5140,5140,81
2009,5150,5150,14
2009,5160,5160,139
2009,5200,5200,2
2009,5210,5350,4
2009,5220,5220,52
2009,5230,5230,36
2009,5240,5240,789
2009,5250,5250,36
2009,5260,5260,119
2009,5300,5300,31
2009,5310,5310,49
2009,5320,5320,20
2009,5330,5330,51
2009,5340,5340,9
2009,5350,5350,51
2009,5360,5360,19
2009,5400,5400,433
2009,5410,5410,48
2009,5420,5420,55
2009,5500,5500,13
2009,5510,5510,92
2009,5520,5520,139
2009,5530,5530,22
2009,5540,5540,94
2009,5550,5550,188
2009,5560,5560,46
2009,5600,5600,156
2009,5610,5610,216
2009,5620,5620,443
2009,5630,5630,18
2009,5700,5700,1426
2009,5800,5800,62
2009,5810,5810,148
2009,5820,5820,73
2009,5830,5940,1
2009,5840,5840,120
2009,5850,5850,36
2009,5860,5860,360
2009,5900,5900,11
2009,5910,5910,3
2009,5920,5920,11
2009,5930,5940,235
2009,6000,6005,28
2009,6010,6010,15
2009,6020,6050,2
2009,6040,6040,36
2009,6050,6050,231
2009,6100,6100,4
2009,6120,6120,5
2009,6130,6130,21
2009,6200,6200,364
2009,6210,6210,11
2009,6220,6220,53
2009,6230,6230,390
2009,6240,6240,52
2009,6250,6250,24
2009,6260,6260,445
2009,6300,6300,3
2009,6310,6320,1
2009,6320,6320,218
2009,6330,6330,75
2009,6350,6355,350
2009,6360,6360,26
2009,6400,6400,20
2009,6420,6420,124
2009,6430,6420,2
2009,6440,6440,265
2009,6460,6460,11
2009,6500,6220,7
2009,6510,6515,45
2009,6520,6520,60
2009,6530,6530,26
2009,6600,6600,15
2009,6660,6660,51
2009,6700,6700,15
2009,6710,6710,8
2009,6720,6720,14
2009,6730,6730,70
2009,6740,6740,11
2009,6750,6765,2
2009,6760,6765,16
2009,6800,6800,17
2009,6820,6820,17
2009,6830,6830,2
2009,6840,6840,55
2009,6910,6940,4
2009,6920,6800,4
2009,6930,6940,8
2009,6940,6940,38
2009,7000,7000,214
2009,7010,7010,149
2009,7020,7020,103
2009,7030,7030,9
2009,7040,7040,20
2009,7050,7100,1
2009,7100,7100,6
2009,7110,7110,13
2009,7120,7120,24
2009,7130,7130,34
2009,7140,7140,72
2009,7150,7150,80
2009,7160,7160,15
2009,7200,7200,335
2009,7210,7210,173
2009,7220,7220,156
2009,7240,7240,18
2009,7260,7260,27
2009,7300,7300,7
2009,7310,7315,178
2009,7320,7320,14
2009,7330,7330,231
2009,7340,7340,228
2009,7350,7350,18
2009,7360,7360,29
2009,7410,7410,85
2009,7420,7420,106
2009,7430,7430,34
2009,7510,7510,21
2009,7520,7630,3
2009,7540,7540,12
2009,7560,7560,8
2009,7600,7630,2
2009,7610,7610,3
2009,7620,7630,72
2009,7700,7700,452
2009,7710,7710,8
2009,7720,7720,92
2009,7730,7730,9
2009,7740,7740,10
2009,7750,7750,443
2009,7800,7800,67
2009,7810,7810,153
2009,7830,7830,9
2009,7840,7840,32
2009,7850,7850,8
2009,7900,7900,39
2009,7920,7920,4
2009,7930,7930,7
2009,7940,7940,5
2009,7950,7950,55
2009,7960,7950,2
2009,8000,7950,20
2009,8010,7950,10
2009,8020,7950,2
2009,8030,8030,213
2009,8040,8040,12
2009,8060,8100,4
2009,8100,8100,19
2009,8120,8220,7
2009,8130,8130,24
2009,8140,8140,317
2009,8150,8220,3
2009,8160,8220,8
2009,8200,8220,6
2009,8210,8220,3
2009,8220,8220,156
2009,8230,8256,22
2009,8240,8255,23
2009,8250,8250,27
2009,8260,8255,98
2009,8300,8300,66
2009,8310,8310,24
2009,8320,8320,84
2009,8330,8330,4
2009,8340,8330,2
2009,8350,8350,14
2009,8360,8400,2
2009,8400,8400,4
2009,8410,8410,2
2009,8420,8420,5
2009,8440,8460,1
2009,8450,8450,13
2009,8460,8460,2
2009,8500,8500,30
2009,8510,8510,9
2009,8530,8530,20
2009,8540,8540,17
2009,8550,8550,7
2009,8600,8600,22
2009,8610,8610,53
2009,8620,8620,31
2009,8630,8630,22
2009,8640,8640,27
2009,8650,8650,62
2009,8710,8710,35
2009,8720,8720,17
2009,8730,8730,5
2009,8740,8740,367
2009,8750,8750,12
2009,8760,8760,41
2009,8800,8800,131
2009,8810,8810,84
2009,8830,8830,22
2009,8840,8965,2
2009,8850,8850,5
2009,8860,8965,3
2009,8900,8965,1
2009,8910,8910,6
2009,8920,8920,19
2009,8930,8930,18
2009,8940,8940,12
2009,8950,8950,13
2009,8960,8965,415
2009,9000,9000,128
2009,9030,9030,55
2009,9040,9040,22
2009,9110,9110,4
2009,9120,9120,211
2009,9130,9130,1498
2009,9140,9140,99
2009,9150,9150,11
2009,9200,9200,44
2009,9230,9260,6
2009,9240,9240,41
2009,9260,9260,3
2009,9300,9300,11
2009,9310,9310,19
2009,9330,9300,2
2009,9340,9420,1
2009,9350,9350,23
2009,9360,9360,23
2009,9410,9410,26
2009,9420,9420,8
2009,9500,9560,3
2009,9510,9510,38
2009,9520,9520,20
2009,9560,9560,3
2009,9600,9600,270
2009,9610,9610,109
2009,9620,9620,606
2009,9630,9630,18
2009,9640,9640,153
2009,9650,9650,13
2009,9720,9720,25
2009,9730,9750,2
2009,9740,9750,1
2009,9750,9750,22
2010,10,10,657
2010,20,20,553
2010,40,40,33
2010,50,50,493
2010,60,60,51
2010,100,100,69
2010,110,110,328
2010,120,120,668
2010,130,136,176
2010,140,140,148
2010,150,150,120
2010,160,160,141
2010,200,205,63
2010,220,220,292
2010,230,230,419
2010,300,300,58
2010,310,310,312
2010,320,4465,15
2010,330,330,19
2010,340,340,38
2010,350,350,301
2010,360,360,10
2010,410,410,175
2010,420,420,182
2010,430,430,1228
2010,500,500,10
2010,510,510,4
2010,520,520,73
2010,530,530,142
2010,540,540,148
2010,560,565,111
2010,600,600,73
2010,620,630,451
2010,700,700,37
2010,710,710,227
2010,720,725,20
2010,730,740,109
2010,800,800,826
2010,810,810,33
2010,820,820,44
2010,830,830,10
2010,840,840,53
2010,850,850,157
2010,860,860,67
2010,900,900,8
2010,910,910,189
2010,930,930,60
2010,940,940,20
2010,950,950,41
2010,1000,1006,402
2010,1010,1010,260
2010,1020,1020,568
2010,1040,1050,204
2010,1060,1060,57
2010,1100,1105,128
2010,1110,1030,185
2010,1200,1200,13
2010,1210,1240,3
2010,1220,1220,76
2010,1230,1240,20
2010,1240,1240,1
2010,1300,1300,81
2010,1310,1310,14
2010,1320,1320,61
2010,1330,1340,5
2010,1340,1340,8
2010,1350,1350,36
2010,1360,1360,165
2010,1400,1400,34
2010,1410,1410,209
2010,1420,1420,17
2010,1430,1430,86
2010,1440,1440,9
2010,1450,1450,19
2010,1460,1460,140
2010,1500,1520,5
2010,1510,1530,4
2010,1520,1520,12
2010,1530,1530,168
2010,1540,1540,54
2010,1550,1550,212
2010,1560,1560,38
2010,1600,1600,14
2010,1610,1610,61
2010,1640,1640,10
2010,1650,1650,78
2010,1700,1700,7
2010,1710,1710,2
2010,1720,1720,60
2010,1740,1740,63
2010,1760,1760,67
2010,1800,1800,14
2010,1810,735,70
2010,1820,1820,56
2010,1830,1860,2
2010,1840,1840,12
2010,1860,1860,24
2010,1900,1900,14
2010,1910,1910,9
2010,1920,1920,31
2010,1930,1930,13
2010,1940,1930,1
2010,1960,1965,53
2010,2000,2000,312
2010,2010,2010,433
2010,2020,2016,191
2010,2040,2040,206
2010,2050,2050,18
2010,2060,2060,27
2010,2100,2100,417
2010,2140,2145,174
2010,2150,2160,112
2010,2200,2200,521
2010,2300,2300,265
2010,2310,2310,1261
2010,2320,2320,586
2010,2330,2330,185
2010,2340,2340,176
2010,2400,2400,17
2010,2430,2430,78
2010,2440,2440,9
2010,2540,2540,286
2010,2550,2550,51
2010,2600,2600,44
2010,2630,2630,262
2010,2700,2700,1
2010,2710,2710,35
2010,2720,2720,61
2010,2740,2740,2
2010,2750,2750,18
2010,2760,2760,1
2010,2800,2800,13
2010,2810,2810,49
2010,2820,2825,59
2010,2830,2830,73
2010,2840,2840,21
2010,2850,2850,58
2010,2860,2860,27
2010,2900,2900,43
2010,2910,2910,21
2010,2920,2920,19
2010,2960,2900,1
2010,3000,3000,4
2010,3010,3010,18
2010,3030,3030,39
2010,3040,3040,10
2010,3050,3050,124
2010,3060,3060,301
2010,3110,3110,51
2010,3120,3120,1
2010,3130,3255,1257
2010,3140,3140,5
2010,3150,3150,42
2010,3160,3160,87
2010,3200,3200,8
2010,3210,3210,8
2010,3220,3220,75
2010,3230,3230,56
2010,3240,3245,41
2010,3250,3250,21
2010,3260,3260,3
2010,3300,3300,155
2010,3310,3310,30
2010,3320,3320,172
2010,3400,3400,94
2010,3410,3420,211
2010,3500,3500,326
2010,3510,3510,62
2010,3520,3520,25
2010,3530,3535,71
2010,3540,3540,35
2010,3600,3600,758
2010,3610,3610,3
2010,3620,3620,28
2010,3630,3630,27
2010,3640,3640,111
2010,3650,3645,362
2010,3700,3700,25
2010,3710,3710,62
2010,3720,3720,29
2010,3730,3730,55
2010,3740,3740,173
2010,3750,3750,14
2010,3800,3800,232
2010,3820,3820,93
2010,3830,3840,6
2010,3840,3840,5
2010,3850,3850,439
2010,3860,3850,5
2010,3900,3900,4
2010,3910,3910,47
2010,3920,3930,382
2010,3940,3940,4
2010,3950,3955,11
2010,4000,4000,135
2010,4010,4010,235
2010,4020,4020,624
2010,4030,4030,116
2010,4040,4040,104
2010,4050,4050,56
2010,4060,4060,23
2010,4110,4110,316
2010,4120,4120,40
2010,4130,4130,56
2010,4140,4140,49
2010,4150,4150,6
2010,4160,4130,1
2010,4200,4200,123
2010,4210,4210,64
2010,4220,4220,853
2010,4230,4230,465
2010,4240,4240,25
2010,4250,4250,253
2010,4300,4300,65
2010,4320,4320,40
2010,4340,4340,5
2010,4350,4350,38
2010,4400,4400,70
2010,4420,4420,5
2010,4430,4430,26
2010,4460,4460,4
2010,4500,4500,7
2010,4510,4510,154
2010,4520,4520,65
2010,4530,4530,25
2010,4540,4540,12
2010,4550,9050,41
2010,4600,4600,174
2010,4610,4610,248
2010,4620,4620,93
2010,4640,4640,23
2010,4650,4650,18
2010,4700,4700,1265
2010,4710,4710,422
2010,4720,4720,562
2010,4740,4740,46
2010,4750,4750,60
2010,4760,4760,819
2010,4800,4800,89
2010,4810,4810,209
2010,4820,4820,125
2010,4830,4830,26
2010,4840,4840,222
2010,4850,4850,594
2010,4900,4900,7
2010,4920,4920,194
2010,4930,4930,13
2010,4940,4940,19
2010,4950,4950,18
2010,4960,4965,90
2010,5000,5000,832
2010,5010,5010,16
2010,5020,5020,17
2010,5030,5030,4
2010,5100,5100,93
2010,5110,5110,244
2010,5120,5120,546
2010,5130,5130,3
2010,5140,5140,83
2010,5150,5150,14
2010,5160,5160,151
2010,5200,5200,2
2010,5210,5350,6
2010,5220,5220,59
2010,5230,5230,17
2010,5240,5240,752
2010,5250,5250,45
2010,5260,5260,114
2010,5300,5300,29
2010,5310,5310,67
2010,5320,5320,16
2010,5330,5330,52
2010,5340,5340,14
2010,5350,5350,45
2010,5360,5360,18
2010,5400,5400,437
2010,5410,5410,46
2010,5420,5420,61
2010,5500,5500,7
2010,5510,5510,93
2010,5520,5520,143
2010,5530,5530,20
2010,5540,5540,71
2010,5550,5550,200
2010,5560,5560,50
2010,5600,5600,150
2010,5610,5610,245
2010,5620,5620,433
2010,5630,5630,38
2010,5700,5700,1440
2010,5800,5800,50
2010,5810,5810,143
2010,5820,5820,71
2010,5840,5840,123
2010,5850,5850,43
2010,5860,5860,377
2010,5900,5900,21
2010,5910,5910,2
2010,5920,5920,5
2010,5930,5940,243
2010,6000,6005,16
2010,6010,6010,14
2010,6020,6050,3
2010,6040,6040,48
2010,6050,6050,228
2010,6100,6100,1
2010,6110,6100,1
2010,6120,6120,5
2010,6130,6130,21
2010,6200,6200,319
2010,6210,6210,7
2010,6220,6220,46
2010,6230,6230,313
2010,6240,6240,39
2010,6250,6250,22
2010,6260,6260,339
2010,6300,6300,3
2010,6310,6320,3
2010,6320,6320,193
2010,6330,6330,47
2010,6350,6355,334
2010,6360,6360,27
2010,6400,6400,13
2010,6420,6420,105
2010,6440,6440,219
2010,6460,6460,14
2010,6500,6220,3
2010,6510,6515,55
2010,6520,6520,41
2010,6530,6530,29
2010,6600,6600,16
2010,6660,6660,43
2010,6700,6700,26
2010,6710,6710,13
2010,6720,6720,14
2010,6730,6730,67
2010,6740,6740,8
2010,6750,6765,2
2010,6760,6765,7
2010,6800,6800,20
2010,6820,6820,8
2010,6830,6830,3
2010,6840,6840,46
2010,6910,6940,5
2010,6920,6800,4
2010,6930,6940,1
2010,6940,6940,28
2010,7000,7000,243
2010,7010,7010,140
2010,7020,7020,83
2010,7030,7030,6
2010,7040,7040,14
2010,7050,7100,4
2010,7100,7100,10
2010,7110,7110,5
2010,7120,7120,23
2010,7130,7130,30
2010,7140,7140,67
2010,7150,7150,57
2010,7160,7160,7
2010,7200,7200,336
2010,7210,7210,166
2010,7220,7220,141
2010,7240,7240,19
2010,7260,7260,32
2010,7300,7300,16
2010,7310,7315,160
2010,7320,7320,12
2010,7330,7330,277
2010,7340,7340,189
2010,7350,7350,17
2010,7360,7360,19
2010,7410,7410,68
2010,7420,7420,93
2010,7430,7430,26
2010,7510,7510,27
2010,7540,7540,12
2010,7550,7630,4
2010,7560,7560,5
2010,7600,7630,1
2010,7610,7610,4
2010,7620,7630,73
2010,7700,7700,419
2010,7710,7710,9
2010,7720,7720,59
2010,7730,7730,12
2010,7740,7740,14
2010,7750,7750,295
2010,7800,7800,68
2010,7810,7810,192
2010,7830,7830,6
2010,7840,7840,34
2010,7850,7850,5
2010,7900,7900,21
2010,7920,7920,6
2010,7930,7930,4
2010,7940,7940,3
2010,7950,7950,36
2010,7960,7950,3
2010,8000,7950,13
2010,8010,7950,3
2010,8020,7950,5
2010,8030,8030,176
2010,8040,8040,12
2010,8060,8100,3
2010,8100,8100,16
2010,8120,8220,3
2010,8130,8130,20
2010,8140,8140,243
2010,8150,8220,6
2010,8160,8220,4
2010,8200,8220,9
2010,8210,8220,2
2010,8220,8220,151
2010,8230,8256,9
2010,8240,8255,21
2010,8250,8250,23
2010,8260,8255,68
2010,8300,8300,76
2010,8310,8310,26
2010,8320,8320,83
2010,8330,8330,3
2010,8340,8330,2
2010,8350,8350,14
2010,8360,8400,5
2010,8400,8400,2
2010,8410,8410,5
2010,8420,8420,2
2010,8440,8460,3
2010,8450,8450,12
2010,8460,8460,4
2010,8500,8500,27
2010,8510,8510,9
2010,8530,8530,7
2010,8540,8540,6
2010,8550,8550,6
2010,8600,8600,21
2010,8610,8610,54
2010,8620,8620,34
2010,8630,8630,21
2010,8640,8640,24
2010,8650,8650,50
2010,8710,8710,39
2010,8720,8720,20
2010,8730,8730,5
2010,8740,8740,308
2010,8750,8750,9
2010,8760,8760,35
2010,8800,8800,122
2010,8810,8810,67
2010,8830,8830,16
2010,8840,8965,4
2010,8850,8850,2
2010,8860,8965,9
2010,8900,8965,7
2010,8910,8910,7
2010,8920,8920,8
2010,8930,8930,20
2010,8940,8940,9
2010,8950,8950,11
2010,8960,8965,434
2010,9000,9000,126
2010,9030,9030,43
2010,9040,9040,30
2010,9110,9110,2
2010,9120,9120,192
2010,9130,9130,1338
2010,9140,9140,113
2010,9150,9150,9
2010,9200,9200,39
2010,9230,9260,3
2010,9240,9240,35
2010,9260,9260,5
2010,9300,9300,4
2010,9310,9310,13
2010,9330,9300,3
2010,9340,9420,1
2010,9350,9350,27
2010,9360,9360,23
2010,9410,9410,24
2010,9420,9420,3
2010,9500,9560,3
2010,9510,9510,29
2010,9520,9520,18
2010,9560,9560,2
2010,9600,9600,233
2010,9610,9610,107
2010,9620,9620,494
2010,9630,9630,10
2010,9640,9640,174
2010,9650,9650,11
2010,9720,9720,29
2010,9730,9750,1
2010,9740,9750,3
2010,9750,9750,21
2011,10,10,636
2011,20,20,529
2011,40,40,31
2011,50,50,513
2011,60,60,44
2011,100,100,65
2011,110,110,351
2011,120,120,642
2011,135,135,15
2011,136,136,129
2011,137,137,21
2011,140,140,164
2011,150,150,113
2011,160,160,130
2011,205,205,66
2011,220,220,277
2011,230,230,441
2011,300,300,50
2011,310,310,333
2011,325,430,4
2011,330,330,14
2011,340,340,53
2011,350,350,280
2011,360,360,8
2011,410,410,164
2011,420,420,197
2011,430,430,1282
2011,500,500,5
2011,510,510,6
2011,520,520,39
2011,530,530,182
2011,540,540,154
2011,565,565,106
2011,600,600,49
2011,630,630,290
2011,640,640,37
2011,650,650,73
2011,700,700,32
2011,710,710,288
2011,725,725,41
2011,726,726,34
2011,735,735,75
2011,740,740,129
2011,800,800,805
2011,810,810,20
2011,820,820,41
2011,830,830,11
2011,840,840,39
2011,850,850,135
2011,860,860,74
2011,900,900,3
2011,910,910,212
2011,930,930,47
2011,940,940,27
2011,950,950,40
2011,1005,1005,5
2011,1006,1006,247
2011,1007,1007,24
2011,1010,1010,237
2011,1020,1020,545
2011,1030,1030,67
2011,1050,1050,254
2011,1060,1060,80
2011,1105,1105,139
2011,1106,1106,45
2011,1107,1107,138
2011,1200,1200,9
2011,1210,1240,1
2011,1220,1220,81
2011,1230,1240,20
2011,1240,1240,4
2011,1300,1300,68
2011,1310,1310,15
2011,1320,1320,73
2011,1330,1340,3
2011,1340,1340,5
2011,1350,1350,44
2011,1360,1360,201
2011,1400,1400,45
2011,1410,1410,187
2011,1420,1420,24
2011,1430,1430,92
2011,1440,1440,7
2011,1450,1450,18
2011,1460,1460,165
2011,1500,1520,8
2011,1510,1530,8
2011,1520,1520,7
2011,1530,1530,164
2011,1540,1540,67
2011,1550,1550,219
2011,1560,1560,30
2011,1600,1600,14
2011,1610,1610,68
2011,1640,1640,19
2011,1650,1650,80
2011,1700,1700,8
2011,1710,1710,3
2011,1720,1720,53
2011,1740,1740,63
2011,1760,1760,111
2011,1800,1800,23
2011,1820,1820,52
2011,1840,1840,15
2011,1860,1860,40
2011,1900,1900,3
2011,1910,1910,9
2011,1920,1920,32
2011,1930,1930,12
2011,1940,1930,3
2011,1965,1965,57
2011,2000,2000,314
2011,2010,2010,438
2011,2015,2015,59
2011,2016,2016,61
2011,2025,2025,35
2011,2040,2040,186
2011,2050,2050,24
2011,2060,2060,23
2011,2100,2100,452
2011,2105,2105,2
2011,2145,2145,181
2011,2160,2160,84
2011,2200,2200,539
2011,2300,2300,254
2011,2310,2310,1254
2011,2320,2320,533
2011,2330,2330,184
2011,2340,2340,192
2011,2400,2400,15
2011,2430,2430,70
2011,2440,2440,5
2011,2540,2540,265
2011,2550,2550,60
2011,2600,2600,27
2011,2630,2630,225
2011,2700,2700,1
2011,2710,2710,44
2011,2720,2720,47
2011,2750,2750,19
2011,2760,2760,4
2011,2800,2800,23
2011,2810,2810,47
2011,2825,2825,74
2011,2830,2830,73
2011,2840,2840,20
2011,2850,2850,43
2011,2860,2860,27
2011,2900,2900,37
2011,2910,2910,15
2011,2920,2920,11
2011,3000,3000,4
2011,3010,3010,16
2011,3030,3030,49
2011,3040,3040,6
2011,3050,3050,126
2011,3060,3060,312
2011,3110,3110,38
2011,3140,3140,10
2011,3150,3150,44
2011,3160,3160,85
2011,3200,3200,9
2011,3210,3210,9
2011,3220,3220,52
2011,3230,3230,41
2011,3235,3245,1
2011,3245,3245,61
2011,3250,3250,17
2011,3255,3255,1258
2011,3256,3256,17
2011,3258,3258,37
2011,3260,3260,1
2011,3300,3300,164
2011,3310,3310,42
2011,3320,3320,154
2011,3400,3400,70
2011,3420,3420,203
2011,3500,3500,239
2011,3510,3510,57
2011,3520,3520,17
2011,3535,3535,59
2011,3540,3540,43
2011,3600,3600,730
2011,3610,3610,4
2011,3620,3620,27
2011,3630,3630,18
2011,3640,3640,104
2011,3645,3645,157
2011,3646,3646,20
2011,3647,3647,10
2011,3648,3648,20
2011,3649,3649,42
2011,3655,3655,40
2011,3700,3700,22
2011,3710,3710,74
2011,3720,3720,33
2011,3730,3730,53
2011,3740,3740,167
2011,3750,3750,8
2011,3800,3800,256
2011,3820,3820,99
2011,3830,3840,4
2011,3840,3840,5
2011,3850,3850,412
2011,3860,3850,4
2011,3910,3910,52
2011,3930,3930,352
2011,3940,3940,11
2011,3945,3945,11
2011,3955,3955,15
2011,4000,4000,147
2011,4010,4010,182
2011,4020,4020,610
2011,4030,4030,137
2011,4040,4040,122
2011,4050,4050,65
2011,4060,4060,20
2011,4110,4110,329
2011,4120,4120,30
2011,4130,4130,41
2011,4140,4140,57
2011,4150,4150,8
2011,4200,4200,125
2011,4210,4210,53
2011,4220,4220,819
2011,4230,4230,497
2011,4240,4240,19
2011,4250,4250,290
2011,4300,4300,47
2011,4320,4320,44
2011,4340,4340,7
2011,4350,4350,23
2011,4400,4400,48
2011,4410,4410,1
2011,4420,4420,3
2011,4430,4430,28
2011,4465,4465,10
2011,4500,4500,21
2011,4510,4510,160
2011,4520,4520,70
2011,4530,4530,35
2011,4540,4540,6
2011,4600,4600,176
2011,4610,4610,288
2011,4620,4620,74
2011,4640,4640,25
2011,4650,4650,14
2011,4700,4700,1274
2011,4710,4710,423
2011,4720,4720,535
2011,4740,4740,43
2011,4750,4750,48
2011,4760,4760,772
2011,4800,4800,109
2011,4810,4810,206
2011,4820,4820,133
2011,4830,4830,30
2011,4840,4840,176
2011,4850,4850,633
2011,4920,4920,174
2011,4930,4930,14
2011,4940,4940,22
2011,4950,4950,19
2011,4965,4965,52
2011,5000,5000,789
2011,5010,5010,19
2011,5020,5020,13
2011,5030,5030,7
2011,5100,5100,67
2011,5110,5110,213
2011,5120,5120,468
2011,5130,5130,5
2011,5140,5140,51
2011,5150,5150,10
2011,5160,5160,145
2011,5165,5165,22
2011,5200,5200,2
2011,5210,5350,4
2011,5220,5220,51
2011,5230,5230,31
2011,5240,5240,760
2011,5250,5250,58
2011,5260,5260,119
2011,5300,5300,42
2011,5310,5310,56
2011,5320,5320,13
2011,5330,5330,56
2011,5340,5340,16
2011,5350,5350,41
2011,5360,5360,18
2011,5400,5400,405
2011,5410,5410,38
2011,5420,5420,50
2011,5500,5500,2
2011,5510,5510,86
2011,5520,5520,137
2011,5530,5530,11
2011,5540,5540,74
2011,5550,5550,204
2011,5560,5560,33
2011,5600,5600,124
2011,5610,5610,262
2011,5620,5620,474
2011,5630,5630,36
2011,5700,5700,1285
2011,5800,5800,47
2011,5810,5810,142
2011,5820,5820,51
2011,5840,5840,139
2011,5850,5850,43
2011,5860,5860,405
2011,5900,5900,20
2011,5910,5910,2
2011,5920,5920,8
2011,5940,5940,220
2011,6005,6005,15
2011,6010,6010,7
2011,6020,6050,2
2011,6040,6040,56
2011,6050,6050,243
2011,6100,6100,4
2011,6120,6120,3
2011,6130,6130,16
2011,6200,6200,286
2011,6210,6210,10
2011,6220,6220,30
2011,6230,6230,329
2011,6240,6240,31
2011,6250,6250,15
2011,6260,6260,343
2011,6300,6300,6
2011,6320,6320,175
2011,6330,6330,51
2011,6355,6355,301
2011,6360,6360,19
2011,6400,6400,13
2011,6420,6420,104
2011,6430,6420,1
2011,6440,6440,213
2011,6460,6460,6
2011,6500,6220,1
2011,6515,6515,41
2011,6520,6520,57
2011,6530,6530,32
2011,6600,6600,13
2011,6660,6660,39
2011,6700,6700,22
2011,6710,6710,10
2011,6720,6720,13
2011,6730,6730,59
2011,6740,6740,7
2011,6750,6765,7
2011,6765,6765,7
2011,6800,6800,20
2011,6820,6820,8
2011,6830,6830,5
2011,6840,6840,62
2011,6910,6940,1
2011,6920,6800,10
2011,6930,6940,1
2011,6940,6940,33
2011,7000,7000,178
2011,7010,7010,139
2011,7020,7020,92
2011,7030,7030,7
2011,7040,7040,22
2011,7050,7100,2
2011,7100,7100,10
2011,7110,7110,11
2011,7120,7120,9
2011,7130,7130,23
2011,7140,7140,75
2011,7150,7150,50
2011,7160,7160,5
2011,7200,7200,330
2011,7210,7210,156
2011,7220,7220,107
2011,7240,7240,19
2011,7260,7260,33
2011,7300,7300,14
2011,7315,7315,150
2011,7320,7320,9
2011,7330,7330,231
2011,7340,7340,227
2011,7350,7350,17
2011,7360,7360,30
2011,7410,7410,62
2011,7420,7420,97
2011,7430,7430,30
2011,7440,7630,2
2011,7510,7510,18
2011,7540,7540,9
2011,7550,7630,3
2011,7560,7560,7
2011,7600,7630,3
2011,7610,7610,2
2011,7630,7630,45
2011,7700,7700,423
2011,7710,7710,9
2011,7720,7720,70
2011,7730,7730,11
2011,7740,7740,13
2011,7750,7750,334
2011,7800,7800,63
2011,7810,7810,175
2011,7830,7830,9
2011,7840,7840,40
2011,7850,7850,6
2011,7855,7855,59
2011,7900,7900,31
2011,7920,7920,5
2011,7930,7930,2
2011,7940,7940,5
2011,7950,7950,39
2011,7960,7950,7
2011,8000,7950,21
2011,8010,7950,7
2011,8020,7950,1
2011,8030,8030,240
2011,8040,8040,6
2011,8060,8100,1
2011,8100,8100,21
2011,8120,8220,2
2011,8130,8130,36
2011,8140,8140,257
2011,8150,8220,4
2011,8160,8220,6
2011,8200,8220,11
2011,8210,8220,4
2011,8220,8220,176
2011,8250,8250,11
2011,8255,8255,110
2011,8256,8256,8
2011,8300,8300,67
2011,8310,8310,24
2011,8320,8320,72
2011,8330,8330,7
2011,8340,8330,4
2011,8350,8350,27
2011,8400,8400,2
2011,8410,8410,6
2011,8420,8420,12
2011,8430,8460,1
2011,8450,8450,12
2011,8460,8460,7
2011,8500,8500,29
2011,8510,8510,7
2011,8530,8530,10
2011,8540,8540,12
2011,8550,8550,6
2011,8600,8600,30
2011,8610,8610,48
2011,8620,8620,34
2011,8630,8630,21
2011,8640,8640,26
2011,8650,8650,47
2011,8710,8710,35
2011,8720,8720,22
2011,8730,8730,8
2011,8740,8740,300
2011,8750,8750,8
2011,8760,8760,35
2011,8800,8800,152
2011,8810,8810,53
2011,8830,8830,13
2011,8840,8965,5
2011,8850,8850,5
2011,8860,8965,3
2011,8900,8965,2
2011,8910,8910,5
2011,8920,8920,12
2011,8930,8930,23
2011,8940,8940,10
2011,8950,8950,14
2011,8965,8965,344
2011,9000,9000,113
2011,9030,9030,46
2011,9040,9040,22
2011,9050,9050,24
2011,9110,9110,3
2011,9120,9120,181
2011,9130,9130,1229
2011,9140,9140,96
2011,9150,9150,22
2011,9200,9200,22
2011,9230,9260,3
2011,9240,9240,29
2011,9260,9260,6
2011,9300,9300,6
2011,9310,9310,15
2011,9330,9300,5
2011,9340,9420,2
2011,9350,9350,30
2011,9360,9360,16
2011,9410,9410,25
2011,9415,9415,6
2011,9420,9420,8
2011,9500,9560,2
2011,9510,9510,30
2011,9520,9520,20
2011,9560,9560,1
2011,9600,9600,240
2011,9610,9610,100
2011,9620,9620,560
2011,9630,9630,15
2011,9640,9640,137
2011,9650,9650,13
2011,9720,9720,20
2011,9730,9750,1
2011,9740,9750,3
2011,9750,9750,29
2012,10,10,615
2012,20,20,577
2012,40,40,27
2012,50,50,507
2012,60,60,33
2012,100,100,78
2012,110,110,358
2012,120,120,666
2012,135,135,13
2012,136,136,110
2012,137,137,17
2012,140,140,132
2012,150,150,103
2012,160,160,163
2012,205,205,58
2012,220,220,247
2012,230,230,422
2012,300,300,62
2012,310,310,298
2012,325,430,4
2012,330,330,6
2012,340,340,48
2012,350,350,310
2012,360,360,6
2012,410,410,174
2012,420,420,168
2012,425,425,5
2012,430,430,1344
2012,500,500,11
2012,510,510,6
2012,520,520,24
2012,530,530,181
2012,540,540,171
2012,565,565,112
2012,600,600,48
2012,630,630,326
2012,640,640,45
2012,650,650,71
2012,700,700,49
2012,710,710,265
2012,725,725,35
2012,726,726,32
2012,735,735,97
2012,740,740,152
2012,800,800,815
2012,810,810,13
2012,820,820,40
2012,830,830,18
2012,840,840,38
2012,850,850,161
2012,860,860,58
2012,900,900,11
2012,910,910,183
2012,930,930,38
2012,940,940,27
2012,950,950,38
2012,1005,1005,12
2012,1006,1006,254
2012,1007,1007,23
2012,1010,1010,218
2012,1020,1020,546
2012,1030,1030,62
2012,1050,1050,209
2012,1060,1060,59
2012,1105,1105,126
2012,1106,1106,68
2012,1107,1107,186
2012,1200,1200,13
2012,1210,1240,3
2012,1220,1220,80
2012,1230,1240,23
2012,1240,1240,2
2012,1300,1300,63
2012,1310,1310,31
2012,1320,1320,73
2012,1330,1340,2
2012,1340,1340,2
2012,1350,1350,34
2012,1360,1360,166
2012,1400,1400,45
2012,1410,1410,195
2012,1420,1420,19
2012,1430,1430,91
2012,1440,1440,8
2012,1450,1450,19
2012,1460,1460,140
2012,1500,1520,3
2012,1510,1530,6
2012,1520,1520,19
2012,1530,1530,200
2012,1540,1540,76
2012,1550,1550,218
2012,1560,1560,30
2012,1600,1600,17
2012,1610,1610,55
2012,1640,1640,18
2012,1650,1650,74
2012,1660,1650,2
2012,1700,1700,9
2012,1710,1710,8
2012,1720,1720,52
2012,1740,1740,50
2012,1760,1760,65
2012,1800,1800,26
2012,1815,1860,2
2012,1820,1820,72
2012,1830,1860,1
2012,1840,1840,17
2012,1860,1860,24
2012,1900,1900,15
2012,1910,1910,9
2012,1920,1920,28
2012,1930,1930,8
2012,1940,1930,2
2012,1950,1965,1
2012,1965,1965,58
2012,2000,2000,305
2012,2010,2010,396
2012,2015,2015,59
2012,2016,2016,77
2012,2025,2025,46
2012,2040,2040,189
2012,2050,2050,24
2012,2060,2060,7
2012,2100,2100,420
2012,2105,2105,7
2012,2145,2145,167
2012,2160,2160,84
2012,2200,2200,508
2012,2300,2300,255
2012,2310,2310,1259
2012,2320,2320,546
2012,2330,2330,172
2012,2340,2340,162
2012,2400,2400,23
2012,2430,2430,80
2012,2440,2440,9
2012,2540,2540,240
2012,2550,2550,60
2012,2600,2600,33
2012,2630,2630,239
2012,2700,2700,2
2012,2710,2710,46
2012,2720,2720,36
2012,2750,2750,15
2012,2760,2760,2
2012,2800,2800,11
2012,2810,2810,41
2012,2825,2825,78
2012,2830,2830,74
2012,2840,2840,32
2012,2850,2850,51
2012,2860,2860,30
2012,2900,2900,42
2012,2910,2910,16
2012,2920,2920,13
2012,3000,3000,4
2012,3010,3010,26
2012,3030,3030,52
2012,3040,3040,5
2012,3050,3050,136
2012,3060,3060,358
2012,3110,3110,55
2012,3120,3120,3
2012,3140,3140,2
2012,3150,3150,57
2012,3160,3160,81
2012,3200,3200,9
2012,3210,3210,5
2012,3220,3220,49
2012,3230,3230,41
2012,3235,3245,1
2012,3245,3245,55
2012,3250,3250,22
2012,3255,3255,1246
2012,3256,3256,7
2012,3257,3258,3
2012,3258,3258,44
2012,3260,3260,2
2012,3300,3300,161
2012,3310,3310,36
2012,3320,3320,133
2012,3400,3400,69
2012,3420,3420,206
2012,3500,3500,234
2012,3510,3510,46
2012,3520,3520,25
2012,3535,3535,47
2012,3540,3540,26
2012,3600,3600,703
2012,3610,3610,10
2012,3620,3620,23
2012,3630,3630,22
2012,3640,3640,87
2012,3645,3645,164
2012,3646,3646,23
2012,3647,3647,20
2012,3648,3648,13
2012,3649,3649,47
2012,3655,3655,60
2012,3700,3700,36
2012,3710,3710,83
2012,3720,3720,36
2012,3730,3730,44
2012,3740,3740,158
2012,3750,3750,12
2012,3800,3800,221
2012,3820,3820,113
2012,3830,3840,5
2012,3840,3840,5
2012,3850,3850,368
2012,3860,3850,3
2012,3900,3900,1
2012,3910,3910,52
2012,3930,3930,362
2012,3940,3940,8
2012,3945,3945,9
2012,3955,3955,12
2012,4000,4000,148
2012,4010,4010,195
2012,4020,4020,594
2012,4030,4030,162
2012,4040,4040,123
2012,4050,4050,70
2012,4060,4060,16
2012,4110,4110,352
2012,4120,4120,47
2012,4130,4130,64
2012,4140,4140,49
2012,4150,4150,14
2012,4200,4200,109
2012,4210,4210,46
2012,4220,4220,875
2012,4230,4230,461
2012,4240,4240,23
2012,4250,4250,299
2012,4300,4300,51
2012,4320,4320,47
2012,4340,4340,6
2012,4350,4350,36
2012,4400,4400,48
2012,4420,4420,1
2012,4430,4430,23
2012,4460,4460,3
2012,4465,4465,14
2012,4500,4500,18
2012,4510,4510,143
2012,4520,4520,62
2012,4530,4530,30
2012,4540,4540,4
2012,4600,4600,167
2012,4610,4610,277
2012,4620,4620,79
2012,4640,4640,13
2012,4650,4650,12
2012,4700,4700,1269
2012,4710,4710,431
2012,4720,4720,530
2012,4740,4740,42
2012,4750,4750,52
2012,4760,4760,827
2012,4800,4800,77
2012,4810,4810,191
2012,4820,4820,117
2012,4830,4830,23
2012,4840,4840,204
2012,4850,4850,588
2012,4900,4900,10
2012,4920,4920,151
2012,4930,4930,12
2012,4940,4940,17
2012,4950,4950,16
2012,4965,4965,70
2012,5000,5000,745
2012,5010,5010,13
2012,5020,5020,8
2012,5030,5030,7
2012,5100,5100,104
2012,5110,5110,219
2012,5120,5120,494
2012,5130,5130,5
2012,5140,5140,85
2012,5150,5150,8
2012,5160,5160,126
2012,5165,5165,23
2012,5200,5200,2
2012,5210,5350,2
2012,5220,5220,43
2012,5230,5230,24
2012,5240,5240,793
2012,5250,5250,52
2012,5260,5260,120
2012,5300,5300,31
2012,5310,5310,56
2012,5320,5320,14
2012,5330,5330,60
2012,5340,5340,7
2012,5350,5350,43
2012,5360,5360,37
2012,5400,5400,446
2012,5410,5410,45
2012,5420,5420,38
2012,5500,5500,7
2012,5510,5510,68
2012,5520,5520,143
2012,5530,5530,17
2012,5540,5540,81
2012,5550,5550,165
2012,5560,5560,32
2012,5600,5600,132
2012,5610,5610,206
2012,5620,5620,404
2012,5630,5630,24
2012,5700,5700,1253
2012,5800,5800,48
2012,5810,5810,131
2012,5820,5820,44
2012,5830,5940,1
2012,5840,5840,110
2012,5850,5850,37
2012,5860,5860,357
2012,5900,5900,10
2012,5910,5910,5
2012,5920,5920,10
2012,5940,5940,281
2012,6005,6005,26
2012,6010,6010,6
2012,6040,6040,45
2012,6050,6050,279
2012,6100,6100,5
2012,6120,6120,2
2012,6130,6130,12
2012,6200,6200,295
2012,6210,6210,8
2012,6220,6220,23
2012,6230,6230,356
2012,6240,6240,42
2012,6250,6250,22
2012,6260,6260,361
2012,6300,6300,13
2012,6310,6320,1
2012,6320,6320,177
2012,6330,6330,30
2012,6355,6355,287
2012,6360,6360,22
2012,6400,6400,30
2012,6420,6420,138
2012,6440,6440,212
2012,6460,6460,7
2012,6500,6220,1
2012,6515,6515,42
2012,6520,6520,45
2012,6530,6530,34
2012,6600,6600,16
2012,6660,6660,39
2012,6700,6700,12
2012,6710,6710,8
2012,6720,6720,16
2012,6730,6730,45
2012,6740,6740,6
2012,6750,6765,2
2012,6765,6765,11
2012,6800,6800,26
2012,6820,6820,21
2012,6830,6830,4
2012,6840,6840,57
2012,6910,6940,3
2012,6920,6800,7
2012,6930,6940,2
2012,6940,6940,26
2012,7000,7000,160
2012,7010,7010,120
2012,7020,7020,79
2012,7030,7030,6
2012,7040,7040,14
2012,7050,7100,5
2012,7100,7100,11
2012,7110,7110,13
2012,7120,7120,24
2012,7130,7130,16
2012,7140,7140,69
2012,7150,7150,59
2012,7160,7160,10
2012,7200,7200,312
2012,7210,7210,156
2012,7220,7220,109
2012,7240,7240,21
2012,7260,7260,26
2012,7300,7300,12
2012,7315,7315,143
2012,7320,7320,13
2012,7330,7330,248
2012,7340,7340,198
2012,7350,7350,10
2012,7360,7360,33
2012,7410,7410,64
2012,7420,7420,121
2012,7430,7430,28
2012,7440,7630,1
2012,7510,7510,3
2012,7520,7630,2
2012,7540,7540,11
2012,7550,7630,2
2012,7560,7560,3
2012,7600,7630,2
2012,7610,7610,4
2012,7630,7630,69
2012,7700,7700,451
2012,7710,7710,9
2012,7720,7720,87
2012,7730,7730,14
2012,7740,7740,7
2012,7750,7750,344
2012,7800,7800,56
2012,7810,7810,144
2012,7830,7830,6
2012,7840,7840,41
2012,7850,7850,6
2012,7855,7855,41
2012,7900,7900,42
2012,7920,7920,4
2012,7930,7930,5
2012,7940,7940,3
2012,7950,7950,44
2012,7960,7950,4
2012,8000,7950,23
2012,8010,7950,2
2012,8020,7950,2
2012,8030,8030,224
2012,8040,8040,7
2012,8060,8100,1
2012,8100,8100,20
2012,8130,8130,26
2012,8140,8140,254
2012,8200,8220,4
2012,8220,8220,181
2012,8250,8250,18
2012,8255,8255,101
2012,8256,8256,6
2012,8300,8300,77
2012,8310,8310,24
2012,8320,8320,69
2012,8330,8330,4
2012,8340,8330,5
2012,8350,8350,20
2012,8360,8400,2
2012,8400,8400,6
2012,8410,8410,5
2012,8420,8420,3
2012,8450,8450,11
2012,8460,8460,8
2012,8500,8500,24
2012,8510,8510,5
2012,8530,8530,6
2012,8540,8540,9
2012,8550,8550,9
2012,8600,8600,26
2012,8610,8610,76
2012,8620,8620,39
2012,8630,8630,27
2012,8640,8640,25
2012,8650,8650,39
2012,8710,8710,31
2012,8720,8720,26
2012,8730,8730,4
2012,8740,8740,334
2012,8750,8750,16
2012,8760,8760,30
2012,8800,8800,118
2012,8810,8810,78
2012,8830,8830,14
2012,8840,8965,3
2012,8850,8850,3
2012,8860,8965,1
2012,8900,8965,1
2012,8910,8910,2
2012,8920,8920,12
2012,8930,8930,12
2012,8940,8940,7
2012,8950,8950,9
2012,8965,8965,408
2012,9000,9000,113
2012,9030,9030,47
2012,9040,9040,24
2012,9050,9050,20
2012,9110,9110,3
2012,9120,9120,154
2012,9130,9130,1261
2012,9140,9140,82
2012,9150,9150,17
2012,9200,9200,17
2012,9230,9260,4
2012,9240,9240,23
2012,9260,9260,3
2012,9300,9300,9
2012,9310,9310,12
2012,9330,9300,3
2012,9340,9420,1
2012,9350,9350,21
2012,9360,9360,22
2012,9410,9410,19
2012,9415,9415,12
2012,9420,9420,11
2012,9500,9560,3
2012,9510,9510,30
2012,9520,9520,13
2012,9560,9560,1
2012,9600,9600,251
2012,9610,9610,86
2012,9620,9620,578
2012,9630,9630,8
2012,9640,9640,161
2012,9650,9650,16
2012,9720,9720,39
2012,9730,9750,1
2012,9740,9750,1
2012,9750,9750,19
2013,10,10,602
2013,20,20,613
2013,40,40,16
2013,50,50,487
2013,60,60,26
2013,100,100,61
2013,110,110,353
2013,120,120,634
2013,135,135,13
2013,136,136,130
2013,137,137,18
2013,140,140,169
2013,150,150,101
2013,160,160,143
2013,205,205,56
2013,220,220,262
2013,230,230,433
2013,300,300,61
2013,310,310,354
2013,330,330,6
2013,340,340,48
2013,350,350,296
2013,360,360,5
2013,410,410,194
2013,420,420,171
2013,425,425,6
2013,430,430,1446
2013,500,500,17
2013,510,510,6
2013,520,520,31
2013,530,530,168
2013,540,540,156
2013,565,565,120
2013,600,600,45
2013,630,630,284
2013,640,640,36
2013,650,650,66
2013,700,700,44
2013,710,710,303
2013,725,725,30
2013,726,726,42
2013,735,735,81
2013,740,740,105
2013,800,800,809
2013,810,810,29
2013,820,820,41
2013,830,830,19
2013,840,840,49
2013,850,850,176
2013,860,860,55
2013,900,900,5
2013,910,910,216
2013,930,930,28
2013,940,940,18
2013,950,950,45
2013,1005,1005,7
2013,1006,1006,252
2013,1007,1007,26
2013,1010,1010,218
2013,1020,1020,636
2013,1030,1030,56
2013,1050,1050,256
2013,1060,1060,58
2013,1105,1105,146
2013,1106,1106,72
2013,1107,1107,210
2013,1200,1200,19
2013,1220,1220,94
2013,1240,1240,41
2013,1300,1300,75
2013,1310,1310,23
2013,1320,1320,64
2013,1340,1340,5
2013,1350,1350,27
2013,1360,1360,168
2013,1400,1400,39
2013,1410,1410,139
2013,1420,1420,19
2013,1430,1430,98
2013,1440,1440,9
2013,1450,1450,21
2013,1460,1460,149
2013,1500,1520,6
2013,1510,1530,3
2013,1520,1520,15
2013,1530,1530,233
2013,1540,1540,57
2013,1550,1550,200
2013,1560,1560,33
2013,1600,1600,30
2013,1610,1610,70
2013,1640,1640,16
2013,1650,1650,84
2013,1700,1700,8
2013,1710,1710,8
2013,1720,1720,46
2013,1740,1740,50
2013,1760,1760,82
2013,1800,1800,39
2013,1820,1820,67
2013,1840,1840,16
2013,1860,1860,35
2013,1900,1900,10
2013,1910,1910,11
2013,1920,1920,33
2013,1930,1930,17
2013,1965,1965,58
2013,2000,2000,327
2013,2010,2010,388
2013,2015,2015,62
2013,2016,2016,69
2013,2025,2025,52
2013,2040,2040,191
2013,2050,2050,18
2013,2060,2060,19
2013,2100,2100,429
2013,2105,2105,5
2013,2145,2145,162
2013,2160,2160,109
2013,2200,2200,493
2013,2300,2300,236
2013,2310,2310,1285
2013,2320,2320,481
2013,2330,2330,165
2013,2340,2340,136
2013,2400,2400,20
2013,2430,2430,73
2013,2440,2440,11
2013,2540,2540,254
2013,2550,2550,64
2013,2600,2600,33
2013,2630,2630,247
2013,2700,2700,4
2013,2710,2710,57
2013,2720,2720,54
2013,2740,2740,2
2013,2750,2750,19
2013,2760,2760,3
2013,2800,2800,6
2013,2810,2810,42
2013,2825,2825,69
2013,2830,2830,57
2013,2840,2840,33
2013,2850,2850,47
2013,2860,2860,31
2013,2900,2900,31
2013,2910,2910,11
2013,2920,2920,15
2013,3000,3000,4
2013,3010,3010,38
2013,3030,3030,44
2013,3040,3040,7
2013,3050,3050,133
2013,3060,3060,342
2013,3110,3110,61
2013,3140,3140,8
2013,3150,3150,56
2013,3160,3160,73
2013,3200,3200,8
2013,3210,3210,2
2013,3220,3220,54
2013,3230,3230,57
2013,3245,3245,52
2013,3250,3250,18
2013,3255,3255,1238
2013,3256,3256,17
2013,3258,3258,73
2013,3260,3260,4
2013,3300,3300,180
2013,3310,3310,54
2013,3320,3320,159
2013,3400,3400,61
2013,3420,3420,215
2013,3500,3500,218
2013,3510,3510,43
2013,3520,3520,13
2013,3535,3535,53
2013,3540,3540,50
2013,3600,3600,689
2013,3610,3610,4
2013,3620,3620,26
2013,3630,3630,20
2013,3640,3640,90
2013,3645,3645,168
2013,3646,3646,15
2013,3647,3647,8
2013,3648,3648,10
2013,3649,3649,45
2013,3655,3655,55
2013,3700,3700,22
2013,3710,3710,74
2013,3720,3720,37
2013,3730,3730,43
2013,3740,3740,173
2013,3750,3750,13
2013,3800,3800,214
2013,3820,3820,109
2013,3840,3840,7
2013,3850,3850,418
2013,3900,3900,6
2013,3910,3910,43
2013,3930,3930,326
2013,3940,3940,4
2013,3945,3945,20
2013,3955,3955,14
2013,4000,4000,174
2013,4010,4010,211
2013,4020,4020,607
2013,4030,4030,143
2013,4040,4040,117
2013,4050,4050,60
2013,4060,4060,10
2013,4110,4110,320
2013,4120,4120,52
2013,4130,4130,42
2013,4140,4140,53
2013,4150,4150,9
2013,4200,4200,118
2013,4210,4210,56
2013,4220,4220,869
2013,4230,4230,396
2013,4240,4240,26
2013,4250,4250,304
2013,4300,4300,55
2013,4320,4320,35
2013,4340,4340,4
2013,4350,4350,23
2013,4400,4400,49
2013,4410,4410,2
2013,4420,4420,4
2013,4430,4430,20
2013,4460,4460,1
2013,4465,4465,12
2013,4500,4500,23
2013,4510,4510,125
2013,4520,4520,71
2013,4530,4530,30
2013,4540,4540,12
2013,4600,4600,161
2013,4610,4610,321
2013,4620,4620,84
2013,4640,4640,25
2013,4650,4650,21
2013,4700,4700,1266
2013,4710,4710,452
2013,4720,4720,504
2013,4740,4740,27
2013,4750,4750,54
2013,4760,4760,807
2013,4800,4800,92
2013,4810,4810,204
2013,4820,4820,102
2013,4830,4830,23
2013,4840,4840,176
2013,4850,4850,593
2013,4900,4900,4
2013,4920,4920,162
2013,4930,4930,15
2013,4940,4940,14
2013,4950,4950,27
2013,4965,4965,68
2013,5000,5000,724
2013,5010,5010,14
2013,5020,5020,10
2013,5030,5030,4
2013,5100,5100,80
2013,5110,5110,228
2013,5120,5120,450
2013,5130,5130,2
2013,5140,5140,84
2013,5150,5150,18
2013,5160,5160,100
2013,5165,5165,28
2013,5200,5200,5
2013,5220,5220,56
2013,5230,5230,25
2013,5240,5240,744
2013,5250,5250,38
2013,5260,5260,102
2013,5300,5300,40
2013,5310,5310,64
2013,5320,5320,14
2013,5330,5330,90
2013,5340,5340,13
2013,5350,5350,36
2013,5360,5360,78
2013,5400,5400,411
2013,5410,5410,59
2013,5420,5420,44
2013,5500,5500,9
2013,5510,5510,77
2013,5520,5520,123
2013,5530,5530,11
2013,5540,5540,69
2013,5550,5550,183
2013,5560,5560,37
2013,5600,5600,130
2013,5610,5610,215
2013,5620,5620,430
2013,5630,5630,32
2013,5700,5700,1275
2013,5800,5800,44
2013,5810,5810,114
2013,5820,5820,41
2013,5840,5840,150
2013,5850,5850,35
2013,5860,5860,401
2013,5900,5900,11
2013,5920,5920,11
2013,5940,5940,212
2013,6005,6005,15
2013,6010,6010,10
2013,6040,6040,38
2013,6050,6050,239
2013,6100,6100,3
2013,6120,6120,3
2013,6130,6130,13
2013,6200,6200,292
2013,6210,6210,5
2013,6220,6220,49
2013,6230,6230,318
2013,6240,6240,25
2013,6250,6250,17
2013,6260,6260,379
2013,6300,6300,3
2013,6320,6320,207
2013,6330,6330,30
2013,6355,6355,332
2013,6360,6360,14
2013,6400,6400,23
2013,6420,6420,144
2013,6440,6440,244
2013,6460,6460,7
2013,6500,6220,1
2013,6515,6515,52
2013,6520,6520,42
2013,6530,6530,23
2013,6600,6600,12
2013,6660,6660,35
2013,6700,6700,14
2013,6710,6710,8
2013,6720,6720,15
2013,6730,6730,46
2013,6740,6740,4
2013,6750,6765,3
2013,6765,6765,20
2013,6800,6800,24
2013,6820,6820,18
2013,6830,6830,11
2013,6840,6840,39
2013,6940,6940,55
2013,7000,7000,161
2013,7010,7010,147
2013,7020,7020,92
2013,7030,7030,3
2013,7040,7040,9
2013,7100,7100,8
2013,7110,7110,8
2013,7120,7120,17
2013,7130,7130,22
2013,7140,7140,86
2013,7150,7150,53
2013,7160,7160,13
2013,7200,7200,339
2013,7210,7210,180
2013,7220,7220,125
2013,7240,7240,14
2013,7260,7260,26
2013,7300,7300,16
2013,7315,7315,155
2013,7320,7320,15
2013,7330,7330,232
2013,7340,7340,241
2013,7350,7350,10
2013,7360,7360,29
2013,7410,7410,67
2013,7420,7420,102
2013,7430,7430,27
2013,7510,7510,17
2013,7540,7540,6
2013,7560,7560,9
2013,7610,7610,4
2013,7630,7630,85
2013,7700,7700,414
2013,7710,7710,5
2013,7720,7720,74
2013,7730,7730,11
2013,7740,7740,7
2013,7750,7750,391
2013,7800,7800,47
2013,7810,7810,174
2013,7830,7830,2
2013,7840,7840,32
2013,7850,7850,3
2013,7855,7855,43
2013,7900,7900,42
2013,7920,7920,5
2013,7940,7940,3
2013,7950,7950,32
2013,8000,7950,29
2013,8010,7950,2
2013,8030,8030,169
2013,8040,8040,10
2013,8100,8100,24
2013,8130,8130,28
2013,8140,8140,251
2013,8200,8220,11
2013,8210,8220,2
2013,8220,8220,192
2013,8250,8250,25
2013,8255,8255,76
2013,8256,8256,10
2013,8300,8300,77
2013,8310,8310,16
2013,8320,8320,62
2013,8330,8330,1
2013,8350,8350,23
2013,8400,8400,1
2013,8410,8410,6
2013,8420,8420,3
2013,8450,8450,11
2013,8460,8460,4
2013,8500,8500,16
2013,8510,8510,1
2013,8530,8530,10
2013,8540,8540,12
2013,8550,8550,12
2013,8600,8600,23
2013,8610,8610,49
2013,8620,8620,45
2013,8630,8630,21
2013,8640,8640,22
2013,8650,8650,39
2013,8710,8710,25
2013,8720,8720,10
2013,8730,8730,4
2013,8740,8740,320
2013,8750,8750,11
2013,8760,8760,30
2013,8800,8800,143
2013,8810,8810,64
2013,8830,8830,7
2013,8850,8850,5
2013,8860,8965,4
2013,8910,8910,1
2013,8920,8920,11
2013,8930,8930,18
2013,8940,8940,4
2013,8950,8950,2
2013,8965,8965,444
2013,9000,9000,106
2013,9030,9030,48
2013,9040,9040,22
2013,9050,9050,37
2013,9110,9110,3
2013,9120,9120,152
2013,9130,9130,1346
2013,9140,9140,95
2013,9150,9150,6
2013,9200,9200,32
2013,9240,9240,28
2013,9260,9260,7
2013,9300,9300,18
2013,9310,9310,13
2013,9350,9350,20
2013,9360,9360,25
2013,9410,9410,15
2013,9415,9415,6
2013,9420,9420,12
2013,9510,9510,33
2013,9520,9520,15
2013,9560,9560,5
2013,9600,9600,248
2013,9610,9610,94
2013,9620,9620,579
2013,9630,9630,8
2013,9640,9640,178
2013,9650,9650,13
2013,9720,9720,39
2013,9750,9750,29
2014,10,10,402
2014,20,20,369
2014,40,40,21
2014,50,50,317
2014,60,60,38
2014,100,100,54
2014,110,110,229
2014,120,120,445
2014,135,135,3
2014,136,136,103
2014,137,137,16
2014,140,140,116
2014,150,150,60
2014,160,160,80
2014,205,205,48
2014,220,220,174
2014,230,230,294
2014,300,300,41
2014,310,310,242
2014,330,330,6
2014,340,340,37
2014,350,350,202
2014,360,360,7
2014,410,410,142
2014,420,420,125
2014,425,425,3
2014,430,430,1053
2014,500,500,10
2014,510,510,2
2014,520,520,21
2014,530,530,112
2014,540,540,133
2014,565,565,80
2014,600,600,34
2014,630,630,230
2014,640,640,29
2014,650,650,36
2014,700,700,26
2014,710,710,229
2014,725,725,41
2014,726,726,31
2014,735,735,63
2014,740,740,73
2014,800,800,517
2014,810,810,20
2014,820,820,20
2014,830,830,12
2014,840,840,64
2014,850,850,106
2014,860,860,38
2014,900,900,8
2014,910,910,118
2014,930,930,24
2014,940,940,17
2014,950,950,23
2014,1005,1005,7
2014,1006,1006,147
2014,1007,1007,20
2014,1010,1010,160
2014,1020,1020,397
2014,1030,1030,42
2014,1050,1050,180
2014,1060,1060,35
2014,1105,1105,89
2014,1106,1106,44
2014,1107,1107,140
2014,1200,1200,9
2014,1220,1220,58
2014,1240,1240,33
2014,1300,1300,42
2014,1310,1310,16
2014,1320,1320,46
2014,1340,1340,6
2014,1350,1350,24
2014,1360,1360,107
2014,1400,1400,31
2014,1410,1410,92
2014,1420,1420,12
2014,1430,1430,62
2014,1440,1440,4
2014,1450,1450,14
2014,1460,1460,101
2014,1500,1520,2
2014,1510,1530,1
2014,1520,1520,17
2014,1530,1530,140
2014,1540,1540,46
2014,1550,1550,142
2014,1560,1560,14
2014,1600,1600,12
2014,1610,1610,41
2014,1640,1640,12
2014,1650,1650,57
2014,1700,1700,5
2014,1710,1710,3
2014,1720,1720,36
2014,1740,1740,36
2014,1760,1760,86
2014,1800,1800,26
2014,1820,1820,48
2014,1840,1840,7
2014,1860,1860,22
2014,1900,1900,10
2014,1910,1910,5
2014,1920,1920,17
2014,1930,1930,5
2014,1965,1965,42
2014,2000,2000,237
2014,2010,2010,287
2014,2015,2015,41
2014,2016,2016,50
2014,2025,2025,35
2014,2040,2040,143
2014,2050,2050,17
2014,2060,2060,11
2014,2100,2100,305
2014,2105,2105,1
2014,2145,2145,117
2014,2160,2160,65
2014,2200,2200,317
2014,2300,2300,161
2014,2310,2310,943
2014,2320,2320,313
2014,2330,2330,120
2014,2340,2340,123
2014,2400,2400,13
2014,2430,2430,65
2014,2440,2440,6
2014,2540,2540,196
2014,2550,2550,55
2014,2600,2600,25
2014,2630,2630,183
2014,2710,2710,41
2014,2720,2720,35
2014,2740,2740,1
2014,2750,2750,12
2014,2760,2760,2
2014,2800,2800,14
2014,2810,2810,31
2014,2825,2825,57
2014,2830,2830,31
2014,2840,2840,19
2014,2850,2850,40
2014,2860,2860,7
2014,2900,2900,30
2014,2910,2910,14
2014,2920,2920,16
2014,3000,3000,8
2014,3010,3010,24
2014,3030,3030,22
2014,3040,3040,6
2014,3050,3050,79
2014,3060,3060,248
2014,3110,3110,32
2014,3140,3140,3
2014,3150,3150,31
2014,3160,3160,68
2014,3200,3200,3
2014,3210,3210,3
2014,3220,3220,26
2014,3230,3230,41
2014,3245,3245,36
2014,3250,3250,10
2014,3255,3255,919
2014,3256,3256,10
2014,3258,3258,41
2014,3260,3260,3
2014,3300,3300,90
2014,3310,3310,34
2014,3320,3320,97
2014,3400,3400,67
2014,3420,3420,147
2014,3500,3500,148
2014,3510,3510,49
2014,3520,3520,10
2014,3535,3535,32
2014,3540,3540,30
2014,3600,3600,483
2014,3610,3610,5
2014,3620,3620,17
2014,3630,3630,15
2014,3640,3640,84
2014,3645,3645,155
2014,3646,3646,12
2014,3647,3647,17
2014,3648,3648,5
2014,3649,3649,41
2014,3655,3655,38
2014,3700,3700,22
2014,3710,3710,44
2014,3720,3720,28
2014,3730,3730,30
2014,3740,3740,121
2014,3750,3750,3
2014,3800,3800,135
2014,3820,3820,59
2014,3840,3840,6
2014,3850,3850,262
2014,3900,3900,4
2014,3910,3910,31
2014,3930,3930,242
2014,3940,3940,1
2014,3945,3945,13
2014,3955,3955,3
2014,4000,4000,111
2014,4010,4010,122
2014,4020,4020,423
2014,4030,4030,108
2014,4040,4040,63
2014,4050,4050,48
2014,4060,4060,9
2014,4110,4110,202
2014,4120,4120,34
2014,4130,4130,31
2014,4140,4140,28
2014,4150,4150,13
2014,4200,4200,72
2014,4210,4210,25
2014,4220,4220,613
2014,4230,4230,357
2014,4240,4240,16
2014,4250,4250,239
2014,4300,4300,27
2014,4320,4320,28
2014,4340,4340,5
2014,4350,4350,15
2014,4400,4400,33
2014,4420,4420,2
2014,4430,4430,10
2014,4460,4460,2
2014,4465,4465,6
2014,4500,4500,19
2014,4510,4510,95
2014,4520,4520,48
2014,4530,4530,20
2014,4540,4540,5
2014,4600,4600,115
2014,4610,4610,209
2014,4620,4620,54
2014,4640,4640,7
2014,4650,4650,22
2014,4700,4700,895
2014,4710,4710,320
2014,4720,4720,408
2014,4740,4740,33
2014,4750,4750,24
2014,4760,4760,579
2014,4800,4800,58
2014,4810,4810,134
2014,4820,4820,95
2014,4830,4830,19
2014,4840,4840,121
2014,4850,4850,420
2014,4900,4900,3
2014,4920,4920,107
2014,4930,4930,17
2014,4940,4940,14
2014,4950,4950,15
2014,4965,4965,58
2014,5000,5000,467
2014,5010,5010,2
2014,5020,5020,8
2014,5030,5030,3
2014,5100,5100,55
2014,5110,5110,145
2014,5120,5120,306
2014,5130,5130,1
2014,5140,5140,52
2014,5150,5150,8
2014,5160,5160,90
2014,5165,5165,16
2014,5200,5200,1
2014,5220,5220,20
2014,5230,5230,14
2014,5240,5240,516
2014,5250,5250,27
2014,5260,5260,41
2014,5300,5300,28
2014,5310,5310,39
2014,5320,5320,10
2014,5330,5330,35
2014,5340,5340,10
2014,5350,5350,29
2014,5360,5360,39
2014,5400,5400,278
2014,5410,5410,31
2014,5420,5420,41
2014,5500,5500,4
2014,5510,5510,56
2014,5520,5520,72
2014,5530,5530,3
2014,5540,5540,39
2014,5550,5550,113
2014,5560,5560,24
2014,5600,5600,86
2014,5610,5610,179
2014,5620,5620,283
2014,5630,5630,30
2014,5700,5700,913
2014,5800,5800,21
2014,5810,5810,89
2014,5820,5820,26
2014,5840,5840,95
2014,5850,5850,25
2014,5860,5860,276
2014,5900,5900,14
2014,5910,5910,5
2014,5920,5920,5
2014,5940,5940,143
2014,6005,6005,11
2014,6010,6010,9
2014,6040,6040,34
2014,6050,6050,178
2014,6100,6100,1
2014,6120,6120,9
2014,6130,6130,15
2014,6200,6200,203
2014,6210,6210,4
2014,6220,6220,21
2014,6230,6230,232
2014,6240,6240,20
2014,6250,6250,12
2014,6260,6260,334
2014,6320,6320,113
2014,6330,6330,34
2014,6355,6355,217
2014,6360,6360,10
2014,6400,6400,20
2014,6420,6420,96
2014,6440,6440,170
2014,6460,6460,7
2014,6515,6515,38
2014,6520,6520,42
2014,6530,6530,12
2014,6600,6600,6
2014,6660,6660,17
2014,6700,6700,7
2014,6710,6710,9
2014,6720,6720,3
2014,6730,6730,43
2014,6740,6740,9
2014,6750,6765,4
2014,6765,6765,11
2014,6800,6800,20
2014,6820,6820,13
2014,6830,6830,3
2014,6840,6840,31
2014,6920,6800,2
2014,6940,6940,36
2014,7000,7000,116
2014,7010,7010,85
2014,7020,7020,40
2014,7030,7030,5
2014,7040,7040,13
2014,7100,7100,8
2014,7110,7110,11
2014,7120,7120,9
2014,7130,7130,13
2014,7140,7140,45
2014,7150,7150,43
2014,7160,7160,3
2014,7200,7200,253
2014,7210,7210,103
2014,7220,7220,66
2014,7240,7240,9
2014,7260,7260,18
2014,7300,7300,9
2014,7315,7315,104
2014,7320,7320,11
2014,7330,7330,165
2014,7340,7340,168
2014,7350,7350,11
2014,7360,7360,11
2014,7410,7410,40
2014,7420,7420,71
2014,7430,7430,23
2014,7510,7510,13
2014,7540,7540,1
2014,7560,7560,2
2014,7610,7610,1
2014,7630,7630,82
2014,7700,7700,297
2014,7710,7710,6
2014,7720,7720,60
2014,7730,7730,8
2014,7740,7740,9
2014,7750,7750,273
2014,7800,7800,56
2014,7810,7810,119
2014,7830,7830,1
2014,7840,7840,20
2014,7850,7850,4
2014,7855,7855,63
2014,7900,7900,23
2014,7920,7920,4
2014,7940,7940,6
2014,7950,7950,27
2014,8000,7950,16
2014,8010,7950,4
2014,8030,8030,119
2014,8040,8040,5
2014,8100,8100,14
2014,8130,8130,29
2014,8140,8140,211
2014,8200,8220,10
2014,8210,8220,3
2014,8220,8220,149
2014,8250,8250,5
2014,8255,8255,52
2014,8256,8256,11
2014,8300,8300,43
2014,8310,8310,9
2014,8320,8320,30
2014,8350,8350,21
2014,8400,8400,2
2014,8410,8410,2
2014,8420,8420,6
2014,8450,8450,6
2014,8460,8460,3
2014,8500,8500,16
2014,8510,8510,3
2014,8530,8530,12
2014,8540,8540,3
2014,8550,8550,5
2014,8600,8600,17
2014,8610,8610,42
2014,8620,8620,27
2014,8630,8630,22
2014,8640,8640,11
2014,8650,8650,24
2014,8710,8710,15
2014,8720,8720,13
2014,8730,8730,2
2014,8740,8740,223
2014,8750,8750,9
2014,8760,8760,20
2014,8800,8800,81
2014,8810,8810,53
2014,8830,8830,4
2014,8850,8850,1
2014,8860,8965,4
2014,8910,8910,1
2014,8920,8920,7
2014,8930,8930,14
2014,8940,8940,8
2014,8950,8950,4
2014,8965,8965,299
2014,9000,9000,81
2014,9030,9030,40
2014,9040,9040,17
2014,9050,9050,17
2014,9120,9120,99
2014,9130,9130,953
2014,9140,9140,64
2014,9150,9150,4
2014,9200,9200,15
2014,9240,9240,22
2014,9260,9260,5
2014,9300,9300,6
2014,9310,9310,7
2014,9350,9350,14
2014,9360,9360,23
2014,9410,9410,12
2014,9415,9415,4
2014,9420,9420,4
2014,9510,9510,26
2014,9520,9520,15
2014,9600,9600,170
2014,9610,9610,65
2014,9620,9620,439
2014,9630,9630,6
2014,9640,9640,106
2014,9650,9650,11
2014,9720,9720,16
2014,9750,9750,13
2015,10,10,560
2015,20,20,489
2015,40,40,22
2015,50,50,482
2015,60,60,30
2015,100,100,99
2015,110,110,350
2015,120,120,607
2015,135,135,13
2015,136,136,156
2015,137,137,28
2015,140,140,144
2015,150,150,109
2015,160,160,141
2015,205,205,89
2015,220,220,266
2015,230,230,417
2015,300,300,55
2015,310,310,380
2015,330,330,10
2015,340,340,68
2015,350,350,321
2015,360,360,9
2015,410,410,193
2015,420,420,201
2015,425,425,5
2015,430,430,1530
2015,500,500,8
2015,510,510,12
2015,520,520,35
2015,530,530,182
2015,540,540,181
2015,565,565,112
2015,600,600,52
2015,630,630,310
2015,640,640,42
2015,650,650,71
2015,700,700,42
2015,710,710,262
2015,725,725,58
2015,726,726,40
2015,735,735,88
2015,740,740,121
2015,800,800,748
2015,810,810,25
2015,820,820,34
2015,830,830,14
2015,840,840,152
2015,850,850,193
2015,860,860,42
2015,900,900,9
2015,910,910,151
2015,930,930,28
2015,940,940,25
2015,950,950,40
2015,1005,1005,20
2015,1006,1006,256
2015,1007,1007,32
2015,1010,1010,214
2015,1020,1020,611
2015,1030,1030,71
2015,1050,1050,216
2015,1060,1060,55
2015,1105,1105,115
2015,1106,1106,57
2015,1107,1107,245
2015,1200,1200,12
2015,1220,1220,74
2015,1240,1240,43
2015,1300,1300,76
2015,1310,1310,24
2015,1320,1320,67
2015,1340,1340,12
2015,1350,1350,30
2015,1360,1360,143
2015,1400,1400,40
2015,1410,1410,134
2015,1420,1420,14
2015,1430,1430,93
2015,1440,1440,6
2015,1450,1450,17
2015,1460,1460,137
2015,1500,1520,4
2015,1510,1530,2
2015,1520,1520,15
2015,1530,1530,187
2015,1540,1540,44
2015,1550,1550,189
2015,1560,1560,22
2015,1600,1600,18
2015,1610,1610,36
2015,1640,1640,20
2015,1650,1650,72
2015,1700,1700,11
2015,1710,1710,5
2015,1720,1720,53
2015,1740,1740,47
2015,1760,1760,109
2015,1800,1800,35
2015,1820,1820,64
2015,1840,1840,15
2015,1860,1860,22
2015,1900,1900,15
2015,1910,1910,10
2015,1920,1920,41
2015,1930,1930,7
2015,1965,1965,61
2015,2000,2000,380
2015,2010,2010,360
2015,2015,2015,50
2015,2016,2016,81
2015,2025,2025,51
2015,2040,2040,194
2015,2050,2050,26
2015,2060,2060,29
2015,2100,2100,469
2015,2105,2105,6
2015,2145,2145,172
2015,2160,2160,72
2015,2200,2200,468
2015,2300,2300,214
2015,2310,2310,1327
2015,2320,2320,512
2015,2330,2330,171
2015,2340,2340,188
2015,2400,2400,24
2015,2430,2430,63
2015,2440,2440,13
2015,2540,2540,241
2015,2550,2550,61
2015,2600,2600,28
2015,2630,2630,269
2015,2700,2700,1
2015,2710,2710,57
2015,2720,2720,59
2015,2740,2740,1
2015,2750,2750,25
2015,2760,2760,5
2015,2800,2800,7
2015,2810,2810,39
2015,2825,2825,82
2015,2830,2830,67
2015,2840,2840,18
2015,2850,2850,44
2015,2860,2860,20
2015,2900,2900,43
2015,2910,2910,21
2015,2920,2920,11
2015,3000,3000,18
2015,3010,3010,28
2015,3030,3030,40
2015,3040,3040,13
2015,3050,3050,117
2015,3060,3060,365
2015,3110,3110,25
2015,3140,3140,9
2015,3150,3150,34
2015,3160,3160,94
2015,3200,3200,7
2015,3210,3210,7
2015,3220,3220,43
2015,3230,3230,61
2015,3245,3245,62
2015,3250,3250,30
2015,3255,3255,1317
2015,3256,3256,11
2015,3258,3258,52
2015,3300,3300,161
2015,3310,3310,49
2015,3320,3320,133
2015,3400,3400,105
2015,3420,3420,238
2015,3500,3500,263
2015,3510,3510,88
2015,3520,3520,20
2015,3535,3535,42
2015,3540,3540,36
2015,3600,3600,672
2015,3610,3610,9
2015,3620,3620,29
2015,3630,3630,24
2015,3640,3640,84
2015,3645,3645,206
2015,3646,3646,13
2015,3647,3647,8
2015,3648,3648,13
2015,3649,3649,41
2015,3655,3655,63
2015,3700,3700,46
2015,3710,3710,67
2015,3720,3720,31
2015,3730,3730,48
2015,3740,3740,155
2015,3750,3750,10
2015,3800,3800,210
2015,3820,3820,96
2015,3840,3840,6
2015,3850,3850,353
2015,3900,3900,3
2015,3910,3910,28
2015,3930,3930,320
2015,3940,3940,8
2015,3945,3945,20
2015,3955,3955,4
2015,4000,4000,153
2015,4010,4010,188
2015,4020,4020,609
2015,4030,4030,142
2015,4040,4040,117
2015,4050,4050,61
2015,4060,4060,7
2015,4110,4110,317
2015,4120,4120,47
2015,4130,4130,58
2015,4140,4140,52
2015,4150,4150,15
2015,4200,4200,100
2015,4210,4210,34
2015,4220,4220,842
2015,4230,4230,472
2015,4240,4240,26
2015,4250,4250,333
2015,4300,4300,63
2015,4320,4320,33
2015,4340,4340,6
2015,4350,4350,31
2015,4400,4400,32
2015,4420,4420,7
2015,4430,4430,18
2015,4460,4460,3
2015,4465,4465,5
2015,4500,4500,21
2015,4510,4510,121
2015,4520,4520,86
2015,4530,4530,30
2015,4540,4540,5
2015,4600,4600,185
2015,4610,4610,353
2015,4620,4620,111
2015,4640,4640,10
2015,4650,4650,12
2015,4700,4700,1302
2015,4710,4710,439
2015,4720,4720,531
2015,4740,4740,42
2015,4750,4750,40
2015,4760,4760,826
2015,4800,4800,86
2015,4810,4810,210
2015,4820,4820,111
2015,4830,4830,27
2015,4840,4840,209
2015,4850,4850,565
2015,4900,4900,11
2015,4920,4920,199
2015,4930,4930,24
2015,4940,4940,10
2015,4950,4950,22
2015,4965,4965,85
2015,5000,5000,721
2015,5010,5010,8
2015,5020,5020,11
2015,5030,5030,2
2015,5100,5100,71
2015,5110,5110,207
2015,5120,5120,431
2015,5130,5130,2
2015,5140,5140,65
2015,5150,5150,12
2015,5160,5160,127
2015,5165,5165,27
2015,5220,5220,41
2015,5230,5230,18
2015,5240,5240,800
2015,5250,5250,42
2015,5260,5260,91
2015,5300,5300,52
2015,5310,5310,58
2015,5320,5320,15
2015,5330,5330,74
2015,5340,5340,9
2015,5350,5350,29
2015,5360,5360,22
2015,5400,5400,392
2015,5410,5410,42
2015,5420,5420,40
2015,5500,5500,7
2015,5510,5510,89
2015,5520,5520,134
2015,5530,5530,17
2015,5540,5540,58
2015,5550,5550,160
2015,5560,5560,30
2015,5600,5600,130
2015,5610,5610,239
2015,5620,5620,438
2015,5630,5630,31
2015,5700,5700,1176
2015,5800,5800,36
2015,5810,5810,97
2015,5820,5820,30
2015,5840,5840,116
2015,5850,5850,31
2015,5860,5860,416
2015,5900,5900,15
2015,5910,5910,1
2015,5920,5920,9
2015,5940,5940,196
2015,6005,6005,30
2015,6010,6010,11
2015,6040,6040,38
2015,6050,6050,299
2015,6100,6100,5
2015,6120,6120,3
2015,6130,6130,13
2015,6200,6200,321
2015,6210,6210,12
2015,6220,6220,54
2015,6230,6230,384
2015,6240,6240,52
2015,6250,6250,21
2015,6260,6260,516
2015,6300,6300,2
2015,6320,6320,153
2015,6330,6330,51
2015,6355,6355,333
2015,6360,6360,11
2015,6400,6400,24
2015,6420,6420,154
2015,6440,6440,246
2015,6460,6460,4
2015,6500,6220,1
2015,6515,6515,70
2015,6520,6520,37
2015,6530,6530,17
2015,6600,6600,12
2015,6660,6660,34
2015,6700,6700,7
2015,6710,6710,6
2015,6720,6720,10
2015,6730,6730,55
2015,6740,6740,4
2015,6750,6765,10
2015,6765,6765,17
2015,6800,6800,26
2015,6820,6820,23
2015,6830,6830,3
2015,6840,6840,58
2015,6920,6800,6
2015,6940,6940,43
2015,7000,7000,152
2015,7010,7010,114
2015,7020,7020,61
2015,7030,7030,3
2015,7040,7040,7
2015,7100,7100,8
2015,7110,7110,6
2015,7120,7120,12
2015,7130,7130,23
2015,7140,7140,71
2015,7150,7150,47
2015,7160,7160,9
2015,7200,7200,368
2015,7210,7210,165
2015,7220,7220,108
2015,7240,7240,20
2015,7260,7260,34
2015,7300,7300,16
2015,7315,7315,152
2015,7320,7320,12
2015,7330,7330,193
2015,7340,7340,239
2015,7350,7350,14
2015,7360,7360,38
2015,7410,7410,63
2015,7420,7420,87
2015,7430,7430,28
2015,7510,7510,24
2015,7540,7540,9
2015,7550,7630,5
2015,7560,7560,5
2015,7610,7610,6
2015,7630,7630,65
2015,7700,7700,452
2015,7710,7710,4
2015,7720,7720,74
2015,7730,7730,7
2015,7740,7740,13
2015,7750,7750,429
2015,7800,7800,51
2015,7810,7810,138
2015,7830,7830,3
2015,7840,7840,34
2015,7850,7850,5
2015,7855,7855,67
2015,7900,7900,38
2015,7920,7920,5
2015,7940,7940,8
2015,7950,7950,27
2015,8000,7950,20
2015,8010,7950,5
2015,8030,8030,185
2015,8040,8040,13
2015,8100,8100,21
2015,8130,8130,26
2015,8140,8140,338
2015,8200,8220,9
2015,8210,8220,4
2015,8220,8220,195
2015,8250,8250,11
2015,8255,8255,76
2015,8256,8256,5
2015,8300,8300,61
2015,8310,8310,15
2015,8320,8320,103
2015,8330,8330,1
2015,8350,8350,19
2015,8400,8400,7
2015,8410,8410,4
2015,8420,8420,6
2015,8450,8450,11
2015,8460,8460,11
2015,8500,8500,13
2015,8510,8510,3
2015,8530,8530,21
2015,8540,8540,15
2015,8550,8550,7
2015,8600,8600,18
2015,8610,8610,49
2015,8620,8620,37
2015,8630,8630,22
2015,8640,8640,27
2015,8650,8650,34
2015,8710,8710,26
2015,8720,8720,19
2015,8730,8730,4
2015,8740,8740,338
2015,8750,8750,6
2015,8760,8760,37
2015,8800,8800,118
2015,8810,8810,84
2015,8830,8830,7
2015,8850,8850,4
2015,8860,8965,3
2015,8910,8910,2
2015,8920,8920,7
2015,8930,8930,18
2015,8940,8940,2
2015,8950,8950,11
2015,8965,8965,407
2015,9000,9000,94
2015,9030,9030,61
2015,9040,9040,15
2015,9050,9050,32
2015,9110,9110,6
2015,9120,9120,165
2015,9130,9130,1350
2015,9140,9140,113
2015,9150,9150,10
2015,9200,9200,31
2015,9240,9240,44
2015,9260,9260,7
2015,9300,9300,10
2015,9310,9310,19
2015,9350,9350,12
2015,9360,9360,18
2015,9410,9410,23
2015,9415,9415,4
2015,9420,9420,19
2015,9510,9510,38
2015,9520,9520,18
2015,9560,9560,5
2015,9600,9600,247
2015,9610,9610,87
2015,9620,9620,589
2015,9630,9630,7
2015,9640,9640,133
2015,9650,9650,14
2015,9720,9720,28
2015,9750,9750,18
2016,10,10,538
2016,20,20,448
2016,40,40,17
2016,50,50,456
2016,60,60,38
2016,100,100,100
2016,110,110,325
2016,120,120,611
2016,135,135,11
2016,136,136,150
2016,137,137,19
2016,140,140,124
2016,150,150,93
2016,160,160,142
2016,205,205,77
2016,220,220,262
2016,230,230,456
2016,300,300,62
2016,310,310,327
2016,330,330,5
2016,340,340,52
2016,350,350,299
2016,360,360,10
2016,410,410,180
2016,420,420,210
2016,425,425,2
2016,430,430,1601
2016,500,500,9
2016,510,510,9
2016,520,520,31
2016,530,530,154
2016,540,540,150
2016,565,565,128
2016,600,600,59
2016,630,630,317
2016,640,640,36
2016,650,650,56
2016,700,700,49
2016,710,710,286
2016,725,725,36
2016,726,726,28
2016,735,735,99
2016,740,740,118
2016,800,800,693
2016,810,810,20
2016,820,820,30
2016,830,830,11
2016,840,840,113
2016,850,850,237
2016,860,860,49
2016,900,900,6
2016,910,910,190
2016,930,930,30
2016,940,940,23
2016,950,950,22
2016,1005,1005,8
2016,1006,1006,214
2016,1007,1007,31
2016,1010,1010,195
2016,1020,1020,660
2016,1030,1030,67
2016,1050,1050,239
2016,1060,1060,41
2016,1105,1105,98
2016,1106,1106,53
2016,1107,1107,256
2016,1200,1200,7
2016,1220,1220,60
2016,1240,1240,32
2016,1300,1300,85
2016,1310,1310,13
2016,1320,1320,55
2016,1340,1340,3
2016,1350,1350,34
2016,1360,1360,158
2016,1400,1400,28
2016,1410,1410,137
2016,1420,1420,26
2016,1430,1430,99
2016,1440,1440,8
2016,1450,1450,19
2016,1460,1460,142
2016,1500,1520,4
2016,1510,1530,5
2016,1520,1520,26
2016,1530,1530,199
2016,1540,1540,44
2016,1550,1550,163
2016,1560,1560,25
2016,1600,1600,21
2016,1610,1610,41
2016,1640,1640,17
2016,1650,1650,50
2016,1700,1700,18
2016,1710,1710,3
2016,1720,1720,40
2016,1740,1740,43
2016,1760,1760,120
2016,1800,1800,36
2016,1820,1820,47
2016,1840,1840,9
2016,1860,1860,14
2016,1900,1900,5
2016,1910,1910,10
2016,1920,1920,38
2016,1930,1930,14
2016,1965,1965,57
2016,2000,2000,300
2016,2010,2010,368
2016,2015,2015,46
2016,2016,2016,82
2016,2025,2025,36
2016,2040,2040,184
2016,2050,2050,21
2016,2060,2060,21
2016,2100,2100,409
2016,2105,2105,7
2016,2145,2145,131
2016,2160,2160,66
2016,2200,2200,452
2016,2300,2300,242
2016,2310,2310,1223
2016,2320,2320,441
2016,2330,2330,127
2016,2340,2340,148
2016,2400,2400,20
2016,2430,2430,60
2016,2440,2440,7
2016,2540,2540,245
2016,2550,2550,33
2016,2600,2600,30
2016,2630,2630,243
2016,2700,2700,3
2016,2710,2710,52
2016,2720,2720,55
2016,2740,2740,4
2016,2750,2750,21
2016,2760,2760,1
2016,2800,2800,11
2016,2810,2810,34
2016,2825,2825,44
2016,2830,2830,64
2016,2840,2840,21
2016,2850,2850,44
2016,2860,2860,18
2016,2900,2900,40
2016,2910,2910,20
2016,2920,2920,13
2016,3000,3000,3
2016,3010,3010,18
2016,3030,3030,25
2016,3040,3040,8
2016,3050,3050,104
2016,3060,3060,370
2016,3110,3110,30
2016,3140,3140,6
2016,3150,3150,35
2016,3160,3160,105
2016,3200,3200,5
2016,3210,3210,5
2016,3220,3220,27
2016,3230,3230,51
2016,3245,3245,59
2016,3250,3250,37
2016,3255,3255,1275
2016,3256,3256,14
2016,3258,3258,58
2016,3260,3260,2
2016,3300,3300,142
2016,3310,3310,47
2016,3320,3320,137
2016,3400,3400,80
2016,3420,3420,189
2016,3500,3500,260
2016,3510,3510,82
2016,3520,3520,11
2016,3535,3535,40
2016,3540,3540,38
2016,3600,3600,667
2016,3610,3610,5
2016,3620,3620,23
2016,3630,3630,16
2016,3640,3640,94
2016,3645,3645,223
2016,3646,3646,6
2016,3647,3647,14
2016,3648,3648,5
2016,3649,3649,41
2016,3655,3655,36
2016,3700,3700,44
2016,3710,3710,66
2016,3720,3720,28
2016,3730,3730,24
2016,3740,3740,136
2016,3750,3750,16
2016,3800,3800,174
2016,3820,3820,66
2016,3840,3840,8
2016,3850,3850,345
2016,3900,3900,1
2016,3910,3910,35
2016,3930,3930,306
2016,3940,3940,7
2016,3945,3945,23
2016,3955,3955,9
2016,4000,4000,162
2016,4010,4010,164
2016,4020,4020,667
2016,4030,4030,167
2016,4040,4040,106
2016,4050,4050,55
2016,4060,4060,10
2016,4110,4110,300
2016,4120,4120,49
2016,4130,4130,54
2016,4140,4140,38
2016,4150,4150,10
2016,4200,4200,103
2016,4210,4210,53
2016,4220,4220,758
2016,4230,4230,388
2016,4240,4240,24
2016,4250,4250,327
2016,4300,4300,71
2016,4320,4320,31
2016,4340,4340,9
2016,4350,4350,29
2016,4400,4400,32
2016,4410,4410,3
2016,4420,4420,1
2016,4430,4430,19
2016,4460,4460,1
2016,4465,4465,11
2016,4500,4500,24
2016,4510,4510,114
2016,4520,4520,65
2016,4530,4530,19
2016,4540,4540,6
2016,4600,4600,176
2016,4610,4610,317
2016,4620,4620,55
2016,4640,4640,9
2016,4650,4650,18
2016,4700,4700,1141
2016,4710,4710,384
2016,4720,4720,542
2016,4740,4740,29
2016,4750,4750,42
2016,4760,4760,761
2016,4800,4800,73
2016,4810,4810,198
2016,4820,4820,71
2016,4830,4830,38
2016,4840,4840,172
2016,4850,4850,486
2016,4900,4900,6
2016,4920,4920,202
2016,4930,4930,23
2016,4940,4940,14
2016,4950,4950,14
2016,4965,4965,64
2016,5000,5000,691
2016,5010,5010,13
2016,5020,5020,17
2016,5030,5030,4
2016,5100,5100,77
2016,5110,5110,175
2016,5120,5120,384
2016,5130,5130,3
2016,5140,5140,42
2016,5150,5150,9
2016,5160,5160,103
2016,5165,5165,23
2016,5200,5200,3
2016,5220,5220,36
2016,5230,5230,18
2016,5240,5240,808
2016,5250,5250,38
2016,5260,5260,63
2016,5300,5300,41
2016,5310,5310,54
2016,5320,5320,19
2016,5330,5330,61
2016,5340,5340,9
2016,5350,5350,27
2016,5360,5360,16
2016,5400,5400,384
2016,5410,5410,39
2016,5420,5420,36
2016,5500,5500,18
2016,5510,5510,76
2016,5520,5520,128
2016,5530,5530,19
2016,5540,5540,42
2016,5550,5550,139
2016,5560,5560,28
2016,5600,5600,110
2016,5610,5610,177
2016,5620,5620,376
2016,5630,5630,19
2016,5700,5700,1032
2016,5800,5800,42
2016,5810,5810,90
2016,5820,5820,33
2016,5840,5840,106
2016,5850,5850,35
2016,5860,5860,434
2016,5900,5900,15
2016,5910,5910,1
2016,5920,5920,5
2016,5940,5940,206
2016,6005,6005,14
2016,6010,6010,10
2016,6040,6040,60
2016,6050,6050,284
2016,6100,6100,4
2016,6120,6120,7
2016,6130,6130,24
2016,6200,6200,307
2016,6210,6210,8
2016,6220,6220,31
2016,6230,6230,356
2016,6240,6240,43
2016,6250,6250,16
2016,6260,6260,492
2016,6300,6300,1
2016,6320,6320,189
2016,6330,6330,54
2016,6355,6355,287
2016,6360,6360,22
2016,6400,6400,14
2016,6420,6420,173
2016,6440,6440,235
2016,6460,6460,4
2016,6500,6220,4
2016,6515,6515,64
2016,6520,6520,44
2016,6530,6530,18
2016,6600,6600,6
2016,6660,6660,36
2016,6700,6700,15
2016,6710,6710,17
2016,6720,6720,14
2016,6730,6730,30
2016,6750,6765,4
2016,6765,6765,15
2016,6800,6800,23
2016,6820,6820,16
2016,6830,6830,5
2016,6840,6840,56
2016,6920,6800,6
2016,6940,6940,30
2016,7000,7000,141
2016,7010,7010,63
2016,7020,7020,66
2016,7030,7030,4
2016,7040,7040,10
2016,7100,7100,5
2016,7110,7110,5
2016,7120,7120,14
2016,7130,7130,25
2016,7140,7140,66
2016,7150,7150,47
2016,7160,7160,9
2016,7200,7200,314
2016,7210,7210,143
2016,7220,7220,107
2016,7240,7240,15
2016,7260,7260,31
2016,7300,7300,18
2016,7315,7315,177
2016,7320,7320,13
2016,7330,7330,232
2016,7340,7340,271
2016,7350,7350,6
2016,7360,7360,17
2016,7410,7410,55
2016,7420,7420,71
2016,7430,7430,33
2016,7510,7510,18
2016,7540,7540,5
2016,7550,7630,4
2016,7560,7560,5
2016,7610,7610,7
2016,7630,7630,71
2016,7700,7700,379
2016,7710,7710,4
2016,7720,7720,49
2016,7730,7730,4
2016,7740,7740,7
2016,7750,7750,422
2016,7800,7800,65
2016,7810,7810,123
2016,7830,7830,5
2016,7840,7840,30
2016,7850,7850,7
2016,7855,7855,56
2016,7900,7900,44
2016,7920,7920,11
2016,7940,7940,5
2016,7950,7950,35
2016,8000,7950,20
2016,8010,7950,3
2016,8030,8030,149
2016,8040,8040,11
2016,8100,8100,17
2016,8130,8130,17
2016,8140,8140,291
2016,8200,8220,10
2016,8210,8220,3
2016,8220,8220,155
2016,8250,8250,8
2016,8255,8255,79
2016,8256,8256,4
2016,8300,8300,67
2016,8310,8310,15
2016,8320,8320,85
2016,8330,8330,3
2016,8350,8350,19
2016,8400,8400,1
2016,8410,8410,6
2016,8450,8450,11
2016,8460,8460,5
2016,8500,8500,17
2016,8510,8510,3
2016,8530,8530,15
2016,8540,8540,9
2016,8550,8550,7
2016,8600,8600,30
2016,8610,8610,36
2016,8620,8620,53
2016,8630,8630,19
2016,8640,8640,33
2016,8650,8650,39
2016,8710,8710,27
2016,8720,8720,13
2016,8730,8730,7
2016,8740,8740,332
2016,8750,8750,10
2016,8760,8760,33
2016,8800,8800,102
2016,8810,8810,72
2016,8830,8830,12
2016,8850,8850,5
2016,8860,8965,2
2016,8910,8910,1
2016,8920,8920,9
2016,8930,8930,15
2016,8940,8940,3
2016,8950,8950,6
2016,8965,8965,377
2016,9000,9000,77
2016,9030,9030,59
2016,9040,9040,15
2016,9050,9050,29
2016,9110,9110,3
2016,9120,9120,140
2016,9130,9130,1277
2016,9140,9140,114
2016,9150,9150,6
2016,9200,9200,40
2016,9240,9240,40
2016,9260,9260,5
2016,9300,9300,10
2016,9310,9310,15
2016,9350,9350,20
2016,9360,9360,24
2016,9410,9410,13
2016,9415,9415,2
2016,9420,9420,25
2016,9510,9510,34
2016,9520,9520,18
2016,9560,9560,3
2016,9600,9600,240
2016,9610,9610,97
2016,9620,9620,537
2016,9630,9630,10
2016,9640,9640,134
2016,9650,9650,8
2016,9720,9720,19
2016,9750,9750,15
2017,10,10,579
2017,20,20,510
2017,40,40,18
2017,50,50,474
2017,60,60,36
2017,100,100,79
2017,110,110,279
2017,120,120,597
2017,135,135,5
2017,136,136,163
2017,137,137,33
2017,140,140,126
2017,150,150,92
2017,160,160,135
2017,205,205,84
2017,220,220,291
2017,230,230,386
2017,300,300,69
2017,310,310,346
2017,330,330,9
2017,340,340,61
2017,350,350,292
2017,360,360,8
2017,410,410,201
2017,420,420,214
2017,425,425,4
2017,430,430,1633
2017,500,500,12
2017,510,510,11
2017,520,520,44
2017,530,530,179
2017,540,540,130
2017,565,565,158
2017,600,600,62
2017,630,630,297
2017,640,640,34
2017,650,650,58
2017,700,700,31
2017,710,710,306
2017,725,725,47
2017,726,726,28
2017,735,735,106
2017,740,740,135
2017,800,800,698
2017,810,810,23
2017,820,820,35
2017,830,830,12
2017,840,840,120
2017,850,850,189
2017,860,860,37
2017,900,900,7
2017,910,910,178
2017,930,930,28
2017,940,940,21
2017,950,950,27
2017,1005,1005,10
2017,1006,1006,261
2017,1007,1007,49
2017,1010,1010,198
2017,1020,1020,691
2017,1030,1030,62
2017,1050,1050,205
2017,1060,1060,39
2017,1105,1105,94
2017,1106,1106,59
2017,1107,1107,273
2017,1200,1200,7
2017,1220,1220,83
2017,1240,1240,50
2017,1300,1300,113
2017,1310,1310,20
2017,1320,1320,61
2017,1340,1340,4
2017,1350,1350,39
2017,1360,1360,195
2017,1400,1400,37
2017,1410,1410,146
2017,1420,1420,20
2017,1430,1430,69
2017,1440,1440,7
2017,1450,1450,11
2017,1460,1460,132
2017,1500,1520,7
2017,1510,1530,5
2017,1520,1520,19
2017,1530,1530,255
2017,1540,1540,56
2017,1550,1550,190
2017,1560,1560,33
2017,1600,1600,12
2017,1610,1610,51
2017,1640,1640,17
2017,1650,1650,75
2017,1700,1700,5
2017,1710,1710,3
2017,1720,1720,44
2017,1740,1740,44
2017,1760,1760,140
2017,1800,1800,35
2017,1820,1820,43
2017,1840,1840,24
2017,1860,1860,25
2017,1900,1900,19
2017,1910,1910,6
2017,1920,1920,22
2017,1930,1930,7
2017,1965,1965,58
2017,2000,2000,286
2017,2010,2010,393
2017,2015,2015,44
2017,2016,2016,80
2017,2025,2025,22
2017,2040,2040,163
2017,2050,2050,22
2017,2060,2060,16
2017,2100,2100,415
2017,2105,2105,5
2017,2145,2145,182
2017,2160,2160,86
2017,2200,2200,459
2017,2300,2300,243
2017,2310,2310,1329
2017,2320,2320,430
2017,2330,2330,160
2017,2340,2340,193
2017,2400,2400,15
2017,2430,2430,75
2017,2440,2440,3
2017,2540,2540,236
2017,2550,2550,54
2017,2600,2600,31
2017,2630,2630,275
2017,2710,2710,50
2017,2720,2720,48
2017,2750,2750,15
2017,2760,2760,4
2017,2800,2800,9
2017,2810,2810,31
2017,2825,2825,55
2017,2830,2830,68
2017,2840,2840,26
2017,2850,2850,49
2017,2860,2860,23
2017,2900,2900,41
2017,2910,2910,27
2017,2920,2920,17
2017,3000,3000,3
2017,3010,3010,23
2017,3030,3030,46
2017,3040,3040,18
2017,3050,3050,115
2017,3060,3060,318
2017,3110,3110,41
2017,3140,3140,5
2017,3150,3150,39
2017,3160,3160,111
2017,3200,3200,5
2017,3210,3210,1
2017,3220,3220,38
2017,3230,3230,50
2017,3245,3245,51
2017,3250,3250,18
2017,3255,3255,1283
2017,3256,3256,9
2017,3258,3258,79
2017,3260,3260,3
2017,3300,3300,152
2017,3310,3310,55
2017,3320,3320,145
2017,3400,3400,104
2017,3420,3420,225
2017,3500,3500,273
2017,3510,3510,83
2017,3520,3520,21
2017,3535,3535,61
2017,3540,3540,54
2017,3600,3600,625
2017,3610,3610,9
2017,3620,3620,13
2017,3630,3630,28
2017,3640,3640,100
2017,3645,3645,210
2017,3646,3646,9
2017,3647,3647,15
2017,3648,3648,19
2017,3649,3649,49
2017,3655,3655,45
2017,3700,3700,31
2017,3710,3710,55
2017,3720,3720,22
2017,3730,3730,47
2017,3740,3740,138
2017,3750,3750,10
2017,3800,3800,184
2017,3820,3820,78
2017,3840,3840,13
2017,3850,3850,340
2017,3900,3900,5
2017,3910,3910,38
2017,3930,3930,319
2017,3940,3940,4
2017,3945,3945,17
2017,3955,3955,7
2017,4000,4000,190
2017,4010,4010,187
2017,4020,4020,654
2017,4030,4030,191
2017,4040,4040,103
2017,4050,4050,45
2017,4060,4060,22
2017,4110,4110,329
2017,4120,4120,37
2017,4130,4130,39
2017,4140,4140,43
2017,4150,4150,18
2017,4200,4200,102
2017,4210,4210,48
2017,4220,4220,809
2017,4230,4230,394
2017,4240,4240,36
2017,4250,4250,341
2017,4300,4300,45
2017,4320,4320,34
2017,4340,4340,6
2017,4350,4350,17
2017,4400,4400,42
2017,4420,4420,5
2017,4430,4430,23
2017,4465,4465,11
2017,4500,4500,26
2017,4510,4510,128
2017,4520,4520,66
2017,4530,4530,21
2017,4540,4540,5
2017,4600,4600,166
2017,4610,4610,365
2017,4620,4620,75
2017,4640,4640,9
2017,4650,4650,32
2017,4700,4700,1226
2017,4710,4710,397
2017,4720,4720,475
2017,4740,4740,39
2017,4750,4750,47
2017,4760,4760,760
2017,4800,4800,89
2017,4810,4810,202
2017,4820,4820,80
2017,4830,4830,19
2017,4840,4840,177
2017,4850,4850,505
2017,4900,4900,4
2017,4920,4920,193
2017,4930,4930,15
2017,4940,4940,9
2017,4950,4950,10
2017,4965,4965,71
2017,5000,5000,620
2017,5010,5010,4
2017,5020,5020,9
2017,5030,5030,7
2017,5100,5100,45
2017,5110,5110,188
2017,5120,5120,344
2017,5130,5130,10
2017,5140,5140,44
2017,5150,5150,10
2017,5160,5160,85
2017,5165,5165,30
2017,5220,5220,49
2017,5230,5230,12
2017,5240,5240,817
2017,5250,5250,40
2017,5260,5260,50
2017,5300,5300,32
2017,5310,5310,59
2017,5320,5320,24
2017,5330,5330,70
2017,5340,5340,19
2017,5350,5350,38
2017,5360,5360,23
2017,5400,5400,333
2017,5410,5410,44
2017,5420,5420,45
2017,5500,5500,10
2017,5510,5510,65
2017,5520,5520,107
2017,5530,5530,11
2017,5540,5540,54
2017,5550,5550,138
2017,5560,5560,20
2017,5600,5600,99
2017,5610,5610,218
2017,5620,5620,353
2017,5630,5630,20
2017,5700,5700,988
2017,5800,5800,29
2017,5810,5810,81
2017,5820,5820,30
2017,5840,5840,107
2017,5850,5850,23
2017,5860,5860,422
2017,5900,5900,9
2017,5920,5920,9
2017,5940,5940,204
2017,6005,6005,23
2017,6010,6010,13
2017,6040,6040,43
2017,6050,6050,290
2017,6100,6100,3
2017,6120,6120,17
2017,6130,6130,20
2017,6200,6200,308
2017,6210,6210,6
2017,6220,6220,57
2017,6230,6230,364
2017,6240,6240,46
2017,6250,6250,15
2017,6260,6260,532
2017,6300,6300,3
2017,6320,6320,183
2017,6330,6330,43
2017,6355,6355,356
2017,6360,6360,19
2017,6400,6400,18
2017,6420,6420,155
2017,6440,6440,217
2017,6460,6460,14
2017,6500,6220,5
2017,6515,6515,90
2017,6520,6520,57
2017,6530,6530,22
2017,6600,6600,12
2017,6660,6660,30
2017,6700,6700,19
2017,6710,6710,7
2017,6720,6720,11
2017,6730,6730,51
2017,6740,6740,6
2017,6750,6765,4
2017,6765,6765,13
2017,6800,6800,12
2017,6820,6820,6
2017,6830,6830,3
2017,6840,6840,43
2017,6920,6800,7
2017,6940,6940,27
2017,7000,7000,112
2017,7010,7010,89
2017,7020,7020,53
2017,7030,7030,4
2017,7040,7040,17
2017,7100,7100,17
2017,7110,7110,6
2017,7120,7120,22
2017,7130,7130,22
2017,7140,7140,79
2017,7150,7150,57
2017,7160,7160,12
2017,7200,7200,327
2017,7210,7210,163
2017,7220,7220,105
2017,7240,7240,16
2017,7260,7260,35
2017,7300,7300,11
2017,7315,7315,145
2017,7320,7320,15
2017,7330,7330,191
2017,7340,7340,291
2017,7350,7350,11
2017,7360,7360,14
2017,7410,7410,70
2017,7420,7420,79
2017,7430,7430,11
2017,7510,7510,19
2017,7540,7540,10
2017,7550,7630,2
2017,7560,7560,8
2017,7610,7610,5
2017,7630,7630,65
2017,7700,7700,377
2017,7710,7710,2
2017,7720,7720,51
2017,7730,7730,5
2017,7740,7740,17
2017,7750,7750,390
2017,7800,7800,75
2017,7810,7810,120
2017,7830,7830,2
2017,7840,7840,31
2017,7850,7850,2
2017,7855,7855,54
2017,7900,7900,35
2017,7920,7920,9
2017,7940,7940,3
2017,7950,7950,30
2017,8000,7950,15
2017,8010,7950,6
2017,8030,8030,148
2017,8040,8040,9
2017,8100,8100,15
2017,8130,8130,24
2017,8140,8140,234
2017,8200,8220,7
2017,8210,8220,1
2017,8220,8220,185
2017,8250,8250,7
2017,8255,8255,63
2017,8256,8256,4
2017,8300,8300,52
2017,8310,8310,14
2017,8320,8320,78
2017,8330,8330,2
2017,8350,8350,13
2017,8400,8400,5
2017,8410,8410,6
2017,8420,8420,3
2017,8450,8450,16
2017,8460,8460,10
2017,8500,8500,27
2017,8510,8510,2
2017,8530,8530,9
2017,8540,8540,8
2017,8550,8550,10
2017,8600,8600,26
2017,8610,8610,42
2017,8620,8620,55
2017,8630,8630,25
2017,8640,8640,24
2017,8650,8650,43
2017,8710,8710,25
2017,8720,8720,10
2017,8730,8730,4
2017,8740,8740,348
2017,8750,8750,16
2017,8760,8760,25
2017,8800,8800,124
2017,8810,8810,49
2017,8830,8830,8
2017,8850,8850,3
2017,8860,8965,1
2017,8910,8910,1
2017,8920,8920,12
2017,8930,8930,6
2017,8940,8940,4
2017,8950,8950,13
2017,8965,8965,419
2017,9000,9000,89
2017,9030,9030,54
2017,9040,9040,12
2017,9050,9050,33
2017,9110,9110,3
2017,9120,9120,121
2017,9130,9130,1322
2017,9140,9140,126
2017,9150,9150,5
2017,9200,9200,28
2017,9240,9240,27
2017,9260,9260,2
2017,9300,9300,10
2017,9310,9310,16
2017,9350,9350,12
2017,9360,9360,23
2017,9410,9410,11
2017,9415,9415,10
2017,9420,9420,17
2017,9510,9510,26
2017,9520,9520,6
2017,9560,9560,5
2017,9600,9600,234
2017,9610,9610,90
2017,9620,9620,573
2017,9630,9630,4
2017,9640,9640,138
2017,9650,9650,13
2017,9720,9720,26
2017,9750,9750,18
2018,10,10,515
2018,20,20,456
2018,40,40,14
2018,50,50,441
2018,60,60,34
2018,100,100,71
2018,110,110,294
2018,120,120,562
2018,135,135,10
2018,136,136,139
2018,137,137,31
2018,140,140,130
2018,150,150,95
2018,160,160,118
2018,205,205,91
2018,220,220,248
2018,230,230,403
2018,300,300,65
2018,310,310,362
2018,330,330,11
2018,340,340,57
2018,350,350,295
2018,360,360,5
2018,410,410,179
2018,420,420,193
2018,425,425,5
2018,430,430,1636
2018,500,500,20
2018,510,510,3
2018,520,520,28
2018,530,530,108
2018,540,540,154
2018,565,565,139
2018,600,600,52
2018,630,630,293
2018,640,640,23
2018,650,650,50
2018,700,700,55
2018,710,710,313
2018,725,725,26
2018,726,726,34
2018,735,735,142
2018,740,740,101
2018,800,800,701
2018,810,810,22
2018,820,820,33
2018,830,830,12
2018,840,840,124
2018,850,850,204
2018,860,860,52
2018,900,900,4
2018,910,910,162
2018,930,930,33
2018,940,940,15
2018,950,950,21
2018,1005,1005,5
2018,1006,1006,260
2018,1007,1007,45
2018,1010,1010,181
2018,1020,1020,635
2018,1030,1030,75
2018,1050,1050,257
2018,1060,1060,42
2018,1105,1105,97
2018,1106,1106,47
2018,1107,1107,280
2018,1200,1200,14
2018,1220,1220,77
2018,1240,1240,43
2018,1300,1300,80
2018,1310,1310,15
2018,1320,1320,52
2018,1340,1340,4
2018,1350,1350,36
2018,1360,1360,184
2018,1400,1400,22
2018,1410,1410,161
2018,1420,1420,18
2018,1430,1430,88
2018,1440,1440,5
2018,1450,1450,24
2018,1460,1460,126
2018,1500,1520,3
2018,1510,1530,4
2018,1520,1520,9
2018,1530,1530,255
2018,1540,1540,47
2018,1550,1550,183
2018,1560,1560,26
2018,1600,1600,19
2018,1610,1610,70
2018,1640,1640,12
2018,1650,1650,69
2018,1700,1700,8
2018,1710,1710,7
2018,1720,1720,49
2018,1740,1740,44
2018,1760,1760,128
2018,1800,1800,27
2018,1820,1820,60
2018,1840,1840,13
2018,1860,1860,19
2018,1900,1900,22
2018,1910,1910,3
2018,1920,1920,19
2018,1930,1930,2
2018,1965,1965,61
2018,2000,2000,329
2018,2010,2010,384
2018,2015,2015,47
2018,2016,2016,77
2018,2025,2025,20
2018,2040,2040,153
2018,2050,2050,27
2018,2060,2060,29
2018,2100,2100,415
2018,2105,2105,10
2018,2145,2145,153
2018,2160,2160,59
2018,2200,2200,438
2018,2300,2300,213
2018,2310,2310,1333
2018,2320,2320,413
2018,2330,2330,170
2018,2340,2340,177
2018,2400,2400,24
2018,2430,2430,73
2018,2440,2440,3
2018,2540,2540,225
2018,2550,2550,62
2018,2600,2600,22
2018,2630,2630,281
2018,2700,2700,2
2018,2710,2710,57
2018,2720,2720,54
2018,2740,2740,2
2018,2750,2750,22
2018,2760,2760,4
2018,2800,2800,10
2018,2810,2810,33
2018,2825,2825,75
2018,2830,2830,54
2018,2840,2840,18
2018,2850,2850,47
2018,2860,2860,21
2018,2900,2900,24
2018,2910,2910,27
2018,2920,2920,14
2018,3000,3000,2
2018,3010,3010,19
2018,3030,3030,28
2018,3040,3040,14
2018,3050,3050,111
2018,3060,3060,369
2018,3110,3110,44
2018,3140,3140,3
2018,3150,3150,40
2018,3160,3160,63
2018,3200,3200,6
2018,3210,3210,4
2018,3220,3220,29
2018,3230,3230,26
2018,3245,3245,68
2018,3250,3250,18
2018,3255,3255,1246
2018,3256,3256,7
2018,3258,3258,65
2018,3260,3260,3
2018,3300,3300,134
2018,3310,3310,34
2018,3320,3320,142
2018,3400,3400,93
2018,3420,3420,219
2018,3500,3500,204
2018,3510,3510,79
2018,3520,3520,22
2018,3535,3535,49
2018,3540,3540,48
2018,3600,3600,609
2018,3610,3610,8
2018,3620,3620,33
2018,3630,3630,13
2018,3640,3640,108
2018,3645,3645,208
2018,3646,3646,5
2018,3647,3647,12
2018,3648,3648,18
2018,3649,3649,45
2018,3655,3655,72
2018,3700,3700,23
2018,3710,3710,52
2018,3720,3720,36
2018,3730,3730,42
2018,3740,3740,129
2018,3750,3750,18
2018,3800,3800,158
2018,3820,3820,82
2018,3840,3840,5
2018,3850,3850,353
2018,3900,3900,2
2018,3910,3910,43
2018,3930,3930,297
2018,3940,3940,4
2018,3945,3945,26
2018,3955,3955,7
2018,4000,4000,161
2018,4010,4010,164
2018,4020,4020,586
2018,4030,4030,163
2018,4040,4040,120
2018,4050,4050,54
2018,4060,4060,4
2018,4110,4110,316
2018,4120,4120,43
2018,4130,4130,39
2018,4140,4140,52
2018,4150,4150,18
2018,4200,4200,102
2018,4210,4210,36
2018,4220,4220,728
2018,4230,4230,378
2018,4240,4240,32
2018,4250,4250,287
2018,4300,4300,40
2018,4320,4320,28
2018,4340,4340,3
2018,4350,4350,23
2018,4400,4400,41
2018,4430,4430,18
2018,4460,4460,1
2018,4465,4465,14
2018,4500,4500,21
2018,4510,4510,139
2018,4520,4520,63
2018,4530,4530,25
2018,4540,4540,15
2018,4600,4600,175
2018,4610,4610,363
2018,4620,4620,86
2018,4640,4640,13
2018,4650,4650,29
2018,4700,4700,1147
2018,4710,4710,426
2018,4720,4720,465
2018,4740,4740,33
2018,4750,4750,54
2018,4760,4760,740
2018,4800,4800,59
2018,4810,4810,185
2018,4820,4820,69
2018,4830,4830,25
2018,4840,4840,161
2018,4850,4850,504
2018,4900,4900,8
2018,4920,4920,183
2018,4930,4930,18
2018,4940,4940,11
2018,4950,4950,18
2018,4965,4965,91
2018,5000,5000,660
2018,5010,5010,6
2018,5020,5020,13
2018,5030,5030,4
2018,5100,5100,40
2018,5110,5110,166
2018,5120,5120,317
2018,5130,5130,2
2018,5140,5140,49
2018,5150,5150,14
2018,5160,5160,97
2018,5165,5165,29
2018,5200,5200,1
2018,5220,5220,47
2018,5230,5230,18
2018,5240,5240,796
2018,5250,5250,38
2018,5260,5260,46
2018,5300,5300,48
2018,5310,5310,41
2018,5320,5320,13
2018,5330,5330,53
2018,5340,5340,12
2018,5350,5350,27
2018,5360,5360,10
2018,5400,5400,388
2018,5410,5410,38
2018,5420,5420,35
2018,5500,5500,4
2018,5510,5510,92
2018,5520,5520,127
2018,5530,5530,9
2018,5540,5540,56
2018,5550,5550,126
2018,5560,5560,29
2018,5600,5600,106
2018,5610,5610,179
2018,5620,5620,360
2018,5630,5630,13
2018,5700,5700,916
2018,5800,5800,28
2018,5810,5810,76
2018,5820,5820,31
2018,5840,5840,87
2018,5850,5850,12
2018,5860,5860,381
2018,5900,5900,5
2018,5910,5910,1
2018,5920,5920,10
2018,5940,5940,216
2018,6005,6005,30
2018,6010,6010,12
2018,6040,6040,29
2018,6050,6050,278
2018,6100,6100,2
2018,6120,6120,12
2018,6130,6130,21
2018,6200,6200,287
2018,6210,6210,7
2018,6220,6220,49
2018,6230,6230,374
2018,6240,6240,33
2018,6250,6250,12
2018,6260,6260,578
2018,6300,6300,7
2018,6320,6320,132
2018,6330,6330,68
2018,6355,6355,343
2018,6360,6360,16
2018,6400,6400,28
2018,6420,6420,168
2018,6440,6440,259
2018,6460,6460,12
2018,6515,6515,56
2018,6520,6520,49
2018,6530,6530,23
2018,6600,6600,19
2018,6660,6660,28
2018,6700,6700,12
2018,6710,6710,14
2018,6720,6720,8
2018,6730,6730,50
2018,6740,6740,2
2018,6750,6765,6
2018,6765,6765,14
2018,6800,6800,14
2018,6820,6820,10
2018,6830,6830,9
2018,6840,6840,37
2018,6920,6800,8
2018,6940,6940,25
2018,7000,7000,130
2018,7010,7010,85
2018,7020,7020,41
2018,7030,7030,8
2018,7040,7040,4
2018,7100,7100,7
2018,7110,7110,1
2018,7120,7120,11
2018,7130,7130,21
2018,7140,7140,64
2018,7150,7150,56
2018,7160,7160,9
2018,7200,7200,332
2018,7210,7210,179
2018,7220,7220,104
2018,7240,7240,23
2018,7260,7260,29
2018,7300,7300,7
2018,7315,7315,158
2018,7320,7320,8
2018,7330,7330,181
2018,7340,7340,246
2018,7350,7350,14
2018,7360,7360,15
2018,7410,7410,63
2018,7420,7420,88
2018,7430,7430,29
2018,7510,7510,11
2018,7540,7540,8
2018,7550,7630,4
2018,7560,7560,4
2018,7610,7610,4
2018,7630,7630,48
2018,7700,7700,407
2018,7710,7710,6
2018,7720,7720,57
2018,7730,7730,3
2018,7740,7740,13
2018,7750,7750,399
2018,7800,7800,63
2018,7810,7810,96
2018,7830,7830,4
2018,7840,7840,16
2018,7850,7850,11
2018,7855,7855,79
2018,7900,7900,33
2018,7920,7920,2
2018,7940,7940,5
2018,7950,7950,21
2018,8000,7950,17
2018,8010,7950,5
2018,8030,8030,150
2018,8040,8040,12
2018,8100,8100,24
2018,8130,8130,15
2018,8140,8140,253
2018,8200,8220,10
2018,8210,8220,2
2018,8220,8220,175
2018,8250,8250,7
2018,8255,8255,53
2018,8256,8256,4
2018,8300,8300,61
2018,8310,8310,13
2018,8320,8320,63
2018,8330,8330,1
2018,8350,8350,11
2018,8400,8400,3
2018,8410,8410,3
2018,8420,8420,6
2018,8450,8450,9
2018,8460,8460,10
2018,8500,8500,27
2018,8510,8510,3
2018,8530,8530,12
2018,8540,8540,5
2018,8550,8550,2
2018,8600,8600,12
2018,8610,8610,39
2018,8620,8620,47
2018,8630,8630,22
2018,8640,8640,20
2018,8650,8650,37
2018,8710,8710,18
2018,8720,8720,6
2018,8730,8730,6
2018,8740,8740,323
2018,8750,8750,10
2018,8760,8760,24
2018,8800,8800,112
2018,8810,8810,55
2018,8830,8830,5
2018,8850,8850,4
2018,8860,8965,1
2018,8910,8910,2
2018,8920,8920,13
2018,8930,8930,4
2018,8940,8940,4
2018,8950,8950,8
2018,8965,8965,461
2018,9000,9000,82
2018,9030,9030,57
2018,9040,9040,21
2018,9050,9050,32
2018,9110,9110,5
2018,9120,9120,161
2018,9130,9130,1320
2018,9140,9140,143
2018,9150,9150,18
2018,9200,9200,18
2018,9240,9240,28
2018,9260,9260,4
2018,9300,9300,5
2018,9310,9310,12
2018,9350,9350,20
2018,9360,9360,21
2018,9410,9410,9
2018,9415,9415,6
2018,9420,9420,7
2018,9510,9510,18
2018,9520,9520,11
2018,9560,9560,8
2018,9600,9600,266
2018,9610,9610,61
2018,9620,9620,590
2018,9630,9630,7
2018,9640,9640,156
2018,9650,9650,11
2018,9720,9720,32
2018,9750,9750,15
2019,10,10,541
2019,20,20,521
2019,40,40,25
2019,50,50,479
2019,60,60,37
2019,100,100,68
2019,110,110,297
2019,120,120,534
2019,135,135,4
2019,136,136,159
2019,137,137,18
2019,140,140,130
2019,150,150,89
2019,160,160,114
2019,205,205,59
2019,220,220,260
2019,230,230,426
2019,300,300,72
2019,310,310,354
2019,330,330,13
2019,340,340,72
2019,350,350,273
2019,360,360,1
2019,410,410,195
2019,420,420,228
2019,425,425,8
2019,430,430,1730
2019,500,500,8
2019,510,510,3
2019,520,520,24
2019,530,530,152
2019,540,540,155
2019,565,565,133
2019,600,600,59
2019,630,630,370
2019,640,640,21
2019,650,650,60
2019,700,700,53
2019,710,710,283
2019,725,725,42
2019,726,726,38
2019,735,735,115
2019,740,740,101
2019,800,800,748
2019,810,810,32
2019,820,820,18
2019,830,830,10
2019,840,840,158
2019,850,850,174
2019,860,860,49
2019,900,900,9
2019,910,910,176
2019,930,930,27
2019,940,940,10
2019,950,950,13
2019,1005,1005,4
2019,1006,1006,245
2019,1007,1007,40
2019,1010,1010,197
2019,1020,1020,751
2019,1030,1030,69
2019,1050,1050,216
2019,1060,1060,41
2019,1105,1105,88
2019,1106,1106,42
2019,1107,1107,278
2019,1200,1200,17
2019,1220,1220,105
2019,1240,1240,38
2019,1300,1300,71
2019,1310,1310,26
2019,1320,1320,42
2019,1340,1340,7
2019,1350,1350,29
2019,1360,1360,203
2019,1400,1400,26
2019,1410,1410,128
2019,1420,1420,13
2019,1430,1430,119
2019,1440,1440,8
2019,1450,1450,15
2019,1460,1460,129
2019,1500,1520,4
2019,1510,1530,8
2019,1520,1520,4
2019,1530,1530,266
2019,1540,1540,50
2019,1550,1550,212
2019,1560,1560,17
2019,1600,1600,18
2019,1610,1610,55
2019,1640,1640,13
2019,1650,1650,91
2019,1700,1700,8
2019,1710,1710,3
2019,1720,1720,35
2019,1740,1740,50
2019,1760,1760,126
2019,1800,1800,40
2019,1820,1820,71
2019,1840,1840,16
2019,1860,1860,14
2019,1900,1900,9
2019,1910,1910,5
2019,1920,1920,31
2019,1930,1930,10
2019,1965,1965,53
2019,2000,2000,349
2019,2010,2010,347
2019,2015,2015,45
2019,2016,2016,98
2019,2025,2025,35
2019,2040,2040,155
2019,2050,2050,22
2019,2060,2060,17
2019,2100,2100,409
2019,2105,2105,2
2019,2145,2145,148
2019,2160,2160,72
2019,2200,2200,411
2019,2300,2300,230
2019,2310,2310,1356
2019,2320,2320,405
2019,2330,2330,135
2019,2340,2340,207
2019,2400,2400,25
2019,2430,2430,51
2019,2440,2440,4
2019,2540,2540,245
2019,2550,2550,68
2019,2600,2600,36
2019,2630,2630,256
2019,2700,2700,2
2019,2710,2710,61
2019,2720,2720,56
2019,2740,2740,1
2019,2750,2750,7
2019,2760,2760,2
2019,2800,2800,11
2019,2810,2810,39
2019,2825,2825,46
2019,2830,2830,52
2019,2840,2840,29
2019,2850,2850,41
2019,2860,2860,42
2019,2900,2900,27
2019,2910,2910,14
2019,2920,2920,10
2019,3000,3000,11
2019,3010,3010,24
2019,3030,3030,33
2019,3040,3040,16
2019,3050,3050,132
2019,3060,3060,398
2019,3110,3110,34
2019,3140,3140,6
2019,3150,3150,23
2019,3160,3160,101
2019,3200,3200,10
2019,3210,3210,3
2019,3220,3220,45
2019,3230,3230,44
2019,3245,3245,66
2019,3250,3250,22
2019,3255,3255,1250
2019,3256,3256,6
2019,3258,3258,85
2019,3260,3260,8
2019,3300,3300,136
2019,3310,3310,42
2019,3320,3320,150
2019,3400,3400,73
2019,3420,3420,220
2019,3500,3500,234
2019,3510,3510,76
2019,3520,3520,15
2019,3535,3535,46
2019,3540,3540,60
2019,3600,3600,605
2019,3610,3610,6
2019,3620,3620,30
2019,3630,3630,29
2019,3640,3640,84
2019,3645,3645,227
2019,3646,3646,6
2019,3647,3647,14
2019,3648,3648,9
2019,3649,3649,41
2019,3655,3655,61
2019,3700,3700,14
2019,3710,3710,49
2019,3720,3720,25
2019,3730,3730,41
2019,3740,3740,138
2019,3750,3750,9
2019,3800,3800,175
2019,3820,3820,85
2019,3840,3840,3
2019,3850,3850,343
2019,3900,3900,3
2019,3910,3910,49
2019,3930,3930,297
2019,3940,3940,7
2019,3945,3945,22
2019,3955,3955,5
2019,4000,4000,172
2019,4010,4010,182
2019,4020,4020,559
2019,4030,4030,179
2019,4040,4040,111
2019,4050,4050,40
2019,4060,4060,16
2019,4110,4110,337
2019,4120,4120,39
2019,4130,4130,40
2019,4140,4140,35
2019,4150,4150,30
2019,4200,4200,104
2019,4210,4210,62
2019,4220,4220,756
2019,4230,4230,432
2019,4240,4240,23
2019,4250,4250,284
2019,4300,4300,59
2019,4320,4320,32
2019,4340,4340,4
2019,4350,4350,37
2019,4400,4400,36
2019,4420,4420,1
2019,4430,4430,18
2019,4465,4465,5
2019,4500,4500,18
2019,4510,4510,118
2019,4520,4520,88
2019,4530,4530,24
2019,4540,4540,13
2019,4600,4600,175
2019,4610,4610,360
2019,4620,4620,79
2019,4640,4640,11
2019,4650,4650,19
2019,4700,4700,1118
2019,4710,4710,394
2019,4720,4720,445
2019,4740,4740,27
2019,4750,4750,49
2019,4760,4760,712
2019,4800,4800,62
2019,4810,4810,193
2019,4820,4820,95
2019,4830,4830,13
2019,4840,4840,202
2019,4850,4850,532
2019,4920,4920,204
2019,4930,4930,12
2019,4940,4940,12
2019,4950,4950,11
2019,4965,4965,65
2019,5000,5000,555
2019,5010,5010,9
2019,5020,5020,10
2019,5030,5030,5
2019,5100,5100,36
2019,5110,5110,178
2019,5120,5120,306
2019,5130,5130,7
2019,5140,5140,63
2019,5150,5150,15
2019,5160,5160,88
2019,5165,5165,34
2019,5200,5200,5
2019,5220,5220,37
2019,5230,5230,21
2019,5240,5240,781
2019,5250,5250,34
2019,5260,5260,49
2019,5300,5300,32
2019,5310,5310,37
2019,5320,5320,7
2019,5330,5330,47
2019,5340,5340,10
2019,5350,5350,36
2019,5360,5360,21
2019,5400,5400,404
2019,5410,5410,41
2019,5420,5420,33
2019,5500,5500,7
2019,5510,5510,117
2019,5520,5520,116
2019,5530,5530,6
2019,5540,5540,45
2019,5550,5550,165
2019,5560,5560,21
2019,5600,5600,134
2019,5610,5610,200
2019,5620,5620,357
2019,5630,5630,18
2019,5700,5700,975
2019,5800,5800,25
2019,5810,5810,72
2019,5820,5820,14
2019,5840,5840,125
2019,5850,5850,21
2019,5860,5860,409
2019,5900,5900,7
2019,5910,5910,3
2019,5920,5920,23
2019,5940,5940,228
2019,6005,6005,21
2019,6010,6010,9
2019,6040,6040,39
2019,6050,6050,301
2019,6100,6100,2
2019,6120,6120,6
2019,6130,6130,21
2019,6200,6200,284
2019,6210,6210,5
2019,6220,6220,56
2019,6230,6230,398
2019,6240,6240,57
2019,6250,6250,17
2019,6260,6260,566
2019,6300,6300,2
2019,6320,6320,154
2019,6330,6330,56
2019,6355,6355,324
2019,6360,6360,15
2019,6400,6400,19
2019,6420,6420,158
2019,6440,6440,269
2019,6460,6460,9
2019,6500,6220,1
2019,6515,6515,58
2019,6520,6520,46
2019,6530,6530,29
2019,6600,6600,13
2019,6660,6660,26
2019,6700,6700,9
2019,6710,6710,7
2019,6720,6720,15
2019,6730,6730,46
2019,6740,6740,2
2019,6750,6765,1
2019,6765,6765,14
2019,6800,6800,16
2019,6820,6820,12
2019,6830,6830,3
2019,6840,6840,60
2019,6920,6800,4
2019,6940,6940,46
2019,7000,7000,125
2019,7010,7010,49
2019,7020,7020,50
2019,7030,7030,8
2019,7040,7040,5
2019,7100,7100,10
2019,7110,7110,2
2019,7120,7120,15
2019,7130,7130,22
2019,7140,7140,86
2019,7150,7150,35
2019,7160,7160,6
2019,7200,7200,312
2019,7210,7210,141
2019,7220,7220,100
2019,7240,7240,16
2019,7260,7260,16
2019,7300,7300,8
2019,7315,7315,186
2019,7320,7320,9
2019,7330,7330,155
2019,7340,7340,253
2019,7350,7350,13
2019,7360,7360,23
2019,7410,7410,56
2019,7420,7420,71
2019,7430,7430,31
2019,7510,7510,14
2019,7540,7540,8
2019,7550,7630,2
2019,7560,7560,7
2019,7610,7610,6
2019,7630,7630,78
2019,7700,7700,424
2019,7710,7710,3
2019,7720,7720,51
2019,7730,7730,3
2019,7740,7740,14
2019,7750,7750,426
2019,7800,7800,41
2019,7810,7810,146
2019,7830,7830,6
2019,7840,7840,38
2019,7850,7850,3
2019,7855,7855,64
2019,7900,7900,47
2019,7920,7920,5
2019,7940,7940,4
2019,7950,7950,22
2019,8000,7950,17
2019,8010,7950,3
2019,8030,8030,156
2019,8040,8040,13
2019,8100,8100,13
2019,8130,8130,19
2019,8140,8140,274
2019,8200,8220,7
2019,8210,8220,1
2019,8220,8220,177
2019,8250,8250,6
2019,8255,8255,42
2019,8256,8256,7
2019,8300,8300,54
2019,8310,8310,8
2019,8320,8320,76
2019,8330,8330,1
2019,8350,8350,17
2019,8400,8400,4
2019,8410,8410,1
2019,8420,8420,5
2019,8450,8450,9
2019,8460,8460,5
2019,8500,8500,20
2019,8510,8510,2
2019,8530,8530,17
2019,8540,8540,3
2019,8550,8550,7
2019,8600,8600,25
2019,8610,8610,34
2019,8620,8620,42
2019,8630,8630,20
2019,8640,8640,42
2019,8650,8650,30
2019,8710,8710,14
2019,8720,8720,13
2019,8730,8730,5
2019,8740,8740,316
2019,8750,8750,12
2019,8760,8760,41
2019,8800,8800,120
2019,8810,8810,73
2019,8830,8830,10
2019,8860,8965,2
2019,8910,8910,2
2019,8920,8920,10
2019,8930,8930,8
2019,8940,8940,5
2019,8950,8950,15
2019,8965,8965,426
2019,9000,9000,80
2019,9030,9030,59
2019,9040,9040,20
2019,9050,9050,25
2019,9110,9110,5
2019,9120,9120,148
2019,9130,9130,1309
2019,9140,9140,170
2019,9150,9150,7
2019,9200,9200,29
2019,9240,9240,24
2019,9260,9260,5
2019,9300,9300,10
2019,9310,9310,5
2019,9350,9350,21
2019,9360,9360,16
2019,9410,9410,17
2019,9415,9415,13
2019,9420,9420,17
2019,9510,9510,27
2019,9520,9520,11
2019,9560,9560,4
2019,9600,9600,217
2019,9610,9610,88
2019,9620,9620,606
2019,9630,9630,6
2019,9640,9640,156
2019,9650,9650,10
2019,9720,9720,33
2019,9750,9750,20
2020,10,10,485
2020,20,20,421
2020,40,40,9
2020,51,50,178
2020,52,50,201
2020,60,60,33
2020,101,100,16
2020,102,100,51
2020,110,110,318
2020,120,120,533
2020,135,135,12
2020,136,136,126
2020,137,137,14
2020,140,140,130
2020,150,150,103
2020,160,160,120
2020,205,205,45
2020,220,220,257
2020,230,230,414
2020,300,300,69
2020,310,310,308
2020,335,430,24
2020,340,340,37
2020,350,350,260
2020,360,360,4
2020,410,410,158
2020,420,420,96
2020,425,425,3
2020,440,430,1525
2020,500,500,15
2020,510,510,6
2020,520,520,44
2020,530,530,96
2020,540,540,126
2020,565,565,148
2020,600,600,42
2020,630,630,292
2020,640,640,25
2020,650,650,51
2020,700,700,58
2020,705,430,213
2020,710,710,279
2020,725,725,52
2020,726,726,26
2020,735,735,87
2020,750,740,107
2020,800,800,623
2020,810,810,20
2020,820,820,23
2020,830,830,7
2020,845,840,108
2020,850,850,172
2020,860,860,46
2020,900,900,12
2020,910,910,164
2020,930,930,28
2020,940,940,18
2020,960,950,28
2020,1005,1005,8
2020,1006,1006,195
2020,1007,1007,60
2020,1010,1010,137
2020,1021,1020,698
2020,1022,1020,37
2020,1031,1030,40
2020,1032,1030,21
2020,1050,1050,229
2020,1065,1060,43
2020,1105,1105,119
2020,1106,1106,48
2020,1108,1107,297
2020,1200,1200,13
2020,1220,1220,70
2020,1240,1240,56
2020,1305,1300,57
2020,1306,1300,6
2020,1310,1310,10
2020,1320,1320,43
2020,1340,1340,8
2020,1350,1350,22
2020,1360,1360,156
2020,1400,1400,33
2020,1410,1410,112
2020,1420,1420,15
2020,1430,1430,91
2020,1440,1440,6
2020,1450,1450,22
2020,1460,1460,129
2020,1520,1520,9
2020,1530,1530,230
2020,1541,1540,15
2020,1545,1540,38
2020,1551,1550,29
2020,1555,1550,144
2020,1560,1560,14
2020,1600,1600,9
2020,1610,1610,42
2020,1640,1640,12
2020,1650,1650,55
2020,1700,1700,4
2020,1710,1710,4
2020,1720,1720,53
2020,1745,1740,15
2020,1750,1740,12
2020,1760,1760,111
2020,1800,1800,24
2020,1821,1820,2
2020,1822,1820,10
2020,1825,1820,21
2020,1840,1840,17
2020,1860,1860,15
2020,1900,1900,6
2020,1910,1910,12
2020,1920,1920,19
2020,1935,1965,18
2020,1970,1965,71
2020,1980,3540,33
2020,2001,2000,28
2020,2002,2000,123
2020,2003,2000,6
2020,2004,2000,34
2020,2005,2000,21
2020,2006,2000,52
2020,2011,2010,34
2020,2012,2010,18
2020,2013,2010,8
2020,2014,2010,230
2020,2015,2015,35
2020,2016,2016,74
2020,2025,2025,28
2020,2040,2040,6
2020,2050,2050,2
2020,2100,2100,425
2020,2105,2105,2
2020,2145,2145,140
2020,2170,2160,24
2020,2180,2160,26
2020,2205,2200,394
2020,2300,2300,179
2020,2310,2310,1234
2020,2320,2320,356
2020,2330,2330,114
2020,2350,2340,18
2020,2360,2340,132
2020,2400,2400,22
2020,2435,2430,47
2020,2440,2440,2
2020,2545,2540,231
2020,2555,2550,62
2020,2600,2600,37
2020,2631,2630,3
2020,2632,2630,13
2020,2633,2630,9
2020,2634,2630,79
2020,2635,2630,36
2020,2636,2630,2
2020,2640,2630,108
2020,2700,2700,6
2020,2710,2710,37
2020,2721,2720,5
2020,2722,2720,33
2020,2723,2720,2
2020,2751,2750,1
2020,2752,2750,9
2020,2770,2760,3
2020,2805,2800,10
2020,2810,2810,39
2020,2825,2825,56
2020,2830,2830,31
2020,2840,2840,28
2020,2850,2850,41
2020,2861,2860,20
2020,2862,2160,10
2020,2905,2900,29
2020,2910,2910,25
2020,2920,2920,14
2020,3000,3000,6
2020,3010,3010,34
2020,3030,3030,28
2020,3040,3040,12
2020,3050,3050,116
2020,3090,3060,358
2020,3100,3060,17
2020,3110,3110,62
2020,3120,3120,5
2020,3140,3140,5
2020,3150,3150,37
2020,3160,3160,79
2020,3200,3200,4
2020,3210,3210,3
2020,3220,3220,48
2020,3230,3230,47
2020,3245,3245,59
2020,3250,3250,18
2020,3255,3255,1157
2020,3256,3256,13
2020,3258,3258,83
2020,3261,3260,5
2020,3270,3260,2
2020,3300,3300,117
2020,3310,3310,56
2020,3321,3320,20
2020,3322,3320,23
2020,3323,3320,109
2020,3324,3320,18
2020,3330,3320,10
2020,3401,3400,51
2020,3402,3400,36
2020,3421,3420,108
2020,3422,3420,19
2020,3423,3420,33
2020,3424,3420,22
2020,3430,3420,10
2020,3500,3500,222
2020,3515,3510,80
2020,3520,3520,11
2020,3545,3535,52
2020,3550,3540,17
2020,3601,3600,131
2020,3602,4610,300
2020,3603,3600,371
2020,3605,3600,6
2020,3610,3610,8
2020,3620,3620,21
2020,3630,3630,15
2020,3640,3640,90
2020,3645,3645,185
2020,3646,3646,2
2020,3647,3647,11
2020,3648,3648,11
2020,3649,3649,24
2020,3655,3655,54
2020,3700,3700,25
2020,3710,3710,48
2020,3720,3720,38
2020,3725,3730,33
2020,3740,3740,137
2020,3750,3750,7
2020,3801,3800,6
2020,3802,3800,133
2020,3820,3820,64
2020,3840,3840,9
2020,3870,3850,291
2020,3900,3900,1
2020,3910,3910,40
2020,3930,3930,247
2020,3940,3940,5
2020,3945,3945,15
2020,3946,3955,1
2020,3960,3955,6
2020,4000,4000,158
2020,4010,4010,153
2020,4020,4020,462
2020,4030,4030,135
2020,4040,4040,75
2020,4055,4050,54
2020,4110,4110,265
2020,4120,4120,29
2020,4130,4130,44
2020,4140,4140,42
2020,4150,4150,11
2020,4200,4200,99
2020,4210,4210,33
2020,4220,4220,590
2020,4230,4230,318
2020,4240,4240,34
2020,4251,4250,188
2020,4252,4250,20
2020,4255,4250,6
2020,4330,4320,40
2020,4340,4340,8
2020,4350,4350,25
2020,4400,4400,32
2020,4420,4420,2
2020,4435,4430,12
2020,4461,4460,6
2020,4465,4465,8
2020,4500,4500,18
2020,4510,4510,107
2020,4521,4520,61
2020,4522,4520,15
2020,4525,4520,4
2020,4530,4530,19
2020,4540,4540,8
2020,4600,4600,167
2020,4621,4620,15
2020,4622,4620,47
2020,4640,4640,12
2020,4655,4650,14
2020,4700,4700,979
2020,4710,4710,346
2020,4720,4720,317
2020,4740,4740,18
2020,4750,4750,45
2020,4760,4760,587
2020,4800,4800,48
2020,4810,4810,177
2020,4820,4820,56
2020,4830,4830,17
2020,4840,4840,186
2020,4850,4850,439
2020,4900,4900,3
2020,4920,4920,195
2020,4930,4930,15
2020,4940,4940,7
2020,4950,4950,4
2020,4965,4965,44
2020,5000,5000,479
2020,5010,5010,3
2020,5020,5020,11
2020,5040,2900,2
2020,5100,5100,25
2020,5110,5110,160
2020,5120,5120,338
2020,5140,5140,55
2020,5150,5150,21
2020,5160,5160,70
2020,5165,5165,31
2020,5220,5220,28
2020,5230,5230,12
2020,5240,5240,645
2020,5250,5250,35
2020,5260,5260,59
2020,5300,5300,15
2020,5310,5310,58
2020,5320,5320,13
2020,5330,5330,38
2020,5340,5340,6
2020,5350,5350,29
2020,5360,5360,22
2020,5400,5400,308
2020,5410,5410,30
2020,5420,5420,30
2020,5500,5500,11
2020,5510,5510,112
2020,5521,5520,32
2020,5522,5520,61
2020,5530,5530,13
2020,5540,5540,36
2020,5550,5550,144
2020,5560,5560,24
2020,5600,5600,104
2020,5610,5610,181
2020,5630,5630,18
2020,5710,5700,64
2020,5720,5700,25
2020,5730,5700,22
2020,5740,5700,758
2020,5810,5810,68
2020,5820,5820,17
2020,5840,5840,93
2020,5850,5850,14
2020,5860,5860,337
2020,5900,5900,8
2020,5920,5920,28
2020,5940,5940,186
2020,6005,6005,17
2020,6010,6010,4
2020,6040,6040,10
2020,6050,6050,257
2020,6115,6100,2
2020,6120,6120,6
2020,6130,6130,17
2020,6200,6200,285
2020,6210,6210,6
2020,6220,6220,22
2020,6230,6230,297
2020,6240,6240,48
2020,6250,6250,10
2020,6260,6260,489
2020,6305,6320,114
2020,6330,6330,43
2020,6355,6355,335
2020,6360,6360,16
2020,6400,6400,14
2020,6410,6420,89
2020,6441,6440,14
2020,6442,6440,183
2020,6460,6460,13
2020,6515,6515,34
2020,6520,6520,42
2020,6530,6530,15
2020,6540,6765,9
2020,6600,6600,11
2020,6660,6660,29
2020,6700,6700,6
2020,6710,6710,4
2020,6720,6720,8
2020,6730,6730,47
2020,6740,6740,3
2020,6765,6765,5
2020,6800,6800,16
2020,6825,6820,16
2020,6835,6830,1
2020,6850,6840,23
2020,6950,6940,23
2020,7000,7000,103
2020,7010,7010,69
2020,7020,7020,48
2020,7030,7030,4
2020,7040,7040,13
2020,7100,7100,5
2020,7120,7120,11
2020,7130,7130,19
2020,7140,7140,69
2020,7150,7150,37
2020,7160,7160,2
2020,7200,7200,245
2020,7210,7210,140
2020,7220,7220,79
2020,7240,7240,16
2020,7260,7260,22
2020,7300,7300,14
2020,7315,7315,144
2020,7320,7320,7
2020,7330,7330,168
2020,7340,7340,270
2020,7350,7350,12
2020,7360,7360,20
2020,7410,7410,41
2020,7420,7420,70
2020,7430,7430,18
2020,7510,7510,7
2020,7540,7540,4
2020,7560,7560,5
2020,7610,7610,1
2020,7640,7630,71
2020,7700,7700,334
2020,7720,7720,37
2020,7730,7730,1
2020,7740,7740,7
2020,7750,7750,290
2020,7800,7800,46
2020,7810,7810,72
2020,7830,7830,3
2020,7840,7840,29
2020,7850,7850,2
2020,7855,7855,67
2020,7905,7900,39
2020,7925,7920,12
2020,7950,7950,30
2020,8000,7950,8
2020,8025,7950,1
2020,8030,8030,109
2020,8040,8040,4
2020,8100,8100,13
2020,8130,8130,16
2020,8140,8140,225
2020,8225,8220,159
2020,8250,8250,5
2020,8255,8255,34
2020,8256,8256,7
2020,8300,8300,39
2020,8310,8310,9
2020,8320,8320,46
2020,8335,8330,5
2020,8350,8350,21
2020,8365,8420,11
2020,8450,8450,3
2020,8465,8460,6
2020,8500,8500,12
2020,8510,8510,2
2020,8530,8530,4
2020,8540,8540,7
2020,8555,8550,5
2020,8600,8600,26
2020,8610,8610,19
2020,8620,8620,40
2020,8630,8630,18
2020,8640,8640,25
2020,8650,8650,33
2020,8710,8710,16
2020,8720,8720,13
2020,8730,8730,3
2020,8740,8740,285
2020,8750,8750,9
2020,8760,8760,16
2020,8800,8800,95
2020,8810,8810,68
2020,8830,8830,3
2020,8850,8850,5
2020,8910,8910,3
2020,8920,8920,15
2020,8930,8930,6
2020,8940,8940,3
2020,8950,8950,5
2020,8990,8965,356
2020,9005,9000,109
2020,9030,9030,67
2020,9040,9040,18
2020,9050,9050,28
2020,9110,9110,3
2020,9121,9120,48
2020,9122,9120,63
2020,9130,9130,1080
2020,9141,9140,33
2020,9142,9140,83
2020,9150,9150,35
2020,9210,9200,30
2020,9240,9420,18
2020,9265,9260,5
2020,9300,9300,1
2020,9310,9310,11
2020,9350,9350,16
2020,9365,9360,25
2020,9410,9410,14
2020,9415,9415,2
2020,9430,9420,16
2020,9510,9510,33
2020,9570,9560,3
2020,9600,9600,166
2020,9610,9610,80
2020,9620,9620,503
2020,9630,9630,1
2020,9640,9640,154
2020,9645,5620,336
2020,9650,9650,11
2020,9720,9720,25
2020,9760,9750,16
2021,10,10,522
2021,20,20,455
2021,40,40,16
2021,51,50,184
2021,52,50,207
2021,60,60,36
2021,101,100,27
2021,102,100,51
2021,110,110,309
2021,120,120,530
2021,135,135,12
2021,136,136,127
2021,137,137,26
2021,140,140,107
2021,150,150,80
2021,160,160,132
2021,205,205,61
2021,220,220,269
2021,230,230,370
2021,300,300,90
2021,310,310,265
2021,335,430,3
2021,340,340,24
2021,350,350,328
2021,360,360,10
2021,410,410,162
2021,420,420,161
2021,425,425,11
2021,440,430,1468
2021,500,500,8
2021,510,510,6
2021,520,520,41
2021,530,530,72
2021,540,540,110
2021,565,565,119
2021,600,600,45
2021,630,630,304
2021,640,640,37
2021,650,650,59
2021,700,700,41
2021,705,430,346
2021,710,710,294
2021,725,725,20
2021,726,726,32
2021,735,735,111
2021,750,740,178
2021,800,800,542
2021,810,810,22
2021,820,820,23
2021,830,830,11
2021,845,840,114
2021,850,850,163
2021,860,860,46
2021,900,900,3
2021,910,910,180
2021,930,930,22
2021,940,940,23
2021,960,950,22
2021,1005,1005,13
2021,1006,1006,178
2021,1007,1007,57
2021,1010,1010,167
2021,1021,1020,724
2021,1022,1020,21
2021,1031,1030,26
2021,1032,1030,14
2021,1050,1050,220
2021,1065,1060,49
2021,1105,1105,95
2021,1106,1106,46
2021,1108,1107,335
2021,1200,1200,14
2021,1220,1220,70
2021,1240,1240,90
2021,1305,1300,53
2021,1306,1300,5
2021,1310,1310,16
2021,1320,1320,40
2021,1340,1340,7
2021,1350,1350,32
2021,1360,1360,149
2021,1400,1400,25
2021,1410,1410,126
2021,1420,1420,12
2021,1430,1430,90
2021,1440,1440,2
2021,1450,1450,21
2021,1460,1460,118
2021,1520,1520,12
2021,1530,1530,215
2021,1541,1540,8
2021,1545,1540,39
2021,1551,1550,24
2021,1555,1550,120
2021,1560,1560,12
2021,1600,1600,14
2021,1610,1610,54
2021,1640,1640,14
2021,1650,1650,46
2021,1700,1700,6
2021,1710,1710,10
2021,1720,1720,33
2021,1745,1740,9
2021,1750,1740,18
2021,1760,1760,140
2021,1800,1800,17
2021,1821,1820,4
2021,1822,1820,14
2021,1825,1820,23
2021,1840,1840,13
2021,1860,1860,26
2021,1900,1900,14
2021,1910,1910,5
2021,1920,1920,14
2021,1935,1965,2
2021,1970,1965,72
2021,1980,3540,20
2021,2001,2000,41
2021,2002,2000,121
2021,2003,2000,11
2021,2004,2000,50
2021,2005,2000,2
2021,2006,2000,66
2021,2011,2010,24
2021,2012,2010,25
2021,2014,2010,256
2021,2015,2015,38
2021,2016,2016,68
2021,2025,2025,28
2021,2040,2040,138
2021,2050,2050,15
2021,2060,2060,25
2021,2100,2100,405
2021,2105,2105,7
2021,2145,2145,141
2021,2170,2160,36
2021,2180,2160,28
2021,2205,2200,405
2021,2300,2300,152
2021,2310,2310,1178
2021,2320,2320,355
2021,2330,2330,135
2021,2350,2340,3
2021,2360,2340,132
2021,2400,2400,22
2021,2435,2430,72
2021,2440,2440,6
2021,2545,2540,259
2021,2555,2550,57
2021,2600,2600,36
2021,2631,2630,4
2021,2632,2630,4
2021,2633,2630,11
2021,2634,2630,65
2021,2635,2630,17
2021,2636,2630,10
2021,2640,2630,107
2021,2710,2710,49
2021,2721,2720,4
2021,2722,2720,37
2021,2751,2750,4
2021,2752,2750,3
2021,2770,2760,3
2021,2805,2800,9
2021,2810,2810,24
2021,2825,2825,56
2021,2830,2830,19
2021,2840,2840,20
2021,2850,2850,37
2021,2861,2860,18
2021,2862,2160,4
2021,2865,2860,8
2021,2905,2900,9
2021,2910,2910,21
2021,2920,2920,24
2021,3000,3000,4
2021,3010,3010,19
2021,3030,3030,26
2021,3040,3040,11
2021,3050,3050,109
2021,3090,3060,336
2021,3100,3060,17
2021,3110,3110,48
2021,3120,3120,4
2021,3140,3140,11
2021,3150,3150,45
2021,3160,3160,64
2021,3200,3200,6
2021,3210,3210,8
2021,3220,3220,35
2021,3230,3230,48
2021,3245,3245,53
2021,3250,3250,21
2021,3255,3255,1137
2021,3256,3256,10
2021,3258,3258,91
2021,3261,3260,1
2021,3300,3300,142
2021,3310,3310,30
2021,3321,3320,16
2021,3322,3320,27
2021,3323,3320,100
2021,3324,3320,18
2021,3330,3320,9
2021,3401,3400,41
2021,3402,3400,31
2021,3421,3420,109
2021,3422,3420,14
2021,3423,3420,30
2021,3424,3420,32
2021,3430,3420,12
2021,3500,3500,166
2021,3515,3510,89
2021,3520,3520,10
2021,3545,3535,56
2021,3550,3540,21
2021,3601,3600,111
2021,3602,4610,314
2021,3603,3600,394
2021,3605,3600,6
2021,3610,3610,11
2021,3620,3620,12
2021,3630,3630,3
2021,3640,3640,47
2021,3645,3645,177
2021,3646,3646,11
2021,3647,3647,8
2021,3648,3648,10
2021,3649,3649,36
2021,3655,3655,37
2021,3700,3700,17
2021,3710,3710,36
2021,3720,3720,33
2021,3725,3730,41
2021,3740,3740,134
2021,3750,3750,11
2021,3801,3800,8
2021,3802,3800,135
2021,3820,3820,69
2021,3840,3840,6
2021,3870,3850,339
2021,3900,3900,7
2021,3910,3910,41
2021,3930,3930,224
2021,3940,3940,2
2021,3945,3945,24
2021,3946,3955,6
2021,3960,3955,6
2021,4000,4000,70
2021,4010,4010,108
2021,4020,4020,297
2021,4030,4030,115
2021,4040,4040,34
2021,4055,4050,46
2021,4110,4110,109
2021,4120,4120,19
2021,4130,4130,17
2021,4140,4140,31
2021,4150,4150,7
2021,4200,4200,80
2021,4210,4210,32
2021,4220,4220,502
2021,4230,4230,227
2021,4240,4240,29
2021,4251,4250,198
2021,4252,4250,16
2021,4255,4250,3
2021,4330,4320,27
2021,4340,4340,9
2021,4350,4350,19
2021,4400,4400,14
2021,4435,4430,13
2021,4461,4460,2
2021,4465,4465,9
2021,4500,4500,4
2021,4510,4510,39
2021,4521,4520,14
2021,4522,4520,6
2021,4530,4530,21
2021,4540,4540,4
2021,4600,4600,86
2021,4621,4620,12
2021,4622,4620,24
2021,4640,4640,5
2021,4655,4650,7
2021,4700,4700,912
2021,4710,4710,318
2021,4720,4720,296
2021,4740,4740,20
2021,4750,4750,26
2021,4760,4760,452
2021,4800,4800,38
2021,4810,4810,191
2021,4820,4820,52
2021,4830,4830,8
2021,4840,4840,160
2021,4850,4850,408
2021,4920,4920,173
2021,4930,4930,10
2021,4940,4940,5
2021,4950,4950,7
2021,4965,4965,70
2021,5000,5000,503
2021,5010,5010,3
2021,5020,5020,4
2021,5040,2900,1
2021,5100,5100,27
2021,5110,5110,174
2021,5120,5120,259
2021,5140,5140,50
2021,5150,5150,10
2021,5160,5160,93
2021,5165,5165,24
2021,5220,5220,24
2021,5230,5230,16
2021,5240,5240,665
2021,5250,5250,38
2021,5260,5260,54
2021,5300,5300,7
2021,5310,5310,44
2021,5320,5320,12
2021,5330,5330,54
2021,5340,5340,4
2021,5350,5350,23
2021,5360,5360,8
2021,5400,5400,265
2021,5410,5410,18
2021,5420,5420,40
2021,5500,5500,2
2021,5510,5510,119
2021,5521,5520,28
2021,5522,5520,58
2021,5530,5530,14
2021,5540,5540,30
2021,5550,5550,128
2021,5560,5560,23
2021,5600,5600,60
2021,5610,5610,162
2021,5630,5630,19
2021,5710,5700,89
2021,5720,5700,17
2021,5730,5700,13
2021,5740,5700,691
2021,5810,5810,56
2021,5820,5820,4
2021,5840,5840,82
2021,5850,5850,21
2021,5860,5860,355
2021,5900,5900,4
2021,5910,5910,1
2021,5920,5920,17
2021,5940,5940,206
2021,6005,6005,28
2021,6010,6010,5
2021,6040,6040,17
2021,6050,6050,251
2021,6115,6100,2
2021,6120,6120,4
2021,6130,6130,11
2021,6200,6200,248
2021,6210,6210,6
2021,6220,6220,38
2021,6230,6230,245
2021,6240,6240,25
2021,6250,6250,17
2021,6260,6260,464
2021,6305,6320,134
2021,6330,6330,40
2021,6355,6355,242
2021,6360,6360,15
2021,6400,6400,19
2021,6410,6420,110
2021,6441,6440,18
2021,6442,6440,167
2021,6460,6460,8
2021,6515,6515,38
2021,6520,6520,36
2021,6530,6530,14
2021,6540,6765,6
2021,6600,6600,15
2021,6660,6660,33
2021,6700,6700,11
2021,6710,6710,4
2021,6720,6720,11
2021,6730,6730,39
2021,6740,6740,7
2021,6765,6765,2
2021,6800,6800,9
2021,6825,6820,12
2021,6835,6830,6
2021,6850,6840,31
2021,6950,6940,30
2021,7000,7000,119
2021,7010,7010,62
2021,7020,7020,44
2021,7030,7030,1
2021,7040,7040,13
2021,7100,7100,6
2021,7120,7120,3
2021,7130,7130,20
2021,7140,7140,62
2021,7150,7150,27
2021,7160,7160,7
2021,7200,7200,229
2021,7210,7210,133
2021,7220,7220,121
2021,7240,7240,13
2021,7260,7260,23
2021,7300,7300,7
2021,7315,7315,150
2021,7320,7320,8
2021,7330,7330,180
2021,7340,7340,219
2021,7350,7350,11
2021,7360,7360,15
2021,7410,7410,44
2021,7420,7420,62
2021,7430,7430,19
2021,7510,7510,9
2021,7540,7540,4
2021,7560,7560,1
2021,7610,7610,6
2021,7640,7630,47
2021,7700,7700,312
2021,7720,7720,31
2021,7730,7730,1
2021,7740,7740,2
2021,7750,7750,291
2021,7800,7800,45
2021,7810,7810,77
2021,7830,7830,2
2021,7840,7840,36
2021,7850,7850,1
2021,7855,7855,54
2021,7905,7900,25
2021,7925,7920,10
2021,7950,7950,17
2021,8000,7950,9
2021,8025,7950,2
2021,8030,8030,99
2021,8040,8040,9
2021,8100,8100,9
2021,8130,8130,10
2021,8140,8140,179
2021,8225,8220,116
2021,8250,8250,3
2021,8255,8255,37
2021,8256,8256,5
2021,8300,8300,30
2021,8310,8310,4
2021,8320,8320,23
2021,8335,8330,4
2021,8350,8350,4
2021,8365,8420,7
2021,8450,8450,3
2021,8465,8460,9
2021,8500,8500,14
2021,8510,8510,2
2021,8530,8530,3
2021,8540,8540,10
2021,8555,8550,3
2021,8600,8600,12
2021,8610,8610,22
2021,8620,8620,53
2021,8630,8630,26
2021,8640,8640,25
2021,8650,8650,20
2021,8710,8710,11
2021,8720,8720,10
2021,8730,8730,4
2021,8740,8740,249
2021,8750,8750,4
2021,8760,8760,9
2021,8800,8800,83
2021,8810,8810,35
2021,8830,8830,7
2021,8850,8850,3
2021,8920,8920,5
2021,8930,8930,1
2021,8940,8940,3
2021,8950,8950,7
2021,8990,8965,388
2021,9005,9000,108
2021,9030,9030,59
2021,9040,9040,12
2021,9050,9050,15
2021,9121,9120,34
2021,9122,9120,54
2021,9130,9130,980
2021,9141,9140,6
2021,9142,9140,23
2021,9150,9150,34
2021,9210,9200,19
2021,9240,9420,10
2021,9265,9260,5
2021,9300,9300,3
2021,9310,9310,6
2021,9350,9350,9
2021,9365,9360,11
2021,9410,9410,17
2021,9415,9415,4
2021,9430,9420,7
2021,9510,9510,31
2021,9570,9560,6
2021,9600,9600,177
2021,9610,9610,55
2021,9620,9620,466
2021,9630,9630,3
2021,9640,9640,120
2021,9645,5620,332
2021,9650,9650,5
2021,9720,9720,19
2021,9760,9750,10
2022,10,10,498
2022,20,20,431
2022,40,40,21
2022,51,50,220
2022,52,50,203
2022,60,60,52
2022,101,100,22
2022,102,100,44
2022,110,110,290
2022,120,120,492
2022,135,135,4
2022,136,136,110
2022,137,137,23
2022,140,140,107
2022,150,150,82
2022,160,160,103
2022,205,205,58
2022,220,220,242
2022,230,230,353
2022,300,300,84
2022,310,310,248
2022,335,430,14
2022,340,340,18
2022,350,350,322
2022,360,360,15
2022,410,410,206
2022,420,420,199
2022,425,425,9
2022,440,430,1590
2022,500,500,12
2022,510,510,2
2022,520,520,47
2022,530,530,94
2022,540,540,123
2022,565,565,117
2022,600,600,37
2022,630,630,342
2022,640,640,21
2022,650,650,63
2022,700,700,60
2022,705,430,299
2022,710,710,281
2022,725,725,28
2022,726,726,23
2022,735,735,92
2022,750,740,147
2022,800,800,517
2022,810,810,24
2022,820,820,19
2022,830,830,16
2022,845,840,130
2022,850,850,143
2022,860,860,43
2022,900,900,6
2022,910,910,147
2022,930,930,30
2022,940,940,12
2022,960,950,22
2022,1005,1005,14
2022,1006,1006,156
2022,1007,1007,60
2022,1010,1010,148
2022,1021,1020,729
2022,1022,1020,25
2022,1031,1030,25
2022,1032,1030,28
2022,1050,1050,243
2022,1065,1060,54
2022,1105,1105,93
2022,1106,1106,32
2022,1108,1107,304
2022,1200,1200,6
2022,1220,1220,55
2022,1240,1240,101
2022,1305,1300,49
2022,1306,1300,5
2022,1310,1310,12
2022,1320,1320,66
2022,1340,1340,10
2022,1350,1350,31
2022,1360,1360,169
2022,1400,1400,38
2022,1410,1410,126
2022,1420,1420,16
2022,1430,1430,91
2022,1440,1440,1
2022,1450,1450,15
2022,1460,1460,134
2022,1520,1520,8
2022,1530,1530,213
2022,1541,1540,16
2022,1545,1540,24
2022,1551,1550,23
2022,1555,1550,123
2022,1560,1560,16
2022,1600,1600,6
2022,1610,1610,53
2022,1640,1640,16
2022,1650,1650,68
2022,1700,1700,6
2022,1710,1710,6
2022,1720,1720,21
2022,1745,1740,16
2022,1750,1740,13
2022,1760,1760,143
2022,1800,1800,16
2022,1821,1820,2
2022,1822,1820,15
2022,1825,1820,31
2022,1840,1840,8
2022,1860,1860,36
2022,1900,1900,13
2022,1910,1910,3
2022,1920,1920,13
2022,1935,1965,5
2022,1970,1965,72
2022,1980,3540,23
2022,2001,2000,33
2022,2002,2000,130
2022,2003,2000,10
2022,2004,2000,42
2022,2005,2000,6
2022,2006,2000,57
2022,2011,2010,25
2022,2012,2010,13
2022,2013,2010,10
2022,2014,2010,258
2022,2015,2015,37
2022,2016,2016,84
2022,2025,2025,28
2022,2040,2040,128
2022,2050,2050,11
2022,2060,2060,9
2022,2100,2100,385
2022,2105,2105,8
2022,2145,2145,126
2022,2170,2160,29
2022,2180,2160,22
2022,2205,2200,329
2022,2300,2300,167
2022,2310,2310,1199
2022,2320,2320,305
2022,2330,2330,107
2022,2350,2340,2
2022,2360,2340,156
2022,2400,2400,29
2022,2435,2430,72
2022,2440,2440,5
2022,2545,2540,251
2022,2555,2550,32
2022,2600,2600,32
2022,2631,2630,3
2022,2632,2630,2
2022,2633,2630,12
2022,2634,2630,69
2022,2635,2630,17
2022,2636,2630,4
2022,2640,2630,94
2022,2700,2700,1
2022,2710,2710,51
2022,2721,2720,2
2022,2722,2720,47
2022,2751,2750,8
2022,2752,2750,1
2022,2755,2760,1
2022,2770,2760,1
2022,2805,2800,7
2022,2810,2810,23
2022,2825,2825,59
2022,2830,2830,24
2022,2840,2840,13
2022,2850,2850,35
2022,2861,2860,20
2022,2862,2160,5
2022,2865,2860,10
2022,2905,2900,11
2022,2910,2910,12
2022,2920,2920,15
2022,3000,3000,3
2022,3010,3010,25
2022,3030,3030,36
2022,3040,3040,11
2022,3050,3050,126
2022,3090,3060,338
2022,3100,3060,15
2022,3110,3110,63
2022,3120,3120,3
2022,3140,3140,2
2022,3150,3150,30
2022,3160,3160,98
2022,3200,3200,10
2022,3210,3210,2
2022,3220,3220,36
2022,3230,3230,56
2022,3245,3245,42
2022,3250,3250,21
2022,3255,3255,1129
2022,3256,3256,11
2022,3258,3258,85
2022,3261,3260,4
2022,3270,3260,1
2022,3300,3300,123
2022,3310,3310,35
2022,3321,3320,15
2022,3322,3320,23
2022,3323,3320,74
2022,3324,3320,18
2022,3330,3320,6
2022,3401,3400,39
2022,3402,3400,55
2022,3421,3420,116
2022,3422,3420,24
2022,3423,3420,34
2022,3424,3420,39
2022,3430,3420,16
2022,3500,3500,189
2022,3515,3510,74
2022,3520,3520,17
2022,3545,3535,34
2022,3550,3540,31
2022,3601,3600,86
2022,3602,4610,289
2022,3603,3600,322
2022,3605,3600,11
2022,3610,3610,8
2022,3620,3620,19
2022,3630,3630,12
2022,3640,3640,69
2022,3645,3645,166
2022,3646,3646,10
2022,3647,3647,7
2022,3648,3648,15
2022,3649,3649,51
2022,3655,3655,72
2022,3700,3700,23
2022,3710,3710,48
2022,3720,3720,36
2022,3725,3730,26
2022,3740,3740,114
2022,3750,3750,9
2022,3801,3800,3
2022,3802,3800,121
2022,3820,3820,68
2022,3840,3840,9
2022,3870,3850,286
2022,3900,3900,2
2022,3910,3910,38
2022,3930,3930,226
2022,3940,3940,7
2022,3945,3945,21
2022,3946,3955,6
2022,3960,3955,10
2022,4000,4000,111
2022,4010,4010,139
2022,4020,4020,385
2022,4030,4030,145
2022,4040,4040,76
2022,4055,4050,46
2022,4110,4110,166
2022,4120,4120,35
2022,4130,4130,18
2022,4140,4140,32
2022,4150,4150,13
2022,4200,4200,76
2022,4210,4210,28
2022,4220,4220,542
2022,4230,4230,288
2022,4240,4240,29
2022,4251,4250,213
2022,4252,4250,25
2022,4255,4250,4
2022,4330,4320,33
2022,4340,4340,8
2022,4350,4350,31
2022,4400,4400,20
2022,4420,4420,2
2022,4435,4430,13
2022,4461,4460,7
2022,4465,4465,13
2022,4500,4500,13
2022,4510,4510,64
2022,4521,4520,68
2022,4522,4520,13
2022,4525,4520,3
2022,4530,4530,11
2022,4540,4540,5
2022,4600,4600,109
2022,4621,4620,14
2022,4622,4620,36
2022,4640,4640,4
2022,4655,4650,14
2022,4700,4700,889
2022,4710,4710,339
2022,4720,4720,326
2022,4740,4740,14
2022,4750,4750,52
2022,4760,4760,482
2022,4800,4800,29
2022,4810,4810,165
2022,4820,4820,46
2022,4830,4830,10
2022,4840,4840,172
2022,4850,4850,364
2022,4920,4920,164
2022,4930,4930,23
2022,4940,4940,4
2022,4950,4950,7
2022,4965,4965,88
2022,5000,5000,483
2022,5020,5020,10
2022,5040,2900,1
2022,5100,5100,38
2022,5110,5110,150
2022,5120,5120,275
2022,5140,5140,43
2022,5150,5150,7
2022,5160,5160,55
2022,5165,5165,39
2022,5220,5220,38
2022,5230,5230,16
2022,5240,5240,643
2022,5250,5250,35
2022,5260,5260,38
2022,5300,5300,24
2022,5310,5310,41
2022,5320,5320,6
2022,5330,5330,58
2022,5340,5340,5
2022,5350,5350,25
2022,5360,5360,29
2022,5400,5400,303
2022,5410,5410,21
2022,5420,5420,22
2022,5500,5500,3
2022,5510,5510,142
2022,5521,5520,33
2022,5522,5520,56
2022,5530,5530,2
2022,5540,5540,39
2022,5550,5550,115
2022,5560,5560,17
2022,5600,5600,84
2022,5610,5610,176
2022,5630,5630,19
2022,5710,5700,82
2022,5720,5700,22
2022,5730,5700,19
2022,5740,5700,644
2022,5810,5810,85
2022,5820,5820,18
2022,5840,5840,99
2022,5850,5850,9
2022,5860,5860,315
2022,5900,5900,1
2022,5920,5920,5
2022,5940,5940,187
2022,6005,6005,17
2022,6010,6010,5
2022,6040,6040,8
2022,6050,6050,210
2022,6115,6100,3
2022,6120,6120,11
2022,6130,6130,8
2022,6200,6200,235
2022,6210,6210,5
2022,6220,6220,21
2022,6230,6230,252
2022,6240,6240,28
2022,6250,6250,17
2022,6260,6260,523
2022,6305,6320,113
2022,6330,6330,48
2022,6355,6355,298
2022,6360,6360,9
2022,6400,6400,22
2022,6410,6420,136
2022,6441,6440,17
2022,6442,6440,183
2022,6460,6460,1
2022,6515,6515,41
2022,6520,6520,37
2022,6530,6530,19
2022,6540,6765,2
2022,6600,6600,5
2022,6660,6660,19
2022,6700,6700,16
2022,6710,6710,11
2022,6720,6720,8
2022,6730,6730,40
2022,6740,6740,10
2022,6765,6765,12
2022,6800,6800,9
2022,6825,6820,18
2022,6835,6830,3
2022,6850,6840,23
2022,6950,6940,20
2022,7000,7000,99
2022,7010,7010,63
2022,7020,7020,42
2022,7030,7030,2
2022,7040,7040,8
2022,7100,7100,6
2022,7120,7120,5
2022,7130,7130,17
2022,7140,7140,69
2022,7150,7150,33
2022,7160,7160,12
2022,7200,7200,242
2022,7210,7210,134
2022,7220,7220,80
2022,7240,7240,9
2022,7260,7260,31
2022,7300,7300,4
2022,7315,7315,154
2022,7320,7320,13
2022,7330,7330,142
2022,7340,7340,247
2022,7350,7350,7
2022,7360,7360,14
2022,7410,7410,47
2022,7420,7420,57
2022,7430,7430,18
2022,7510,7510,11
2022,7540,7540,2
2022,7560,7560,2
2022,7610,7610,9
2022,7640,7630,45
2022,7700,7700,323
2022,7720,7720,45
2022,7730,7730,5
2022,7740,7740,4
2022,7750,7750,307
2022,7800,7800,43
2022,7810,7810,98
2022,7830,7830,1
2022,7840,7840,21
2022,7850,7850,10
2022,7855,7855,58
2022,7905,7900,26
2022,7925,7920,9
2022,7950,7950,18
2022,8000,7950,11
2022,8025,7950,7
2022,8030,8030,100
2022,8040,8040,2
2022,8100,8100,7
2022,8130,8130,12
2022,8140,8140,181
2022,8225,8220,122
2022,8250,8250,3
2022,8255,8255,31
2022,8256,8256,1
2022,8300,8300,32
2022,8310,8310,4
2022,8320,8320,27
2022,8335,8330,5
2022,8350,8350,8
2022,8365,8420,4
2022,8450,8450,6
2022,8465,8460,6
2022,8500,8500,18
2022,8510,8510,1
2022,8530,8530,1
2022,8540,8540,9
2022,8555,8550,5
2022,8600,8600,10
2022,8610,8610,24
2022,8620,8620,35
2022,8630,8630,18
2022,8640,8640,31
2022,8650,8650,33
2022,8710,8710,14
2022,8720,8720,9
2022,8730,8730,3
2022,8740,8740,288
2022,8750,8750,11
2022,8760,8760,23
2022,8800,8800,102
2022,8810,8810,49
2022,8830,8830,4
2022,8910,8910,2
2022,8920,8920,6
2022,8930,8930,10
2022,8950,8950,6
2022,8990,8965,361
2022,9005,9000,123
2022,9030,9030,45
2022,9040,9040,18
2022,9050,9050,20
2022,9110,9110,2
2022,9121,9120,33
2022,9122,9120,60
2022,9130,9130,928
2022,9141,9140,8
2022,9142,9140,48
2022,9150,9150,36
2022,9210,9200,18
2022,9240,9420,14
2022,9265,9260,4
2022,9300,9300,13
2022,9310,9310,9
2022,9350,9350,6
2022,9365,9360,14
2022,9410,9410,20
2022,9415,9415,4
2022,9430,9420,7
2022,9510,9510,13
2022,9570,9560,4
2022,9600,9600,221
2022,9610,9610,67
2022,9620,9620,497
2022,9630,9630,4
2022,9640,9640,137
2022,9645,5620,344
2022,9650,9650,5
2022,9720,9720,25
2022,9760,9750,13
2023,10,10,498
2023,20,20,474
2023,40,40,20
2023,51,50,164
2023,52,50,193
2023,60,60,65
2023,101,100,24
2023,102,100,49
2023,110,110,289
2023,120,120,531
2023,135,135,2
2023,136,136,142
2023,137,137,21
2023,140,140,111
2023,150,150,83
2023,160,160,133
2023,205,205,55
2023,220,220,269
2023,230,230,377
2023,300,300,78
2023,310,310,231
2023,335,430,18
2023,340,340,41
2023,350,350,346
2023,360,360,14
2023,410,410,175
2023,420,420,183
2023,425,425,5
2023,440,430,1576
2023,500,500,8
2023,520,520,31
2023,530,530,110
2023,540,540,123
2023,565,565,121
2023,600,600,45
2023,630,630,323
2023,640,640,14
2023,650,650,64
2023,700,700,52
2023,705,430,339
2023,710,710,232
2023,725,725,38
2023,726,726,38
2023,735,735,126
2023,750,740,144
2023,800,800,481
2023,810,810,8
2023,820,820,24
2023,830,830,14
2023,845,840,107
2023,850,850,125
2023,860,860,32
2023,900,900,3
2023,910,910,150
2023,930,930,29
2023,940,940,26
2023,960,950,42
2023,1005,1005,15
2023,1006,1006,159
2023,1007,1007,58
2023,1010,1010,146
2023,1021,1020,730
2023,1022,1020,22
2023,1031,1030,22
2023,1032,1030,19
2023,1050,1050,239
2023,1065,1060,27
2023,1105,1105,77
2023,1106,1106,22
2023,1108,1107,407
2023,1200,1200,13
2023,1220,1220,47
2023,1240,1240,155
2023,1305,1300,52
2023,1306,1300,7
2023,1310,1310,14
2023,1320,1320,55
2023,1340,1340,12
2023,1350,1350,23
2023,1360,1360,181
2023,1400,1400,25
2023,1410,1410,72
2023,1420,1420,6
2023,1430,1430,86
2023,1450,1450,12
2023,1460,1460,166
2023,1520,1520,6
2023,1530,1530,244
2023,1541,1540,9
2023,1545,1540,26
2023,1551,1550,30
2023,1555,1550,119
2023,1560,1560,31
2023,1600,1600,11
2023,1610,1610,54
2023,1640,1640,16
2023,1650,1650,65
2023,1700,1700,8
2023,1710,1710,3
2023,1720,1720,19
2023,1745,1740,16
2023,1750,1740,14
2023,1760,1760,136
2023,1800,1800,23
2023,1821,1820,5
2023,1822,1820,19
2023,1825,1820,28
2023,1840,1840,13
2023,1860,1860,25
2023,1900,1900,18
2023,1910,1910,10
2023,1920,1920,22
2023,1935,1965,5
2023,1970,1965,75
2023,1980,3540,22
2023,2001,2000,27
2023,2002,2000,116
2023,2003,2000,7
2023,2004,2000,34
2023,2005,2000,4
2023,2006,2000,57
2023,2011,2010,26
2023,2012,2010,24
2023,2013,2010,4
2023,2014,2010,255
2023,2015,2015,40
2023,2016,2016,72
2023,2025,2025,20
2023,2040,2040,116
2023,2050,2050,13
2023,2060,2060,20
2023,2100,2100,356
2023,2105,2105,5
2023,2145,2145,118
2023,2170,2160,34
2023,2180,2160,28
2023,2205,2200,296
2023,2300,2300,167
2023,2310,2310,1091
2023,2320,2320,370
2023,2330,2330,100
2023,2350,2340,6
2023,2360,2340,212
2023,2400,2400,29
2023,2435,2430,44
2023,2440,2440,4
2023,2545,2540,240
2023,2555,2550,53
2023,2600,2600,26
2023,2631,2630,3
2023,2632,2630,7
2023,2633,2630,11
2023,2634,2630,71
2023,2635,2630,8
2023,2636,2630,6
2023,2640,2630,103
2023,2700,2700,1
2023,2710,2710,52
2023,2721,2720,4
2023,2722,2720,28
2023,2740,2740,1
2023,2751,2750,2
2023,2752,2750,11
2023,2755,2760,1
2023,2770,2760,1
2023,2805,2800,4
2023,2810,2810,14
2023,2825,2825,51
2023,2830,2830,25
2023,2840,2840,9
2023,2850,2850,34
2023,2861,2860,14
2023,2862,2160,6
2023,2865,2860,5
2023,2905,2900,18
2023,2910,2910,19
2023,2920,2920,28
2023,3000,3000,3
2023,3010,3010,30
2023,3030,3030,35
2023,3040,3040,7
2023,3050,3050,118
2023,3090,3060,318
2023,3100,3060,17
2023,3110,3110,37
2023,3120,3120,1
2023,3140,3140,3
2023,3150,3150,45
2023,3160,3160,106
2023,3200,3200,4
2023,3210,3210,2
2023,3220,3220,23
2023,3230,3230,48
2023,3245,3245,45
2023,3250,3250,16
2023,3255,3255,1055
2023,3256,3256,6
2023,3258,3258,96
2023,3261,3260,1
2023,3270,3260,1
2023,3300,3300,104
2023,3310,3310,49
2023,3321,3320,11
2023,3322,3320,36
2023,3323,3320,83
2023,3324,3320,14
2023,3330,3320,13
2023,3401,3400,39
2023,3402,3400,41
2023,3421,3420,99
2023,3422,3420,16
2023,3423,3420,31
2023,3424,3420,28
2023,3430,3420,16
2023,3500,3500,152
2023,3515,3510,73
2023,3520,3520,16
2023,3545,3535,42
2023,3550,3540,30
2023,3601,3600,97
2023,3602,4610,293
2023,3603,3600,325
2023,3605,3600,15
2023,3610,3610,11
2023,3620,3620,15
2023,3630,3630,17
2023,3640,3640,53
2023,3645,3645,177
2023,3646,3646,5
2023,3647,3647,13
2023,3648,3648,21
2023,3649,3649,33
2023,3655,3655,65
2023,3700,3700,28
2023,3710,3710,47
2023,3720,3720,21
2023,3725,3730,23
2023,3740,3740,109
2023,3750,3750,8
2023,3801,3800,4
2023,3802,3800,124
2023,3820,3820,62
2023,3840,3840,10
2023,3870,3850,261
2023,3900,3900,3
2023,3910,3910,33
2023,3930,3930,216
2023,3940,3940,5
2023,3945,3945,17
2023,3946,3955,5
2023,3960,3955,6
2023,4000,4000,141
2023,4010,4010,130
2023,4020,4020,399
2023,4030,4030,162
2023,4040,4040,88
2023,4055,4050,45
2023,4110,4110,228
2023,4120,4120,39
2023,4130,4130,36
2023,4140,4140,33
2023,4150,4150,14
2023,4160,4130,2
2023,4200,4200,66
2023,4210,4210,43
2023,4220,4220,507
2023,4230,4230,290
2023,4240,4240,35
2023,4251,4250,187
2023,4252,4250,22
2023,4255,4250,5
2023,4330,4320,28
2023,4340,4340,7
2023,4350,4350,44
2023,4400,4400,21
2023,4435,4430,17
2023,4461,4460,7
2023,4465,4465,18
2023,4500,4500,12
2023,4510,4510,69
2023,4521,4520,41
2023,4522,4520,12
2023,4530,4530,15
2023,4540,4540,4
2023,4600,4600,98
2023,4621,4620,11
2023,4622,4620,33
2023,4640,4640,4
2023,4655,4650,13
2023,4700,4700,827
2023,4710,4710,330
2023,4720,4720,306
2023,4740,4740,10
2023,4750,4750,31
2023,4760,4760,489
2023,4800,4800,33
2023,4810,4810,163
2023,4820,4820,67
2023,4830,4830,17
2023,4840,4840,158
2023,4850,4850,391
2023,4900,4900,1
2023,4920,4920,157
2023,4930,4930,14
2023,4940,4940,10
2023,4950,4950,7
2023,4965,4965,67
2023,5000,5000,412
2023,5010,5010,6
2023,5020,5020,3
2023,5100,5100,26
2023,5110,5110,162
2023,5120,5120,328
2023,5140,5140,39
2023,5150,5150,17
2023,5160,5160,47
2023,5165,5165,35
2023,5220,5220,28
2023,5230,5230,18
2023,5240,5240,716
2023,5250,5250,24
2023,5260,5260,46
2023,5300,5300,13
2023,5310,5310,55
2023,5320,5320,4
2023,5330,5330,42
2023,5340,5340,4
2023,5350,5350,21
2023,5360,5360,24
2023,5400,5400,277
2023,5410,5410,26
2023,5420,5420,32
2023,5500,5500,14
2023,5510,5510,145
2023,5521,5520,25
2023,5522,5520,51
2023,5530,5530,4
2023,5540,5540,31
2023,5550,5550,103
2023,5560,5560,17
2023,5600,5600,65
2023,5610,5610,195
2023,5630,5630,13
2023,5710,5700,54
2023,5720,5700,13
2023,5730,5700,28
2023,5740,5700,520
2023,5810,5810,56
2023,5820,5820,14
2023,5840,5840,87
2023,5850,5850,9
2023,5860,5860,301
2023,5900,5900,8
2023,5920,5920,6
2023,5940,5940,123
2023,6005,6005,19
2023,6010,6010,9
2023,6040,6040,7
2023,6050,6050,192
2023,6115,6100,2
2023,6120,6120,4
2023,6130,6130,5
2023,6200,6200,211
2023,6210,6210,3
2023,6220,6220,29
2023,6230,6230,307
2023,6240,6240,35
2023,6250,6250,20
2023,6260,6260,446
2023,6305,6320,136
2023,6330,6330,20
2023,6355,6355,314
2023,6360,6360,10
2023,6400,6400,21
2023,6410,6420,113
2023,6441,6440,14
2023,6442,6440,174
2023,6460,6460,6
2023,6515,6515,37
2023,6520,6520,34
2023,6530,6530,12
2023,6540,6765,9
2023,6600,6600,8
2023,6660,6660,29
2023,6700,6700,23
2023,6710,6710,4
2023,6720,6720,5
2023,6730,6730,32
2023,6740,6740,6
2023,6765,6765,19
2023,6800,6800,10
2023,6825,6820,16
2023,6835,6830,7
2023,6850,6840,22
2023,6950,6940,28
2023,7000,7000,102
2023,7010,7010,42
2023,7020,7020,40
2023,7030,7030,5
2023,7040,7040,2
2023,7100,7100,7
2023,7120,7120,10
2023,7130,7130,12
2023,7140,7140,60
2023,7150,7150,35
2023,7160,7160,2
2023,7200,7200,255
2023,7210,7210,109
2023,7220,7220,87
2023,7240,7240,15
2023,7260,7260,11
2023,7300,7300,11
2023,7315,7315,120
2023,7320,7320,11
2023,7330,7330,141
2023,7340,7340,211
2023,7350,7350,6
2023,7360,7360,9
2023,7410,7410,61
2023,7420,7420,49
2023,7430,7430,6
2023,7510,7510,5
2023,7540,7540,8
2023,7560,7560,5
2023,7610,7610,8
2023,7640,7630,48
2023,7700,7700,298
2023,7720,7720,40
2023,7740,7740,9
2023,7750,7750,305
2023,7800,7800,41
2023,7810,7810,88
2023,7830,7830,3
2023,7840,7840,20
2023,7850,7850,4
2023,7855,7855,43
2023,7905,7900,32
2023,7925,7920,8
2023,7950,7950,28
2023,8000,7950,7
2023,8030,8030,85
2023,8040,8040,7
2023,8100,8100,11
2023,8130,8130,12
2023,8140,8140,190
2023,8225,8220,111
2023,8250,8250,5
2023,8255,8255,40
2023,8256,8256,3
2023,8300,8300,27
2023,8310,8310,5
2023,8320,8320,35
2023,8335,8330,2
2023,8350,8350,8
2023,8365,8420,4
2023,8450,8450,3
2023,8465,8460,2
2023,8500,8500,17
2023,8510,8510,3
2023,8530,8530,5
2023,8540,8540,3
2023,8555,8550,1
2023,8600,8600,21
2023,8610,8610,42
2023,8620,8620,39
2023,8630,8630,28
2023,8640,8640,9
2023,8650,8650,27
2023,8710,8710,17
2023,8720,8720,8
2023,8730,8730,2
2023,8740,8740,269
2023,8750,8750,11
2023,8760,8760,22
2023,8800,8800,89
2023,8810,8810,37
2023,8830,8830,9
2023,8850,8850,3
2023,8910,8910,4
2023,8920,8920,7
2023,8930,8930,3
2023,8940,8940,2
2023,8950,8950,8
2023,8990,8965,373
2023,9005,9000,115
2023,9030,9030,53
2023,9040,9040,18
2023,9050,9050,15
2023,9110,9110,2
2023,9121,9120,45
2023,9122,9120,58
2023,9130,9130,992
2023,9141,9140,12
2023,9142,9140,66
2023,9150,9150,43
2023,9210,9200,20
2023,9240,9420,23
2023,9265,9260,7
2023,9300,9300,4
2023,9310,9310,12
2023,9350,9350,12
2023,9365,9360,12
2023,9410,9410,13
2023,9415,9415,7
2023,9430,9420,17
2023,9510,9510,12
2023,9570,9560,9
2023,9600,9600,197
2023,9610,9610,74
2023,9620,9620,485
2023,9630,9630,8
2023,9640,9640,149
2023,9645,5620,301
2023,9650,9650,5
2023,9720,9720,22
2023,9760,9750,14
2024,10,10,476
2024,20,20,489
2024,40,40,14
2024,51,50,141
2024,52,50,201
2024,60,60,59
2024,101,100,27
2024,102,100,43
2024,110,110,261
2024,120,120,584
2024,135,135,2
2024,136,136,122
2024,137,137,22
2024,140,140,110
2024,150,150,84
2024,160,160,103
2024,205,205,49
2024,220,220,266
2024,230,230,377
2024,300,300,90
2024,310,310,242
2024,335,430,14
2024,340,340,34
2024,350,350,301
2024,360,360,20
2024,410,410,134
2024,420,420,182
2024,425,425,10
2024,440,430,1584
2024,500,500,11
2024,510,510,3
2024,520,520,35
2024,530,530,81
2024,540,540,112
2024,565,565,122
2024,600,600,45
2024,630,630,305
2024,640,640,24
2024,650,650,53
2024,700,700,57
2024,705,430,322
2024,710,710,277
2024,725,725,42
2024,726,726,40
2024,735,735,150
2024,750,740,208
2024,800,800,525
2024,810,810,11
2024,820,820,17
2024,830,830,14
2024,845,840,114
2024,850,850,152
2024,860,860,33
2024,900,900,9
2024,910,910,110
2024,930,930,11
2024,940,940,10
2024,960,950,38
2024,1005,1005,8
2024,1006,1006,173
2024,1007,1007,100
2024,1010,1010,127
2024,1021,1020,712
2024,1022,1020,18
2024,1031,1030,16
2024,1032,1030,21
2024,1050,1050,207
2024,1065,1060,53
2024,1105,1105,54
2024,1106,1106,40
2024,1108,1107,388
2024,1200,1200,12
2024,1220,1220,63
2024,1240,1240,138
2024,1305,1300,57
2024,1306,1300,5
2024,1310,1310,12
2024,1320,1320,63
2024,1340,1340,12
2024,1350,1350,20
2024,1360,1360,160
2024,1400,1400,28
2024,1410,1410,105
2024,1420,1420,6
2024,1430,1430,92
2024,1440,1440,5
2024,1450,1450,13
2024,1460,1460,144
2024,1520,1520,13
2024,1530,1530,216
2024,1541,1540,12
2024,1545,1540,28
2024,1551,1550,30
2024,1555,1550,109
2024,1560,1560,23
2024,1600,1600,4
2024,1610,1610,43
2024,1640,1640,9
2024,1650,1650,49
2024,1700,1700,5
2024,1710,1710,3
2024,1720,1720,32
2024,1745,1740,13
2024,1750,1740,9
2024,1760,1760,163
2024,1800,1800,15
2024,1822,1820,11
2024,1825,1820,24
2024,1840,1840,15
2024,1860,1860,19
2024,1900,1900,15
2024,1910,1910,11
2024,1920,1920,12
2024,1935,1965,6
2024,1970,1965,78
2024,1980,3540,34
2024,2001,2000,30
2024,2002,2000,114
2024,2003,2000,10
2024,2004,2000,46
2024,2005,2000,4
2024,2006,2000,71
2024,2011,2010,16
2024,2012,2010,16
2024,2013,2010,1
2024,2014,2010,229
2024,2015,2015,28
2024,2016,2016,82
2024,2025,2025,32
2024,2040,2040,111
2024,2050,2050,16
2024,2060,2060,15
2024,2100,2100,348
2024,2105,2105,8
2024,2145,2145,127
2024,2170,2160,30
2024,2180,2160,14
2024,2205,2200,298
2024,2300,2300,171
2024,2310,2310,1101
2024,2320,2320,263
2024,2330,2330,88
2024,2350,2340,7
2024,2360,2340,204
2024,2400,2400,22
2024,2435,2430,43
2024,2440,2440,2
2024,2545,2540,252
2024,2555,2550,58
2024,2600,2600,28
2024,2631,2630,3
2024,2632,2630,3
2024,2633,2630,3
2024,2634,2630,83
2024,2635,2630,10
2024,2636,2630,8
2024,2640,2630,91
2024,2700,2700,3
2024,2710,2710,39
2024,2721,2720,4
2024,2722,2720,48
2024,2723,2720,2
2024,2751,2750,5
2024,2752,2750,5
2024,2755,2760,1
2024,2805,2800,5
2024,2810,2810,23
2024,2825,2825,37
2024,2830,2830,30
2024,2840,2840,27
2024,2850,2850,40
2024,2861,2860,10
2024,2862,2160,3
2024,2865,2860,9
2024,2905,2900,28
2024,2910,2910,16
2024,2920,2920,16
2024,3000,3000,4
2024,3010,3010,22
2024,3030,3030,29
2024,3040,3040,10
2024,3050,3050,118
2024,3090,3060,299
2024,3100,3060,13
2024,3110,3110,51
2024,3120,3120,1
2024,3140,3140,7
2024,3150,3150,38
2024,3160,3160,85
2024,3200,3200,2
2024,3210,3210,3
2024,3220,3220,29
2024,3230,3230,46
2024,3245,3245,75
2024,3250,3250,18
2024,3255,3255,1079
2024,3256,3256,9
2024,3258,3258,94
2024,3270,3260,1
2024,3300,3300,101
2024,3310,3310,47
2024,3321,3320,16
2024,3322,3320,25
2024,3323,3320,75
2024,3324,3320,9
2024,3330,3320,15
2024,3401,3400,45
2024,3402,3400,42
2024,3421,3420,93
2024,3422,3420,16
2024,3423,3420,27
2024,3424,3420,44
2024,3430,3420,13
2024,3500,3500,164
2024,3515,3510,80
2024,3520,3520,10
2024,3545,3535,36
2024,3550,3540,27
2024,3601,3600,105
2024,3602,4610,298
2024,3603,3600,321
2024,3605,3600,19
2024,3610,3610,5
2024,3620,3620,18
2024,3630,3630,16
2024,3640,3640,52
2024,3645,3645,192
2024,3646,3646,3
2024,3647,3647,7
2024,3648,3648,17
2024,3649,3649,39
2024,3655,3655,52
2024,3700,3700,22
2024,3710,3710,39
2024,3720,3720,16
2024,3725,3730,30
2024,3740,3740,108
2024,3750,3750,4
2024,3801,3800,4
2024,3802,3800,112
2024,3820,3820,65
2024,3840,3840,7
2024,3870,3850,206
2024,3910,3910,51
2024,3930,3930,212
2024,3940,3940,5
2024,3945,3945,12
2024,3946,3955,1
2024,3960,3955,9
2024,4000,4000,139
2024,4010,4010,122
2024,4020,4020,369
2024,4030,4030,156
2024,4040,4040,86
2024,4055,4050,54
2024,4110,4110,211
2024,4120,4120,37
2024,4130,4130,36
2024,4140,4140,28
2024,4150,4150,4
2024,4160,4130,2
2024,4200,4200,77
2024,4210,4210,38
2024,4220,4220,516
2024,4230,4230,318
2024,4240,4240,13
2024,4251,4250,196
2024,4252,4250,16
2024,4255,4250,2
2024,4330,4320,39
2024,4340,4340,3
2024,4350,4350,34
2024,4400,4400,26
2024,4420,4420,3
2024,4435,4430,31
2024,4461,4460,2
2024,4465,4465,11
2024,4500,4500,25
2024,4510,4510,78
2024,4521,4520,73
2024,4522,4520,5
2024,4525,4520,1
2024,4530,4530,24
2024,4540,4540,14
2024,4600,4600,117
2024,4621,4620,23
2024,4622,4620,21
2024,4640,4640,5
2024,4655,4650,17
2024,4700,4700,841
2024,4710,4710,322
2024,4720,4720,291
2024,4740,4740,24
2024,4750,4750,35
2024,4760,4760,445
2024,4800,4800,24
2024,4810,4810,157
2024,4820,4820,68
2024,4830,4830,15
2024,4840,4840,185
2024,4850,4850,370
2024,4900,4900,2
2024,4920,4920,127
2024,4930,4930,18
2024,4940,4940,7
2024,4950,4950,13
2024,4965,4965,87
2024,5000,5000,404
2024,5010,5010,3
2024,5020,5020,3
2024,5100,5100,37
2024,5110,5110,132
2024,5120,5120,304
2024,5140,5140,32
2024,5150,5150,14
2024,5160,5160,54
2024,5165,5165,45
2024,5220,5220,29
2024,5230,5230,3
2024,5240,5240,638
2024,5250,5250,30
2024,5260,5260,38
2024,5300,5300,13
2024,5310,5310,59
2024,5320,5320,9
2024,5330,5330,31
2024,5340,5340,4
2024,5350,5350,15
2024,5360,5360,16
2024,5400,5400,265
2024,5410,5410,23
2024,5420,5420,39
2024,5500,5500,5
2024,5510,5510,133
2024,5521,5520,25
2024,5522,5520,74
2024,5530,5530,6
2024,5540,5540,29
2024,5550,5550,103
2024,5560,5560,24
2024,5600,5600,62
2024,5610,5610,154
2024,5630,5630,19
2024,5710,5700,83
2024,5720,5700,8
2024,5730,5700,24
2024,5740,5700,510
2024,5810,5810,53
2024,5820,5820,6
2024,5840,5840,79
2024,5850,5850,16
2024,5860,5860,310
2024,5900,5900,3
2024,5910,5910,1
2024,5920,5920,7
2024,5940,5940,146
2024,6005,6005,18
2024,6010,6010,8
2024,6040,6040,16
2024,6050,6050,182
2024,6120,6120,2
2024,6130,6130,13
2024,6200,6200,261
2024,6210,6210,3
2024,6220,6220,27
2024,6230,6230,292
2024,6240,6240,24
2024,6250,6250,14
2024,6260,6260,527
2024,6305,6320,135
2024,6330,6330,34
2024,6355,6355,273
2024,6360,6360,8
2024,6400,6400,16
2024,6410,6420,92
2024,6441,6440,14
2024,6442,6440,186
2024,6460,6460,10
2024,6515,6515,51
2024,6520,6520,35
2024,6530,6530,13
2024,6540,6765,10
2024,6600,6600,2
2024,6660,6660,26
2024,6700,6700,11
2024,6710,6710,10
2024,6720,6720,6
2024,6730,6730,26
2024,6740,6740,6
2024,6765,6765,11
2024,6800,6800,17
2024,6825,6820,14
2024,6835,6830,1
2024,6850,6840,25
2024,6950,6940,20
2024,7000,7000,104
2024,7010,7010,45
2024,7020,7020,44
2024,7030,7030,6
2024,7040,7040,4
2024,7100,7100,7
2024,7120,7120,2
2024,7130,7130,10
2024,7140,7140,60
2024,7150,7150,21
2024,7160,7160,3
2024,7200,7200,251
2024,7210,7210,105
2024,7220,7220,72
2024,7240,7240,9
2024,7260,7260,17
2024,7300,7300,11
2024,7315,7315,142
2024,7320,7320,16
2024,7330,7330,130
2024,7340,7340,238
2024,7350,7350,14
2024,7360,7360,12
2024,7410,7410,51
2024,7420,7420,40
2024,7430,7430,8
2024,7510,7510,9
2024,7540,7540,9
2024,7560,7560,3
2024,7610,7610,5
2024,7640,7630,47
2024,7700,7700,280
2024,7720,7720,39
2024,7730,7730,2
2024,7740,7740,5
2024,7750,7750,295
2024,7800,7800,33
2024,7810,7810,85
2024,7830,7830,3
2024,7840,7840,25
2024,7850,7850,1
2024,7855,7855,37
2024,7905,7900,32
2024,7925,7920,6
2024,7950,7950,18
2024,8000,7950,9
2024,8025,7950,2
2024,8030,8030,102
2024,8040,8040,2
2024,8100,8100,10
2024,8130,8130,13
2024,8140,8140,168
2024,8225,8220,83
2024,8250,8250,5
2024,8255,8255,49
2024,8256,8256,6
2024,8300,8300,32
2024,8310,8310,3
2024,8320,8320,40
2024,8335,8330,2
2024,8350,8350,8
2024,8365,8420,7
2024,8450,8450,6
2024,8500,8500,7
2024,8510,8510,6
2024,8530,8530,6
2024,8540,8540,5
2024,8555,8550,4
2024,8600,8600,17
2024,8610,8610,35
2024,8620,8620,40
2024,8630,8630,28
2024,8640,8640,21
2024,8650,8650,32
2024,8710,8710,10
2024,8720,8720,5
2024,8730,8730,5
2024,8740,8740,262
2024,8750,8750,4
2024,8760,8760,11
2024,8800,8800,83
2024,8810,8810,49
2024,8830,8830,12
2024,8850,8850,4
2024,8920,8920,8
2024,8940,8940,3
2024,8950,8950,8
2024,8990,8965,430
2024,9005,9000,118
2024,9030,9030,60
2024,9040,9040,13
2024,9050,9050,28
2024,9110,9110,3
2024,9121,9120,29
2024,9122,9120,53
2024,9130,9130,969
2024,9141,9140,17
2024,9142,9140,57
2024,9150,9150,36
2024,9210,9200,20
2024,9240,9420,17
2024,9265,9260,7
2024,9300,9300,4
2024,9310,9310,16
2024,9350,9350,6
2024,9365,9360,14
2024,9410,9410,19
2024,9415,9415,2
2024,9430,9420,15
2024,9510,9510,14
2024,9570,9560,15
2024,9600,9600,174
2024,9610,9610,67
2024,9620,9620,519
2024,9630,9630,5
2024,9640,9640,126
2024,9645,5620,283
2024,9650,9650,7
2024,9720,9720,34
2024,9760,9750,21
2025,10,10,450
2025,20,20,496
2025,40,40,14
2025,51,50,164
2025,52,50,198
2025,60,60,56
2025,101,100,28
2025,102,100,50
2025,110,110,251
2025,120,120,510
2025,135,135,6
2025,136,136,86
2025,137,137,26
2025,140,140,114
2025,150,150,80
2025,160,160,139
2025,205,205,43
2025,220,220,256
2025,230,230,412
2025,300,300,59
2025,310,310,213
2025,335,430,12
2025,340,340,39
2025,350,350,276
2025,360,360,13
2025,410,410,141
2025,420,420,177
2025,425,425,10
2025,440,430,1497
2025,500,500,4
2025,510,510,3
2025,520,520,58
2025,530,530,98
2025,540,540,107
2025,565,565,100
2025,600,600,41
2025,630,630,330
2025,640,640,15
2025,650,650,50
2025,700,700,69
2025,705,430,372
2025,710,710,258
2025,725,725,41
2025,726,726,27
2025,735,735,156
2025,750,740,186
2025,800,800,508
2025,810,810,13
2025,820,820,36
2025,830,830,10
2025,845,840,111
2025,850,850,154
2025,860,860,41
2025,900,900,6
2025,910,910,114
2025,930,930,21
2025,940,940,20
2025,960,950,41
2025,1005,1005,13
2025,1006,1006,189
2025,1007,1007,65
2025,1010,1010,98
2025,1021,1020,740
2025,1022,1020,27
2025,1031,1030,15
2025,1032,1030,20
2025,1050,1050,201
2025,1065,1060,51
2025,1105,1105,53
2025,1106,1106,36
2025,1108,1107,368
2025,1200,1200,9
2025,1220,1220,81
2025,1240,1240,157
2025,1305,1300,51
2025,1306,1300,2
2025,1310,1310,12
2025,1320,1320,47
2025,1340,1340,6
2025,1350,1350,29
2025,1360,1360,137
2025,1400,1400,22
2025,1410,1410,98
2025,1420,1420,16
2025,1430,1430,82
2025,1440,1440,5
2025,1450,1450,16
2025,1460,1460,160
2025,1520,1520,7
2025,1530,1530,239
2025,1541,1540,15
2025,1545,1540,37
2025,1551,1550,27
2025,1555,1550,122
2025,1560,1560,18
2025,1600,1600,11
2025,1610,1610,37
2025,1640,1640,8
2025,1650,1650,33
2025,1700,1700,9
2025,1710,1710,1
2025,1720,1720,37
2025,1745,1740,14
2025,1750,1740,20
2025,1760,1760,145
2025,1800,1800,22
2025,1821,1820,2
2025,1822,1820,18
2025,1825,1820,24
2025,1840,1840,14
2025,1860,1860,20
2025,1900,1900,22
2025,1910,1910,6
2025,1920,1920,13
2025,1935,1965,9
2025,1970,1965,112
2025,1980,3540,19
2025,2001,2000,41
2025,2002,2000,110
2025,2003,2000,12
2025,2004,2000,44
2025,2005,2000,7
2025,2006,2000,60
2025,2011,2010,29
2025,2012,2010,25
2025,2013,2010,8
2025,2014,2010,210
2025,2015,2015,18
2025,2016,2016,59
2025,2025,2025,41
2025,2040,2040,110
2025,2050,2050,12
2025,2060,2060,16
2025,2100,2100,362
2025,2105,2105,6
2025,2145,2145,129
2025,2170,2160,31
2025,2180,2160,28
2025,2205,2200,337
2025,2300,2300,141
2025,2310,2310,1114
2025,2320,2320,251
2025,2330,2330,91
2025,2350,2340,4
2025,2360,2340,201
2025,2400,2400,23
2025,2435,2430,48
2025,2440,2440,3
2025,2545,2540,238
2025,2555,2550,39
2025,2600,2600,30
2025,2631,2630,7
2025,2632,2630,2
2025,2633,2630,5
2025,2634,2630,63
2025,2635,2630,12
2025,2636,2630,10
2025,2640,2630,103
2025,2700,2700,11
2025,2710,2710,47
2025,2721,2720,12
2025,2722,2720,56
2025,2751,2750,9
2025,2752,2750,4
2025,2770,2760,1
2025,2805,2800,3
2025,2810,2810,29
2025,2825,2825,43
2025,2830,2830,23
2025,2840,2840,18
2025,2850,2850,50
2025,2861,2860,10
2025,2862,2160,5
2025,2865,2860,6
2025,2905,2900,30
2025,2910,2910,14
2025,2920,2920,21
2025,3000,3000,5
2025,3010,3010,24
2025,3030,3030,27
2025,3040,3040,12
2025,3050,3050,119
2025,3090,3060,263
2025,3100,3060,19
2025,3110,3110,52
2025,3120,3120,1
2025,3140,3140,6
2025,3150,3150,49
2025,3160,3160,90
2025,3200,3200,2
2025,3210,3210,3
2025,3220,3220,19
2025,3230,3230,45
2025,3245,3245,67
2025,3250,3250,19
2025,3255,3255,1034
2025,3256,3256,3
2025,3258,3258,103
2025,3270,3260,1
2025,3300,3300,76
2025,3310,3310,48
2025,3321,3320,13
2025,3322,3320,40
2025,3323,3320,96
2025,3324,3320,22
2025,3330,3320,11
2025,3401,3400,31
2025,3402,3400,33
2025,3421,3420,86
2025,3422,3420,20
2025,3423,3420,29
2025,3424,3420,37
2025,3430,3420,14
2025,3500,3500,157
2025,3515,3510,72
2025,3520,3520,15
2025,3545,3535,31
2025,3550,3540,36
2025,3601,3600,119
2025,3602,4610,344
2025,3603,3600,335
2025,3605,3600,6
2025,3610,3610,12
2025,3620,3620,22
2025,3630,3630,22
2025,3640,3640,60
2025,3645,3645,160
2025,3646,3646,10
2025,3647,3647,13
2025,3648,3648,17
2025,3649,3649,40
2025,3655,3655,55
2025,3700,3700,18
2025,3710,3710,53
2025,3720,3720,20
2025,3725,3730,23
2025,3740,3740,132
2025,3750,3750,9
2025,3801,3800,5
2025,3802,3800,98
2025,3820,3820,74
2025,3840,3840,9
2025,3870,3850,251
2025,3900,3900,1
2025,3910,3910,49
2025,3930,3930,193
2025,3940,3940,11
2025,3945,3945,15
2025,3946,3955,8
2025,3960,3955,16
2025,4000,4000,140
2025,4010,4010,140
2025,4020,4020,389
2025,4030,4030,132
2025,4040,4040,72
2025,4055,4050,45
2025,4110,4110,186
2025,4120,4120,30
2025,4130,4130,20
2025,4140,4140,27
2025,4150,4150,6
2025,4160,4130,3
2025,4200,4200,66
2025,4210,4210,29
2025,4220,4220,556
2025,4230,4230,282
2025,4240,4240,23
2025,4251,4250,182
2025,4252,4250,19
2025,4255,4250,4
2025,4330,4320,11
2025,4350,4350,53
2025,4400,4400,25
2025,4420,4420,3
2025,4435,4430,22
2025,4461,4460,2
2025,4465,4465,8
2025,4500,4500,12
2025,4510,4510,62
2025,4521,4520,54
2025,4522,4520,8
2025,4525,4520,2
2025,4530,4530,11
2025,4540,4540,4
2025,4600,4600,100
2025,4621,4620,22
2025,4622,4620,40
2025,4640,4640,3
2025,4655,4650,20
2025,4700,4700,787
2025,4710,4710,260
2025,4720,4720,297
2025,4740,4740,11
2025,4750,4750,38
2025,4760,4760,468
2025,4800,4800,33
2025,4810,4810,141
2025,4820,4820,50
2025,4830,4830,17
2025,4840,4840,183
2025,4850,4850,344
2025,4900,4900,1
2025,4920,4920,139
2025,4930,4930,21
2025,4940,4940,3
2025,4950,4950,25
2025,4965,4965,76
2025,5000,5000,441
2025,5020,5020,2
2025,5100,5100,37
2025,5110,5110,117
2025,5120,5120,325
2025,5140,5140,43
2025,5150,5150,13
2025,5160,5160,57
2025,5165,5165,46
2025,5220,5220,29
2025,5230,5230,10
2025,5240,5240,619
2025,5250,5250,27
2025,5260,5260,62
2025,5300,5300,20
2025,5310,5310,49
2025,5320,5320,11
2025,5330,5330,25
2025,5350,5350,28
2025,5360,5360,38
2025,5400,5400,278
2025,5410,5410,33
2025,5420,5420,26
2025,5500,5500,5
2025,5510,5510,140
2025,5521,5520,32
2025,5522,5520,47
2025,5530,5530,6
2025,5540,5540,28
2025,5550,5550,115
2025,5560,5560,9
2025,5600,5600,63
2025,5610,5610,175
2025,5630,5630,36
2025,5710,5700,77
2025,5720,5700,6
2025,5730,5700,33
2025,5740,5700,405
2025,5810,5810,48
2025,5820,5820,11
2025,5840,5840,96
2025,5850,5850,15
2025,5860,5860,310
2025,5900,5900,4
2025,5920,5920,11
2025,5940,5940,239
2025,6005,6005,12
2025,6010,6010,5
2025,6040,6040,24
2025,6050,6050,179
2025,6115,6100,4
2025,6120,6120,4
2025,6130,6130,11
2025,6200,6200,239
2025,6210,6210,3
2025,6220,6220,24
2025,6230,6230,258
2025,6240,6240,31
2025,6250,6250,10
2025,6260,6260,503
2025,6305,6320,106
2025,6330,6330,24
2025,6355,6355,281
2025,6360,6360,15
2025,6400,6400,10
2025,6410,6420,104
2025,6441,6440,13
2025,6442,6440,171
2025,6460,6460,5
2025,6515,6515,69
2025,6520,6520,36
2025,6530,6530,5
2025,6540,6765,5
2025,6600,6600,8
2025,6660,6660,27
2025,6700,6700,17
2025,6710,6710,6
2025,6720,6720,7
2025,6730,6730,32
2025,6740,6740,10
2025,6765,6765,2
2025,6800,6800,7
2025,6825,6820,15
2025,6835,6830,8
2025,6850,6840,26
2025,6950,6940,27
2025,7000,7000,92
2025,7010,7010,32
2025,7020,7020,35
2025,7030,7030,4
2025,7040,7040,9
2025,7100,7100,6
2025,7120,7120,11
2025,7130,7130,11
2025,7140,7140,63
2025,7150,7150,36
2025,7160,7160,2
2025,7200,7200,211
2025,7210,7210,110
2025,7220,7220,55
2025,7240,7240,7
2025,7260,7260,19
2025,7300,7300,8
2025,7315,7315,144
2025,7320,7320,23
2025,7330,7330,123
2025,7340,7340,228
2025,7350,7350,15
2025,7360,7360,11
2025,7410,7410,45
2025,7420,7420,41
2025,7430,7430,10
2025,7510,7510,10
2025,7540,7540,14
2025,7560,7560,12
2025,7610,7610,2
2025,7640,7630,65
2025,7700,7700,279
2025,7720,7720,39
2025,7730,7730,3
2025,7740,7740,4
2025,7750,7750,279
2025,7800,7800,54
2025,7810,7810,60
2025,7830,7830,3
2025,7840,7840,22
2025,7850,7850,8
2025,7855,7855,27
2025,7905,7900,19
2025,7925,7920,5
2025,7950,7950,15
2025,8000,7950,12
2025,8025,7950,3
2025,8030,8030,111
2025,8040,8040,6
2025,8100,8100,6
2025,8130,8130,13
2025,8140,8140,175
2025,8225,8220,87
2025,8250,8250,3
2025,8255,8255,36
2025,8256,8256,1
2025,8300,8300,28
2025,8310,8310,4
2025,8320,8320,22
2025,8335,8330,1
2025,8350,8350,15
2025,8365,8420,6
2025,8450,8450,9
2025,8465,8460,5
2025,8500,8500,8
2025,8510,8510,3
2025,8530,8530,5
2025,8540,8540,4
2025,8555,8550,5
2025,8600,8600,15
2025,8610,8610,39
2025,8620,8620,44
2025,8630,8630,15
2025,8640,8640,19
2025,8650,8650,28
2025,8710,8710,8
2025,8720,8720,4
2025,8730,8730,3
2025,8740,8740,219
2025,8750,8750,4
2025,8760,8760,23
2025,8800,8800,62
2025,8810,8810,51
2025,8830,8830,7
2025,8850,8850,5
2025,8910,8910,1
2025,8920,8920,4
2025,8930,8930,3
2025,8940,8940,3
2025,8950,8950,6
2025,8990,8965,361
2025,9005,9000,113
2025,9030,9030,49
2025,9040,9040,14
2025,9050,9050,25
2025,9110,9110,6
2025,9121,9120,32
2025,9122,9120,46
2025,9130,9130,953
2025,9141,9140,9
2025,9142,9140,88
2025,9150,9150,27
2025,9210,9200,19
2025,9240,9420,25
2025,9265,9260,7
2025,9300,9300,7
2025,9310,9310,15
2025,9350,9350,10
2025,9365,9360,11
2025,9410,9410,22
2025,9415,9415,5
2025,9430,9420,10
2025,9510,9510,22
2025,9570,9560,7
2025,9600,9600,176
2025,9610,9610,64
2025,9620,9620,468
2025,9630,9630,6
2025,9640,9640,126
2025,9645,5620,308
2025,9650,9650,7
2025,9720,9720,33
2025,9760,9750,21
