income_year,group,OCC10LY,n,weighted_n,within_group_weight_share
1975,Finance,120,280,457756.57,0.33774808818142144
1975,Finance,800,346,569347.12,0.4200833235262977
1975,Finance,4810,165,266575.03,0.19668796176842437
1975,Finance,4820,39,61640.78,0.04548062652385655
1975,Healthcare,350,86,142935.79,0.09065894030670593
1975,Healthcare,3010,8,13228.19,0.008390156780018247
1975,Healthcare,3030,11,18330.79,0.011626549210556447
1975,Healthcare,3040,2,3748.16,0.002377320709529663
1975,Healthcare,3050,25,41957.45,0.02661207493918492
1975,Healthcare,3060,78,129697.58,0.08226242820740849
1975,Healthcare,3245,47,78072.38,0.04951845327207736
1975,Healthcare,3250,2,3539.2,0.002244785029232312
1975,Healthcare,3255,294,480391.65,0.30469484179707523
1975,Healthcare,3300,69,107620.35,0.06825964922037231
1975,Healthcare,3310,3,4630.86,0.0029371850136953957
1975,Healthcare,3320,23,34780.24,0.022059833314055952
1975,Healthcare,3400,43,72272.57,0.04583984605564657
1975,Healthcare,3500,110,186238.93,0.11812453716213961
1975,Healthcare,3510,148,236497.98,0.15000201315203515
1975,Healthcare,3520,14,22689.92,0.014391385830266393
1975,Other,50,331,530341.15,0.013821932188751622
1975,Other,205,12,17242.0,0.0004493668929866284
1975,Other,230,186,321942.83,0.008390583994688686
1975,Other,410,28,42694.72,0.0011127243749758766
1975,Other,430,2146,3442622.45,0.08972280211590968
1975,Other,510,7,13221.93,0.00034459445559602666
1975,Other,520,64,102479.9,0.0026708661557000566
1975,Other,530,98,158216.53,0.004123493243546322
1975,Other,540,74,117976.78,0.0030747511352028187
1975,Other,565,57,89133.12,0.0023230178167616463
1975,Other,630,139,221910.55,0.0057835085474106165
1975,Other,735,50,76554.72,0.0019951952598226018
1975,Other,1200,5,8015.71,0.00020890817177716316
1975,Other,1220,74,117001.25,0.0030493265391515925
1975,Other,1240,13,19730.58,0.0005142251149184615
1975,Other,1300,22,38372.2,0.0010000693823838012
1975,Other,1320,32,50883.63,0.001326146544309314
1975,Other,1350,24,38498.04,0.0010033490674443185
1975,Other,1360,83,132019.67,0.0034407417307168544
1975,Other,1410,170,275807.94,0.00718820073418643
1975,Other,1430,103,161478.49,0.004208507559185265
1975,Other,1450,16,25350.15,0.0006606842676165745
1975,Other,1460,110,176692.9,0.004605030709070701
1975,Other,1520,16,26576.11,0.0006926356558618992
1975,Other,1530,76,117265.3,0.003056208300437587
1975,Other,1540,97,153716.52,0.004006212445952727
1975,Other,1550,200,316435.8,0.008247057897908487
1975,Other,1560,26,41872.53,0.001091296178377763
1975,Other,1600,5,8046.18,0.00020970229132415903
1975,Other,1610,21,33648.3,0.0008769534871408172
1975,Other,1640,24,36298.95,0.0009460356327674849
1975,Other,1700,15,22533.12,0.000587265869602996
1975,Other,1710,5,9263.09,0.00024141781537846585
1975,Other,1720,78,126879.53,0.0033067776464275438
1975,Other,1740,19,34473.09,0.000898449445826958
1975,Other,1820,23,34868.41,0.0009087524106880806
1975,Other,1840,9,13286.45,0.0003462759978727636
1975,Other,1860,1,1583.97,4.1281967143256573e-05
1975,Other,1900,22,35082.53,0.0009143328792605371
1975,Other,1920,44,75680.14,0.00197240165715074
1975,Other,1965,4,6460.72,0.00016838149129199455
1975,Other,2000,86,143652.3,0.003743915306889168
1975,Other,2010,134,220209.76,0.005739181977527615
1975,Other,2016,17,21888.78,0.0005704728604493593
1975,Other,2040,109,181686.71,0.004735181090921157
1975,Other,2060,16,26744.34,0.0006970201235806754
1975,Other,2100,90,145372.36,0.0037887440980938184
1975,Other,2200,205,331001.44,0.008626672582467226
1975,Other,2300,54,81443.43000000001,0.0021226064895762654
1975,Other,2310,577,930631.11,0.02425442584487862
1975,Other,2320,571,947495.32,0.02469394664585148
1975,Other,2340,49,83742.19,0.0021825175578352803
1975,Other,2400,3,5032.37,0.00013115534574058226
1975,Other,2430,64,103868.98,0.0027070688330988425
1975,Other,2540,40,55682.14,0.001451206950855264
1975,Other,2600,26,40294.32,0.0010501643303218282
1975,Other,2630,75,119505.62,0.003114596285456483
1975,Other,2710,1,1914.87,4.9905995961797075e-05
1975,Other,2720,9,14627.960000000001,0.0003812388896840669
1975,Other,2750,10,16440.37,0.0004284745381307607
1975,Other,2800,10,15936.29,0.0004153370330027768
1975,Other,2825,48,77722.86,0.0020256397234795676
1975,Other,2830,74,117398.18,0.0030596714643826087
1975,Other,2850,7,10970.47,0.0002859161360922757
1975,Other,2860,21,31998.38,0.0008339527085724088
1975,Other,2900,21,40010.67,0.0010427717471414744
1975,Other,2910,25,39540.57,0.0010305198403793231
1975,Other,3600,255,420744.93,0.010965598070640091
1975,Other,3640,14,20199.11,0.0005264361038043809
1975,Other,3645,62,93006.32,0.002423962478048957
1975,Other,3740,118,193368.9,0.005039646316740636
1975,Other,3800,31,49494.31,0.0012899376119485566
1975,Other,3850,289,465839.72,0.012140873889697305
1975,Other,3930,169,283850.35,0.007397804770482949
1975,Other,3940,5,11205.89,0.00029205173253972445
1975,Other,4020,188,302966.72,0.007896022134598644
1975,Other,4040,47,74642.36,0.0019453546803380928
1975,Other,4060,20,29727.75,0.0007747747739811647
1975,Other,4110,143,219981.46,0.0057332319449519935
1975,Other,4130,5,5717.23,0.00014900440097378155
1975,Other,4140,109,169576.46,0.004419559619178243
1975,Other,4220,411,644544.24,0.016798332126274663
1975,Other,4230,333,505619.26,0.013177621847836577
1975,Other,4250,98,158792.71,0.004138509843499984
1975,Other,4350,23,39639.04,0.0010330861991516462
1975,Other,4410,7,10900.45,0.00028409125093701974
1975,Other,4430,8,12422.15,0.0003237503160720245
1975,Other,4460,2,3667.76,9.559041383949869e-05
1975,Other,4465,7,12859.93,0.0003351598879553145
1975,Other,4500,19,29710.81,0.0007743332779153259
1975,Other,4510,60,103008.8,0.0026846505281452855
1975,Other,4530,8,12397.75,0.0003231143949382306
1975,Other,4600,46,71162.09,0.0018546506949156025
1975,Other,4620,24,35260.46,0.000918970151692338
1975,Other,4650,18,29348.16,0.000764881769752607
1975,Other,4720,161,251005.64,0.006541794720387436
1975,Other,4740,76,117972.86,0.003074648970823947
1975,Other,4760,515,826540.21,0.021541573256943242
1975,Other,4800,34,54969.01,0.0014326211132264766
1975,Other,4850,456,736026.03,0.019182561782762033
1975,Other,4920,102,162882.87,0.00424510899040975
1975,Other,4930,14,22377.63,0.000583213436115553
1975,Other,4950,15,22802.27,0.0005942805488308901
1975,Other,5000,133,221209.14,0.005765228160424783
1975,Other,5020,98,152841.4,0.003983404769616429
1975,Other,5030,1,1480.54,3.858633915685088e-05
1975,Other,5100,17,26762.7,0.0006974986281715138
1975,Other,5110,79,123635.21,0.0032222230704935235
1975,Other,5120,496,802598.01,0.02091758346311048
1975,Other,5140,86,146264.1,0.0038119849305466606
1975,Other,5160,99,158946.55,0.004142519274123871
1975,Other,5240,168,277148.22,0.007223131569317628
1975,Other,5250,13,24312.42,0.0006336385939210048
1975,Other,5260,49,77240.83,0.0020130768929827376
1975,Other,5310,5,7834.49,0.0002041851542416663
1975,Other,5320,28,44865.68,0.0011693046759849387
1975,Other,5400,111,179129.84,0.004668543071684948
1975,Other,5410,59,93051.6,0.0024251425808742926
1975,Other,5510,10,16758.93,0.00043677695765458746
1975,Other,5520,30,53280.08,0.0013886036427142444
1975,Other,5530,13,20410.59,0.0005319477677951484
1975,Other,5540,136,217597.84,0.005671109226389136
1975,Other,5550,123,194670.47,0.005073568278630475
1975,Other,5600,88,143495.25,0.003739822216148909
1975,Other,5610,172,279934.77,0.007295755587160796
1975,Other,5620,317,498330.46,0.012987658652754745
1975,Other,5630,14,22246.63,0.0005797992693726434
1975,Other,5700,1078,1699062.67,0.04428155161857471
1975,Other,5800,94,147150.8,0.003835094408798095
1975,Other,5810,67,98181.09,0.002558829101226107
1975,Other,5820,235,377109.03,0.009828344341045195
1975,Other,5850,31,47962.75,0.0012500215721258795
1975,Other,5860,99,156548.49,0.004080020215349047
1975,Other,5900,23,34170.51,0.0008905635025210833
1975,Other,5910,5,8162.85,0.00021274298471267254
1975,Other,5940,280,440208.23,0.011472857242909355
1975,Other,6005,15,21598.46,0.0005629064414508743
1975,Other,6050,199,280280.07,0.007304754913697641
1975,Other,6100,1,1521.71,3.9659325758420274e-05
1975,Other,6130,6,9453.87,0.00024638998889917047
1975,Other,6210,17,27924.57,0.0007277796809469676
1975,Other,6220,23,35891.64,0.0009354201804311908
1975,Other,6230,163,262631.39,0.006844788987649894
1975,Other,6240,26,41670.16,0.0010860219423185064
1975,Other,6250,15,22558.66,0.0005879315018061556
1975,Other,6260,125,193899.9,0.005053485420103117
1975,Other,6300,37,55456.29,0.0014453207710164386
1975,Other,6320,102,166816.85,0.0043476377208164045
1975,Other,6330,3,4795.84,0.00012499082009401416
1975,Other,6355,205,343856.46,0.008961704504325535
1975,Other,6360,9,13673.880000000001,0.000356373330859065
1975,Other,6400,7,10258.23,0.0002673534939474667
1975,Other,6420,56,86735.14,0.0022605208429741465
1975,Other,6440,139,215971.26,0.00562871674287248
1975,Other,6460,4,6711.33,0.00017491297470757157
1975,Other,6515,7,10742.529999999999,0.00027997548595961284
1975,Other,6520,64,98400.66,0.0025645516095600053
1975,Other,6530,28,43073.4,0.0011225936624736249
1975,Other,6660,13,20662.31,0.0005385081804098448
1975,Other,6820,11,15470.53,0.00040319823680294776
1975,Other,6830,6,9416.73,0.00024542203353404324
1975,Other,6940,51,77302.03,0.002014671908285532
1975,Other,7010,54,88506.87,0.0023066962753666297
1975,Other,7020,193,317545.48,0.008275978757078502
1975,Other,7140,61,92961.65,0.0024227982732519665
1975,Other,7150,48,76549.37,0.001995055826295315
1975,Other,7200,293,461442.12,0.012026262136501736
1975,Other,7220,52,80270.36,0.0020920335385754634
1975,Other,7315,64,98317.64,0.002562387913964613
1975,Other,7320,48,74480.04,0.0019411242410578703
1975,Other,7330,362,590134.95,0.015380298626859952
1975,Other,7340,3,4790.3,0.0001248464347218331
1975,Other,7350,20,34866.78,0.0009087099290713557
1975,Other,7360,56,89907.55,0.0023432012759273834
1975,Other,7410,56,87645.53,0.002284247738096876
1975,Other,7420,32,48426.58,0.001262110068006519
1975,Other,7430,1,1443.26,3.761473506390681e-05
1975,Other,7630,93,151648.98,0.003952327512306656
1975,Other,7700,765,1204595.4,0.03139457674306837
1975,Other,7750,330,500154.32,0.013035192715012174
1975,Other,7800,42,67442.78,0.0017577167673692566
1975,Other,7810,126,198424.08,0.00517139614449195
1975,Other,7900,2,3336.61,8.695986943557095e-05
1975,Other,7930,6,7608.08,0.00019828437949157335
1975,Other,7940,6,9455.26,0.00024642621555392345
1975,Other,7950,218,335650.71,0.008747843445160414
1975,Other,8030,252,393617.37,0.010258590336531035
1975,Other,8100,17,27073.54,0.0007055998464185828
1975,Other,8130,83,137650.09,0.003587483659820773
1975,Other,8140,231,347765.71,0.009063588713025685
1975,Other,8220,63,98306.74,0.0025621038344417297
1975,Other,8250,65,105259.51,0.0027433093008928746
1975,Other,8255,54,80883.65,0.002108017312024006
1975,Other,8256,10,14572.07,0.00037978226541489726
1975,Other,8300,43,65452.72,0.0017058511439463956
1975,Other,8310,37,67492.58,0.0017590146719783934
1975,Other,8320,211,307477.46,0.008013582581117059
1975,Other,8330,28,45251.79,0.0011793676066803958
1975,Other,8350,23,32860.15,0.000856412452649029
1975,Other,8410,22,38640.93,0.001007073115428245
1975,Other,8420,32,56704.17,0.0014778434457885154
1975,Other,8450,13,17671.48,0.0004605601474350623
1975,Other,8460,40,61551.159999999996,0.0016041673546527573
1975,Other,8500,27,42977.63,0.001120097672023484
1975,Other,8510,4,5575.9400000000005,0.00014532205273633342
1975,Other,8530,36,55395.73,0.0014437424356122353
1975,Other,8600,19,29868.97,0.0007784552978547045
1975,Other,8610,103,162285.24,0.0042295333532298635
1975,Other,8650,43,67439.58,0.0017576333678763002
1975,Other,8710,72,112980.0,0.002944523348197963
1975,Other,8730,66,107203.54,0.002793975274734238
1975,Other,8740,336,529598.6,0.013802579597034464
1975,Other,8750,8,11288.460000000001,0.00029420370008141953
1975,Other,8760,7,10126.74,0.0002639265566571981
1975,Other,8800,20,31288.71,0.0008154570466453805
1975,Other,8810,42,59843.88,0.0015596716401731023
1975,Other,8830,24,34593.27,0.0009015816180343082
1975,Other,8910,1,1568.04,4.086679404238214e-05
1975,Other,8920,25,36849.4,0.0009603816486730928
1975,Other,8950,250,369395.97,0.009627323936937814
1975,Other,8965,570,882467.87,0.0229991790338956
1975,Other,9030,28,45582.16,0.0011879778224579154
1975,Other,9040,18,31791.84,0.000828569792548893
1975,Other,9120,69,109211.51,0.0028463076746942408
1975,Other,9130,767,1220986.44,0.03182176562589052
1975,Other,9140,48,75472.75,0.0019669965881369076
1975,Other,9200,28,43679.72,0.0011383957814015714
1975,Other,9240,13,20775.04,0.0005414461881726554
1975,Other,9260,39,62799.73,0.0016367080124405034
1975,Other,9300,4,6954.34,0.00018124638432737673
1975,Other,9310,11,19252.42,0.0005017631456834256
1975,Other,9350,3,6307.75,0.00016439473490525492
1975,Other,9360,48,67526.6,0.001759901312837888
1975,Other,9415,10,15626.39,0.0004072603133567637
1975,Other,9510,67,104894.56,0.002733797849344593
1975,Other,9600,133,219086.49,0.005709906931135949
1975,Other,9610,47,71534.07,0.0018643453647249732
1975,Other,9620,424,678167.3,0.017674627799914785
1975,Other,9640,202,289979.73,0.007557550765526122
1975,Other,9720,24,37725.15,0.0009832057442845672
1975,Other,9750,13,17022.97,0.0004436584583171666
1975,Tech,1006,90,145089.13,0.49919330030336784
1975,Tech,1010,90,145558.06,0.5008066996966322
1976,Finance,120,372,498972.53,0.37082119381345535
1976,Finance,800,352,504088.38,0.37462313778894946
1976,Finance,4810,210,284995.81,0.21180020971501715
1976,Finance,4820,36,57531.23,0.04275545868257813
1976,Healthcare,350,110,149462.01,0.09182818198864752
1976,Healthcare,3000,1,1637.52,0.0010060782975556805
1976,Healthcare,3010,5,8018.75,0.004926651490378507
1976,Healthcare,3030,15,21280.15,0.01307434234924124
1976,Healthcare,3040,1,1754.02,0.001077654902217142
1976,Healthcare,3050,46,72813.49,0.044735986160955324
1976,Healthcare,3060,83,129230.9,0.07939836085274585
1976,Healthcare,3245,66,95640.51,0.05876071222223669
1976,Healthcare,3250,6,4700.7,0.0028880699187307556
1976,Healthcare,3255,363,512990.38,0.3151769066471503
1976,Healthcare,3300,75,101108.14,0.06211997738056414
1976,Healthcare,3310,5,7351.28,0.004516563625027555
1976,Healthcare,3320,28,42108.06,0.025870832306275612
1976,Healthcare,3400,64,87400.62,0.05369819420520723
1976,Healthcare,3500,123,167174.99,0.10271088556664218
1976,Healthcare,3510,142,199151.52,0.12235699240145222
1976,Healthcare,3520,15,25803.76,0.015853609684972007
1976,Other,50,372,538524.06,0.013679754964666722
1976,Other,205,24,30525.829999999998,0.0007754265881696582
1976,Other,230,235,345511.04,0.008776778450320608
1976,Other,410,37,50982.42,0.0012950712231979457
1976,Other,430,2630,3569834.16,0.09068203298715541
1976,Other,510,10,8702.8,0.0002210712210453541
1976,Other,520,72,112405.04000000001,0.0028553476403515962
1976,Other,530,103,134785.81,0.003423870891700039
1976,Other,540,73,104446.19,0.0026531744676236446
1976,Other,565,68,87043.28,0.0022111003577460877
1976,Other,630,205,266306.86,0.0067648093387133075
1976,Other,735,55,74731.57,0.0018983544871232657
1976,Other,1200,7,11361.9,0.00028861850282612593
1976,Other,1220,76,111974.09,0.002844400514977062
1976,Other,1240,12,15321.57,0.000389203266561551
1976,Other,1300,25,34541.08,0.0008774232122794113
1976,Other,1320,32,51600.979999999996,0.0013107840758993538
1976,Other,1350,20,29555.39,0.0007507751707234049
1976,Other,1360,116,152469.38,0.0038730744138240677
1976,Other,1410,230,321860.89,0.00817601001505773
1976,Other,1430,106,160429.55,0.004075281117600851
1976,Other,1450,13,16614.34,0.0004220426105003756
1976,Other,1460,118,180209.64,0.00457774109010246
1976,Other,1520,9,13332.19,0.0003386684196475456
1976,Other,1530,84,125011.01,0.0031755683946331032
1976,Other,1540,104,144843.95,0.0036793708792035003
1976,Other,1550,245,318469.11,0.008089850968990116
1976,Other,1560,40,46327.81,0.0011768333783445748
1976,Other,1600,15,14606.98,0.0003710510300575753
1976,Other,1610,35,48013.6,0.0012196563380501924
1976,Other,1640,36,37399.93,0.0009500446054270775
1976,Other,1700,19,27383.45,0.0006956028781466198
1976,Other,1710,5,7528.57,0.0001912430669009309
1976,Other,1720,66,94762.18,0.002407178246256335
1976,Other,1740,15,19698.48,0.0005003868900052268
1976,Other,1820,48,55205.68,0.0014023517817528938
1976,Other,1840,11,11378.27,0.00028903433863626895
1976,Other,1860,4,4010.98,0.00010188815624724162
1976,Other,1900,20,30524.0,0.0007753801019428677
1976,Other,1920,42,54734.659999999996,0.0013903867858278142
1976,Other,1965,6,7982.9400000000005,0.00020278511436914548
1976,Other,2000,94,138271.99,0.003512427915805372
1976,Other,2010,149,226631.36000000002,0.0057569599993529934
1976,Other,2016,26,32008.81,0.000813097705440633
1976,Other,2040,150,204278.93,0.00518915664946206
1976,Other,2060,20,29283.29,0.0007438632022481509
1976,Other,2100,121,163571.0,0.004155081203475849
1976,Other,2200,274,361637.62,0.009186430830231164
1976,Other,2300,62,87291.11,0.002217395812164398
1976,Other,2310,653,856231.65,0.021750261566757627
1976,Other,2320,632,844843.52,0.021460976761347502
1976,Other,2340,73,100060.9,0.0025417779728245018
1976,Other,2400,6,9070.49,0.00023041139630689824
1976,Other,2430,85,116789.79,0.002966730417903489
1976,Other,2540,33,38121.47,0.0009683733879836186
1976,Other,2600,44,62233.1,0.0015808644811368326
1976,Other,2630,83,123582.94,0.003139292118188943
1976,Other,2710,2,2287.28,5.81021949800774e-05
1976,Other,2720,20,25846.05,0.0006565493671805942
1976,Other,2750,15,19597.74,0.0004978278613238704
1976,Other,2800,7,8263.869999999999,0.00020992138523924142
1976,Other,2825,62,79348.52,0.00201563568099252
1976,Other,2830,58,86960.54,0.00220899857063972
1976,Other,2850,5,5797.93,0.0001472808136042986
1976,Other,2860,23,31574.57,0.0008020670064671148
1976,Other,2900,37,46568.28,0.001182941871763334
1976,Other,2910,20,26884.28,0.0006829228072028764
1976,Other,3600,308,433096.2,0.01100164381165865
1976,Other,3640,20,25182.94,0.0006397048415810876
1976,Other,3645,65,86130.45,0.002187912367362897
1976,Other,3740,154,213150.68,0.005414519590734883
1976,Other,3800,44,62871.56,0.001597082839801701
1976,Other,3850,326,446243.73,0.011335621440793
1976,Other,3930,173,245810.12,0.006244144800949696
1976,Other,3940,10,14078.08,0.00035761574844580813
1976,Other,4020,238,323269.69,0.008211796788993553
1976,Other,4040,56,71687.23,0.0018210212195453347
1976,Other,4060,28,34169.59,0.0008679865082409249
1976,Other,4110,159,228473.98,0.005803766803292253
1976,Other,4130,6,7469.950000000001,0.00018975398350504932
1976,Other,4140,123,157522.79,0.004001442699794422
1976,Other,4220,478,667466.3,0.01695518568134677
1976,Other,4230,364,493349.09,0.012532206385061626
1976,Other,4250,96,132403.36,0.0033633511589037544
1976,Other,4350,18,27009.02,0.0006860914913175519
1976,Other,4410,4,5254.27,0.00013347059390104023
1976,Other,4430,41,36189.83,0.0009193052704329397
1976,Other,4465,7,8925.67,0.00022673263381301257
1976,Other,4500,14,17494.62,0.00044440375570212724
1976,Other,4510,55,69913.26,0.0017759582841684646
1976,Other,4530,15,18038.85,0.0004582284547219269
1976,Other,4600,54,67966.02,0.0017264938905861287
1976,Other,4620,27,40893.22,0.0010387822399545313
1976,Other,4650,18,26688.12,0.0006779398901278826
1976,Other,4720,185,252333.71,0.006409859054626589
1976,Other,4740,87,120550.38,0.0030622580898195337
1976,Other,4760,662,913618.74,0.02320802620096037
1976,Other,4800,32,43537.7,0.001105958139967173
1976,Other,4850,527,754269.22,0.019160180339928164
1976,Other,4920,109,156064.8,0.003964406386243391
1976,Other,4930,19,31290.29,0.0007948456378594514
1976,Other,4950,11,13404.460000000001,0.0003405042445711274
1976,Other,5000,131,173833.2,0.004415764786301105
1976,Other,5020,134,189391.07,0.004810970618649876
1976,Other,5030,2,1955.46,4.967320056824794e-05
1976,Other,5100,24,30282.88,0.0007692550970227896
1976,Other,5110,94,135270.18,0.003436175008459902
1976,Other,5120,604,835899.25,0.021233771644573667
1976,Other,5140,96,140506.32,0.0035691850584856897
1976,Other,5160,106,151265.97,0.003842505020281967
1976,Other,5240,195,294255.2,0.007474761727598576
1976,Other,5250,23,28946.01,0.0007352955112252414
1976,Other,5260,56,80954.66,0.00205643534672881
1976,Other,5310,8,13672.84,0.00034732171645421696
1976,Other,5320,24,35888.14,0.0009116416476130228
1976,Other,5400,132,177020.69,0.004496734394515685
1976,Other,5410,81,106789.89,0.0027127098609182163
1976,Other,5510,11,16501.989999999998,0.000419188661003151
1976,Other,5520,42,63440.96,0.0016115469149571942
1976,Other,5530,19,27339.24,0.0006944798420338268
1976,Other,5540,154,222340.3,0.005647957164198918
1976,Other,5550,151,207157.34,0.005262274911787882
1976,Other,5600,104,151765.17,0.0038551858532950025
1976,Other,5610,202,287190.56,0.007295303554246798
1976,Other,5620,356,496429.96,0.012610467599013686
1976,Other,5630,17,25988.53,0.0006601686882697312
1976,Other,5700,1220,1711017.68,0.04346380104653548
1976,Other,5800,109,157246.18,0.003994416166902323
1976,Other,5810,87,109283.73,0.0027760591569943923
1976,Other,5820,256,368112.52,0.00935090824544771
1976,Other,5850,27,46142.52,0.001172126584376255
1976,Other,5860,115,176300.15,0.004478431014268866
1976,Other,5900,23,30939.56,0.000785936285770786
1976,Other,5910,10,14725.33,0.0003740573934131296
1976,Other,5940,319,456130.01,0.011586755787347703
1976,Other,6005,20,31758.88,0.0008067489061719074
1976,Other,6050,242,264741.88,0.00672505523204516
1976,Other,6100,4,3452.64,8.770503063726978e-05
1976,Other,6130,10,12436.45,0.0003159145547374976
1976,Other,6210,14,17217.91,0.0004373746825790565
1976,Other,6220,23,30550.22,0.0007760461505037687
1976,Other,6230,237,297103.09,0.007547104711431694
1976,Other,6240,22,25691.6,0.0006526259804440892
1976,Other,6250,13,16256.75,0.00041295899856701987
1976,Other,6260,156,220030.94,0.005589294086220188
1976,Other,6300,45,55218.4,0.001402674899132553
1976,Other,6320,124,144596.08,0.0036730744086928007
1976,Other,6330,12,15220.75,0.00038664220569541684
1976,Other,6355,269,366108.05,0.009299990077680006
1976,Other,6360,12,16321.17,0.0004145954153592869
1976,Other,6400,16,21498.4,0.0005461090153193732
1976,Other,6420,90,120456.87,0.0030598827198374643
1976,Other,6440,171,244422.23,0.006208889189310151
1976,Other,6460,3,4944.49,0.00012560146639547536
1976,Other,6515,9,14496.14,0.0003682354380480305
1976,Other,6520,57,82717.93,0.0021012264773916586
1976,Other,6530,27,38878.37,0.0009876003962119163
1976,Other,6660,16,20783.06,0.0005279377270831063
1976,Other,6820,17,19941.6,0.0005065626995447481
1976,Other,6830,3,3757.14,9.544003394750446e-05
1976,Other,6940,75,78254.31999999999,0.001987840473695118
1976,Other,7010,70,92353.51,0.00234599246489915
1976,Other,7020,211,297679.83,0.0075617552395405435
1976,Other,7140,69,97946.53,0.0024880680912183904
1976,Other,7150,65,86101.47,0.0021871762084271643
1976,Other,7200,344,439764.78,0.011171041146222081
1976,Other,7220,66,82385.24,0.002092775382970372
1976,Other,7315,75,103070.82,0.002618236892901814
1976,Other,7320,52,75677.77,0.0019223901525818666
1976,Other,7330,461,638075.63,0.01620859477908071
1976,Other,7340,15,22503.11,0.0005716309699197866
1976,Other,7350,24,28909.84,0.0007343767096826102
1976,Other,7360,61,81981.56,0.002082520978581946
1976,Other,7410,64,82514.5,0.002096058885524989
1976,Other,7420,45,56108.19,0.0014252776202997573
1976,Other,7430,3,3112.3599999999997,7.906113268519537e-05
1976,Other,7630,108,145555.47,0.00369744513061663
1976,Other,7700,971,1369444.93,0.034787064258568444
1976,Other,7750,363,512138.52,0.013009501305414409
1976,Other,7800,36,45645.75,0.0011595074789758437
1976,Other,7810,136,186289.7,0.004732188657348521
1976,Other,7900,1,1451.39,3.686865830686865e-05
1976,Other,7930,7,9163.210000000001,0.0002327666984642873
1976,Other,7940,5,7711.48,0.00019588940337211325
1976,Other,7950,274,391762.1,0.009951662201394047
1976,Other,8030,249,351875.2,0.008938442813758583
1976,Other,8100,24,35996.73,0.0009144000844256941
1976,Other,8130,90,134531.34,0.0034174067659451775
1976,Other,8140,295,383989.33,0.009754215890459097
1976,Other,8220,58,78866.87,0.0020034006585150995
1976,Other,8250,104,136093.07,0.0034570783151067304
1976,Other,8255,61,85294.83,0.0021666856893133133
1976,Other,8256,6,6719.889999999999,0.00017070072707524756
1976,Other,8300,41,51927.39,0.0013190756438155892
1976,Other,8310,36,50150.48,0.0012739380256481375
1976,Other,8320,282,363094.97,0.009223450886303972
1976,Other,8330,41,55296.74,0.001404664916076145
1976,Other,8350,29,34749.85,0.0008827264524799948
1976,Other,8410,23,40056.69,0.0010175324458031008
1976,Other,8420,64,112604.58,0.0028604164172334494
1976,Other,8450,24,30068.93,0.000763820272857848
1976,Other,8460,48,79216.74,0.0020122881646174044
1976,Other,8500,22,23445.81,0.0005955777272943621
1976,Other,8510,4,7055.7,0.00017923107670286633
1976,Other,8530,40,54907.67,0.0013947816394327525
1976,Other,8600,17,19993.05,0.0005078696483799257
1976,Other,8610,107,146014.85,0.00370911444365655
1976,Other,8650,40,59408.16,0.0015091044803118266
1976,Other,8710,95,129967.63,0.0033014779910455023
1976,Other,8730,84,118718.34,0.0030157200423171285
1976,Other,8740,376,520573.33,0.013223764961477464
1976,Other,8750,15,14056.87,0.0003570769654566125
1976,Other,8760,12,16771.579999999998,0.0004260368696810038
1976,Other,8800,19,26322.28,0.0006686467091393234
1976,Other,8810,63,80866.95,0.002054207310143126
1976,Other,8830,26,37674.4,0.0009570167773763719
1976,Other,8910,2,3081.91,7.82876323541719e-05
1976,Other,8920,33,46748.05,0.0011875084449819906
1976,Other,8950,301,423828.37,0.010766219523551286
1976,Other,8965,649,921527.74,0.023408933068548698
1976,Other,9030,28,31625.43,0.0008033589679395566
1976,Other,9040,21,23004.7,0.0005843725144530562
1976,Other,9120,79,103829.68000000001,0.002637513689657166
1976,Other,9130,947,1280747.74,0.03253395076675067
1976,Other,9140,45,65050.36,0.0016524293922231766
1976,Other,9200,40,55473.77,0.001409161886966164
1976,Other,9240,30,33859.34,0.0008601054416497909
1976,Other,9260,51,71688.95,0.001821064911518056
1976,Other,9300,6,6302.01,0.0001600856098887751
1976,Other,9310,18,21194.31,0.0005383844269561244
1976,Other,9350,10,15709.49,0.0003990573305487636
1976,Other,9360,61,78763.26,0.002000768725204842
1976,Other,9415,11,18253.88,0.0004636907133813679
1976,Other,9510,72,103868.27,0.0026384939647893235
1976,Other,9600,165,239678.72,0.006088393079122528
1976,Other,9610,40,46235.59,0.0011744907773420467
1976,Other,9620,495,683645.3,0.01736616965033293
1976,Other,9640,237,328527.45,0.008345356036955524
1976,Other,9720,21,31344.01,0.000796210249937697
1976,Other,9750,12,14207.26,0.00036089721881564756
1976,Tech,1006,93,134857.14,0.49574742180876136
1976,Tech,1010,95,137170.78,0.5042525781912385
1977,Finance,120,381,554835.94,0.3566063117015333
1977,Finance,800,411,617243.7,0.39671726975366395
1977,Finance,4810,219,317119.44,0.20382023894713036
1977,Finance,4820,39,66678.99,0.04285617959767247
1977,Healthcare,350,104,146553.62,0.08851159634829078
1977,Healthcare,3000,1,1749.87,0.0010568404049110735
1977,Healthcare,3010,6,8431.56,0.005092271588422003
1977,Healthcare,3030,18,26613.01,0.016073025004316004
1977,Healthcare,3040,2,3291.82,0.0019881067631849054
1977,Healthcare,3050,41,60238.0,0.036380961049125506
1977,Healthcare,3060,100,153150.41,0.09249575186539395
1977,Healthcare,3245,68,97100.73,0.058644342042757924
1977,Healthcare,3250,3,2559.46,0.0015457952549353358
1977,Healthcare,3255,360,530401.79,0.32033810655029127
1977,Healthcare,3300,95,137332.33,0.08294236442968972
1977,Healthcare,3310,11,16203.83,0.009786362563110516
1977,Healthcare,3320,27,34846.98,0.021045961387490545
1977,Healthcare,3400,54,70647.8,0.04266799794160511
1977,Healthcare,3500,118,160668.05,0.09703605811761593
1977,Healthcare,3510,114,172255.59,0.10403439540297042
1977,Healthcare,3520,19,33711.299999999996,0.020360063285889046
1977,Other,50,347,502825.82,0.012302435051001101
1977,Other,205,23,26401.39,0.0006459520828328783
1977,Other,230,198,276474.84,0.006764397584706214
1977,Other,410,50,74602.58,0.001825271015492231
1977,Other,430,2777,3940349.61,0.09640693303152674
1977,Other,510,9,8271.55,0.000202376653303341
1977,Other,520,68,93331.55,0.0022835051153185845
1977,Other,530,97,138403.06,0.0033862514389372614
1977,Other,540,74,112932.31999999999,0.002763069191552002
1977,Other,565,67,84935.83,0.0020780904450727507
1977,Other,630,215,310265.08,0.007591129658563797
1977,Other,735,49,74323.59,0.001818445080509658
1977,Other,1200,3,4151.9400000000005,0.00010158382913919082
1977,Other,1220,69,104536.8,0.0025576594146249133
1977,Other,1240,14,16651.02,0.0004073937414011881
1977,Other,1300,25,36888.69,0.000902540591176312
1977,Other,1320,35,55502.45,0.0013579558947399242
1977,Other,1350,35,53593.659999999996,0.0013112543053088158
1977,Other,1360,99,138635.98,0.00339195019794705
1977,Other,1410,195,286298.84,0.007004757401433674
1977,Other,1430,116,183434.12,0.004488008088839873
1977,Other,1450,7,9078.32,0.00022211556712064688
1977,Other,1460,122,184287.76,0.004508893751904942
1977,Other,1520,14,22501.71,0.0005505401966260643
1977,Other,1530,99,148382.87,0.0036304233956325864
1977,Other,1540,130,183430.91,0.004487929551074025
1977,Other,1550,258,357337.45,0.00874283021089759
1977,Other,1560,43,56743.97,0.0013883316601779818
1977,Other,1600,8,11088.09,0.00027128779318582886
1977,Other,1610,32,43668.93,0.0010684299685957128
1977,Other,1640,28,34984.96,0.0008559628027094381
1977,Other,1700,11,11053.869999999999,0.00027045054634865315
1977,Other,1710,5,8022.389999999999,0.00019628055681150327
1977,Other,1720,62,88948.17,0.0021762587377283146
1977,Other,1740,17,21049.68,0.0005150139685435344
1977,Other,1820,46,69253.09,0.0016943872170409502
1977,Other,1840,7,10015.35,0.0002450414994362141
1977,Other,1860,6,8673.3,0.00021220610733125805
1977,Other,1900,18,26632.06,0.0006515957920067916
1977,Other,1920,34,51648.47,0.0012636621318662174
1977,Other,1965,7,9082.89,0.0002222273794539576
1977,Other,2000,87,124082.31,0.003035871466889239
1977,Other,2010,191,281775.84,0.006894094998027902
1977,Other,2016,16,20440.74,0.0005001152809623028
1977,Other,2040,141,197926.63,0.004842590443025631
1977,Other,2060,16,24332.72,0.0005953387743974554
1977,Other,2100,145,211327.19,0.005170456500196369
1977,Other,2200,243,328884.36,0.008046680017724754
1977,Other,2300,56,80961.63,0.001980855308301754
1977,Other,2310,644,886068.85,0.021679086562898135
1977,Other,2320,609,827776.04,0.020252860063699373
1977,Other,2340,62,84972.52,0.0020789881243964206
1977,Other,2400,7,11738.66,0.00028720502506371804
1977,Other,2430,75,105710.42,0.002586373898349229
1977,Other,2540,59,80724.74,0.0019750594169148884
1977,Other,2600,33,50467.58,0.0012347697760055404
1977,Other,2630,91,136462.16,0.0033387642271817315
1977,Other,2710,4,4906.96,0.00012005659673136985
1977,Other,2720,9,13420.02,0.00032834217708457337
1977,Other,2750,19,27027.53,0.0006612715958261327
1977,Other,2800,8,12853.98,0.00031449310637402656
1977,Other,2825,44,58948.18,0.0014422611707265193
1977,Other,2830,70,103540.99,0.0025332953359303518
1977,Other,2850,4,6801.96,0.00016642079183504826
1977,Other,2860,22,29409.63,0.000719553468731923
1977,Other,2900,30,40878.36,0.001000154226152192
1977,Other,2910,21,29471.66,0.0007210711315405146
1977,Other,3600,317,464773.86,0.011371433205345498
1977,Other,3640,25,35473.1,0.0008679059257690211
1977,Other,3645,71,97753.56999999999,0.0023916968820902823
1977,Other,3740,140,204851.87,0.005012027476534759
1977,Other,3800,46,60479.47,0.0014797266210274755
1977,Other,3850,275,391259.62,0.009572790162464949
1977,Other,3930,187,274383.82,0.0067132374479010985
1977,Other,3940,6,8214.75,0.0002009869507799168
1977,Other,4020,218,291831.66,0.007140126660512055
1977,Other,4040,69,87058.32,0.0021300205455823057
1977,Other,4060,24,32118.91,0.0007858403217717614
1977,Other,4110,159,215575.25,0.005274392058324143
1977,Other,4130,15,19571.27,0.00047884231171861126
1977,Other,4140,117,153330.13,0.0037514659960909635
1977,Other,4220,504,707796.65,0.01731737307352506
1977,Other,4230,391,536267.44,0.01312063758095523
1977,Other,4250,87,116585.44,0.0028524485944106566
1977,Other,4350,15,23307.14,0.0005702463252077823
1977,Other,4410,4,6758.11,0.00016534793170032726
1977,Other,4430,34,26217.06,0.0006414421556120546
1977,Other,4460,2,3674.1099999999997,8.989295666088438e-05
1977,Other,4465,12,18118.12,0.0004432886810511124
1977,Other,4500,9,13402.69,0.00032791817101536665
1977,Other,4510,71,98614.59,0.002412763108617021
1977,Other,4530,9,16135.48,0.00039478023367361535
1977,Other,4600,70,106375.07,0.002602635619866728
1977,Other,4620,34,42487.07,0.0010395138801391251
1977,Other,4650,15,15504.55,0.00037934352569643124
1977,Other,4720,207,294470.39,0.007204687395364789
1977,Other,4740,114,153789.73,0.0037627108425657132
1977,Other,4760,575,788428.23,0.019290153182568784
1977,Other,4800,29,38856.27,0.0009506805716523517
1977,Other,4850,523,793188.96,0.019406632029300146
1977,Other,4920,131,177422.44,0.004340922756691651
1977,Other,4930,21,34698.79,0.0008489611975839397
1977,Other,4950,10,13458.51,0.00032928389627694306
1977,Other,5000,101,139066.66,0.0034024874705313518
1977,Other,5020,129,180504.24,0.004416323905224904
1977,Other,5030,5,5348.38,0.00013085664053224887
1977,Other,5100,23,34873.16,0.0008532274375312899
1977,Other,5110,81,114783.42,0.0028083593031912736
1977,Other,5120,580,824140.34,0.02016390686890336
1977,Other,5140,91,131708.87,0.003222467411907661
1977,Other,5160,122,178908.3,0.004377276689639805
1977,Other,5240,184,284031.72,0.006949288697474068
1977,Other,5250,17,25864.649999999998,0.0006328198833183936
1977,Other,5260,51,79208.05,0.0019379511788822773
1977,Other,5310,9,12031.539999999999,0.0002943708010330929
1977,Other,5320,30,42187.68,0.0010321888266446185
1977,Other,5400,140,189998.69,0.004648620755991195
1977,Other,5410,67,93976.42,0.002299282887612257
1977,Other,5510,14,21210.68,0.0005189530901328178
1977,Other,5520,47,73545.27,0.0017994022412837507
1977,Other,5530,23,27297.36,0.0006678734168102096
1977,Other,5540,124,187824.51,0.004595425977252137
1977,Other,5550,153,215360.86,0.005269146665296028
1977,Other,5600,116,180047.45,0.004405147809878515
1977,Other,5610,166,259311.95,0.006344480127976414
1977,Other,5620,359,531642.44,0.013007479584989786
1977,Other,5630,25,37104.4,0.0009078182801081401
1977,Other,5700,1251,1830681.94,0.04479055126065462
1977,Other,5800,141,208756.87,0.005107569525020175
1977,Other,5810,85,116706.78,0.002855417370892915
1977,Other,5820,238,338807.33,0.008289461293232908
1977,Other,5850,51,81940.16,0.002004796604256795
1977,Other,5860,131,185991.79,0.00455058556160548
1977,Other,5900,26,37352.5,0.0009138884420106323
1977,Other,5910,8,12536.65,0.0003067291221881425
1977,Other,5940,399,578131.29,0.014144903390554771
1977,Other,6005,21,25227.59,0.0006172331951216922
1977,Other,6050,229,265849.91,0.006504441739068785
1977,Other,6100,4,4664.44,0.0001141229584218479
1977,Other,6130,17,25946.510000000002,0.0006348227186804978
1977,Other,6210,18,24911.17,0.0006094914755360953
1977,Other,6220,32,49312.98,0.0012065206468938217
1977,Other,6230,270,359083.05,0.008785539096899163
1977,Other,6240,18,25914.09,0.0006340295117120221
1977,Other,6250,12,20048.84,0.0004905268228825499
1977,Other,6260,178,249093.82,0.0060944772926652
1977,Other,6300,38,52094.9,0.0012745847533016449
1977,Other,6320,116,146838.23,0.0035926313163054386
1977,Other,6330,19,23671.93,0.0005791714939317247
1977,Other,6355,257,383135.85,0.009374029182381883
1977,Other,6360,8,8287.17,0.0002027588214972827
1977,Other,6400,12,12704.86,0.0003108446479181635
1977,Other,6420,96,138226.79,0.0033819387124618392
1977,Other,6440,157,233209.1,0.005705832302033378
1977,Other,6460,6,7276.32,0.00017802676523313843
1977,Other,6515,9,13548.69,0.00033149029369881623
1977,Other,6520,53,83062.91,0.00203226647235846
1977,Other,6530,26,40527.13,0.0009915608244391234
1977,Other,6660,19,21830.34,0.0005341140595987521
1977,Other,6820,14,13047.41,0.0003192256795977229
1977,Other,6940,65,60757.5,0.0014865290680800747
1977,Other,7010,68,99391.83,0.0024317795239217088
1977,Other,7020,220,321339.44,0.007862081525417819
1977,Other,7140,85,125256.82,0.0030646077258819683
1977,Other,7150,55,72358.77,0.0017703726278322919
1977,Other,7200,349,477682.35,0.011687259985743324
1977,Other,7220,53,67671.33,0.001655686937754832
1977,Other,7315,76,115523.24,0.0028264601785588745
1977,Other,7320,53,68978.82,0.001687676764380747
1977,Other,7330,433,618959.82,0.015143838446341781
1977,Other,7340,9,13523.66,0.00033087789485794814
1977,Other,7350,21,32394.79,0.0007925901656478579
1977,Other,7360,50,68978.03,0.0016876574357717062
1977,Other,7410,67,86986.56999999999,0.0021282650674827332
1977,Other,7420,51,72216.68,0.001766896169530296
1977,Other,7430,3,2671.3700000000003,6.535932447182767e-05
1977,Other,7630,124,174492.1,0.0042692273184435706
1977,Other,7700,953,1359838.25,0.03327060999073595
1977,Other,7750,404,590334.07,0.014443463851096862
1977,Other,7800,37,54114.53,0.0013239982199809283
1977,Other,7810,129,173533.84,0.004245781960343279
1977,Other,7900,1,1617.41,3.957251335231689e-05
1977,Other,7930,3,7916.4800000000005,0.00019368929987037897
1977,Other,7940,6,6509.68,0.0001592696958219068
1977,Other,7950,236,354690.77,0.008678074966624766
1977,Other,8030,223,324470.0,0.007938675665060969
1977,Other,8100,26,37435.45,0.0009159179459598935
1977,Other,8130,104,170491.2,0.004171338923620189
1977,Other,8140,277,403624.64,0.009875320083172542
1977,Other,8220,80,132142.51,0.003233077105609381
1977,Other,8250,77,109358.79,0.0026756370848877026
1977,Other,8255,82,121594.02,0.0029749914863960824
1977,Other,8256,14,22067.43,0.0005399148443043622
1977,Other,8300,47,58711.95,0.0014364814272915104
1977,Other,8310,44,66948.36,0.0016379983244914514
1977,Other,8320,259,340711.95,0.008336060856968194
1977,Other,8330,23,28682.99,0.0007017750630695816
1977,Other,8350,35,47841.01,0.00117050655493247
1977,Other,8410,18,28030.4,0.0006858084086723734
1977,Other,8420,49,86098.72,0.002106542402246427
1977,Other,8450,19,26115.19,0.0006389497437095681
1977,Other,8460,60,84643.58,0.002070940083057421
1977,Other,8500,12,15756.08,0.00038549760801539075
1977,Other,8510,7,13531.67,0.00033107387227366343
1977,Other,8530,44,68294.58,0.0016709357422922291
1977,Other,8600,21,25300.99,0.000619029043100906
1977,Other,8610,89,128685.04,0.003148484591812486
1977,Other,8650,43,66784.04,0.0016339779738110097
1977,Other,8710,94,151353.23,0.0037030979869614325
1977,Other,8730,65,86900.69,0.0021261638764138663
1977,Other,8740,421,613933.49,0.015020861272317786
1977,Other,8750,18,23761.11,0.0005813534247598757
1977,Other,8760,8,11723.05,0.0002868231015357136
1977,Other,8800,14,17720.98,0.000433572018020255
1977,Other,8810,63,87108.8,0.0021312556192334053
1977,Other,8830,27,40402.22,0.0009885047022172762
1977,Other,8910,2,3726.8599999999997,9.118356947973348e-05
1977,Other,8920,24,36344.93,0.000889236636173897
1977,Other,8950,333,474094.62,0.01159948045344817
1977,Other,8965,668,964261.46,0.023592193383851084
1977,Other,9030,30,40772.54,0.0009975651712045028
1977,Other,9040,17,15837.35,0.00038748600808719865
1977,Other,9120,88,127963.23,0.0031308243597978234
1977,Other,9130,928,1291026.81,0.03158702844481244
1977,Other,9140,38,57377.88,0.001403841278604458
1977,Other,9200,40,48663.479999999996,0.001190629594271215
1977,Other,9240,22,23415.07,0.0005728870046682256
1977,Other,9260,52,67167.38,0.0016433569978485003
1977,Other,9300,6,8281.65,0.0002026237658999358
1977,Other,9310,15,20653.38,0.0005053178574514036
1977,Other,9350,8,12721.44,0.0003112503040420785
1977,Other,9360,78,106078.12,0.0025953702648609032
1977,Other,9415,12,19992.34,0.0004891444603372423
1977,Other,9510,85,121862.8,0.0029815676174567507
1977,Other,9600,156,232017.18,0.005676670079643944
1977,Other,9610,41,61163.29,0.0014964573671466298
1977,Other,9620,520,762165.71,0.018647598775606112
1977,Other,9640,222,322210.24,0.00788338703523116
1977,Other,9720,35,55936.33,0.0013685714604241375
1977,Other,9750,15,20124.62,0.0004923809013548225
1977,Tech,1006,123,196115.74,0.6072669748152133
1977,Tech,1010,84,126832.4,0.3927330251847866
1978,Finance,120,387,537758.4,0.33307229090616475
1978,Finance,800,460,696009.8,0.4310887167529909
1978,Finance,4810,207,314597.65,0.19485285585347586
1978,Finance,4820,38,66173.74,0.04098613648736851
1978,Healthcare,350,95,142123.04,0.08156956224230551
1978,Healthcare,3000,1,576.69,0.0003309832863799927
1978,Healthcare,3010,4,6550.889999999999,0.003759793131342368
1978,Healthcare,3030,20,26446.69,0.015178713641770949
1978,Healthcare,3040,3,4023.35,0.0023091463442351063
1978,Healthcare,3050,35,55660.33,0.031945480144262774
1978,Healthcare,3060,99,145398.1,0.08344923784252686
1978,Healthcare,3245,81,117000.3,0.06715071147660799
1978,Healthcare,3250,4,5628.0599999999995,0.003230147557168984
1978,Healthcare,3255,407,586158.55,0.3364176303017761
1978,Healthcare,3300,75,106879.48,0.06134200616793199
1978,Healthcare,3310,5,6433.05,0.003692160485610661
1978,Healthcare,3320,34,51172.03,0.02936948214835627
1978,Healthcare,3400,59,88432.69,0.05075472499891296
1978,Healthcare,3500,123,176632.69,0.10137590077570006
1978,Healthcare,3510,140,199489.79,0.11449441865379079
1978,Healthcare,3520,13,23748.11,0.013629900801320585
1978,Other,50,355,523598.7,0.012285771772354778
1978,Other,205,22,25964.68,0.0006092378239713442
1978,Other,230,207,302178.46,0.0070903453237787595
1978,Other,410,42,62417.78,0.0014645769739631718
1978,Other,430,2770,4051297.73,0.09506005131914763
1978,Other,510,7,9221.55,0.00021637536282530532
1978,Other,520,65,98265.93,0.002305721517219562
1978,Other,530,115,162635.86,0.0038161039321920457
1978,Other,540,77,123517.61,0.002898229438550413
1978,Other,565,73,99358.47,0.0023313569840229913
1978,Other,630,205,297543.37,0.006981587112797096
1978,Other,735,52,78784.98,0.001848618576343936
1978,Other,1200,5,7307.66,0.00017146765824660394
1978,Other,1220,74,114100.01,0.0026772539391014486
1978,Other,1240,19,25874.82,0.0006071293400284623
1978,Other,1300,40,57998.1,0.001360873164563261
1978,Other,1320,39,62970.2,0.0014775390115741975
1978,Other,1350,34,52959.56,0.00124264836280978
1978,Other,1360,97,135464.75,0.0031785583151736183
1978,Other,1410,205,319343.1,0.007493098137325911
1978,Other,1430,129,196008.57,0.004599164506034155
1978,Other,1450,14,25529.79,0.0005990335219246062
1978,Other,1460,127,200044.59,0.00469386607918294
1978,Other,1520,14,20635.65,0.0004841969360775588
1978,Other,1530,91,137915.03,0.0032360519278551727
1978,Other,1540,120,180548.08,0.004236398036925707
1978,Other,1550,261,360869.52,0.00846747817043705
1978,Other,1560,41,54714.35,0.0012838229292256448
1978,Other,1600,11,9562.25,0.00022436958138016667
1978,Other,1610,22,33377.83,0.0007831807100293726
1978,Other,1640,34,41443.98,0.000972445652783393
1978,Other,1700,7,7584.0,0.0001779517273849966
1978,Other,1710,5,4154.87,9.749028132385297e-05
1978,Other,1720,72,108395.84,0.002543410729080658
1978,Other,1740,27,36438.5,0.0008549965741453322
1978,Other,1820,38,55890.96,0.001311431022838311
1978,Other,1840,14,16943.05,0.000397553403833118
1978,Other,1860,6,6646.7,0.00015595882732197483
1978,Other,1900,16,23943.22,0.0005618060862551423
1978,Other,1920,48,64676.82,0.0015175833123376183
1978,Other,1965,11,15120.93,0.0003547989996265318
1978,Other,2000,92,132146.96,0.0031007093619034878
1978,Other,2010,184,272773.01,0.006400372931633038
1978,Other,2016,24,31967.489999999998,0.0007500883525399005
1978,Other,2040,165,231868.95,0.005440596015222233
1978,Other,2060,14,20840.29,0.000488998629312272
1978,Other,2100,152,233448.85,0.005477666945350866
1978,Other,2200,274,382343.93,0.008971355854254777
1978,Other,2300,72,104233.59,0.0024457472827056313
1978,Other,2310,631,896208.37,0.02102872198554749
1978,Other,2320,614,865854.01,0.02031648427514849
1978,Other,2340,70,101797.13,0.002388577943873294
1978,Other,2400,9,14809.46,0.00034749063668763344
1978,Other,2430,86,123383.02,0.0028950714054559053
1978,Other,2540,48,67933.17,0.001593990631360579
1978,Other,2600,42,65697.79,0.0015415394535702473
1978,Other,2630,93,146158.02,0.0034294662618896206
1978,Other,2710,4,4754.2,0.00011155301982248825
1978,Other,2720,7,7874.25,0.0001847621821415229
1978,Other,2750,13,22831.68,0.000535724801569288
1978,Other,2800,6,7149.3099999999995,0.0001677521181580736
1978,Other,2825,55,82853.43,0.0019440810902257252
1978,Other,2830,86,127213.23,0.00298494383237406
1978,Other,2850,4,3258.5299999999997,7.645847075894423e-05
1978,Other,2860,16,21724.22,0.0005097392504076597
1978,Other,2900,36,46490.64,0.0010908609830213632
1978,Other,2910,22,35459.4,0.0008320228747409744
1978,Other,3600,329,473485.42,0.011109908805460261
1978,Other,3640,32,49481.479999999996,0.0011610383490989137
1978,Other,3645,78,110821.37,0.0026003236053101057
1978,Other,3740,125,185344.82,0.004348949219522847
1978,Other,3800,44,61855.63,0.0014513866306681458
1978,Other,3850,281,408556.32,0.009586405970207997
1978,Other,3930,207,314783.49,0.007386110996542432
1978,Other,3940,4,7589.04,0.00017806998644433476
1978,Other,4020,254,361543.79,0.008483299308520367
1978,Other,4040,56,80061.66,0.0018785747223510404
1978,Other,4060,20,25410.56,0.0005962358973918908
1978,Other,4110,142,189590.84,0.004448578253477388
1978,Other,4130,5,7223.8,0.00016949995889817228
1978,Other,4140,136,184314.55,0.00432477486216882
1978,Other,4220,484,688388.18,0.016152408457596783
1978,Other,4230,366,520043.95,0.012202362766167828
1978,Other,4250,85,109137.95,0.002560823671645226
1978,Other,4350,21,33844.52,0.0007941311704266964
1978,Other,4410,1,1148.19,2.694124391695402e-05
1978,Other,4420,1,1583.94,3.7165725088896566e-05
1978,Other,4430,36,22677.92,0.0005321169616955119
1978,Other,4465,14,22947.58,0.0005384442906520835
1978,Other,4500,15,25511.54,0.000598605302116487
1978,Other,4510,74,103202.14,0.0024215452377146962
1978,Other,4530,9,12282.69,0.0002882022550678302
1978,Other,4600,71,109880.71,0.0025782518658741924
1978,Other,4620,36,57341.35,0.0013454631174957378
1978,Other,4650,18,22521.71,0.0005284516347790021
1978,Other,4720,198,274403.97,0.006438641938660441
1978,Other,4740,103,141810.16,0.0033274476440852785
1978,Other,4760,573,824837.62,0.019354071636488585
1978,Other,4800,45,63744.73,0.0014957126602307776
1978,Other,4850,529,821073.71,0.019265754879339105
1978,Other,4920,127,181046.32,0.004248088789648848
1978,Other,4930,18,30208.25,0.0007088093708831519
1978,Other,4950,15,21174.6,0.0004968429122740439
1978,Other,5000,139,202359.83,0.004748191099925404
1978,Other,5020,113,162594.91,0.0038151430773349236
1978,Other,5030,4,5956.429999999999,0.00013976226365345666
1978,Other,5100,32,42574.59,0.0009989743978386079
1978,Other,5110,82,130187.22,0.003054725828382197
1978,Other,5120,584,822910.34,0.01930884974762327
1978,Other,5140,100,146397.69,0.0034350899025149323
1978,Other,5160,127,184911.19,0.0043387744822409435
1978,Other,5240,186,277485.54,0.0065109482024470694
1978,Other,5250,22,33793.86,0.0007929424791675556
1978,Other,5260,66,103031.81,0.0024175485977192468
1978,Other,5310,18,44416.36,0.0010421898715920186
1978,Other,5320,29,41061.5,0.000963471104169177
1978,Other,5400,147,215718.33,0.005061636267419137
1978,Other,5410,65,99370.45999999999,0.0023316383185709006
1978,Other,5510,19,29769.69,0.0006985189555928085
1978,Other,5520,47,68513.55,0.0016076087251817425
1978,Other,5530,14,17619.010000000002,0.0004134141962438726
1978,Other,5540,140,195688.62,0.0045916571675351
1978,Other,5550,152,202206.17,0.0047445856064615355
1978,Other,5600,123,191264.12,0.004487840261177648
1978,Other,5610,183,283249.36,0.006646191045977685
1978,Other,5620,363,540741.48,0.01268801166069615
1978,Other,5630,28,40183.34,0.0009428658709254522
1978,Other,5700,1355,1996390.41,0.046843502372671625
1978,Other,5800,158,247146.4,0.005799067615635987
1978,Other,5810,75,109236.72,0.002563141220710866
1978,Other,5820,276,403972.69,0.009478855221764735
1978,Other,5850,52,74724.03,0.0017533320432052096
1978,Other,5860,131,194667.9,0.004567706892327239
1978,Other,5900,35,61562.24,0.001444502498640524
1978,Other,5910,13,20578.71,0.00048286089027622676
1978,Other,5940,400,591808.2,0.013886246238212756
1978,Other,6005,32,33459.34,0.0007850932687449779
1978,Other,6050,200,240052.39,0.005632613062156763
1978,Other,6100,7,7244.34,0.00016998191149317332
1978,Other,6130,12,20019.48,0.0004697390621505
1978,Other,6210,21,32153.93,0.0007544629991714484
1978,Other,6220,35,53815.36,0.0012627289387981873
1978,Other,6230,263,346611.07,0.008132916486980746
1978,Other,6240,26,37282.82,0.0008748077822763581
1978,Other,6250,11,15595.98,0.00036594561989212283
1978,Other,6260,177,250545.91,0.005878834055082529
1978,Other,6300,33,40499.93,0.0009502943700516148
1978,Other,6320,146,172890.85,0.004056728033565446
1978,Other,6330,18,21459.59,0.0005035299458694356
1978,Other,6355,236,340429.81,0.007987878789932252
1978,Other,6360,11,13085.29,0.00030703454098544603
1978,Other,6400,11,11762.56,0.00027599787321593694
1978,Other,6420,99,137860.85,0.003234780642967288
1978,Other,6440,155,235314.29,0.005521437814329382
1978,Other,6460,3,2987.76,7.010509665239947e-05
1978,Other,6515,15,21634.15,0.0005076258390039721
1978,Other,6520,63,96455.5,0.002263241408331163
1978,Other,6530,26,42449.94,0.000996049597888906
1978,Other,6660,14,22739.73,0.0005335672776593393
1978,Other,6820,20,21448.760000000002,0.0005032758296764532
1978,Other,6830,5,4569.41,0.00010721708895441422
1978,Other,6940,63,47416.76,0.0011125915544567264
1978,Other,7010,91,141746.29,0.003325948992077357
1978,Other,7020,224,328929.16,0.007718026398905054
1978,Other,7140,64,93380.7,0.0021910939964952733
1978,Other,7150,66,92798.21,0.0021774263934250617
1978,Other,7200,345,503556.99,0.011815511103281839
1978,Other,7220,56,68941.34,0.0016176464321250477
1978,Other,7315,60,94991.4,0.0022288876208754176
1978,Other,7320,55,88440.04000000001,0.002075165860759256
1978,Other,7330,464,672496.97,0.015779535531734737
1978,Other,7340,15,23574.76,0.0005531605043099582
1978,Other,7350,12,17525.23,0.0004112137330326166
1978,Other,7360,51,80676.26,0.001892995757642551
1978,Other,7410,64,83996.45,0.0019709010247504614
1978,Other,7420,34,50299.25,0.001180226585399498
1978,Other,7430,3,4572.07,0.00010727950345795378
1978,Other,7630,133,188841.55,0.0044309968386814615
1978,Other,7700,963,1391547.05,0.032651397848760054
1978,Other,7750,447,661862.01,0.0155299957766358
1978,Other,7800,43,53562.05,0.0012567852478614925
1978,Other,7810,122,165237.66,0.0038771528251654486
1978,Other,7900,1,1219.44,2.8613060976049617e-05
1978,Other,7930,5,7286.12,0.0001709622415525279
1978,Other,7940,6,6668.25,0.00015646447865704164
1978,Other,7950,235,351883.57,0.00825663094935382
1978,Other,8030,249,375771.4,0.008817137359161198
1978,Other,8100,17,24904.02,0.0005843503926464272
1978,Other,8130,75,116091.56,0.002723983865614317
1978,Other,8140,301,440512.92,0.01033623879870897
1978,Other,8220,86,133724.9,0.0031377343023979345
1978,Other,8250,86,127969.04,0.0030026782330959557
1978,Other,8255,75,115798.94,0.0027171178009429827
1978,Other,8256,12,19205.35,0.00045063623517054913
1978,Other,8300,53,68915.73,0.0016170455165477363
1978,Other,8310,35,56525.48,0.0013263194629833965
1978,Other,8320,312,441809.78,0.010366668450235409
1978,Other,8330,29,30774.37,0.0007220928666515056
1978,Other,8350,35,48338.21,0.001134212548549409
1978,Other,8410,20,26690.260000000002,0.0006262629049782015
1978,Other,8420,42,70246.82,0.001648278344185513
1978,Other,8450,24,30675.37,0.000719769920843078
1978,Other,8460,52,79311.9,0.0018609822794285486
1978,Other,8500,25,30225.77,0.0007092204618989464
1978,Other,8510,6,9016.8,0.00021157108853969375
1978,Other,8530,52,73181.24,0.0017171318657932505
1978,Other,8600,16,21562.1,0.0005059352506656165
1978,Other,8610,115,160102.93,0.0037566710117219403
1978,Other,8650,42,58028.95,0.0013615970320197256
1978,Other,8710,90,133601.86000000002,0.003134847279647744
1978,Other,8730,57,82394.46,0.0019333117726732607
1978,Other,8740,440,645471.15,0.01514539901367092
1978,Other,8750,14,21620.22,0.0005072989841038571
1978,Other,8760,6,10108.98,0.00023719810826745556
1978,Other,8800,13,18412.01,0.00043202122681036806
1978,Other,8810,66,94283.65,0.002212280904755068
1978,Other,8830,26,36890.159999999996,0.0008655943691335584
1978,Other,8920,17,23436.96,0.0005499271514574196
1978,Other,8950,302,455891.0,0.010697071591412645
1978,Other,8965,727,1093186.92,0.02565064619840244
1978,Other,9030,24,40248.16,0.0009443868138274956
1978,Other,9040,28,38939.56,0.0009136816937779165
1978,Other,9120,88,125110.78,0.0029356117372737723
1978,Other,9130,955,1350548.39,0.031689401228576754
1978,Other,9140,41,61441.86,0.0014416778903938725
1978,Other,9200,46,58432.89,0.0013710751202000917
1978,Other,9240,12,18516.19,0.00043446571665200427
1978,Other,9260,47,64866.58,0.0015220358597780952
1978,Other,9300,5,4525.63,0.00010618983069690958
1978,Other,9310,15,22664.0,0.0005317903414363876
1978,Other,9350,7,10366.67,0.000243244571958099
1978,Other,9360,48,65009.03,0.0015253783206913326
1978,Other,9415,10,15869.09,0.0003723538999905032
1978,Other,9510,75,108596.46,0.00254811809663709
1978,Other,9600,165,253912.97,0.005957839084514085
1978,Other,9610,43,55651.11,0.001305803158675166
1978,Other,9620,518,736674.74,0.017285409085428964
1978,Other,9640,227,326391.43,0.007658480850759389
1978,Other,9720,25,34657.840000000004,0.0008132149914863966
1978,Other,9750,11,14088.23,0.0003305676245117525
1978,Tech,1006,104,172569.01,0.4916089838731273
1978,Tech,1010,117,178459.99,0.5083910161268727
1979,Finance,120,448,559924.08,0.3546360936842775
1979,Finance,800,544,689517.47,0.43671595993490053
1979,Finance,4810,213,271350.77,0.1718639732211925
1979,Finance,4820,37,58077.09,0.03678397315962946
1979,Healthcare,350,140,170224.77,0.08575645370012759
1979,Healthcare,3000,1,600.08,0.00030231048475713946
1979,Healthcare,3010,8,10393.42,0.00523603492615076
1979,Healthcare,3030,36,43019.56,0.02167255038934616
1979,Healthcare,3040,3,2841.02,0.0014312593877561796
1979,Healthcare,3050,38,53238.89,0.026820881622170414
1979,Healthcare,3060,128,166704.6,0.08398304965545432
1979,Healthcare,3120,2,3358.05,0.0016917306414789897
1979,Healthcare,3245,81,98979.46,0.049864232325023156
1979,Healthcare,3250,5,5270.73,0.002655307527869613
1979,Healthcare,3255,539,672438.4,0.338763462660504
1979,Healthcare,3300,102,132925.08,0.06696548022127305
1979,Healthcare,3310,8,7181.77,0.003618058209095923
1979,Healthcare,3320,52,57782.9,0.02911007950552145
1979,Healthcare,3400,88,108464.17,0.05464247402259829
1979,Healthcare,3500,138,163241.86,0.08223857790504113
1979,Healthcare,3510,215,265961.49,0.1339870466748285
1979,Healthcare,3520,15,22352.87,0.011261010141003398
1979,Other,50,410,537555.65,0.012419458968548637
1979,Other,205,37,48143.200000000004,0.0011122801834835719
1979,Other,230,287,351555.51,0.008122190198563051
1979,Other,410,50,55273.15,0.0012770075404982424
1979,Other,430,3304,4159338.71,0.096095606929517
1979,Other,510,8,6568.97,0.0001517667117453364
1979,Other,520,79,103483.2,0.0023908321981809923
1979,Other,530,157,212338.74,0.004905784673388359
1979,Other,540,87,119148.43000000001,0.0027527550636887352
1979,Other,565,83,101041.55,0.0023344213465964973
1979,Other,630,270,326123.06,0.007534609602498876
1979,Other,735,70,94569.11,0.002184884823249765
1979,Other,1200,6,9669.869999999999,0.00022340859722374677
1979,Other,1220,103,136550.06,0.00315479498229226
1979,Other,1240,15,16334.55,0.0003773865524336059
1979,Other,1300,47,55870.58,0.0012908103111910628
1979,Other,1320,45,63404.36,0.0014648675861691463
1979,Other,1350,42,51693.48,0.0011943043549100258
1979,Other,1360,111,136068.24,0.003143663216269103
1979,Other,1410,250,336406.03,0.00777218300348502
1979,Other,1430,153,219413.79,0.0050692436439627175
1979,Other,1450,10,14056.779999999999,0.0003247619152359669
1979,Other,1460,140,191459.61,0.004423402061775974
1979,Other,1520,24,24738.34,0.000571544171436028
1979,Other,1530,134,183548.13,0.004240618565331479
1979,Other,1540,150,202053.87,0.004668167375603736
1979,Other,1550,283,336155.11,0.007766385853656181
1979,Other,1560,45,42469.47,0.0009811967190392424
1979,Other,1600,15,15714.279999999999,0.00036305609601589055
1979,Other,1610,28,37216.8,0.0008598412472098115
1979,Other,1640,60,57304.71,0.0013239438457201198
1979,Other,1700,20,20070.79,0.0004637070652524186
1979,Other,1710,6,6442.38,0.00014884202978761058
1979,Other,1720,86,105574.05,0.002439138314551251
1979,Other,1740,39,38527.78,0.0008901295760899709
1979,Other,1820,44,65050.87,0.001502907858625226
1979,Other,1840,7,8434.0,0.0001948555780982661
1979,Other,1860,7,7626.42,0.0001761975904576925
1979,Other,1900,22,25644.02,0.0005924686200928976
1979,Other,1920,46,57315.46,0.0013241922091852083
1979,Other,1965,10,10423.66,0.000240823843395752
1979,Other,2000,109,135542.19,0.0031315095789844704
1979,Other,2010,219,259430.01,0.0059937615099109505
1979,Other,2016,33,32182.32,0.0007435267450964419
1979,Other,2040,179,205759.73,0.004753786001718419
1979,Other,2060,17,23536.02,0.0005437662773574049
1979,Other,2100,177,208579.09,0.004818923305805107
1979,Other,2200,317,387357.87,0.008949352820697535
1979,Other,2300,64,80100.89,0.0018506171718206809
1979,Other,2310,707,837051.47,0.019338884050848167
1979,Other,2320,746,868661.64,0.020069192083707364
1979,Other,2340,78,94738.4,0.0021887960279944004
1979,Other,2400,8,9026.76,0.00020855045508113643
1979,Other,2430,100,105132.86,0.002428945246908238
1979,Other,2540,92,103412.06,0.0023891886096315605
1979,Other,2600,48,60264.78,0.0013923320542879802
1979,Other,2630,121,145464.32,0.003360746284831773
1979,Other,2710,4,3634.58,8.397180306431065e-05
1979,Other,2720,12,16532.32,0.0003819557470838898
1979,Other,2750,19,21995.5,0.000508174753149207
1979,Other,2800,13,15094.88,0.0003487457397111637
1979,Other,2825,65,86469.12,0.001997746071288634
1979,Other,2830,100,118048.16,0.0027273348897600917
1979,Other,2850,7,8309.119999999999,0.00019197040325917295
1979,Other,2860,34,43240.01,0.0009989989501452226
1979,Other,2900,30,34017.18,0.0007859185764966535
1979,Other,2910,34,44586.3,0.0010301030663697798
1979,Other,3600,376,487936.88,0.011273087838257563
1979,Other,3640,40,53788.64,0.001242710047702101
1979,Other,3645,109,138440.69,0.003198475300245773
1979,Other,3740,159,197774.57,0.004569300233635997
1979,Other,3800,40,47946.18,0.0011077283165168987
1979,Other,3850,331,434257.23,0.010032895849537787
1979,Other,3930,198,250759.71,0.0057934465562963664
1979,Other,3940,1,1711.51,3.954200503568454e-05
1979,Other,4020,314,344242.48,0.007953233038461086
1979,Other,4040,88,99324.06,0.002294741182163489
1979,Other,4060,28,34957.8,0.0008076502641740061
1979,Other,4110,169,178682.35,0.004128201636851639
1979,Other,4130,12,12722.74,0.00029394081784371996
1979,Other,4140,152,164528.55,0.003801198212463775
1979,Other,4220,560,721602.74,0.016671605295232726
1979,Other,4230,450,528672.48,0.012214225956253736
1979,Other,4250,105,129244.95999999999,0.0029860210335650077
1979,Other,4350,21,26264.94,0.0006068140938364089
1979,Other,4410,4,4494.01,0.00010382771123184597
1979,Other,4430,78,32683.079999999998,0.0007550960928897176
1979,Other,4460,3,4444.54,0.00010268477722087594
1979,Other,4465,8,11888.58,0.0002746687370959787
1979,Other,4500,17,23329.42,0.0005389930781120762
1979,Other,4510,82,104207.96,0.002407576747479368
1979,Other,4530,15,11036.32,0.0002549784815837629
1979,Other,4600,84,101425.66,0.0023432956619988364
1979,Other,4620,36,48158.85,0.0011126417544815843
1979,Other,4650,24,24464.46,0.0005652165634529176
1979,Other,4720,252,280706.67,0.0064853284869444165
1979,Other,4740,105,133707.03,0.003089110816510814
1979,Other,4760,710,863357.43,0.019946645853460197
1979,Other,4800,47,55693.91,0.001286728602039697
1979,Other,4850,617,802543.03,0.018541615610550642
1979,Other,4920,156,202270.13,0.004673163755413972
1979,Other,4930,21,26346.41,0.0006086963423481076
1979,Other,4950,20,27620.9,0.000638141621661655
1979,Other,4965,1,399.34,9.226182897529237e-06
1979,Other,5000,148,190089.41,0.004391745538997904
1979,Other,5020,126,150012.6,0.0034658278272496983
1979,Other,5030,2,2487.95,5.7480547252736676e-05
1979,Other,5100,36,41386.21,0.0009561695369748923
1979,Other,5110,92,122939.94,0.002840352511271775
1979,Other,5120,738,874505.96,0.02020421678754792
1979,Other,5140,111,151933.09,0.003510198018046703
1979,Other,5160,140,164420.84,0.003798709726061479
1979,Other,5240,240,329618.28,0.007615361690912515
1979,Other,5250,26,28300.23,0.0006538365754047775
1979,Other,5260,75,106250.62,0.0024547695024186855
1979,Other,5310,27,33621.25,0.0007767711768006081
1979,Other,5320,32,39780.42,0.0009190700422209896
1979,Other,5400,172,226849.71,0.00524104000278326
1979,Other,5410,80,109979.48,0.0025409195108307674
1979,Other,5510,22,29961.93,0.0006922277912129218
1979,Other,5520,53,68347.37,0.0015790688039893394
1979,Other,5530,24,29607.87,0.0006840477383339234
1979,Other,5540,176,206728.31,0.004776163665440783
1979,Other,5550,171,204204.73,0.004717859937698641
1979,Other,5600,140,190702.29,0.004405905259973108
1979,Other,5610,205,258910.74,0.005981764514886159
1979,Other,5620,438,565914.58,0.013074651723990686
1979,Other,5630,26,37436.21,0.000864910403291213
1979,Other,5700,1568,1956835.45,0.04520990074139562
1979,Other,5800,228,294719.82,0.006809082393065796
1979,Other,5810,115,152625.16,0.003526187311375428
1979,Other,5820,319,416681.0,0.009626822046189663
1979,Other,5850,60,82573.95,0.0019077537067947973
1979,Other,5860,162,199711.95,0.004614060643867918
1979,Other,5900,36,48815.05,0.001127802322462149
1979,Other,5910,9,15372.35,0.00035515628953982465
1979,Other,5940,493,626533.01,0.014475154358690626
1979,Other,6005,27,25940.94,0.0005993285345165325
1979,Other,6050,255,235031.72,0.00543007371022407
1979,Other,6100,6,5164.88,0.00011932720870383835
1979,Other,6130,11,9274.15,0.00021426604927911246
1979,Other,6210,22,25298.07,0.0005844759372326775
1979,Other,6220,35,47593.2,0.0010995732155023
1979,Other,6230,332,368732.38,0.008519037356942084
1979,Other,6240,28,37659.95,0.0008700795978659943
1979,Other,6250,26,36134.29,0.0008348313928290723
1979,Other,6260,245,264709.05,0.006115726223096137
1979,Other,6300,56,59866.04,0.0013831197335373397
1979,Other,6320,168,193069.17,0.004460588657019495
1979,Other,6330,20,21377.05,0.0004938863452437206
1979,Other,6355,298,379687.97000000003,0.008772150686661978
1979,Other,6360,23,26127.35,0.0006036352725190577
1979,Other,6400,17,19983.25,0.00046168457802136305
1979,Other,6420,123,148144.38,0.0034226652604824773
1979,Other,6440,206,259712.94,0.006000298205276298
1979,Other,6460,5,7232.450000000001,0.0001670954737748168
1979,Other,6515,18,22077.31,0.0005100648568774758
1979,Other,6520,82,107553.98,0.002484881782033359
1979,Other,6530,30,37134.26,0.0008579342778694949
1979,Other,6660,19,26446.7,0.0006110134002005471
1979,Other,6820,16,14902.19,0.00034429391123787055
1979,Other,6830,8,6455.59,0.00014914722805494258
1979,Other,6940,107,84763.49,0.001958339915292459
1979,Other,7010,109,137710.55,0.003181606453696962
1979,Other,7020,268,313213.0,0.007236341022396516
1979,Other,7140,78,89043.23,0.0020572172228345825
1979,Other,7150,75,93425.13,0.0021584547919202826
1979,Other,7200,418,510355.93,0.011791048111931258
1979,Other,7210,1,1777.39,4.106406876405943e-05
1979,Other,7220,73,70295.64,0.0016240808121872894
1979,Other,7315,82,110492.83,0.002552779732672924
1979,Other,7320,72,78643.72,0.0018169513308510994
1979,Other,7330,557,676948.94,0.01563994273733797
1979,Other,7340,21,19374.89,0.00044762928521938756
1979,Other,7350,13,17292.98,0.00039952971483777017
1979,Other,7360,69,90815.62,0.0020981657737079032
1979,Other,7410,83,92894.26,0.0021461897953889775
1979,Other,7420,43,53060.17,0.0012258797841287973
1979,Other,7430,3,5365.95,0.00012397264516200983
1979,Other,7630,133,163973.18,0.0037883671782678497
1979,Other,7700,1130,1440415.19,0.03327874490739552
1979,Other,7750,461,603239.87,0.01393699947839375
1979,Other,7800,37,45772.54,0.0010575094549117867
1979,Other,7810,157,175673.05,0.004058676039131563
1979,Other,7900,3,3395.75,7.845397549527947e-05
1979,Other,7930,5,6909.67,0.00015963810082028057
1979,Other,7940,8,12028.09,0.00027789191728337366
1979,Other,7950,270,373023.03,0.0086181667245218
1979,Other,8030,308,397630.26,0.009186681785826874
1979,Other,8100,17,23532.77,0.0005436911907284247
1979,Other,8130,90,139830.69,0.0032305892738711687
1979,Other,8140,326,417559.05,0.00964710814298231
1979,Other,8220,99,141680.1,0.0032733172623334306
1979,Other,8250,95,114566.53,0.002646896778973482
1979,Other,8255,83,112597.26,0.002601399595634429
1979,Other,8256,9,12851.73,0.0002969209483890004
1979,Other,8300,64,62342.65,0.0014403382862138807
1979,Other,8310,43,57826.85,0.0013360071480141948
1979,Other,8320,275,345429.85,0.0079806655340464
1979,Other,8330,38,43479.01,0.001004520705322539
1979,Other,8350,32,37307.34,0.0008619330451753102
1979,Other,8410,20,24078.95,0.000556309903041172
1979,Other,8420,38,57190.54,0.0013213061102029893
1979,Other,8450,34,42341.71,0.0009782450058950834
1979,Other,8460,73,86667.9,0.0020023386005528472
1979,Other,8500,22,29475.370000000003,0.0006809865142293444
1979,Other,8510,7,10977.89,0.00025362853951258884
1979,Other,8530,57,61490.42,0.001420648723809009
1979,Other,8600,22,30272.94,0.0006994132350526587
1979,Other,8610,140,169009.02,0.0039047131012475
1979,Other,8650,45,60182.3,0.0013904264711623524
1979,Other,8710,104,134859.38,0.0031157342247893935
1979,Other,8730,67,77532.38,0.0017912754003123602
1979,Other,8740,470,607799.01,0.01404233192567036
1979,Other,8750,7,8206.43,0.0001895978968191788
1979,Other,8760,18,24108.43,0.0005569909965249682
1979,Other,8800,19,24560.44,0.0005674340448835403
1979,Other,8810,79,111256.77,0.002570429480163129
1979,Other,8830,30,36193.77,0.0008362055936573014
1979,Other,8910,2,1500.0,3.465536722165036e-05
1979,Other,8920,28,41548.87,0.0009599275649964081
1979,Other,8950,360,483180.75,0.011163204217121626
1979,Other,8965,822,1074998.92,0.024836321556985026
1979,Other,9030,39,54196.9,0.0012521423145167084
1979,Other,9040,16,18978.12,0.0004384624785176981
1979,Other,9120,98,124741.07,0.0028819650589810624
1979,Other,9130,1044,1308415.04,0.030229069126353564
1979,Other,9140,57,79835.36,0.0018444824787151044
1979,Other,9200,55,56566.21,0.001306881853257994
1979,Other,9240,25,37682.91,0.0008706100560202672
1979,Other,9260,52,63365.21,0.001463963081084661
1979,Other,9300,5,7018.82,0.00016215985637510933
1979,Other,9310,11,13157.83,0.00030399295366003186
1979,Other,9350,12,16306.45,0.0003767373418876537
1979,Other,9360,62,72094.35,0.0016656374492374593
1979,Other,9415,11,16009.97,0.00036988759303840376
1979,Other,9510,79,94394.76,0.002180856714399702
1979,Other,9600,182,234667.29,0.00542165407323968
1979,Other,9610,51,60909.31,0.0014072230035115604
1979,Other,9620,636,781772.42,0.018061740199238854
1979,Other,9640,247,321591.66,0.007429918048480084
1979,Other,9720,28,40155.2,0.0009277288012392097
1979,Other,9750,11,14161.92,0.00032719102544242313
1979,Tech,1006,135,190526.3,0.45518902752624724
1979,Tech,1010,163,228038.93,0.5448109724737528
1980,Finance,120,511,652960.36,0.3676803083197247
1980,Finance,800,538,704165.5,0.39651379166127804
1980,Finance,4810,239,321218.93,0.18087755774413636
1980,Finance,4820,65,97546.78,0.05492834227486084
1980,Healthcare,350,148,191800.55,0.09036538691836529
1980,Healthcare,3010,10,11496.55,0.005416513085996534
1980,Healthcare,3030,23,32007.18,0.015079942184033171
1980,Healthcare,3040,1,1442.87,0.0006797973510654778
1980,Healthcare,3050,59,77470.05,0.036499431533617115
1980,Healthcare,3060,126,159660.75,0.0752229618185474
1980,Healthcare,3245,98,126273.95,0.059493022045350306
1980,Healthcare,3250,5,2680.74,0.001263010493596283
1980,Healthcare,3255,556,718161.08,0.33835619274246653
1980,Healthcare,3300,130,169228.89,0.07973091903342029
1980,Healthcare,3310,15,22974.030000000002,0.010824041484886941
1980,Healthcare,3320,38,45350.63,0.021366608317555005
1980,Healthcare,3400,68,82952.3,0.039082352398198614
1980,Healthcare,3500,162,203824.95,0.0960305925627766
1980,Healthcare,3510,184,238875.13999999998,0.11254422602687363
1980,Healthcare,3520,30,38300.52,0.01804500200325071
1980,Other,50,451,624717.72,0.01408906771796189
1980,Other,205,37,48282.81,0.0010889074503977372
1980,Other,230,271,339693.07,0.007660993939074386
1980,Other,410,51,55384.57,0.0012490712721582487
1980,Other,430,3504,4519189.68,0.10191990301129049
1980,Other,510,4,2761.02,6.226843981734205e-05
1980,Other,520,83,112713.58,0.0025419949050811542
1980,Other,530,151,199985.72,0.004510216793122765
1980,Other,540,100,145883.35,0.003290062585503635
1980,Other,565,82,108909.47,0.002456201975441547
1980,Other,630,258,314289.77,0.007088081081792698
1980,Other,735,90,117700.55,0.0026544645146152723
1980,Other,1200,7,9621.22,0.00021698443276014213
1980,Other,1220,108,143741.17,0.0032417506549823373
1980,Other,1240,14,16732.64,0.0003773661135468958
1980,Other,1300,41,55324.23,0.0012477104425885324
1980,Other,1320,52,81431.92,0.001836509192157468
1980,Other,1350,44,57701.09,0.0013013150393912528
1980,Other,1360,133,172496.02,0.0038902499946038165
1980,Other,1410,256,350442.81,0.007903429538324689
1980,Other,1430,131,199755.09,0.004505015465252966
1980,Other,1450,11,17878.18,0.000403201126892818
1980,Other,1460,138,213509.39,0.004815211987472895
1980,Other,1520,26,17609.1,0.0003971326479299526
1980,Other,1530,123,167281.15,0.0037726406260551416
1980,Other,1540,155,200115.76,0.0045131495454801725
1980,Other,1550,317,395266.29,0.008914319776998742
1980,Other,1560,55,58362.13,0.0013162232723837178
1980,Other,1600,14,10267.7,0.00023156429852464776
1980,Other,1610,34,39417.24,0.0008889649610309695
1980,Other,1640,30,35621.79,0.0008033673377233764
1980,Other,1700,23,23075.75,0.0005204203338313488
1980,Other,1710,4,4144.3099999999995,9.346535621596685e-05
1980,Other,1720,95,115364.67,0.002601784127222014
1980,Other,1740,45,39280.72,0.0008858860672149656
1980,Other,1820,47,76910.91,0.0017345482360258205
1980,Other,1840,10,12064.380000000001,0.00027208427319017796
1980,Other,1860,6,6543.03,0.00014756295491451113
1980,Other,1900,19,23556.76,0.0005312684052819502
1980,Other,1920,55,70178.81999999999,0.0015827214687405668
1980,Other,1965,22,24454.09,0.0005515056143935451
1980,Other,2000,98,116630.07,0.0026303223064981025
1980,Other,2010,222,294050.41,0.006631628984342653
1980,Other,2016,37,45798.39,0.001032877085803855
1980,Other,2040,158,195959.5,0.004419414684568181
1980,Other,2060,14,16663.77,0.0003758129094954147
1980,Other,2100,192,259560.51,0.005853788815688988
1980,Other,2200,306,368927.77,0.008320315189021163
1980,Other,2300,63,69064.73,0.0015575957376281148
1980,Other,2310,718,893127.82,0.02014243863096388
1980,Other,2320,727,885580.65,0.019972229613667288
1980,Other,2340,99,121479.45,0.002739688890833392
1980,Other,2400,12,16214.68,0.00036568472004457037
1980,Other,2430,75,97077.56,0.0021893605270785475
1980,Other,2540,64,79986.49,0.0018039108513395164
1980,Other,2600,47,63329.82,0.0014282580659731204
1980,Other,2630,110,154049.94,0.003474241192658928
1980,Other,2710,7,11539.48,0.0002602463639899103
1980,Other,2720,17,23231.1,0.0005239238948796657
1980,Other,2740,2,2342.3199999999997,5.2825626744086103e-05
1980,Other,2750,16,21862.68,0.0004930623370442111
1980,Other,2800,14,15413.45,0.0003476148248482846
1980,Other,2825,63,89588.36,0.002020458889466347
1980,Other,2830,110,132237.32,0.0029823078434877697
1980,Other,2850,6,11883.29,0.00026800020579243275
1980,Other,2860,38,49402.65,0.0011141628595020003
1980,Other,2900,44,50604.15,0.0011412599216169205
1980,Other,2910,35,39933.41,0.000900605985210627
1980,Other,3600,372,490412.33,0.01106011932412206
1980,Other,3640,36,48273.83,0.00108870492720357
1980,Other,3645,121,153716.04,0.003466710848056205
1980,Other,3740,150,192584.44,0.004343297988387089
1980,Other,3800,55,68295.21,0.0015402409883657985
1980,Other,3850,320,449267.52999999997,0.010132193230650597
1980,Other,3930,235,316947.3,0.007148015543284386
1980,Other,3940,3,3626.29,8.178260955198778e-05
1980,Other,4020,299,347793.05,0.007843670311267151
1980,Other,4040,80,87108.81999999999,0.001964538582020297
1980,Other,4060,32,43252.68,0.0009754644665807398
1980,Other,4110,175,195749.01,0.0044146675679601335
1980,Other,4130,29,30347.33,0.000684414054125656
1980,Other,4140,156,175964.34,0.00396846995504861
1980,Other,4220,549,680206.02,0.015340478381092409
1980,Other,4230,483,543701.18,0.012261926463932843
1980,Other,4250,98,129803.86,0.0029274267641917454
1980,Other,4350,17,18074.2,0.00040762190601538695
1980,Other,4410,3,3485.75,7.861305390518723e-05
1980,Other,4420,1,485.54,1.0950235155454237e-05
1980,Other,4430,60,22290.69,0.0005027151157007295
1980,Other,4460,1,1761.55,3.972769851730117e-05
1980,Other,4465,11,19827.63,0.0004471664766555569
1980,Other,4500,15,19389.17,0.000437278022344356
1980,Other,4510,74,96112.57,0.002167597402675488
1980,Other,4530,8,6315.32,0.0001424274809118574
1980,Other,4600,68,85525.31,0.001928826165183346
1980,Other,4620,41,46472.03,0.0010480694827435927
1980,Other,4650,16,21389.96,0.0004824012274287595
1980,Other,4720,247,290603.54,0.0065538927791890505
1980,Other,4740,112,141265.57,0.0031859192051515457
1980,Other,4760,683,852621.08,0.019228902509571526
1980,Other,4800,54,74383.78,0.001677554645861461
1980,Other,4850,661,900711.37,0.020313468115276494
1980,Other,4920,138,174896.58,0.00394438909025974
1980,Other,4930,14,20053.09,0.00045225120709619764
1980,Other,4950,20,27435.989999999998,0.0006187554933119638
1980,Other,4965,2,1839.01,4.147463021220064e-05
1980,Other,5000,171,235147.68,0.005303213725459289
1980,Other,5020,142,169064.0,0.003812848696959499
1980,Other,5030,6,7404.38,0.00016698871808778319
1980,Other,5100,44,52903.4,0.0011931142038206074
1980,Other,5110,87,116173.74,0.0026200308355410476
1980,Other,5120,761,932927.84,0.021040036312291437
1980,Other,5140,90,128949.61,0.002908161125147492
1980,Other,5160,152,190938.63,0.004306180538699735
1980,Other,5240,243,332555.43,0.007500020926644974
1980,Other,5250,26,31798.29,0.0007171371113426884
1980,Other,5260,80,109156.28,0.002461768205903955
1980,Other,5310,16,24567.91,0.000554072562050574
1980,Other,5320,32,37102.13,0.0008367529930968268
1980,Other,5400,160,205461.2,0.004633703619314195
1980,Other,5410,77,94010.66,0.0021201936691507507
1980,Other,5510,19,26762.45,0.000603565351641649
1980,Other,5520,63,85067.97,0.0019185119160051208
1980,Other,5530,21,31443.64,0.0007091387983347347
1980,Other,5540,153,195432.91,0.004407538661314668
1980,Other,5550,175,215208.62,0.004853534202085908
1980,Other,5600,139,190165.13,0.00428873602971439
1980,Other,5610,231,301089.84,0.006790387096671935
1980,Other,5620,403,556159.22,0.012542888830732806
1980,Other,5630,15,24453.690000000002,0.000551496593315854
1980,Other,5700,1574,2080994.36,0.046932029491234484
1980,Other,5800,225,292516.86,0.006597043300109332
1980,Other,5810,129,173880.26,0.003921468336061959
1980,Other,5820,299,407116.49,0.009181573714139172
1980,Other,5850,48,64470.59,0.001453985502967575
1980,Other,5860,188,256420.69,0.005782977415298086
1980,Other,5900,32,44626.58,0.0010064496131805638
1980,Other,5910,12,16912.14,0.0003814143221608185
1980,Other,5940,556,711610.65,0.01604873739882531
1980,Other,6005,14,11321.42,0.00025532852348655665
1980,Other,6050,280,273630.08,0.0061710955258181726
1980,Other,6100,3,4681.93,0.00010559013568681439
1980,Other,6130,15,13568.1,0.0003059972105546786
1980,Other,6210,21,26604.06,0.000599993230402879
1980,Other,6220,44,49541.82,0.0011173015179577086
1980,Other,6230,262,286591.57,0.006463412046527215
1980,Other,6240,31,38469.32,0.0008675868111183812
1980,Other,6250,16,15651.130000000001,0.0003529751492123913
1980,Other,6260,210,259043.38,0.005842126140922872
1980,Other,6300,34,40700.95,0.0009179160801383719
1980,Other,6320,158,179335.67,0.004044502529680232
1980,Other,6330,13,13818.74,0.0003116498178359799
1980,Other,6355,332,426523.02,0.009619243251255325
1980,Other,6360,21,28632.94,0.0006457499406681465
1980,Other,6400,18,20778.32,0.0004686070975311568
1980,Other,6420,113,148398.4,0.0033467837391217203
1980,Other,6440,193,238718.19,0.00538373834572724
1980,Other,6460,6,4387.08,9.894047379369397e-05
1980,Other,6515,21,24116.89,0.0005439008458998697
1980,Other,6520,71,94658.51,0.0021348044321063482
1980,Other,6530,22,30621.35,0.0006905939433980076
1980,Other,6660,20,18014.86,0.0004062836291398985
1980,Other,6820,20,18996.47,0.00042842157932102763
1980,Other,6830,4,2118.2799999999997,4.777292112924908e-05
1980,Other,6940,114,105595.09,0.0023814537767462085
1980,Other,7010,108,143087.72,0.0032270135969390623
1980,Other,7020,252,323530.95,0.007296494588638438
1980,Other,7140,98,117600.67,0.0026522119515157813
1980,Other,7150,81,109629.52,0.0024724410429204048
1980,Other,7200,381,479666.85,0.010817779799349166
1980,Other,7210,1,1426.07,3.216172065769787e-05
1980,Other,7220,57,58061.76,0.001309449119618459
1980,Other,7315,99,130994.9,0.0029542879251250407
1980,Other,7320,69,87625.51,0.0019761913336009533
1980,Other,7330,545,698524.32,0.015753605399768843
1980,Other,7340,10,8321.65,0.00018767562792228396
1980,Other,7350,22,27401.3,0.0006179731403491951
1980,Other,7360,52,77095.24,0.0017387053741528644
1980,Other,7410,94,115872.7,0.0026132415724706556
1980,Other,7420,35,39416.75,0.0008889539102107978
1980,Other,7430,2,3750.91,8.459312630667886e-05
1980,Other,7630,132,179925.6,0.004057807040586145
1980,Other,7700,1236,1589921.94,0.03585702335917947
1980,Other,7750,395,520716.15,0.011743552110521856
1980,Other,7800,45,54059.12,0.0012191788035937703
1980,Other,7810,147,173296.95,0.003908313123991834
1980,Other,7900,4,4037.6499999999996,9.105988584961032e-05
1980,Other,7930,7,10137.5,0.00022862793773616454
1980,Other,7940,8,10239.39,0.00023092583175105357
1980,Other,7950,225,314761.65,0.007098723247144998
1980,Other,8030,288,383350.65,0.008645589991548035
1980,Other,8100,23,28442.76,0.0006414608692798688
1980,Other,8130,105,145436.03,0.003279974314321574
1980,Other,8140,304,391507.31,0.008829544650449644
1980,Other,8220,90,121570.51,0.002741742539169792
1980,Other,8250,102,128403.41,0.0028958428435601684
1980,Other,8255,93,120506.01,0.0027177351961641056
1980,Other,8256,9,10091.59,0.0002275925435441579
1980,Other,8300,63,61664.83,0.001390708055610473
1980,Other,8310,40,55285.26,0.0012468315640944679
1980,Other,8320,264,352922.86,0.007959361347644795
1980,Other,8330,53,50351.14,0.0011355538644502988
1980,Other,8350,29,40231.34,0.0009073251094019694
1980,Other,8410,14,14790.21,0.0003335590836976373
1980,Other,8420,25,32398.06,0.000730663540759805
1980,Other,8450,19,27433.489999999998,0.0006186991115763937
1980,Other,8460,44,57997.1,0.0013079908624096777
1980,Other,8500,24,31660.1,0.0007140205545273236
1980,Other,8510,8,9415.369999999999,0.00021234196065331209
1980,Other,8530,37,44139.52,0.000995465097929883
1980,Other,8600,23,34074.08,0.0007684623073397869
1980,Other,8610,115,139104.65,0.003137184637140415
1980,Other,8650,38,55274.229999999996,0.001246582807877133
1980,Other,8710,107,137429.26,0.003099400078757797
1980,Other,8730,84,108708.4,0.0024516673052131263
1980,Other,8740,492,676404.63,0.015254746794781102
1980,Other,8750,7,8945.84,0.00020175279413244785
1980,Other,8760,16,17302.48,0.0003902175408257689
1980,Other,8800,24,29231.59,0.0006592511110677277
1980,Other,8810,75,97532.63,0.0021996235816408756
1980,Other,8830,27,37289.43,0.0008409771127257279
1980,Other,8910,2,2256.48,5.088970347155616e-05
1980,Other,8920,30,44446.51,0.0010023885495309313
1980,Other,8950,321,414630.58,0.009351036688310707
1980,Other,8965,809,1039467.83,0.023442800129813667
1980,Other,9030,53,62078.15,0.0014000295351887825
1980,Other,9040,27,29073.7,0.0006556902661760717
1980,Other,9120,100,130662.62,0.0029467941158869667
1980,Other,9130,1093,1340899.64,0.030240899571330745
1980,Other,9140,47,63016.4,0.0014211896005481863
1980,Other,9200,42,50059.34,0.0011289729882745735
1980,Other,9240,28,29454.510000000002,0.0006642785576650294
1980,Other,9260,49,50591.87,0.0011409829745318008
1980,Other,9300,3,2412.59,5.441040456748639e-05
1980,Other,9310,17,18420.65,0.00041543528693067125
1980,Other,9350,5,7548.98,0.00017024983767314933
1980,Other,9360,54,59546.38,0.0013429313005232052
1980,Other,9415,20,27772.7,0.0006263492109854675
1980,Other,9510,79,100311.59,0.0022622966167926673
1980,Other,9600,154,207310.86,0.0046754184357199234
1980,Other,9610,47,56748.74,0.0012798369810432344
1980,Other,9620,552,684952.35,0.015447520910287504
1980,Other,9640,211,285445.15,0.006437557186810373
1980,Other,9720,30,46829.42,0.001056129590133731
1980,Other,9750,7,6466.43,0.00014583541853664775
1980,Tech,1006,138,198241.27,0.44388362997037206
1980,Tech,1010,176,248365.13,0.5561163700296279
1981,Finance,120,448,665610.74,0.34326346647238765
1981,Finance,800,552,799946.24,0.41254189999090546
1981,Finance,4810,239,341701.49,0.1762195693479644
1981,Finance,4820,84,131808.18,0.06797506418874255
1981,Healthcare,350,153,228892.08,0.10018332300418768
1981,Healthcare,3000,1,933.61,0.0004086299193486278
1981,Healthcare,3010,3,4511.360000000001,0.001974568259715112
1981,Healthcare,3030,15,24029.46,0.010517406949144801
1981,Healthcare,3040,2,386.78999999999996,0.00016929335215438537
1981,Healthcare,3050,58,92841.89,0.04063578370291039
1981,Healthcare,3060,137,217652.28,0.09526379711276117
1981,Healthcare,3245,118,175027.06,0.07660724864946544
1981,Healthcare,3250,5,5732.62,0.0025090991401723745
1981,Healthcare,3255,478,692730.36,0.30319978485357474
1981,Healthcare,3300,110,160142.56,0.07009248120423173
1981,Healthcare,3310,10,15483.76,0.006777056372589742
1981,Healthcare,3320,47,66951.35,0.029303804319557154
1981,Healthcare,3400,83,128275.09,0.056144471118709065
1981,Healthcare,3500,136,200810.7,0.0878924391826796
1981,Healthcare,3510,176,245525.73,0.10746367246271245
1981,Healthcare,3520,18,24805.66,0.010857140396085607
1981,Other,50,358,521197.54,0.011648554135882337
1981,Other,205,21,29249.08,0.0006537051034522408
1981,Other,230,236,315989.03,0.007062226967341305
1981,Other,410,47,78061.96,0.0017446532211435259
1981,Other,430,3046,4447707.33,0.09940445922685225
1981,Other,510,6,4960.62,0.00011086784987039778
1981,Other,520,85,131727.57,0.0029440578908588675
1981,Other,530,153,211847.02,0.004734695181015912
1981,Other,540,99,156307.7,0.003493413850927339
1981,Other,565,56,72498.03,0.0016203016368799856
1981,Other,630,232,344979.09,0.0077101430785963135
1981,Other,735,96,144620.32,0.0032322056367891285
1981,Other,1200,4,6265.530000000001,0.0001400320603873051
1981,Other,1220,134,204189.17,0.004563545331978892
1981,Other,1240,14,19291.09,0.00043114805608096004
1981,Other,1300,27,33739.0,0.0007540529987738126
1981,Other,1320,40,66886.75,0.0014948917992748546
1981,Other,1350,49,68372.68,0.00152810173354878
1981,Other,1360,111,161260.54,0.003604107820945623
1981,Other,1410,219,332936.25,0.007440990477281716
1981,Other,1430,150,236705.05,0.005290262093642528
1981,Other,1450,9,11389.41,0.0002545487052006417
1981,Other,1460,121,192850.8,0.00431013735012682
1981,Other,1520,21,31479.5,0.0007035540879960946
1981,Other,1530,124,190392.81,0.004255202268160667
1981,Other,1540,140,199242.65,0.004452992611403456
1981,Other,1550,280,406363.86,0.009082067851041873
1981,Other,1560,37,45088.14,0.0010077016857682058
1981,Other,1600,9,6752.97,0.00015092614716291514
1981,Other,1610,29,40974.56,0.0009157648371747091
1981,Other,1640,42,48435.87,0.0010825220967343
1981,Other,1700,13,20260.92,0.00045282336417547394
1981,Other,1710,3,3034.01,6.780889590117476e-05
1981,Other,1720,75,110455.64,0.0024686388622508285
1981,Other,1740,35,54367.69,0.0012150958736448926
1981,Other,1820,25,34931.28,0.0007806999743622427
1981,Other,1840,9,10763.51,0.00024056009344769914
1981,Other,1860,2,3024.23,6.759031685828648e-05
1981,Other,1900,15,25032.18,0.0005594590946633231
1981,Other,1920,55,80701.99,0.0018036568234539923
1981,Other,1965,12,14734.81,0.00032931704160948347
1981,Other,2000,78,108086.31999999999,0.002415685518907671
1981,Other,2010,201,287849.28,0.0064333149405401135
1981,Other,2016,25,28093.89,0.0006278870743567275
1981,Other,2040,141,183820.47,0.004108313128412569
1981,Other,2060,24,38751.25,0.0008660747582540594
1981,Other,2100,168,272648.21,0.006093577176585324
1981,Other,2200,256,360397.46,0.008054737409628775
1981,Other,2300,74,105483.81,0.0023575204734161384
1981,Other,2310,701,982100.04,0.021949538523900573
1981,Other,2320,603,852755.42,0.01905873860136999
1981,Other,2340,75,112545.99,0.002515357338968776
1981,Other,2400,10,14810.49,0.00033100845898839816
1981,Other,2430,85,124075.41,0.0027730352110196007
1981,Other,2540,46,60111.81,0.0013434746315012793
1981,Other,2600,36,60277.47,0.0013471770654731477
1981,Other,2630,98,151316.23,0.003381856516039241
1981,Other,2710,1,1883.58,4.209725087970533e-05
1981,Other,2720,14,22040.51,0.0004925964806308487
1981,Other,2750,13,21912.65,0.0004897388613646222
1981,Other,2800,8,6201.96,0.00013861129660853124
1981,Other,2825,65,94181.69,0.0021049226643968587
1981,Other,2830,97,129303.3,0.0028898764372491757
1981,Other,2850,9,13087.85,0.000292508151990333
1981,Other,2860,30,43303.32,0.0009678116809289552
1981,Other,2900,44,54589.479999999996,0.0012200527904058529
1981,Other,2910,20,34086.97,0.000761829987480749
1981,Other,3600,347,519667.97000000003,0.01161436886526571
1981,Other,3640,28,43927.159999999996,0.0009817542525153997
1981,Other,3645,105,158410.55,0.003540411697587628
1981,Other,3740,124,180177.92,0.004026903609734377
1981,Other,3800,64,89011.86,0.0019893790556754732
1981,Other,3850,282,435869.17,0.009741499591320216
1981,Other,3930,210,316145.88,0.00706573250137781
1981,Other,3940,5,9145.18,0.00020439107274448847
1981,Other,4020,269,342075.72,0.007645253933836541
1981,Other,4040,79,94660.18,0.0021156167222937516
1981,Other,4060,36,49700.22,0.0011107798076622965
1981,Other,4110,166,232163.51,0.005188760512207062
1981,Other,4130,20,25935.38,0.000579645249217178
1981,Other,4140,142,178827.86,0.00399673031498573
1981,Other,4220,506,695923.0,0.015553597470751001
1981,Other,4230,462,619983.71,0.013856385065248342
1981,Other,4250,119,159951.45,0.0035748501891199966
1981,Other,4350,20,24419.04,0.0005457556637475232
1981,Other,4410,3,3642.33,8.140460176720771e-05
1981,Other,4420,1,375.2,8.385568189333843e-06
1981,Other,4430,50,33289.33,0.000744003056215983
1981,Other,4460,3,5715.62,0.0001277417943878473
1981,Other,4465,10,15809.54,0.00035333682226013053
1981,Other,4500,12,17603.69,0.00039343534882434504
1981,Other,4510,65,94542.76,0.002112992432803369
1981,Other,4530,5,5768.07,0.00012891403066591378
1981,Other,4600,53,73394.15,0.001640329556298498
1981,Other,4620,29,39901.44,0.0008917810393726359
1981,Other,4650,18,22518.4,0.0005032771287705097
1981,Other,4720,246,337993.03,0.007554007464244562
1981,Other,4740,93,135996.89,0.00303947546543799
1981,Other,4760,655,952209.21,0.0212814905676085
1981,Other,4800,46,67947.82,0.0015186062844525104
1981,Other,4850,646,999169.24,0.022331028237486332
1981,Other,4920,112,169097.84,0.0037792683048749037
1981,Other,4930,12,19044.0,0.00042562569455669965
1981,Other,4950,21,27086.09,0.0006053631521253559
1981,Other,5000,165,240210.45,0.005368606365313347
1981,Other,5020,121,174711.56,0.00390473267549278
1981,Other,5030,1,2034.55,4.5471369295333604e-05
1981,Other,5100,30,48176.72,0.0010767301990896683
1981,Other,5110,85,127999.3,0.002860732564864071
1981,Other,5120,667,915045.91,0.020450905849349783
1981,Other,5140,90,135852.15,0.0030362405850016248
1981,Other,5160,148,218149.42,0.00487555127098515
1981,Other,5240,279,405117.75,0.009054217796733743
1981,Other,5250,22,34242.01,0.0007652950687496038
1981,Other,5260,95,132986.84,0.0029722020658422958
1981,Other,5310,13,20986.71,0.00046904447701165896
1981,Other,5320,29,33329.77,0.0007449068738534472
1981,Other,5400,166,234159.06,0.005233360247282289
1981,Other,5410,76,94631.52,0.0021149761828899503
1981,Other,5510,22,31423.44,0.0007023011696786798
1981,Other,5520,55,70913.06,0.001584878198678897
1981,Other,5530,13,17280.4,0.00038620994813156863
1981,Other,5540,159,228474.5,0.005106312631327172
1981,Other,5550,151,205182.4,0.0045857436206054696
1981,Other,5600,120,175648.55,0.003925674022874773
1981,Other,5610,230,353619.26,0.007903247382174237
1981,Other,5620,378,571578.26,0.012774542843205726
1981,Other,5630,10,11268.66,0.0002518499915576191
1981,Other,5700,1394,2014436.28,0.04502183579159915
1981,Other,5800,229,319416.7,0.007138834004962663
1981,Other,5810,126,188886.41,0.004221534837669163
1981,Other,5820,268,412194.75,0.009212385883290021
1981,Other,5850,55,80321.51,0.0017951532494010131
1981,Other,5860,165,236806.78,0.005292535717981284
1981,Other,5900,35,49071.01,0.0010967172187486217
1981,Other,5910,7,13332.17,0.00029796860513537043
1981,Other,5940,442,617904.19,0.013809908634648439
1981,Other,6005,13,16593.47,0.0003708573405721361
1981,Other,6050,233,273593.69,0.006114708272032155
1981,Other,6100,3,5473.52,0.00012233095734456978
1981,Other,6130,8,13039.99,0.00029143850035509436
1981,Other,6210,23,27373.71,0.0006117913427506655
1981,Other,6220,18,21451.26,0.00047942698154885253
1981,Other,6230,249,344365.05,0.007696419533044664
1981,Other,6240,32,52240.08,0.0011675446510028122
1981,Other,6250,7,7642.71,0.00017081147616285623
1981,Other,6260,185,251822.05,0.005628120927113103
1981,Other,6300,29,36834.36,0.0008232330423520014
1981,Other,6320,116,154911.44,0.003462208004871797
1981,Other,6330,15,16128.41,0.00036046343774129487
1981,Other,6355,259,389821.72,0.00871235771520097
1981,Other,6360,18,28557.1,0.000638239630436102
1981,Other,6400,14,17074.239999999998,0.0003816023555465124
1981,Other,6420,94,137709.72,0.003077756522905305
1981,Other,6440,198,286952.62,0.006413274952340091
1981,Other,6460,4,3351.9300000000003,7.491427926672119e-05
1981,Other,6515,15,21588.03,0.0004824837357099805
1981,Other,6520,58,76211.22,0.0017032899309763411
1981,Other,6530,36,56073.4,0.00125321780199305
1981,Other,6660,17,27221.54,0.0006083904048205725
1981,Other,6820,25,32630.42,0.0007292766843193039
1981,Other,6830,5,9812.83,0.0002193127801048529
1981,Other,6940,98,90163.13,0.002015109474357068
1981,Other,7010,90,116016.58,0.0025929236212241602
1981,Other,7020,255,376368.56,0.008411685032519685
1981,Other,7140,63,81354.75,0.001818245745339039
1981,Other,7150,53,75773.7,0.0016935115360024674
1981,Other,7200,371,543143.43,0.012139035897797636
1981,Other,7220,71,88745.54,0.001983426911431914
1981,Other,7315,110,159111.97,0.003556088150784224
1981,Other,7320,56,84699.12,0.0018929910616646316
1981,Other,7330,475,670082.6,0.014976074986103713
1981,Other,7340,11,14866.49,0.0003322600363300898
1981,Other,7350,17,22957.23,0.0005130848017143406
1981,Other,7360,50,72707.01,0.001624972255324034
1981,Other,7410,74,101189.37,0.0022615414770008856
1981,Other,7420,44,68915.15,0.0015402257185585559
1981,Other,7430,1,1592.29,3.5587037239324055e-05
1981,Other,7630,118,176817.04,0.0039517893015889385
1981,Other,7700,1013,1461050.11,0.03265387879914369
1981,Other,7750,435,627663.74,0.014028030628311055
1981,Other,7800,33,49502.03,0.0011063503413524774
1981,Other,7810,117,146560.18,0.0032755607228972337
1981,Other,7900,4,3952.06,8.832694194653173e-05
1981,Other,7930,3,4053.41,9.059207343903968e-05
1981,Other,7940,5,8583.34,0.00019183417607205957
1981,Other,7950,210,306845.32,0.006857868748502035
1981,Other,8030,250,373899.11,0.008356493824190393
1981,Other,8100,23,36986.6,0.0008266355447537715
1981,Other,8130,69,106701.8,0.0023847420571019773
1981,Other,8140,260,346884.18,0.007752721069272801
1981,Other,8220,68,106781.78,0.0023865295777410573
1981,Other,8250,81,117871.26,0.002634374968797171
1981,Other,8255,90,145505.41,0.0032519870401705184
1981,Other,8256,14,19052.25,0.00042581007871864525
1981,Other,8300,67,93080.01,0.002080300562150522
1981,Other,8310,40,54356.590000000004,0.001214847793136093
1981,Other,8320,231,339136.01,0.007579552604780395
1981,Other,8330,31,40643.85,0.0009083736024841586
1981,Other,8350,28,37917.04,0.0008474305022859778
1981,Other,8410,15,24670.21,0.0005513692116209639
1981,Other,8420,40,64704.77,0.0014461254291315638
1981,Other,8450,13,17626.21,0.00039393866171246817
1981,Other,8460,46,64650.72,0.0014449174335008775
1981,Other,8500,25,35893.89,0.00080221391837806
1981,Other,8510,9,13832.01,0.0003091398268937836
1981,Other,8530,30,42472.07,0.0009492335797632202
1981,Other,8600,15,21791.41,0.0004870291964198598
1981,Other,8610,103,147709.28,0.0033012426429568377
1981,Other,8650,54,76206.18,0.0017031772890155885
1981,Other,8710,80,108452.47,0.00242386882325875
1981,Other,8730,61,87406.24,0.0019534940983296357
1981,Other,8740,444,661206.06,0.014777687908664084
1981,Other,8750,5,5581.22,0.0001247380087677874
1981,Other,8760,14,21281.55,0.0004756340317156653
1981,Other,8800,15,21617.12,0.0004831338854397985
1981,Other,8810,70,95372.05,0.0021315267287621447
1981,Other,8830,29,47651.4,0.0010649895096407854
1981,Other,8920,23,32463.92,0.00072555547668731
1981,Other,8950,302,457535.87,0.010225741569699319
1981,Other,8965,652,960871.07,0.021475079633910373
1981,Other,9030,40,61659.409999999996,0.0013780628653227425
1981,Other,9040,9,12967.689999999999,0.00028982262460858894
1981,Other,9120,100,141026.32,0.0031518811909669914
1981,Other,9130,920,1279206.65,0.028589751044307863
1981,Other,9140,48,76782.46,0.0017160569138454111
1981,Other,9200,24,31741.79,0.0007094161633702427
1981,Other,9240,23,25749.52,0.000575491353418485
1981,Other,9260,43,54977.98,0.0012287356082138386
1981,Other,9300,7,9307.66,0.00020802243500302515
1981,Other,9310,17,23575.72,0.0005269078029654629
1981,Other,9350,6,7407.860000000001,0.000165562673686137
1981,Other,9360,47,69437.76,0.001551905840603939
1981,Other,9415,15,25551.47,0.0005710650160520203
1981,Other,9510,70,100500.38,0.002246142829274955
1981,Other,9600,152,231982.02,0.005184704284140211
1981,Other,9610,47,61320.39,0.0013704859054945232
1981,Other,9620,529,765100.13,0.017099678336309137
1981,Other,9640,234,324604.94,0.007254789069735129
1981,Other,9720,28,47861.99,0.0010696961109334074
1981,Other,9750,7,8501.41,0.00019000307372197395
1981,Tech,1006,156,241011.31,0.4992234332851195
1981,Tech,1010,157,241761.12,0.5007765667148806
1982,Finance,120,212,317215.77,0.17154069756736506
1982,Finance,800,527,757211.92,0.40947731243980656
1982,Finance,860,17,26803.59,0.014494571079835187
1982,Finance,910,241,347872.67,0.1881190221924395
1982,Finance,4810,180,266999.25,0.1443851218209085
1982,Finance,4820,82,133112.61,0.07198327489964515
1982,Healthcare,350,51,76564.91,0.037924599615763645
1982,Healthcare,3000,1,1822.26,0.0009026129710832477
1982,Healthcare,3010,8,10354.01,0.005128611575036305
1982,Healthcare,3030,31,49125.909999999996,0.024333346274553698
1982,Healthcare,3040,3,2867.71,0.001420451660742781
1982,Healthcare,3050,54,87050.37,0.0431183218089603
1982,Healthcare,3060,140,228274.39,0.1130702673493991
1982,Healthcare,3120,1,1140.27,0.0005648055121316907
1982,Healthcare,3150,13,18811.29,0.00931772324301065
1982,Healthcare,3160,14,22994.5,0.011389776411474619
1982,Healthcare,3220,33,50102.61,0.024817131293627274
1982,Healthcare,3230,19,25228.27,0.012496221033217195
1982,Healthcare,3245,23,30757.85,0.015235166426653094
1982,Healthcare,3250,8,11012.76,0.005454907655014513
1982,Healthcare,3255,447,664386.84,0.3290881540510192
1982,Healthcare,3300,118,174558.13,0.08646320083085607
1982,Healthcare,3310,15,22295.11,0.011043350278076578
1982,Healthcare,3320,37,50562.11,0.025044733644670896
1982,Healthcare,3400,87,128572.59,0.06368536183627378
1982,Healthcare,3500,149,222678.21,0.1102983332365301
1982,Healthcare,3510,84,117491.8,0.058196757145477986
1982,Healthcare,3520,16,22220.04,0.011006166146427297
1982,Other,10,16,19897.77,0.0004518313577645146
1982,Other,50,223,357032.02,0.008107353857342172
1982,Other,136,62,92269.09,0.002095213092441826
1982,Other,150,57,98054.29,0.0022265813196823297
1982,Other,205,21,31305.32,0.0007108698734005175
1982,Other,230,221,310079.82,0.007041180297388918
1982,Other,410,71,110549.23,0.0025103118937811427
1982,Other,430,2268,3291605.49,0.07474458583910813
1982,Other,500,12,17971.63,0.00040809326794618114
1982,Other,510,7,8869.27,0.0002014001723047395
1982,Other,520,82,121636.16,0.0027620698865280756
1982,Other,530,108,167509.76,0.0038037509881563604
1982,Other,540,104,156887.51,0.0035625447806258625
1982,Other,565,88,123682.98,0.002808548334097806
1982,Other,630,176,240669.44,0.005465034516311395
1982,Other,710,47,64518.81,0.0014650697803648722
1982,Other,735,50,71236.74,0.0016176181027782366
1982,Other,740,91,131410.66,0.0029840256939612326
1982,Other,1200,5,5065.4,0.00011502326942267261
1982,Other,1220,84,134109.93,0.003045319739930857
1982,Other,1240,27,36852.47,0.0008368325474199392
1982,Other,1300,26,37243.31,0.0008457076006479482
1982,Other,1310,8,11373.98,0.00025827622022902235
1982,Other,1320,41,67565.75,0.00153425859083092
1982,Other,1340,3,4269.87,9.695866218063471e-05
1982,Other,1350,46,67000.63,0.0015214260504557984
1982,Other,1360,114,159604.42,0.00362423938932945
1982,Other,1410,234,384996.14,0.008742352970724718
1982,Other,1430,118,194462.43,0.004415782461104278
1982,Other,1440,9,13286.21,0.00030169844680305737
1982,Other,1450,16,28204.86,0.0006404657501497931
1982,Other,1460,131,211740.73,0.004808131842409954
1982,Other,1520,21,29565.93,0.000671372434974904
1982,Other,1530,107,158468.24,0.003598439425209607
1982,Other,1540,116,177991.96,0.004041776990987793
1982,Other,1550,280,390107.17,0.008858412389668406
1982,Other,1560,31,43933.45,0.0009976248778018548
1982,Other,1600,15,16486.3,0.0003743649320257052
1982,Other,1610,25,35265.73,0.0008008014299319359
1982,Other,1640,35,38351.83,0.000870879471501271
1982,Other,1650,10,18319.12,0.0004159839450677676
1982,Other,1700,14,19376.45,0.00043999341193290653
1982,Other,1710,6,9243.65,0.00020990145781160177
1982,Other,1720,58,86276.52,0.0019591359823134605
1982,Other,1740,52,73185.14,0.0016618616646179995
1982,Other,1820,46,63192.19,0.001434945373668164
1982,Other,1840,8,10044.1,0.0002280777866325001
1982,Other,1860,9,11256.84,0.00025561624751607335
1982,Other,1900,20,29777.5,0.0006761766899422817
1982,Other,1920,45,64972.11,0.001475363152661097
1982,Other,1965,93,152684.24,0.0034670984471346796
1982,Other,2000,73,108414.91,0.0024618465278881834
1982,Other,2010,182,257499.63999999998,0.005847208605038339
1982,Other,2016,10,9191.29,0.0002087124858869816
1982,Other,2040,151,215514.05,0.004893815026951738
1982,Other,2060,26,45083.9,0.001023748879915669
1982,Other,2100,184,274386.93,0.006230679072817548
1982,Other,2145,46,59368.94,0.0013481283967620493
1982,Other,2200,250,345854.56,0.007853540142128931
1982,Other,2300,84,115215.0,0.0026162605098379644
1982,Other,2310,691,985271.09,0.022373179223642813
1982,Other,2320,637,920086.23,0.020892985021001523
1982,Other,2330,4,6138.9,0.00013939991879394418
1982,Other,2340,102,152519.73,0.0034633628136106296
1982,Other,2400,7,16093.96,0.0003654558173407265
1982,Other,2430,78,115710.86,0.0026275203192066077
1982,Other,2540,54,68963.11,0.0015659893358383164
1982,Other,2600,26,45657.86,0.0010367821558105316
1982,Other,2630,120,176600.61,0.004010182718884654
1982,Other,2710,20,24460.38,0.000555437453887344
1982,Other,2720,10,16525.85,0.0003752630191078047
1982,Other,2750,12,20185.489999999998,0.0004583647993640509
1982,Other,2800,10,12644.94,0.0002871367197957772
1982,Other,2825,54,72818.35,0.0016535327300834035
1982,Other,2830,94,130689.68000000001,0.0029676539411305856
1982,Other,2840,20,31420.0,0.0007134739853240363
1982,Other,2850,8,13636.7,0.0003096572468385833
1982,Other,2860,5,5319.52,0.00012079373438608904
1982,Other,2900,16,21926.97,0.0004979096967530421
1982,Other,2910,20,30578.989999999998,0.0006943766347066789
1982,Other,3600,401,574651.22,0.013048971868386999
1982,Other,3640,20,26293.25,0.0005970576023113054
1982,Other,3645,91,136221.4,0.003093266236295979
1982,Other,3710,77,111653.73,0.002535392479929787
1982,Other,3720,18,31847.66,0.0007231851337824601
1982,Other,3730,16,19760.42,0.00044871246368799467
1982,Other,3740,97,140140.34,0.003182256107080377
1982,Other,3750,14,19821.31,0.0004500951317645823
1982,Other,3800,104,164778.38,0.0037417277999312053
1982,Other,3850,222,328006.42,0.00744825104039687
1982,Other,3930,168,254427.41,0.005777445518407784
1982,Other,3940,1,993.57,2.2561627867549418e-05
1982,Other,3955,7,6889.1,0.0001564351888063596
1982,Other,4010,53,69640.08,0.001581361725521474
1982,Other,4020,241,320821.8,0.007285105290414732
1982,Other,4030,33,49318.17,0.0011198991501842242
1982,Other,4040,81,104977.01,0.0023837799392775684
1982,Other,4060,10,14338.39,0.0003255909693326005
1982,Other,4110,158,211518.63999999998,0.004803088703091028
1982,Other,4130,39,54871.85,0.0012460101050796536
1982,Other,4140,108,140290.21,0.0031856593007844034
1982,Other,4200,52,65879.16,0.0014959601156906378
1982,Other,4210,23,41213.93,0.00093587100216314
1982,Other,4220,617,857806.95,0.01947876967712146
1982,Other,4230,228,322107.3,0.007314295959037713
1982,Other,4240,6,8420.3,0.00019120512408096697
1982,Other,4250,97,130853.67,0.0029713777666828863
1982,Other,4320,7,7228.82,0.00016414942758084342
1982,Other,4350,14,18532.36,0.0004208261217905715
1982,Other,4410,3,3071.38,6.974378513827303e-05
1982,Other,4430,47,36066.78,0.0008189913833356221
1982,Other,4465,8,8830.59,0.00020052184086768242
1982,Other,4500,13,18801.79,0.0004269442406914581
1982,Other,4510,63,108617.5,0.0024664468682665027
1982,Other,4530,4,4512.04,0.00010245777087019302
1982,Other,4540,5,2223.67,5.04942933464513e-05
1982,Other,4600,46,69300.41,0.0015736486221288892
1982,Other,4620,21,26116.28,0.0005930390316180274
1982,Other,4650,33,43723.49,0.0009928571821316247
1982,Other,4700,880,1299339.5,0.02950493097880142
1982,Other,4720,263,359932.39,0.008173214409309527
1982,Other,4740,17,23656.6,0.0005371855086319732
1982,Other,4750,40,55596.12,0.001262456566039254
1982,Other,4760,490,707815.07,0.016072808366177964
1982,Other,4800,56,83837.2,0.001903744786836674
1982,Other,4840,138,215470.17,0.004892818615797187
1982,Other,4850,613,941914.65,0.02138865688003166
1982,Other,4900,4,8235.14,0.00018700057783263476
1982,Other,4920,119,165902.81,0.003767260949304786
1982,Other,4930,14,22486.170000000002,0.0005106078079113235
1982,Other,4950,29,40332.6,0.0009158580795824387
1982,Other,4965,6,9890.98,0.00022460079310503934
1982,Other,5000,399,575526.5,0.013068847409757924
1982,Other,5010,3,6186.91,0.00014049011249335242
1982,Other,5020,87,114378.25,0.002597259893758401
1982,Other,5030,5,6002.71,0.00013630736557748078
1982,Other,5100,42,67142.85,0.00152465553072928
1982,Other,5110,119,177620.94,0.004033352003144542
1982,Other,5120,677,956051.88,0.021709679980908253
1982,Other,5140,83,115913.28,0.0026321167992864707
1982,Other,5160,128,180411.97,0.00409672970197519
1982,Other,5240,159,240376.61,0.005458385038681781
1982,Other,5250,25,36654.44,0.0008323357538708075
1982,Other,5260,129,185214.52,0.004205784268754883
1982,Other,5300,16,18266.08,0.0004147795319493213
1982,Other,5310,46,69492.93000000001,0.0015780202965927526
1982,Other,5320,23,43468.55,0.000987068096905065
1982,Other,5350,94,146226.31,0.0033204541105960527
1982,Other,5360,38,63729.36,0.0014471432355617512
1982,Other,5400,199,264641.67,0.006009387236718919
1982,Other,5410,45,59974.53,0.0013618799152462118
1982,Other,5510,25,37259.18,0.000846067970862687
1982,Other,5520,72,100304.85,0.002277686221414057
1982,Other,5530,18,24587.48,0.0005583235946745714
1982,Other,5540,136,189145.56,0.004295048901958836
1982,Other,5550,146,212092.92,0.004816129245430045
1982,Other,5600,82,126488.56,0.0028722564290610594
1982,Other,5610,166,249016.74,0.005654581982819839
1982,Other,5620,289,412307.11,0.009362520590360784
1982,Other,5630,29,44254.78,0.001004921523113891
1982,Other,5700,1523,2192387.66,0.04978394529457156
1982,Other,5800,223,344954.47000000003,0.007833101224259731
1982,Other,5810,114,170381.63,0.0038689643724412917
1982,Other,5820,237,345524.57,0.007846046848671991
1982,Other,5850,49,76600.47,0.0017394157418394107
1982,Other,5860,207,298549.06,0.006779343973677429
1982,Other,5900,14,21885.260000000002,0.0004969625611729064
1982,Other,5910,5,9203.98,0.00020900064581294472
1982,Other,5940,211,297310.41,0.0067512171578938
1982,Other,6005,24,25802.87,0.0005859222307987911
1982,Other,6050,221,276557.18,0.0062799603241431206
1982,Other,6100,7,6002.93,0.00013631236125783631
1982,Other,6120,10,6653.36,0.00015108209022901114
1982,Other,6130,18,19181.579999999998,0.0004355683745197908
1982,Other,6200,209,313162.68,0.007111184766211199
1982,Other,6210,21,30109.08,0.0006837060885436103
1982,Other,6220,35,42016.82,0.0009541027376207089
1982,Other,6230,177,255000.91999999998,0.005790468575865555
1982,Other,6240,18,27322.97,0.0006204401112918232
1982,Other,6250,9,7653.709999999999,0.00017379767588206332
1982,Other,6260,138,193324.73,0.004389947981374706
1982,Other,6300,31,43313.73,0.0009835525003930386
1982,Other,6320,69,94164.88,0.0021382620054474742
1982,Other,6330,10,14583.44,0.00033115547601954054
1982,Other,6355,225,342786.81,0.007783878785716525
1982,Other,6360,12,19307.829999999998,0.0004384352138147354
1982,Other,6400,13,15533.78,0.000352735452697225
1982,Other,6420,63,83417.69,0.0018942187056277852
1982,Other,6440,160,217527.26,0.00493953027080897
1982,Other,6460,8,9760.07,0.00022162813621710907
1982,Other,6515,10,16262.07,0.00036927319836150386
1982,Other,6520,71,109632.98,0.0024895060204821883
1982,Other,6530,15,22773.72,0.0005171373892124033
1982,Other,6600,16,22244.83,0.0005051275465612885
1982,Other,6660,38,54539.68,0.001238467308971917
1982,Other,6700,10,15120.14,0.0003433426653232773
1982,Other,6730,46,57662.23,0.0013093730439456145
1982,Other,6800,29,35558.03,0.0008074388725134195
1982,Other,6820,3,3677.65,8.351074481626168e-05
1982,Other,6830,7,6469.04,0.00014689661839658192
1982,Other,6840,22,18935.62,0.0004299832038822892
1982,Other,6940,30,31878.41,0.0007238833936503377
1982,Other,7000,151,208295.13,0.004729890404986894
1982,Other,7010,70,93461.06,0.0021222799156845598
1982,Other,7020,221,342744.85,0.007782925973226894
1982,Other,7040,27,35726.34,0.0008112607950617927
1982,Other,7140,42,61138.67,0.0013883147849239688
1982,Other,7150,56,78164.97,0.001774941841458744
1982,Other,7200,261,385417.68,0.008751925148438705
1982,Other,7210,129,174561.06,0.0039638693558430365
1982,Other,7220,137,158294.19,0.0035944871608192303
1982,Other,7240,21,25500.93,0.0005790658865871826
1982,Other,7300,19,29421.92,0.0006681023080294388
1982,Other,7315,73,109312.71,0.0024822334452664113
1982,Other,7320,18,25849.52,0.0005869815421105469
1982,Other,7330,244,369063.52,0.008380560803695645
1982,Other,7340,96,137985.95,0.003133334998893164
1982,Other,7350,21,23888.38,0.0005424486849629218
1982,Other,7360,46,68832.43000000001,0.0015630219017071217
1982,Other,7410,61,76958.48,0.0017475453033125442
1982,Other,7420,36,52815.24,0.001199309349734101
1982,Other,7430,11,18582.2,0.00042195787046748275
1982,Other,7540,7,9152.34,0.00020782802338766996
1982,Other,7610,6,7953.79,0.0001806117838870295
1982,Other,7630,137,191551.46,0.004349681208174338
1982,Other,7700,721,1060916.07,0.024090898044468945
1982,Other,7720,62,89066.3,0.002022485296596633
1982,Other,7730,4,3530.92,8.01788530954916e-05
1982,Other,7750,355,535086.82,0.012150557796300612
1982,Other,7800,30,44288.94,0.0010056972160272797
1982,Other,7810,131,159806.75,0.0036288338257218947
1982,Other,7830,2,2290.95,5.2022063229729494e-05
1982,Other,7840,8,11319.380000000001,0.0002570363831953275
1982,Other,7900,4,6370.030000000001,0.00014464833516020597
1982,Other,7930,6,7887.91,0.00017911580469692296
1982,Other,7940,8,12436.16,0.00028239581913836305
1982,Other,7950,137,213823.85,0.00485543457723835
1982,Other,8030,204,300819.99,0.006830911429994804
1982,Other,8100,56,84098.61,0.0019096807904809628
1982,Other,8130,61,100737.79,0.0022875172662010137
1982,Other,8140,202,303423.09,0.006890021682419916
1982,Other,8220,79,130643.01,0.00296659417566607
1982,Other,8250,49,64515.96,0.0014650050635966298
1982,Other,8255,119,193149.92,0.004385978459179465
1982,Other,8256,23,32547.5,0.0007390768471462149
1982,Other,8300,60,81126.81,0.001842198231932714
1982,Other,8310,44,63680.97,0.0014460444129599107
1982,Other,8320,220,324591.99,0.007370717400049642
1982,Other,8330,40,46122.6,0.001047335303485245
1982,Other,8350,39,59194.72,0.0013441722720732158
1982,Other,8400,2,3720.05,8.447354866660347e-05
1982,Other,8410,15,20091.29,0.0004562257398663577
1982,Other,8420,36,59916.909999999996,0.0013605715011458179
1982,Other,8450,9,11661.0,0.0002647937664819729
1982,Other,8460,24,34574.98,0.0007851161289974172
1982,Other,8500,9,10650.67,0.00024185155860188267
1982,Other,8510,4,5971.37,0.0001355957082031951
1982,Other,8530,21,28998.78,0.0006584937980946836
1982,Other,8540,9,12142.32,0.00027572340679439056
1982,Other,8550,11,16357.46,0.00037143927994839307
1982,Other,8600,27,36867.41,0.0008371717995313569
1982,Other,8610,59,84630.85,0.00192176670371931
1982,Other,8620,20,22790.170000000002,0.0005175109298571704
1982,Other,8630,30,36006.56,0.0008176239293764809
1982,Other,8640,29,40934.16,0.0009295180862855428
1982,Other,8650,70,115035.8,0.0026121913011119915
1982,Other,8710,60,89526.15,0.0020329274039216252
1982,Other,8720,24,31941.27,0.0007253107957737454
1982,Other,8730,52,76059.6,0.0017271338616852983
1982,Other,8740,368,511210.31,0.011608378651000511
1982,Other,8750,7,7018.620000000001,0.00015937628207749802
1982,Other,8760,16,21234.48,0.00048218488452843864
1982,Other,8800,144,200777.47,0.0045591821032519774
1982,Other,8810,77,110299.4,0.0025046388445846596
1982,Other,8830,29,45450.03,0.0010320628274091983
1982,Other,8850,12,18164.12,0.00041246426118090495
1982,Other,8910,4,6784.879999999999,0.00015406859877610906
1982,Other,8920,13,16115.48,0.00036594448571005095
1982,Other,8930,8,14514.42,0.00032958819484617757
1982,Other,8950,132,193232.75,0.004387859332833328
1982,Other,8965,371,550608.59,0.0125030205302657
1982,Other,9000,24,34479.88,0.000782956632625542
1982,Other,9030,30,44755.12,0.0010162830627006838
1982,Other,9040,11,16360.130000000001,0.00037149990934179903
1982,Other,9050,22,26743.27,0.0006072764935549567
1982,Other,9120,101,142733.54,0.0032411415538894893
1982,Other,9130,861,1228013.22,0.027885279634118475
1982,Other,9140,29,43385.68,0.0009851863149456823
1982,Other,9150,1,1724.5,3.915932169609486e-05
1982,Other,9200,29,42601.99,0.0009673905661373246
1982,Other,9240,16,16139.47,0.00036648924194518536
1982,Other,9260,22,21696.3,0.000492671725900251
1982,Other,9300,6,7158.17,0.00016254513295757341
1982,Other,9310,17,28481.579999999998,0.000646749407731552
1982,Other,9350,6,7262.6,0.0001649164915917997
1982,Other,9360,51,72020.99,0.0016354265678638626
1982,Other,9420,2,1504.62,3.416636625710539e-05
1982,Other,9510,46,73126.81,0.00166053712809464
1982,Other,9520,27,32414.77,0.0007360628623571614
1982,Other,9560,11,13586.16,0.0003085096028150862
1982,Other,9600,141,203904.9,0.004630198651499016
1982,Other,9610,35,49571.1,0.0011256425930584448
1982,Other,9620,513,713229.34,0.016195753649262637
1982,Other,9630,27,40129.63,0.000911249110301687
1982,Other,9640,82,111545.75,0.0025329405091807328
1982,Other,9720,17,32703.149999999998,0.0007426112909977643
1982,Other,9750,70,79646.95,0.0018085941067919875
1982,Tech,1006,137,213183.99,0.46579530766003935
1982,Tech,1010,163,244493.42,0.5342046923399606
1983,Finance,120,207,318907.21,0.16658841523860163
1983,Finance,800,513,774529.11,0.4045928500364245
1983,Finance,860,24,40034.39,0.020912871757098623
1983,Finance,910,279,418333.18,0.21852582604803655
1983,Finance,4810,171,258602.42,0.1350868402274983
1983,Finance,4820,71,103935.75,0.05429319669234034
1983,Healthcare,350,58,85243.97,0.04179657741198683
1983,Healthcare,3000,2,1895.11,0.00092920486715049
1983,Healthcare,3010,8,9815.7,0.004812805702301748
1983,Healthcare,3030,23,37608.44,0.018440061787409267
1983,Healthcare,3040,2,484.45,0.00023753412619375916
1983,Healthcare,3050,53,88135.55,0.04321436857437583
1983,Healthcare,3060,111,167429.8,0.08209369644296802
1983,Healthcare,3150,7,8820.25,0.004324719530520186
1983,Healthcare,3160,27,52699.78,0.0258396040724602
1983,Healthcare,3220,26,42676.83,0.020925180148146573
1983,Healthcare,3230,15,23634.33,0.011588316492362366
1983,Healthcare,3245,15,22957.27,0.011256342386715247
1983,Healthcare,3250,8,10637.619999999999,0.0052158071451775334
1983,Healthcare,3255,515,759189.06,0.3722433893755009
1983,Healthcare,3300,114,176913.65,0.08674379041077208
1983,Healthcare,3310,11,13784.18,0.006758619365460813
1983,Healthcare,3320,37,62361.22,0.03057677345665554
1983,Healthcare,3400,92,134313.33,0.06585612442506764
1983,Healthcare,3500,145,219717.36,0.10773118199442586
1983,Healthcare,3510,59,89694.61,0.0439788023751471
1983,Healthcare,3520,21,31483.91,0.015437099909202097
1983,Other,10,24,29494.43,0.0006342269622080165
1983,Other,50,185,291839.72,0.006275510971638988
1983,Other,136,79,121198.42,0.002606163460050298
1983,Other,150,59,94689.52,0.0020361351828984396
1983,Other,205,29,37850.45,0.000813908793006219
1983,Other,230,266,414545.82,0.008914094495626164
1983,Other,410,93,139252.74,0.0029943905432090988
1983,Other,430,2440,3675523.02,0.07903579758958673
1983,Other,500,14,18226.53,0.00039193016286442146
1983,Other,510,8,12177.54,0.00026185704220649833
1983,Other,520,81,128140.37,0.0027554381488745926
1983,Other,530,126,180873.54,0.003889374224828558
1983,Other,540,82,127265.21,0.002736619339077422
1983,Other,565,111,157140.83,0.0033790431362717074
1983,Other,630,163,232808.91,0.0050061549846618335
1983,Other,710,43,61479.020000000004,0.0013220005300704537
1983,Other,735,49,80220.23,0.0017249980006573576
1983,Other,740,106,142411.01,0.003062303704708837
1983,Other,1200,6,11689.07,0.00025135333543102405
1983,Other,1220,82,125968.31999999999,0.0027087319513564873
1983,Other,1240,23,26884.16,0.0005780975976926582
1983,Other,1300,27,34871.89,0.000749859985805866
1983,Other,1310,4,6633.67,0.00014264565792220608
1983,Other,1320,30,53387.17,0.0011479992205302137
1983,Other,1340,5,7808.92,0.00016791738676507476
1983,Other,1350,31,42365.55,0.0009109982487802556
1983,Other,1360,134,183139.35,0.003938096569801508
1983,Other,1410,256,420622.47,0.00904476239698589
1983,Other,1430,122,196877.59,0.004233513779806403
1983,Other,1440,8,11112.25,0.0002389498139410062
1983,Other,1450,14,24604.81,0.0005290840983197651
1983,Other,1460,127,211454.08,0.004546956113574356
1983,Other,1520,21,28875.59,0.0006209198729273351
1983,Other,1530,112,167740.06,0.0036069613379336512
1983,Other,1540,133,213976.38,0.004601193834621255
1983,Other,1550,289,419781.74,0.009026683945090494
1983,Other,1560,19,28613.54,0.0006152849386212098
1983,Other,1600,13,15754.029999999999,0.0003387633051201179
1983,Other,1610,41,51653.31,0.001110715544910987
1983,Other,1640,23,23147.5,0.0004977471545546078
1983,Other,1650,13,20291.42,0.0004363320689868219
1983,Other,1700,17,24758.82,0.0005323958183445173
1983,Other,1710,8,10206.55,0.0002194742939980271
1983,Other,1720,49,77693.65,0.0016706682455756175
1983,Other,1740,39,54108.89,0.0011635185671717582
1983,Other,1820,45,69455.15,0.0014935134801453058
1983,Other,1840,7,5931.26,0.00012754153960140677
1983,Other,1860,11,9294.85,0.00019986975438003658
1983,Other,1900,34,47154.32,0.0010139725069643563
1983,Other,1920,47,68767.2,0.0014787202992412843
1983,Other,1965,106,178906.71,0.003847080930261428
1983,Other,2000,95,133362.96,0.0028677409596276045
1983,Other,2010,212,322064.17,0.006925435757705648
1983,Other,2016,19,23649.63,0.0005085445961235248
1983,Other,2040,133,199544.83,0.004290868186135994
1983,Other,2060,24,35326.12,0.0007596274203026083
1983,Other,2100,190,279254.17,0.006004880376498919
1983,Other,2145,70,100469.99,0.002160434243034017
1983,Other,2200,285,415596.2,0.008936681109999253
1983,Other,2300,73,107352.55,0.0023084318521084898
1983,Other,2310,694,984366.87,0.021167115609907142
1983,Other,2320,635,905827.46,0.01947826075094191
1983,Other,2330,95,133598.46,0.0028728049818718044
1983,Other,2340,84,125551.36,0.0026997659440743584
1983,Other,2400,6,7635.25,0.0001641829122718682
1983,Other,2430,94,149099.39,0.0032061258070343562
1983,Other,2540,68,100173.68,0.002154062606383576
1983,Other,2600,38,62018.03,0.0013335910125751077
1983,Other,2630,98,149406.75,0.003212735054919609
1983,Other,2710,26,42841.159999999996,0.0009212254233856218
1983,Other,2720,9,14938.51,0.00032122695089256096
1983,Other,2750,13,18456.8,0.0003968817229585694
1983,Other,2800,13,11478.75,0.00024683076575628924
1983,Other,2825,66,109234.61,0.0023489023137004995
1983,Other,2830,107,156980.33,0.003375591859965151
1983,Other,2840,30,42243.08,0.0009083647421804801
1983,Other,2850,2,1927.25,4.144219477763767e-05
1983,Other,2860,11,10368.07,0.00022294750364933546
1983,Other,2900,16,19877.06,0.0004274219702305309
1983,Other,2910,28,42559.45,0.0009151677346110424
1983,Other,3600,392,587494.52,0.012633058673568426
1983,Other,3640,27,30768.5,0.0006616236450983239
1983,Other,3645,112,175051.81,0.003764187939394485
1983,Other,3710,78,111892.88,0.0024060638356159497
1983,Other,3720,16,20166.51,0.0004336460943858751
1983,Other,3730,11,18898.95,0.00040638939784295525
1983,Other,3740,91,138323.13,0.0029744008798611994
1983,Other,3750,12,13144.54,0.0002826507131625111
1983,Other,3800,106,169815.81,0.0036515967696678225
1983,Other,3850,211,342463.71,0.007364092761236177
1983,Other,3930,186,285054.05,0.006129596815283158
1983,Other,3940,2,3634.42,7.815194787585519e-05
1983,Other,3955,6,8200.54,0.00017633850095307243
1983,Other,4010,59,79891.95,0.0017179389041718975
1983,Other,4020,301,400752.16,0.008617485573889748
1983,Other,4030,21,34727.5,0.0007467551273267153
1983,Other,4040,67,104158.29,0.002239744787591475
1983,Other,4060,9,14436.52,0.00031043251978272763
1983,Other,4110,162,223237.29,0.00480033376770631
1983,Other,4130,33,38624.62,0.0008305559866401555
1983,Other,4140,82,104958.14,0.00225694418543446
1983,Other,4200,69,102548.54,0.00220512988394986
1983,Other,4210,28,45889.4,0.0009867725790784414
1983,Other,4220,659,945226.76,0.020325474897888378
1983,Other,4230,237,308881.01,0.006641954587901647
1983,Other,4240,7,9210.43,0.0001980544475526254
1983,Other,4250,94,165717.96,0.0035634795571268738
1983,Other,4320,14,23299.46,0.0005010147928570645
1983,Other,4350,13,19261.57,0.00041418691693506415
1983,Other,4410,2,1012.55,2.1773145322141405e-05
1983,Other,4430,32,25140.51,0.000540603404970371
1983,Other,4465,16,23080.21,0.0004963001988993543
1983,Other,4500,16,22444.18,0.00048262346824976514
1983,Other,4510,74,108476.23,0.002332594656844635
1983,Other,4530,15,14723.57,0.0003166050360680673
1983,Other,4540,6,7252.969999999999,0.00015596263871130506
1983,Other,4600,59,89142.44,0.0019168547730880163
1983,Other,4620,20,26228.87,0.0005640067138862822
1983,Other,4650,33,49017.58,0.0010540387069079967
1983,Other,4700,975,1502847.91,0.03231615815664064
1983,Other,4720,233,363407.28,0.007814448193732787
1983,Other,4740,21,30928.47,0.0006650635246669209
1983,Other,4750,48,61891.32,0.0013308663320716575
1983,Other,4760,520,776348.33,0.016694034872047594
1983,Other,4800,54,86689.81,0.0018641151855007922
1983,Other,4840,119,185308.49,0.003984740192777233
1983,Other,4850,592,940335.88,0.020220304939868372
1983,Other,4900,4,5891.2,0.00012668011823791363
1983,Other,4920,108,171141.56,0.0036801047420255617
1983,Other,4930,16,31375.52,0.0006746765656192327
1983,Other,4950,40,64884.44,0.001395228227016705
1983,Other,4965,5,7837.860000000001,0.00016853969166421336
1983,Other,5000,390,580560.97,0.012483964612289147
1983,Other,5020,87,126009.16,0.0027096101452777324
1983,Other,5100,43,57647.29,0.0012396057701818469
1983,Other,5110,115,175631.2,0.0037766467243119666
1983,Other,5120,623,937001.1,0.02014859623456259
1983,Other,5140,74,115285.15,0.0024790087644411337
1983,Other,5160,116,163718.97,0.003520494717101683
1983,Other,5240,164,251698.6,0.005412345262139687
1983,Other,5250,29,43610.89,0.0009377771424600497
1983,Other,5260,137,188257.5,0.0040481535780781544
1983,Other,5300,14,16420.66,0.00035309803611226556
1983,Other,5310,57,73721.88,0.0015852621664722434
1983,Other,5320,19,31967.26,0.0006874009160344457
1983,Other,5350,86,136496.72,0.002935127075754921
1983,Other,5360,31,42783.62,0.0009199881247022621
1983,Other,5400,197,285448.0,0.006138068032111619
1983,Other,5410,36,48274.59,0.0010380619855185366
1983,Other,5510,21,29763.41,0.00064001091423878
1983,Other,5520,84,129383.95,0.00278217919678305
1983,Other,5530,18,25632.78,0.0005511888242066858
1983,Other,5540,126,184728.04,0.003972258614383833
1983,Other,5550,139,203942.0,0.004385421760197681
1983,Other,5600,106,166676.48,0.0035840908802755376
1983,Other,5610,185,275718.09,0.0059288430610965025
1983,Other,5620,316,461708.15,0.00992823924385666
1983,Other,5630,26,41012.52,0.0008819036669667974
1983,Other,5700,1493,2186110.94,0.047008553836297616
1983,Other,5800,265,412319.23,0.008866215509262206
1983,Other,5810,129,208246.54,0.0044779834855099825
1983,Other,5820,241,360417.9,0.007750166721051829
1983,Other,5850,54,74308.84,0.0015978837312130305
1983,Other,5860,209,315861.84,0.006792065324220016
1983,Other,5900,13,18303.51,0.0003935854852948184
1983,Other,5910,8,11455.279999999999,0.0002463260837942027
1983,Other,5940,238,365950.97000000003,0.0078691458699211
1983,Other,6005,27,36508.97,0.0007850625740671581
1983,Other,6050,217,270606.64,0.005818930124790286
1983,Other,6100,3,5501.83,0.00011830738642804527
1983,Other,6120,10,10062.94,0.00021638620807662795
1983,Other,6130,14,20817.23,0.00044763870820645077
1983,Other,6200,221,323777.17,0.006962270874921418
1983,Other,6210,18,28296.36,0.0006084645285345209
1983,Other,6220,25,35746.53,0.0007686676138978691
1983,Other,6230,198,279133.1,0.006002276974489979
1983,Other,6240,12,20110.46,0.0004324408355884764
1983,Other,6250,14,12389.380000000001,0.0002664122968655694
1983,Other,6260,112,176090.88,0.0037865313516801773
1983,Other,6300,39,54071.0,0.001162703807924061
1983,Other,6320,72,96185.5,0.0020683036584690454
1983,Other,6330,11,15634.52,0.0003361934482266814
1983,Other,6355,224,347028.61,0.007462253080312808
1983,Other,6360,14,17562.84,0.0003776586515130294
1983,Other,6400,11,12463.65,0.0002680093454094195
1983,Other,6420,73,104615.94,0.0022495857633029735
1983,Other,6440,161,224759.31,0.004833062188666465
1983,Other,6460,6,8255.439999999999,0.0001775190309794272
1983,Other,6515,10,13046.66,0.00028054597219749085
1983,Other,6520,66,102569.13,0.002205572636467941
1983,Other,6530,9,17228.0,0.0003704584935162235
1983,Other,6600,15,25972.37,0.0005584911227795424
1983,Other,6660,34,42454.3,0.0009129066648064667
1983,Other,6700,8,10387.21,0.00022335907641262199
1983,Other,6730,49,75923.23,0.0016325984100699876
1983,Other,6800,22,25953.08,0.0005580763245243807
1983,Other,6820,4,4069.2,8.750114359276855e-05
1983,Other,6830,5,8175.59,0.00017580199413781645
1983,Other,6840,20,18412.41,0.00039592719239627634
1983,Other,6940,18,16994.97,0.0003654475843715703
1983,Other,7000,168,225138.6,0.004841218167422315
1983,Other,7010,74,112933.85,0.0024284481041320616
1983,Other,7020,198,291396.8,0.006265986739229642
1983,Other,7040,27,44706.95,0.0009613460266255588
1983,Other,7140,57,91450.52,0.0019664860616714227
1983,Other,7150,45,66053.55,0.0014203679257254788
1983,Other,7200,238,321554.85,0.006914483707559508
1983,Other,7210,129,166307.19,0.003576149934311374
1983,Other,7220,106,131656.57,0.002831047979087139
1983,Other,7240,19,26749.46,0.000575201105988651
1983,Other,7300,17,28461.69,0.0006120196656794615
1983,Other,7315,76,122969.35,0.002644244262228304
1983,Other,7320,17,24575.05,0.0005284441607317082
1983,Other,7330,262,396225.54,0.008520148400339688
1983,Other,7340,65,101477.0,0.0021820882601895643
1983,Other,7350,9,9475.59,0.00020375625705696497
1983,Other,7360,41,59422.98,0.0012777889279686951
1983,Other,7410,57,78440.18,0.0016867210885733342
1983,Other,7420,35,53862.83,0.0011582274702995386
1983,Other,7430,9,13649.13,0.0002935010527981827
1983,Other,7540,6,9291.29,0.00019979320270619648
1983,Other,7610,7,6835.87,0.0001469936209700921
1983,Other,7630,150,221856.38,0.004770639674469632
1983,Other,7700,742,1130007.52,0.02429886716514998
1983,Other,7720,90,137419.25,0.002954964495886307
1983,Other,7730,4,7698.49,0.00016554277964648894
1983,Other,7750,342,537774.23,0.01156390939735588
1983,Other,7800,35,54829.11,0.00117900565889455
1983,Other,7810,108,141209.83,0.003036474395837127
1983,Other,7830,1,2158.07,4.6405581675328333e-05
1983,Other,7840,9,13848.189999999999,0.0002977814955494794
1983,Other,7900,5,6443.96,0.00013856627083113558
1983,Other,7930,6,11543.83,0.0002482301991645801
1983,Other,7940,5,6932.900000000001,0.00014908008414781903
1983,Other,7950,145,229027.95,0.004924851946256616
1983,Other,8030,211,333317.48,0.007167418824206173
1983,Other,8100,65,95650.20999999999,0.0020567931681628984
1983,Other,8130,49,76701.69,0.0016493378527715572
1983,Other,8140,233,328651.23,0.007067079147785807
1983,Other,8220,77,121137.19,0.002604846814266806
1983,Other,8250,45,66449.05,0.0014288724726366504
1983,Other,8255,88,131554.36,0.0028288501289233186
1983,Other,8256,27,44376.15,0.0009542327418765941
1983,Other,8300,58,68788.76,0.0014791839099401586
1983,Other,8310,51,67230.73,0.0014456811558971425
1983,Other,8320,311,459651.76,0.009884020115607194
1983,Other,8330,43,38666.77,0.0008314623498571108
1983,Other,8350,33,47615.11,0.0010238810029724443
1983,Other,8400,5,7540.219999999999,0.00016213945565247845
1983,Other,8410,20,31665.81,0.0006809187525290786
1983,Other,8420,35,60574.21,0.0013025441480459346
1983,Other,8450,16,24370.05,0.0005240359885021501
1983,Other,8460,18,31726.8,0.00068223023752557
1983,Other,8500,10,7673.51,0.00016500562773285793
1983,Other,8510,5,6746.3,0.0001450675722549628
1983,Other,8530,31,44587.21,0.0009587712239779137
1983,Other,8540,8,11472.56,0.0002466976604582357
1983,Other,8550,16,25293.04,0.0005438833001419539
1983,Other,8600,34,49105.94,0.0010559387366553322
1983,Other,8610,75,104903.51,0.0022557694612934808
1983,Other,8620,31,44411.07,0.0009549836363851607
1983,Other,8630,13,17353.02,0.00037314683347787887
1983,Other,8640,30,39674.31,0.0008531277637506176
1983,Other,8650,74,114391.02,0.0024597820374381353
1983,Other,8710,62,82251.17,0.001768669870451985
1983,Other,8720,14,21241.77,0.00045676771034467795
1983,Other,8730,50,75491.43,0.0016233132941249964
1983,Other,8740,389,585806.65,0.012596763933758163
1983,Other,8750,15,13719.13,0.000295006282339983
1983,Other,8760,11,21149.55,0.0004547846779397518
1983,Other,8800,146,210997.07,0.004537128899961525
1983,Other,8810,76,111711.84,0.0024021708819552704
1983,Other,8830,27,37677.25,0.0008101844250542218
1983,Other,8850,17,30043.37,0.0006460309722748145
1983,Other,8910,4,5572.0599999999995,0.00011981756172405434
1983,Other,8920,14,20711.510000000002,0.00044536538153274895
1983,Other,8930,9,13029.47,0.00028017633082858304
1983,Other,8950,135,193087.76,0.00415202000731496
1983,Other,8965,393,570286.02,0.01226301949399599
1983,Other,9000,29,40615.2,0.0008733599840875389
1983,Other,9030,38,51050.52,0.0010977535832609612
1983,Other,9040,17,21880.09,0.0004704936835035632
1983,Other,9050,18,26830.02,0.0005769334101584715
1983,Other,9120,116,171618.0,0.003690349764352638
1983,Other,9130,893,1319868.9,0.028381509422621024
1983,Other,9140,45,69511.9,0.0014947337912381226
1983,Other,9150,1,373.23,8.025668884087538e-06
1983,Other,9200,26,28332.100000000002,0.0006092330557320059
1983,Other,9240,22,21637.31,0.0004652731173870164
1983,Other,9260,31,42229.93,0.0009080819740594134
1983,Other,9300,9,11884.25,0.0002555503454591467
1983,Other,9310,6,8885.91,0.0001910762033968392
1983,Other,9350,14,20661.2,0.00044428355155777787
1983,Other,9360,56,73069.74,0.0015712390179952484
1983,Other,9420,2,1425.96,3.0662815963222315e-05
1983,Other,9510,39,55733.67,0.0011984566650992767
1983,Other,9520,26,38118.34,0.0008196693064626888
1983,Other,9560,16,9208.6,0.0001980150965517469
1983,Other,9600,140,202320.11000000002,0.004350545806746961
1983,Other,9610,34,51183.9,0.0011006216906364657
1983,Other,9620,487,732328.84,0.015747471489719264
1983,Other,9630,23,35463.99,0.0007625920774015797
1983,Other,9640,75,103855.38,0.0022332312292985216
1983,Other,9720,13,17326.23,0.0003725707606289527
1983,Other,9750,88,119794.92,0.0025759836077372017
1983,Tech,1006,169,281957.57,0.46366133171437457
1983,Tech,1010,207,326153.46,0.5363386682856254
1984,Finance,120,180,288440.21,0.1433051560346779
1984,Finance,800,554,844732.54,0.4196867297117478
1984,Finance,860,33,49772.15,0.024728194872453438
1984,Finance,910,287,433346.99,0.21529889337935232
1984,Finance,4810,161,246956.93,0.12269510338900051
1984,Finance,4820,92,149520.42,0.07428592261276808
1984,Healthcare,350,46,69149.9,0.03286268826474414
1984,Healthcare,3000,1,1151.13,0.0005470611865265882
1984,Healthcare,3010,8,9206.04,0.0043750637769941125
1984,Healthcare,3030,23,32497.97,0.015444283467467157
1984,Healthcare,3040,2,1913.26,0.0009092546330421934
1984,Healthcare,3050,63,100296.64,0.0476648153406045
1984,Healthcare,3060,108,164167.55,0.07801872481141399
1984,Healthcare,3150,10,17308.37,0.00822560217268354
1984,Healthcare,3160,20,34123.76,0.01621692131587964
1984,Healthcare,3220,35,57950.69,0.02754039355366856
1984,Healthcare,3230,17,27781.58,0.013202873800859445
1984,Healthcare,3245,16,21065.96,0.010011353255428705
1984,Healthcare,3250,9,11002.45,0.005228786802272081
1984,Healthcare,3255,526,791012.83,0.3759196766112901
1984,Healthcare,3300,113,163049.27,0.077487275206531
1984,Healthcare,3310,7,12250.67,0.0058219888856564225
1984,Healthcare,3320,64,95527.05,0.04539812299078707
1984,Healthcare,3400,108,152719.13999999998,0.0725780006895139
1984,Healthcare,3500,156,239795.19,0.11395988390952251
1984,Healthcare,3510,57,84501.2,0.04015821560980995
1984,Healthcare,3520,12,17736.39,0.008429013715304363
1984,Other,10,13,14533.869999999999,0.00029313124018768227
1984,Other,50,197,330466.19,0.006665118383114631
1984,Other,136,69,104889.42,0.0021154975080392687
1984,Other,150,49,78815.27,0.0015896122533658986
1984,Other,205,24,30798.16,0.000621163037532238
1984,Other,230,251,357388.48,0.007208109634336256
1984,Other,410,100,133638.0,0.0026953229027231896
1984,Other,430,2726,4088624.97,0.08246280640451754
1984,Other,500,25,33810.45,0.0006819174204670622
1984,Other,510,9,10781.09,0.000217442035897873
1984,Other,520,84,139735.73,0.0028183070189447905
1984,Other,530,125,183695.78,0.0037049300570765834
1984,Other,540,91,145785.39,0.0029403216192208227
1984,Other,565,107,163367.58,0.0032949339255036957
1984,Other,630,177,271824.99,0.0054823936386319905
1984,Other,710,54,78266.84,0.0015785510586492722
1984,Other,735,51,78303.83,0.0015792971038921804
1984,Other,740,116,170422.13,0.0034372159873678806
1984,Other,1200,6,10267.759999999998,0.0002070887673241522
1984,Other,1220,83,124495.76,0.0025109345636714826
1984,Other,1240,21,31615.05,0.0006376387579561111
1984,Other,1300,36,54793.25,0.0011051160720725948
1984,Other,1310,9,17433.85,0.0003516204611535692
1984,Other,1320,50,78035.89,0.001573893065979643
1984,Other,1350,36,53175.39,0.0010724857190936535
1984,Other,1360,143,207613.7,0.004187326662544347
1984,Other,1410,272,435849.09,0.008790568808333414
1984,Other,1430,101,159948.42,0.0032259734482736045
1984,Other,1440,15,22654.63,0.00045691751666232554
1984,Other,1450,12,16398.16,0.0003307317994172264
1984,Other,1460,146,222763.86000000002,0.0044928877546582735
1984,Other,1520,21,26626.88,0.0005370331753847113
1984,Other,1530,109,157786.54,0.0031823708451447098
1984,Other,1540,141,223849.47,0.004514783244686748
1984,Other,1550,289,426532.42,0.008602662419221679
1984,Other,1560,28,39077.23,0.0007881422424309083
1984,Other,1600,21,28317.27,0.000571126374037297
1984,Other,1610,33,41680.95,0.0008406562440492983
1984,Other,1640,27,36520.04,0.0007365666967506772
1984,Other,1650,19,27817.05,0.0005610375189032768
1984,Other,1700,16,21587.09,0.000435386477500013
1984,Other,1710,9,14149.85,0.00028538600379456237
1984,Other,1720,65,94824.88,0.0019125074515630146
1984,Other,1740,34,46768.340000000004,0.0009432629785266546
1984,Other,1820,57,93649.52,0.001888801808505316
1984,Other,1840,7,11805.44,0.00023810198303420027
1984,Other,1860,3,3253.2799999999997,6.56148707176948e-05
1984,Other,1900,35,51557.01,0.0010398448783200027
1984,Other,1920,40,59595.53,0.0012019724697236334
1984,Other,1965,103,151212.73,0.003049784749489651
1984,Other,2000,86,115188.31,0.0023232141312274847
1984,Other,2010,210,305296.39,0.0061574728152599635
1984,Other,2016,9,12895.32,0.00026008359399231056
1984,Other,2040,141,198021.83,0.003993869809770859
1984,Other,2060,30,40742.590000000004,0.0008217306151189094
1984,Other,2100,219,339366.38,0.0068446248554173295
1984,Other,2145,67,100394.25,0.0020248351616061117
1984,Other,2200,321,486983.73,0.009821894975400456
1984,Other,2300,96,143592.95,0.002896102656464373
1984,Other,2310,661,942709.63,0.019013355904433652
1984,Other,2320,655,950414.13,0.01916874670124317
1984,Other,2330,92,128350.96,0.002588689460142385
1984,Other,2340,90,120493.06999999999,0.002430204965581859
1984,Other,2400,4,3401.52,6.860469896340102e-05
1984,Other,2430,83,118787.96,0.002395814881663645
1984,Other,2540,71,106363.0,0.002145217901362985
1984,Other,2600,31,44986.12,0.0009073176756660063
1984,Other,2630,152,236323.07,0.004766361237169485
1984,Other,2710,19,29299.41,0.0005909349946068997
1984,Other,2720,13,20012.59,0.00040363064524917374
1984,Other,2750,16,25478.65,0.0005138747128471558
1984,Other,2800,14,17679.7,0.0003565789694793036
1984,Other,2825,56,85860.38,0.0017317039214184299
1984,Other,2830,87,122346.77,0.002467591936838373
1984,Other,2840,27,46034.8,0.000928468330581732
1984,Other,2850,2,2262.99,4.564187413485349e-05
1984,Other,2860,22,31997.94,0.0006453612035645734
1984,Other,2900,11,13668.460000000001,0.0002756769278420495
1984,Other,2910,26,39199.770000000004,0.0007906137315919231
1984,Other,3600,414,629487.24,0.012696024895194549
1984,Other,3640,26,36222.14,0.0007305584005121729
1984,Other,3645,119,189523.7,0.0038224724196623643
1984,Other,3710,76,114215.61,0.0023035959044695356
1984,Other,3720,14,21447.829999999998,0.00043257776540140904
1984,Other,3730,9,14085.189999999999,0.000284081886860082
1984,Other,3740,109,165411.72,0.003336161849884281
1984,Other,3750,13,12743.24,0.0002570163174164404
1984,Other,3800,99,142300.02,0.0028700257633604807
1984,Other,3850,233,358031.94,0.007221087473536082
1984,Other,3930,206,317425.27999999997,0.006402098408291962
1984,Other,3940,2,1181.68,2.3833110101093543e-05
1984,Other,3955,7,7979.43,0.00016093581488556025
1984,Other,4010,67,90228.69,0.0018198076493191372
1984,Other,4020,323,427075.29,0.008613611475210255
1984,Other,4030,25,38738.29,0.0007813062171637762
1984,Other,4040,73,101820.01,0.002053591081193255
1984,Other,4060,9,8388.13,0.00016917881815067172
1984,Other,4110,196,266029.67,0.005365508780099165
1984,Other,4130,41,54186.11,0.0010928707649955705
1984,Other,4140,94,114801.35,0.0023154095984565834
1984,Other,4200,78,109586.56,0.002210233354275348
1984,Other,4210,30,46140.8,0.0009306062271956342
1984,Other,4220,704,1019753.9,0.0205672491492786
1984,Other,4230,240,337702.0,0.006811056248188589
1984,Other,4240,8,10145.52,0.00020462332881393148
1984,Other,4250,104,169267.19,0.0034139221919408974
1984,Other,4320,22,18442.26,0.0003719589170443719
1984,Other,4350,14,22683.96,0.000457509068621625
1984,Other,4410,4,4784.67,9.65012244494273e-05
1984,Other,4420,1,1082.41,2.1830949753338183e-05
1984,Other,4430,25,24931.95,0.0005028484102167754
1984,Other,4465,16,29609.53,0.000597189754021082
1984,Other,4500,13,18644.93,0.0003760465350324809
1984,Other,4510,68,107571.28,0.0021695875025011524
1984,Other,4530,8,10123.88,0.00020418687520331976
1984,Other,4540,5,7837.75,0.00015807829420388424
1984,Other,4600,74,106938.23,0.002156819620883881
1984,Other,4620,23,32988.44,0.0006653384356029706
1984,Other,4650,25,38712.84,0.0007807929202880798
1984,Other,4700,1047,1555140.8,0.03136537972133124
1984,Other,4720,289,400754.86,0.008082759039611679
1984,Other,4740,25,34970.63,0.0007053169005945813
1984,Other,4750,63,92800.96,0.0018716873410459499
1984,Other,4760,536,805897.67,0.016254017923062716
1984,Other,4800,47,74996.76,0.0015125973514871099
1984,Other,4840,176,269009.23,0.0054256030370323565
1984,Other,4850,636,982995.11,0.019825867142937645
1984,Other,4900,2,3916.83,7.899790183236259e-05
1984,Other,4920,126,204062.26,0.004115698251690793
1984,Other,4930,13,19118.03,0.00038558841133471783
1984,Other,4950,42,69113.62,0.0013939412657785022
1984,Other,4965,6,8852.23,0.00017853917492908678
1984,Other,5000,421,653160.51,0.013173487194939755
1984,Other,5010,1,2519.49,5.081518056377713e-05
1984,Other,5020,91,136546.54,0.0027539847689250674
1984,Other,5030,4,6109.24,0.0001232162595237329
1984,Other,5100,32,45431.26,0.0009162956313142366
1984,Other,5110,104,166046.62,0.0033489670438481152
1984,Other,5120,640,912978.16,0.01841370676255314
1984,Other,5140,91,137158.62,0.0027663297100518334
1984,Other,5160,131,190032.85,0.0038327413825016876
1984,Other,5240,183,288353.92,0.005815762916730349
1984,Other,5250,32,42657.11,0.0008603442549797393
1984,Other,5260,131,201386.38,0.004061728866868072
1984,Other,5300,15,20623.39,0.00041594977026588546
1984,Other,5310,46,61315.31,0.0012366584304656775
1984,Other,5320,21,32360.27,0.0006526689779052826
1984,Other,5350,106,166992.83,0.003368050998140949
1984,Other,5360,26,43218.94,0.0008716757120985003
1984,Other,5400,201,302061.16,0.006092221992031711
1984,Other,5410,45,68743.23,0.0013864709306197927
1984,Other,5510,24,30329.46,0.000611709904108314
1984,Other,5520,89,138560.16,0.002794597140431536
1984,Other,5530,17,22308.42,0.0004499348639576173
1984,Other,5540,138,214588.44,0.004327999049608951
1984,Other,5550,160,228932.13,0.004617294580569918
1984,Other,5600,80,129153.15,0.002604868698677349
1984,Other,5610,198,308745.86,0.006227044609908615
1984,Other,5620,336,512948.81,0.010345580415133464
1984,Other,5630,25,37887.380000000005,0.0007641443529398564
1984,Other,5700,1568,2273920.6,0.045862331613418766
1984,Other,5800,305,463357.93,0.00934539009029923
1984,Other,5810,138,228167.07,0.004601864210914899
1984,Other,5820,254,376941.38,0.007602468867373688
1984,Other,5850,48,71704.56,0.0014461975096730654
1984,Other,5860,235,344709.8,0.0069523954169706985
1984,Other,5900,13,23266.56,0.00046925943246369493
1984,Other,5910,7,10989.4,0.00022164340612091036
1984,Other,5940,289,441410.67,0.008902739403144224
1984,Other,6005,30,38691.65,0.0007803655426536592
1984,Other,6010,1,990.74,1.9982072559032407e-05
1984,Other,6050,203,226391.88,0.004566060694971191
1984,Other,6100,10,14997.91,0.00030249038683593854
1984,Other,6120,6,5348.5,0.0001078730192401486
1984,Other,6130,7,8830.19,0.000178094653784083
1984,Other,6200,227,341698.04,0.006891651723518943
1984,Other,6210,14,18682.82,0.00037681073222777103
1984,Other,6220,26,38890.1,0.0007843680481539316
1984,Other,6230,229,334081.31,0.006738031145443405
1984,Other,6240,20,27554.36,0.0005557393673796357
1984,Other,6250,14,21898.510000000002,0.00044166745640096983
1984,Other,6260,133,193468.58,0.003902036057343971
1984,Other,6300,35,47636.54,0.0009607735619246722
1984,Other,6320,73,91320.27,0.0018418235472984139
1984,Other,6330,25,44857.75,0.0009047286021912267
1984,Other,6355,231,330714.53,0.006670127111841957
1984,Other,6360,22,36571.08,0.0007375961141391071
1984,Other,6400,15,19617.03,0.0003956526604888422
1984,Other,6420,75,112207.39,0.00226309244467736
1984,Other,6440,153,206916.09,0.004173256680876193
1984,Other,6460,8,15169.26,0.0003059463168811474
1984,Other,6515,16,26898.46,0.0005425106278602165
1984,Other,6520,69,101348.75,0.0020440863155492214
1984,Other,6530,18,27249.72,0.0005495951331866248
1984,Other,6600,23,37016.85,0.0007465867761540048
1984,Other,6660,24,35940.89,0.000724885915392739
1984,Other,6700,6,11097.21,0.00022381780832793672
1984,Other,6730,41,59487.630000000005,0.001199796252321369
1984,Other,6800,25,27359.7,0.0005518133017677282
1984,Other,6820,6,9537.98,0.00019236995420251522
1984,Other,6830,3,3582.42,7.225324139222084e-05
1984,Other,6840,25,23888.27,0.00048179859948095074
1984,Other,6940,14,15149.45,0.00030554677224037946
1984,Other,7000,150,217563.65,0.004388005572105629
1984,Other,7010,84,124368.77,0.002508373323190356
1984,Other,7020,198,285678.27,0.005761798170739903
1984,Other,7040,35,48086.9,0.0009698567988967191
1984,Other,7140,66,88671.02,0.0017883912585778448
1984,Other,7150,50,72336.32,0.0014589393734919225
1984,Other,7200,280,394103.6,0.007948610867609953
1984,Other,7210,166,243635.33,0.0049138410097541284
1984,Other,7220,111,140086.71,0.002825385876997124
1984,Other,7240,25,34501.44,0.000695853884441027
1984,Other,7300,9,12284.24,0.00024775882170152436
1984,Other,7315,97,167507.13,0.0033784238304855707
1984,Other,7320,16,26297.96,0.0005303992418541008
1984,Other,7330,284,415797.98,0.008386161259522282
1984,Other,7340,87,135658.37,0.002736071413872525
1984,Other,7350,19,24987.3,0.0005039647552882799
1984,Other,7360,42,63323.46,0.0012771604784393346
1984,Other,7410,59,85079.0,0.0017159443963602138
1984,Other,7420,50,73130.92,0.0014749655305617965
1984,Other,7430,16,22828.23,0.0004604188265884898
1984,Other,7540,5,6336.13,0.00012779236671928257
1984,Other,7610,3,3575.08,7.21052021361261e-05
1984,Other,7630,173,257703.93,0.005197588295625299
1984,Other,7700,800,1200601.13,0.024214727268623754
1984,Other,7720,130,188093.56,0.0037936281605736276
1984,Other,7730,2,2275.1000000000004,4.588611873857383e-05
1984,Other,7750,373,555803.28,0.011209905191582258
1984,Other,7800,31,47426.68,0.0009565409300058655
1984,Other,7810,104,141915.26,0.002862265602028736
1984,Other,7830,3,3122.05,6.296811437201197e-05
1984,Other,7840,15,23913.18,0.00048230100518521774
1984,Other,7900,4,7505.349999999999,0.00015137417312406268
1984,Other,7930,6,9561.79,0.00019285017418720402
1984,Other,7940,5,6992.530000000001,0.00014103119065669186
1984,Other,7950,173,270711.63,0.005459938463405065
1984,Other,8030,247,369302.3,0.007448397515813991
1984,Other,8100,72,104809.73,0.002113890253500006
1984,Other,8130,63,104307.46,0.0021037600522522265
1984,Other,8140,253,363286.25,0.007327060790115254
1984,Other,8220,100,149862.38,0.0030225497618237753
1984,Other,8250,35,54533.15,0.0010998701578341424
1984,Other,8255,99,149969.91,0.0030247185167567273
1984,Other,8256,22,37261.81,0.0007515273342157168
1984,Other,8300,59,78574.04,0.0015847469250623925
1984,Other,8310,52,83972.56,0.0016936287894782711
1984,Other,8320,295,456237.24,0.009201774061623315
1984,Other,8330,17,20832.510000000002,0.0004201674772460669
1984,Other,8350,35,48874.8,0.000985747824765526
1984,Other,8400,1,1190.37,2.4008377285761556e-05
1984,Other,8410,16,33920.04,0.0006841277232021335
1984,Other,8420,29,47427.03,0.0009565479890984585
1984,Other,8450,15,23972.0,0.0004834873361175736
1984,Other,8460,28,39042.11,0.0007874339129112833
1984,Other,8500,17,28426.57,0.0005733308278099339
1984,Other,8510,11,14550.37,0.00029346402598135575
1984,Other,8530,36,50686.05,0.0010222786289346799
1984,Other,8540,6,5199.280000000001,0.00010486342553518181
1984,Other,8550,15,32630.88,0.000658126866609887
1984,Other,8600,28,34363.47,0.0006930711901408376
1984,Other,8610,69,94437.17,0.0019046877921651277
1984,Other,8620,29,37728.1,0.0007609318607449286
1984,Other,8630,18,25401.85,0.0005123257462438756
1984,Other,8640,30,48613.42,0.0009804760944170188
1984,Other,8650,78,111125.2,0.0022412659320679373
1984,Other,8710,68,98275.76,0.0019821076842703985
1984,Other,8720,25,36473.01,0.000735618156394528
1984,Other,8730,49,72458.25,0.0014613985596629894
1984,Other,8740,429,659068.27,0.013292639837390196
1984,Other,8750,13,13929.78,0.00028094744806039774
1984,Other,8760,20,37546.95,0.0007572782761071137
1984,Other,8800,142,198572.67,0.004004979611382197
1984,Other,8810,76,117125.46,0.002362284191846547
1984,Other,8830,35,48422.55,0.0009766264686934764
1984,Other,8850,14,22079.26,0.00044531297350439256
1984,Other,8910,10,13991.67,0.0002821956973192129
1984,Other,8920,9,14822.939999999999,0.0002989614456044813
1984,Other,8930,8,10992.56,0.00022170713964260783
1984,Other,8950,150,224149.57,0.004520835912364409
1984,Other,8965,409,596121.44,0.012023075547646086
1984,Other,9000,29,39855.22,0.0008038333951351512
1984,Other,9030,31,43498.57,0.0008773155237036461
1984,Other,9040,30,37780.32,0.0007619850773598151
1984,Other,9050,17,28654.58,0.0005779295241017814
1984,Other,9120,113,163038.99,0.003288306647688959
1984,Other,9130,929,1402226.32,0.028281272655212263
1984,Other,9140,34,54787.630000000005,0.001105002723214386
1984,Other,9150,1,1875.59,3.782846707612047e-05
1984,Other,9200,31,42115.07,0.0008494119391250268
1984,Other,9240,21,28756.24,0.0005799798879675295
1984,Other,9260,29,38718.56,0.0007809082860298866
1984,Other,9300,7,11697.88,0.00023593262303616894
1984,Other,9310,10,15145.29,0.0003054628698827018
1984,Other,9350,9,14516.58,0.0002927825210135845
1984,Other,9360,49,76825.41,0.0015494790934023196
1984,Other,9420,2,1540.97,3.1079571180422884e-05
1984,Other,9510,36,45772.98,0.0009231877259453937
1984,Other,9520,24,39149.74,0.0007896046847278331
1984,Other,9560,12,16602.22,0.0003348474520873479
1984,Other,9600,163,275064.93,0.005547739457077709
1984,Other,9610,62,75680.55,0.0015263885998420173
1984,Other,9620,480,714217.92,0.014404944082606138
1984,Other,9630,26,37891.88,0.0007642351127017672
1984,Other,9640,85,129286.87,0.002607565675424622
1984,Other,9720,25,50812.9,0.0010248370457787692
1984,Other,9750,72,104332.45,0.0021042640714633715
1984,Tech,1006,148,232054.66,0.40272400832310806
1984,Tech,1010,216,344157.97,0.5972759916768918
1985,Finance,120,234,359880.18,0.16783298125173907
1985,Finance,800,558,898015.48,0.4187966539824768
1985,Finance,860,21,33624.76,0.015681173980390435
1985,Finance,910,269,398717.75,0.18594519059228432
1985,Finance,4810,188,289236.82,0.1348878890423269
1985,Finance,4820,104,164800.69,0.07685611115078264
1985,Healthcare,350,58,87732.48,0.03962621015286857
1985,Healthcare,3000,2,2064.42,0.0009324384853110836
1985,Healthcare,3010,13,21490.92,0.009706823656398248
1985,Healthcare,3030,23,33756.17,0.015246680435523506
1985,Healthcare,3040,4,5809.97,0.002624194508144097
1985,Healthcare,3050,66,103454.35,0.04672732167526119
1985,Healthcare,3060,122,208214.29,0.09404434038990259
1985,Healthcare,3150,11,19726.35,0.00890981869712379
1985,Healthcare,3160,13,22095.07,0.00997970064407551
1985,Healthcare,3220,26,39411.69,0.01780111436972611
1985,Healthcare,3230,18,27560.43,0.012448244835703077
1985,Healthcare,3245,14,22408.93,0.010121462079732855
1985,Healthcare,3250,11,14574.04,0.006582670087706545
1985,Healthcare,3255,567,860306.59,0.38857547092294364
1985,Healthcare,3300,128,186642.58,0.08430102623969576
1985,Healthcare,3310,12,16870.38,0.007619860093305819
1985,Healthcare,3320,54,78033.81,0.035245602929371386
1985,Healthcare,3400,80,122288.41,0.05523411892517064
1985,Healthcare,3500,150,239884.29,0.10834875849755608
1985,Healthcare,3510,57,88031.99,0.03976149011079163
1985,Healthcare,3520,9,13644.12,0.006162652263687942
1985,Other,10,9,12331.73,0.00024101929364436347
1985,Other,50,213,341440.5,0.006673333598090315
1985,Other,136,61,99161.78,0.0019380818564887301
1985,Other,150,45,60871.19,0.0011897058415236016
1985,Other,205,44,65688.98,0.001283867840101812
1985,Other,230,264,399700.23,0.0078119993791698015
1985,Other,410,120,185631.12,0.0036280944701848057
1985,Other,430,2760,4228392.43,0.0826424318996421
1985,Other,500,6,10496.94,0.00020515897317142565
1985,Other,510,7,6955.26,0.0001359380924098156
1985,Other,520,99,174961.4,0.0034195585731303666
1985,Other,530,121,175333.39,0.0034268289858820867
1985,Other,540,112,177391.27,0.003467049521362904
1985,Other,565,98,146317.42,0.0028597221327636645
1985,Other,630,157,243355.03,0.00475628783920852
1985,Other,710,57,82664.49,0.0016156481685271693
1985,Other,735,27,39330.8,0.0007687065508625093
1985,Other,740,107,165065.6,0.0032261486682714463
1985,Other,1200,7,12677.470000000001,0.00024777665944661527
1985,Other,1220,121,198422.03,0.003878088274238951
1985,Other,1240,21,33049.26,0.0006459360771496714
1985,Other,1300,38,60697.15,0.0011863042913870135
1985,Other,1310,11,16999.82,0.0003322554587621788
1985,Other,1320,46,80702.15,0.0015772949284959584
1985,Other,1340,3,4358.42,8.518377468574699e-05
1985,Other,1350,33,52016.1,0.0010166362448849086
1985,Other,1360,123,190762.5,0.0037283854742062054
1985,Other,1410,270,427424.71,0.00835386451782085
1985,Other,1430,96,149483.37,0.0029215995037986586
1985,Other,1440,11,15204.51,0.000297166760901241
1985,Other,1450,12,20247.739999999998,0.0003957349044047124
1985,Other,1460,138,220478.35,0.004309171233952961
1985,Other,1520,17,21169.829999999998,0.0004137568267527147
1985,Other,1530,120,176466.95,0.0034489840144550045
1985,Other,1540,120,184191.95,0.0035999664024413376
1985,Other,1550,300,461877.02,0.009027222710111521
1985,Other,1560,37,61274.840000000004,0.001197595037757994
1985,Other,1600,8,10335.619999999999,0.0002020060309280657
1985,Other,1610,28,38054.12,0.000743754292597863
1985,Other,1640,20,28243.88,0.0005520166276245234
1985,Other,1650,14,21702.94,0.00042417627281865575
1985,Other,1700,16,23948.329999999998,0.0004680616248135597
1985,Other,1710,3,1205.65,2.3564002080999733e-05
1985,Other,1720,58,93553.95999999999,0.0018284790014728698
1985,Other,1740,28,40181.89,0.0007853408033662359
1985,Other,1820,40,59643.11,0.0011657034530396847
1985,Other,1840,4,8564.61,0.00016739226795749274
1985,Other,1860,11,18792.489999999998,0.0003672925587584843
1985,Other,1900,17,23561.18,0.00046049491523311845
1985,Other,1920,45,63511.590000000004,0.0012413115240141018
1985,Other,1965,108,166945.12,0.003262883220746278
1985,Other,2000,82,123309.83,0.0024100469379403004
1985,Other,2010,235,368268.17,0.007197670903036506
1985,Other,2016,16,25690.84,0.0005021183653818531
1985,Other,2040,137,208287.46,0.004070904608208144
1985,Other,2060,30,51220.39,0.001001084374859717
1985,Other,2100,206,307905.67,0.006017907227330997
1985,Other,2145,60,88330.35,0.0017263853947791106
1985,Other,2200,289,438085.46,0.008562225099403414
1985,Other,2300,95,149866.48,0.002929087253010496
1985,Other,2310,639,955682.53,0.018678476444818223
1985,Other,2320,628,933138.0599999999,0.01823785276630867
1985,Other,2330,106,160447.3,0.003135885631062736
1985,Other,2340,102,138110.75,0.0026993256752858904
1985,Other,2400,5,5825.18,0.00011385107920391326
1985,Other,2430,70,107525.44,0.002101546627894009
1985,Other,2540,67,93200.47,0.0018215701646664894
1985,Other,2600,42,70830.19,0.001384350967990384
1985,Other,2630,138,210740.17,0.004118841956148333
1985,Other,2710,19,29910.68,0.0005845936430673223
1985,Other,2720,10,11901.37,0.00023260805992348342
1985,Other,2750,14,17526.07,0.00034254082855865876
1985,Other,2800,16,15366.85,0.00030033963868320886
1985,Other,2825,56,92224.95,0.0018025039718990554
1985,Other,2830,102,149942.68,0.0029305765550123805
1985,Other,2840,18,33925.35,0.0006630589457957485
1985,Other,2850,9,9154.82,0.00017892771329256247
1985,Other,2860,10,16881.11,0.00032993531387184123
1985,Other,2900,6,9404.7,0.00018381152935858516
1985,Other,2910,19,25256.72,0.0004936336437931635
1985,Other,3600,433,687281.33,0.013432670086967413
1985,Other,3640,45,67505.89,0.0013193787023097407
1985,Other,3645,90,148286.94,0.0028982157033509578
1985,Other,3710,68,119051.26,0.0023268146961271017
1985,Other,3720,16,23007.3,0.00044966952687611254
1985,Other,3730,12,15790.85,0.0003086265684574749
1985,Other,3740,126,188650.73,0.0036871116777689368
1985,Other,3750,3,2565.4900000000002,5.014159308156099e-05
1985,Other,3800,138,211331.47,0.004130398705147209
1985,Other,3850,243,358738.64,0.007011419615555936
1985,Other,3930,228,354978.94,0.006937937611140114
1985,Other,3940,2,2094.0699999999997,4.09278562084843e-05
1985,Other,3955,5,5430.85,0.00010614403906738888
1985,Other,4010,55,95183.93,0.0018603361876147577
1985,Other,4020,307,434013.41,0.008482638324905064
1985,Other,4030,18,31593.0,0.0006174739914112923
1985,Other,4040,72,105795.52,0.0020677359544150034
1985,Other,4060,14,18522.22,0.0003620102273667606
1985,Other,4110,216,310820.25,0.006074871660777885
1985,Other,4130,25,33586.79,0.0006564419105495799
1985,Other,4140,100,160558.4,0.003138057041199342
1985,Other,4200,78,121792.39,0.002380389110778361
1985,Other,4210,24,39912.35,0.0007800727395658688
1985,Other,4220,693,1004086.19,0.01962450882981221
1985,Other,4230,249,352616.15,0.006891757717740732
1985,Other,4240,7,13414.49,0.0002621814542160246
1985,Other,4250,110,168329.23,0.0032899351602978335
1985,Other,4320,15,16747.17,0.00032731750402758365
1985,Other,4350,9,11293.07,0.00022071905194780876
1985,Other,4410,2,2850.45,5.571103531852999e-05
1985,Other,4430,26,25671.47,0.0005017397855947599
1985,Other,4465,12,16971.43,0.00033170058627092546
1985,Other,4500,9,13403.349999999999,0.0002619637268629932
1985,Other,4510,78,133623.95,0.002611632758985945
1985,Other,4530,7,9684.59,0.00018928188024188545
1985,Other,4540,4,5388.79,0.00010532199126949824
1985,Other,4600,70,104436.86,0.002041181426096361
1985,Other,4620,18,20720.56,0.00040497600378176075
1985,Other,4650,24,33051.13,0.000645972625637119
1985,Other,4700,1135,1734987.15,0.033909709130434035
1985,Other,4720,285,426967.75,0.008344933396524508
1985,Other,4740,21,30519.55,0.0005964937914910424
1985,Other,4750,60,88806.16,0.0017356849326467842
1985,Other,4760,504,767393.6,0.014998436019861382
1985,Other,4800,59,100673.95,0.001967636683367862
1985,Other,4840,196,303982.26,0.005941225568968608
1985,Other,4850,627,990310.67,0.019355271172161275
1985,Other,4900,1,3264.09,6.379548256340598e-05
1985,Other,4920,142,234075.2,0.004574916849757748
1985,Other,4930,10,18938.55,0.00037014724970855345
1985,Other,4950,39,65521.68,0.0012805980208772019
1985,Other,4965,3,4720.71,9.226460437423484e-05
1985,Other,5000,404,603831.52,0.011801673117283815
1985,Other,5020,71,115669.11,0.002260711772693059
1985,Other,5030,2,3430.82,6.705416133997056e-05
1985,Other,5100,44,64011.24,0.0012510770062351207
1985,Other,5110,110,164702.06,0.003219043407775841
1985,Other,5120,628,950090.8,0.018569188063151578
1985,Other,5140,75,122616.62,0.002396498394098746
1985,Other,5160,131,215071.88999999998,0.004203503888794049
1985,Other,5240,198,315170.45,0.0061598947784760275
1985,Other,5250,23,33416.03,0.0006531044668508683
1985,Other,5260,107,164515.56,0.0032153983313539056
1985,Other,5300,21,31014.6,0.0006061693683418689
1985,Other,5310,60,88050.11,0.0017209082032698174
1985,Other,5320,31,52098.82,0.0010182529779767184
1985,Other,5350,77,125206.04000000001,0.002447107690551765
1985,Other,5360,23,37628.15,0.0007354288598715797
1985,Other,5400,230,329067.8,0.006431513560311868
1985,Other,5410,42,72976.46,0.0014262990547040963
1985,Other,5510,26,45783.88,0.0008948297130976999
1985,Other,5520,83,125462.68,0.0024521236284226794
1985,Other,5530,24,28233.89,0.0005518213766140402
1985,Other,5540,137,215469.89,0.004211282657780271
1985,Other,5550,148,229372.84,0.004483010889631998
1985,Other,5600,89,154053.39,0.0030109189255132615
1985,Other,5610,203,329800.62,0.006445836267569362
1985,Other,5620,357,560043.83,0.010945858230474068
1985,Other,5630,20,32722.489999999998,0.0006395494732762351
1985,Other,5700,1436,2153630.25,0.042091940192181786
1985,Other,5800,327,526661.7,0.010293416327112226
1985,Other,5810,131,206586.12,0.004037652520703073
1985,Other,5820,273,413582.5,0.008083323427748576
1985,Other,5850,56,86389.99,0.0016884617460602548
1985,Other,5860,248,392719.91,0.007675571497938893
1985,Other,5900,22,38419.88,0.0007509029422069091
1985,Other,5910,4,8041.03,0.00015715908236501577
1985,Other,5940,323,497209.72,0.009717787813024752
1985,Other,6005,13,20203.31,0.00039486653579652695
1985,Other,6050,177,234416.2,0.00458158157393941
1985,Other,6100,7,14556.87,0.0002845088665639635
1985,Other,6120,6,12642.039999999999,0.00024708419264967595
1985,Other,6130,10,14716.47,0.00028762819201672967
1985,Other,6200,245,394982.2,0.007719787154446027
1985,Other,6210,6,10680.24,0.0002087415067271402
1985,Other,6220,37,60471.18,0.001181887787799535
1985,Other,6230,258,401043.5,0.007838253115391212
1985,Other,6240,29,42669.45,0.0008339592822088615
1985,Other,6250,12,30010.190000000002,0.0005865385307603346
1985,Other,6260,140,203689.38999999998,0.003981036959181824
1985,Other,6300,40,57824.58,0.0011301609285057318
1985,Other,6320,74,102092.3,0.001995357831587981
1985,Other,6330,28,48937.659999999996,0.0009564692257945981
1985,Other,6355,263,417381.47,0.008157572950400802
1985,Other,6360,11,20003.98,0.0003909707015703372
1985,Other,6400,16,24486.93,0.0004785883709843609
1985,Other,6420,64,94945.63,0.0018556786985458721
1985,Other,6440,165,261415.08,0.005109265117674873
1985,Other,6460,7,10698.36,0.00020909565570711593
1985,Other,6515,21,35964.229999999996,0.0007029081330083796
1985,Other,6520,69,104342.89,0.0020393448157404936
1985,Other,6530,16,29807.989999999998,0.000582586603401003
1985,Other,6600,14,27790.63,0.0005431580169637072
1985,Other,6660,21,35772.5,0.0006991608380894646
1985,Other,6700,9,14583.97,0.0002850385264622715
1985,Other,6730,39,52370.65,0.0010235657990157248
1985,Other,6800,22,34177.81,0.0006679931870476617
1985,Other,6820,6,7580.4400000000005,0.0001481570140048054
1985,Other,6830,2,2848.58,5.5674486831082164e-05
1985,Other,6840,23,25961.09,0.000507400305880663
1985,Other,6940,18,23754.07,0.0004642648819410387
1985,Other,7000,128,193419.13,0.0037803083662963197
1985,Other,7010,86,139831.21,0.00273295145641663
1985,Other,7020,210,319669.18,0.006247820862399102
1985,Other,7040,34,56892.36,0.001111941018896849
1985,Other,7140,66,102833.16,0.002009837677796855
1985,Other,7150,58,91438.7,0.0017871369942221293
1985,Other,7200,295,459929.2,0.008989153258335788
1985,Other,7210,154,229827.76,0.004491902139851124
1985,Other,7220,96,134280.11,0.002624457173704535
1985,Other,7240,20,24262.21,0.0004741962982039999
1985,Other,7300,8,10009.51,0.00019563232652078765
1985,Other,7315,99,167387.86,0.0032715364171808496
1985,Other,7320,16,19711.91,0.00038526229690248365
1985,Other,7330,284,456112.97,0.008914566395098883
1985,Other,7340,81,114338.22,0.00223469999918534
1985,Other,7350,17,24661.61,0.000482002429694193
1985,Other,7360,53,86212.38,0.0016849904215385392
1985,Other,7410,54,74163.15,0.0014494924903027371
1985,Other,7420,55,77196.19,0.0015087721824785392
1985,Other,7430,8,12474.66,0.0002438128098534103
1985,Other,7540,6,9525.33,0.0001861691999686552
1985,Other,7610,6,8190.83,0.00016008687028998053
1985,Other,7630,168,259480.61000000002,0.005071456586919156
1985,Other,7700,756,1188692.7,0.023232577660572462
1985,Other,7720,139,206937.98,0.004044529499736973
1985,Other,7730,5,6423.1,0.00012553721375728396
1985,Other,7750,417,656060.18,0.012822463772057447
1985,Other,7800,32,43242.56,0.0008451605141025635
1985,Other,7810,102,153576.65,0.0030016012111250922
1985,Other,7830,4,6172.3,0.00012063541661722279
1985,Other,7840,8,12630.1,0.00024685082958008937
1985,Other,7900,1,449.76,8.79039984734412e-06
1985,Other,7930,6,7381.32,0.00014426528415421137
1985,Other,7940,4,5781.09,0.00011298935577526375
1985,Other,7950,173,284223.81,0.005555053664255524
1985,Other,8030,230,365164.45,0.0071370097953030506
1985,Other,8100,64,93378.55,0.0018250506751716813
1985,Other,8130,78,125930.65,0.0024612699362681115
1985,Other,8140,228,351436.26,0.00686869718573281
1985,Other,8220,72,111850.88,0.002186085820164767
1985,Other,8250,47,72939.45,0.0014255757073669605
1985,Other,8255,113,171233.12,0.0033466906614822516
1985,Other,8256,20,34631.31,0.0006768566838699016
1985,Other,8300,58,87764.89,0.001715333679424968
1985,Other,8310,40,58050.47,0.0011345758685215549
1985,Other,8320,260,377973.25,0.007387353253068662
1985,Other,8330,26,36758.21,0.0007184261907965206
1985,Other,8350,35,59275.88,0.0011585260728014684
1985,Other,8400,2,3416.83,6.678073174671117e-05
1985,Other,8410,17,27287.71,0.0005333286237512687
1985,Other,8420,30,38672.62,0.0007558426559596168
1985,Other,8450,17,19769.7,0.0003863917819771413
1985,Other,8460,30,43465.66,0.0008495209245569003
1985,Other,8500,8,14718.12,0.0002876604406821248
1985,Other,8510,11,14001.97,0.0002736635426683497
1985,Other,8530,24,36378.74,0.0007110095840950094
1985,Other,8540,6,10225.45,0.00019985279731195516
1985,Other,8550,13,22551.23,0.00044075580031443915
1985,Other,8600,34,48727.99,0.0009523712999319322
1985,Other,8610,57,81653.35,0.001595885795480114
1985,Other,8620,24,25960.45,0.0005073877973074189
1985,Other,8630,23,27399.33,0.0005355101971036357
1985,Other,8640,30,45965.91,0.0008983874249533832
1985,Other,8650,57,78726.96,0.00153869053976758
1985,Other,8710,63,98394.79,0.0019230913086878709
1985,Other,8720,20,36046.78,0.0007045215435104213
1985,Other,8730,58,77963.3,0.0015237650756368818
1985,Other,8740,379,599711.73,0.011721153281400032
1985,Other,8750,14,20144.83,0.00039372356491634044
1985,Other,8760,18,27524.61,0.000537958750316183
1985,Other,8800,148,227868.24,0.00445360401572077
1985,Other,8810,69,110162.28,0.0021530827314458385
1985,Other,8830,29,43597.03,0.0008520885046617242
1985,Other,8850,7,10906.119999999999,0.00021315625129650624
1985,Other,8910,10,16122.6,0.00031511050466646726
1985,Other,8920,11,14152.23,0.0002766003211303337
1985,Other,8930,4,6108.82,0.00011939472250856615
1985,Other,8950,172,270752.58,0.005291763246842821
1985,Other,8965,466,699497.96,0.013671439791892396
1985,Other,9000,28,45723.97,0.000893658793374171
1985,Other,9030,36,61125.45,0.0011946752631377638
1985,Other,9040,21,27857.51,0.0005444651628677235
1985,Other,9050,24,35321.76,0.0006903512844893403
1985,Other,9120,103,168711.96,0.0032974154825443068
1985,Other,9130,958,1468123.32,0.02869395012453385
1985,Other,9140,25,44267.6,0.0008651945577247657
1985,Other,9200,41,63386.33,0.0012388633616944684
1985,Other,9240,17,30855.93,0.0006030682194095981
1985,Other,9260,22,36370.33,0.0007108452136247228
1985,Other,9300,6,12899.04,0.0002521071665930401
1985,Other,9310,9,14792.25,0.00028910928526742276
1985,Other,9350,13,16656.56,0.00032554656368124823
1985,Other,9360,53,85850.54000000001,0.0016779183869406137
1985,Other,9420,4,5181.23,0.00010126530460924665
1985,Other,9510,44,70408.17,0.001376102736614592
1985,Other,9520,25,34652.46,0.0006772700531263302
1985,Other,9560,12,16868.51,0.0003296890513360965
1985,Other,9600,159,249929.55,0.0048847845032167925
1985,Other,9610,31,46498.33,0.0009087933852137953
1985,Other,9620,549,908167.53,0.017749812604666685
1985,Other,9630,27,33864.28,0.0006618653542832145
1985,Other,9640,79,115453.98,0.0022565071330649038
1985,Other,9720,19,46435.25,0.0009075605089634162
1985,Other,9750,34,44508.08,0.0008698946541212645
1985,Tech,1006,172,297075.51,0.4577583069873329
1985,Tech,1010,227,351903.45,0.5422416930126672
1986,Finance,120,245,373619.84,0.16695896414399422
1986,Finance,800,520,853313.2,0.3813188506327634
1986,Finance,860,34,60396.67,0.026989373639651072
1986,Finance,910,290,476852.35,0.2130903284087627
1986,Finance,4810,190,288032.21,0.12871254219718475
1986,Finance,4820,114,185580.16,0.08292994097764378
1986,Healthcare,350,81,128715.01000000001,0.05255781274224637
1986,Healthcare,3000,2,3912.6800000000003,0.0015976528515231638
1986,Healthcare,3010,12,17950.18,0.0073295429890392425
1986,Healthcare,3030,23,40685.36,0.016612930630474882
1986,Healthcare,3040,3,4895.12,0.001998809620655936
1986,Healthcare,3050,57,89144.51,0.03640010954106525
1986,Healthcare,3060,140,230265.69,0.09402369635044236
1986,Healthcare,3150,9,15749.74,0.006431043944751023
1986,Healthcare,3160,32,56232.63,0.02296130060933861
1986,Healthcare,3220,29,45437.29,0.01855327190927572
1986,Healthcare,3230,26,41685.37,0.01702126170484122
1986,Healthcare,3245,15,27451.96,0.011209376226499439
1986,Healthcare,3250,7,9010.33,0.003679160937685859
1986,Healthcare,3255,609,962757.52,0.3931198812970571
1986,Healthcare,3300,107,161889.82,0.066103983089742
1986,Healthcare,3310,18,26273.87,0.01072833028155865
1986,Healthcare,3320,47,77676.05,0.031717227776755536
1986,Healthcare,3400,106,168446.94,0.06878143216960018
1986,Healthcare,3500,148,229959.65,0.0938987319580872
1986,Healthcare,3510,50,84607.76,0.034547632064208536
1986,Healthcare,3520,21,26270.15,0.010726811305151773
1986,Other,10,16,20792.48,0.0003954660653086383
1986,Other,50,215,380402.97000000003,0.00723513817387921
1986,Other,136,72,118749.84,0.0022585825250682145
1986,Other,150,59,95056.37,0.0018079405932540076
1986,Other,205,41,70896.29,0.0013484238941809808
1986,Other,230,274,413469.25,0.00786404783958497
1986,Other,410,127,196943.7,0.003745803777439001
1986,Other,430,2824,4395975.97,0.08361000323420893
1986,Other,500,5,10548.94,0.0002006373359491945
1986,Other,510,8,6568.99,0.0001249400085199934
1986,Other,520,84,139783.28,0.0026586315695643656
1986,Other,530,127,182982.41,0.003480264677584975
1986,Other,540,102,156220.11,0.0029712546181976684
1986,Other,565,102,162724.82,0.003094972042462295
1986,Other,630,184,277439.68,0.005276810587774412
1986,Other,710,44,63271.18,0.0012033968339531702
1986,Other,735,53,81085.72,0.0015422234693080363
1986,Other,740,116,180101.46,0.0034254699652249807
1986,Other,1200,5,6939.8099999999995,0.00013199288178656615
1986,Other,1220,119,203138.96,0.0038636355654587074
1986,Other,1240,16,26685.260000000002,0.0005075447841689877
1986,Other,1300,41,57463.36,0.0010929340260812464
1986,Other,1310,9,14761.91,0.0002807666264024417
1986,Other,1320,34,66509.56,0.0012649897462259816
1986,Other,1340,2,4531.68,8.619104882331738e-05
1986,Other,1350,33,57899.5,0.001101229264057847
1986,Other,1360,143,210089.6,0.003995834430249095
1986,Other,1410,281,464130.45,0.008827607041171985
1986,Other,1430,91,153657.98,0.002922523756371219
1986,Other,1440,5,6100.36,0.00011602682153192908
1986,Other,1450,14,25775.1,0.0004902338431941107
1986,Other,1460,125,217805.17,0.004142582009639018
1986,Other,1520,12,19510.2,0.00037107752549886283
1986,Other,1530,100,156708.95,0.0029805521926748587
1986,Other,1540,124,200453.92,0.0038125669962454007
1986,Other,1550,264,431821.24,0.008213096595475729
1986,Other,1560,31,50872.11,0.000967570639752845
1986,Other,1600,22,33070.69,0.0006289935424413891
1986,Other,1610,34,43827.78,0.0008335898222728905
1986,Other,1640,18,15089.99,0.0002870065990611365
1986,Other,1650,20,35533.62,0.0006758376532079068
1986,Other,1700,20,35629.58,0.000677662780543704
1986,Other,1710,4,4572.12,8.696020419492679e-05
1986,Other,1720,60,102908.67,0.0019572887318417575
1986,Other,1740,28,39048.44,0.0007426883624868436
1986,Other,1820,58,80712.42,0.0015351234272649654
1986,Other,1840,4,4465.450000000001,8.493137621546151e-05
1986,Other,1860,9,16293.45,0.00030989600864365544
1986,Other,1900,19,28315.12,0.0005385441801623439
1986,Other,1920,42,52031.85,0.0009896285094529017
1986,Other,1965,106,170641.11,0.0032455372496017084
1986,Other,2000,89,138759.82,0.002639165700211562
1986,Other,2010,237,349706.62,0.0066513037898212795
1986,Other,2016,21,36237.11,0.000689217799409032
1986,Other,2040,154,249339.78,0.004742359820546732
1986,Other,2060,23,35998.4,0.000684677614474391
1986,Other,2100,214,319729.19,0.006081143025440834
1986,Other,2145,79,123581.94,0.002350487462534927
1986,Other,2200,298,493876.81,0.009393372930880875
1986,Other,2300,106,169515.08,0.0032241205329080055
1986,Other,2310,615,914269.57,0.017389103631664942
1986,Other,2320,616,930612.2,0.017699935027578027
1986,Other,2330,88,127906.11,0.0024327317400634207
1986,Other,2340,106,161745.93,0.003076353879709705
1986,Other,2400,7,11972.119999999999,0.00022770574697211947
1986,Other,2430,77,121302.28,0.0023071290863122982
1986,Other,2540,73,106110.61,0.0020181885674147313
1986,Other,2600,38,61470.18,0.0011691424119880723
1986,Other,2630,141,226926.87,0.004316073714713439
1986,Other,2710,23,35368.44,0.0006726959844571045
1986,Other,2720,10,15470.67,0.0002942470062536259
1986,Other,2740,4,6911.52,0.00013145481538046256
1986,Other,2750,13,21714.38,0.00041300029718516456
1986,Other,2800,12,17983.32,0.00034203677491026285
1986,Other,2825,74,101771.15,0.0019356534791633911
1986,Other,2830,127,185207.18,0.00352257906423422
1986,Other,2840,17,27590.21,0.0005247566326738824
1986,Other,2850,5,7646.54,0.00014543465171182635
1986,Other,2860,18,27685.82,0.0005265751031258996
1986,Other,2900,8,9518.48,0.00018103832892079095
1986,Other,2910,30,41437.090000000004,0.0007881196923185654
1986,Other,3600,416,666847.54,0.012683218779315638
1986,Other,3640,35,64216.56,0.0012213776476329948
1986,Other,3645,120,187302.64,0.0035624340176217736
1986,Other,3710,83,129747.65,0.0024677572193669223
1986,Other,3720,26,40156.74,0.0007637678604679195
1986,Other,3730,19,30156.0,0.0005735571064850031
1986,Other,3740,103,147917.37,0.002813339260381735
1986,Other,3750,9,15294.71,0.00029090030548239955
1986,Other,3800,132,223817.72,0.004256938714128884
1986,Other,3850,245,394949.1,0.00751180073633294
1986,Other,3930,226,391414.66,0.007444576861168964
1986,Other,3940,6,15240.74,0.00028987381400352323
1986,Other,3955,2,1745.13,3.3191793117130044e-05
1986,Other,4010,62,95312.81,0.0018128179969012757
1986,Other,4020,336,498103.91,0.009473770969242153
1986,Other,4030,18,31385.83,0.0005969480647111755
1986,Other,4040,84,128684.72,0.002447540643720414
1986,Other,4060,19,28562.77,0.0005432544009283941
1986,Other,4110,183,284856.33,0.005417872808022854
1986,Other,4130,31,46562.62,0.0008856055709497525
1986,Other,4140,104,177281.41,0.003371833550642708
1986,Other,4200,89,137268.38,0.0026107990066548572
1986,Other,4210,18,26714.64,0.000508103582013149
1986,Other,4220,609,913948.6900000001,0.01738300060061544
1986,Other,4230,263,378445.25,0.007197902989554106
1986,Other,4240,10,17962.71,0.0003416447795539604
1986,Other,4250,138,226571.46,0.004309313934529865
1986,Other,4320,11,13948.94,0.00026530420695493166
1986,Other,4350,13,19496.329999999998,0.00037081372270449526
1986,Other,4410,2,2966.95,5.6430403803079977e-05
1986,Other,4420,2,2815.44,5.354873391305668e-05
1986,Other,4430,36,40560.97,0.0007714561808404635
1986,Other,4465,11,13500.63,0.0002567774996194663
1986,Other,4500,8,13510.99,0.0002569745433793544
1986,Other,4510,88,128813.08,0.00244998200829756
1986,Other,4530,9,11888.24,0.00022611037722507208
1986,Other,4540,13,19790.71,0.0003764127325535156
1986,Other,4600,68,109550.24,0.002083609187861044
1986,Other,4620,20,27494.45,0.0005229353092716738
1986,Other,4650,23,40383.64,0.0007680834231241554
1986,Other,4700,1145,1773030.18,0.03372244527627617
1986,Other,4720,286,449494.32,0.008549232708603399
1986,Other,4740,24,35771.81,0.0006803679479152174
1986,Other,4750,56,75788.01,0.0014414627842504468
1986,Other,4760,538,864345.96,0.0164395731469559
1986,Other,4800,51,75730.31,0.0014403653494101437
1986,Other,4840,157,260479.38,0.004954231313563058
1986,Other,4850,614,984209.19,0.018719331980115023
1986,Other,4900,1,1783.82,3.3927664069839444e-05
1986,Other,4920,143,236406.88999999998,0.004496380547205147
1986,Other,4930,15,28605.71,0.0005440711054698606
1986,Other,4950,32,51166.35,0.0009731669868483532
1986,Other,4965,3,4348.71,8.271102017981157e-05
1986,Other,5000,396,612937.58,0.011657869241302563
1986,Other,5010,1,3239.45,6.161326331751038e-05
1986,Other,5020,71,112891.89,0.0021471662612423154
1986,Other,5030,2,2912.48,5.539440249023219e-05
1986,Other,5100,51,83707.0,0.0015920793444933066
1986,Other,5110,103,154179.4,0.002932440991629987
1986,Other,5120,635,968944.76,0.018429007590177935
1986,Other,5140,89,142981.45,0.0027194597009891947
1986,Other,5160,118,189233.05,0.003599149774815357
1986,Other,5240,207,325916.81,0.006198829503197457
1986,Other,5250,38,55731.58,0.0010599961455311536
1986,Other,5260,121,185631.3,0.003530645685802147
1986,Other,5300,18,17927.87,0.000340982134322831
1986,Other,5310,52,80197.78,0.0015253351453548497
1986,Other,5320,25,46903.88,0.0008920962228319341
1986,Other,5350,87,135944.43,0.0025856179172819025
1986,Other,5360,31,47018.45,0.000894275306188148
1986,Other,5400,218,338672.29,0.006441434497249298
1986,Other,5410,36,57415.03,0.0010920148055295678
1986,Other,5510,34,53401.2,0.0010156730917504624
1986,Other,5520,106,161272.43,0.0030673480669387585
1986,Other,5530,21,30012.65,0.0005708306370853936
1986,Other,5540,133,197746.14,0.0037610659197830727
1986,Other,5550,160,254396.84,0.004838543422513871
1986,Other,5600,92,155072.31,0.0029494238433328494
1986,Other,5610,183,284652.1,0.005413988421238882
1986,Other,5620,360,606517.06,0.011535753082882048
1986,Other,5630,25,38943.69,0.0007406960522698287
1986,Other,5700,1447,2258737.91,0.04296044501815836
1986,Other,5800,313,533710.91,0.01015100428568371
1986,Other,5810,128,201507.95,0.003832614296847217
1986,Other,5820,249,392733.64,0.007469663422792243
1986,Other,5850,55,89679.84,0.0017056807779691617
1986,Other,5860,244,391920.08,0.007454189781740647
1986,Other,5900,14,21334.53,0.00040577567631706765
1986,Other,5910,10,13748.13,0.00026148486743532515
1986,Other,5940,363,557969.07,0.01061238643378857
1986,Other,6005,14,20535.66,0.00039058143418755205
1986,Other,6050,168,233035.32,0.004432254405359026
1986,Other,6100,4,6020.290000000001,0.00011450391671974399
1986,Other,6120,2,640.47,1.2181526727366028e-05
1986,Other,6130,10,15041.58,0.00028608585693602246
1986,Other,6200,238,381664.23,0.007259126920268826
1986,Other,6210,14,16318.15,0.0003103657944418442
1986,Other,6220,26,32091.95,0.0006103782326389904
1986,Other,6230,267,403156.24,0.007667897813893536
1986,Other,6240,25,38804.39,0.0007380466125253876
1986,Other,6250,16,24003.5,0.0004565385994665331
1986,Other,6260,152,246739.86000000002,0.004692910205468722
1986,Other,6300,44,59265.82,0.001127216216761541
1986,Other,6320,73,108010.16,0.0020543173776555986
1986,Other,6330,32,58733.5,0.0011170916671221956
1986,Other,6355,264,420992.5,0.00800713755643612
1986,Other,6360,14,26035.14,0.000495179717645973
1986,Other,6400,9,15984.25,0.00030401512731572197
1986,Other,6420,88,155427.57,0.0029561807705662316
1986,Other,6440,168,260832.6,0.004960949440673837
1986,Other,6460,7,11079.07,0.0002107202325157449
1986,Other,6515,22,39700.21,0.000755084811461964
1986,Other,6520,71,123131.61,0.0023419223354702173
1986,Other,6530,16,28895.23,0.0005495776797326786
1986,Other,6600,15,31966.48,0.0006079918349021992
1986,Other,6660,31,48851.62,0.0009291415908709679
1986,Other,6700,8,13423.35,0.0002553076596808418
1986,Other,6730,57,102541.68,0.0019503087039034058
1986,Other,6800,8,16185.69,0.00030784644922613244
1986,Other,6820,2,4915.63,9.349365032997997e-05
1986,Other,6830,4,5031.42,9.569593768108417e-05
1986,Other,6840,11,13390.45,0.0002546819126055216
1986,Other,6940,17,25219.55,0.0004796674666684527
1986,Other,7000,165,265337.39,0.005046629050626171
1986,Other,7010,88,153549.71,0.002920464496923045
1986,Other,7020,203,335428.84,0.0063797451552600176
1986,Other,7040,23,33192.1,0.0006313027203263321
1986,Other,7140,54,83541.37,0.00158892911689193
1986,Other,7150,58,91883.55,0.0017475946104115302
1986,Other,7200,270,436995.92,0.008311517290786307
1986,Other,7210,131,183599.43,0.0034920001930990804
1986,Other,7220,92,126760.83,0.0024109488947618176
1986,Other,7240,20,24902.76,0.00047364222606083284
1986,Other,7300,10,16213.61,0.0003083774783550972
1986,Other,7315,85,136799.67,0.0026018842980933578
1986,Other,7320,12,17853.78,0.0003395729671249442
1986,Other,7330,293,472094.52,0.00897908100804571
1986,Other,7340,90,138472.07,0.002633692790761003
1986,Other,7350,23,30347.06,0.0005771910042421667
1986,Other,7360,45,83827.72,0.0015943753988073692
1986,Other,7410,56,79529.08,0.0015126166934014567
1986,Other,7420,27,38258.43,0.0007276626346153017
1986,Other,7430,8,13692.09,0.0002604190052438071
1986,Other,7540,4,7583.3,0.00014423184791111966
1986,Other,7610,3,3435.48,6.534168882435e-05
1986,Other,7630,170,262734.09,0.004997115149070514
1986,Other,7700,699,1077847.85,0.020500308199929755
1986,Other,7720,146,242326.5,0.004608969563756404
1986,Other,7730,3,3353.23,6.377732113604944e-05
1986,Other,7750,394,640700.78,0.012185916086333883
1986,Other,7800,30,46097.03,0.0008767502037522344
1986,Other,7810,105,166021.49,0.0031576736111794956
1986,Other,7830,2,3042.54,5.7868100502881064e-05
1986,Other,7840,8,10382.23,0.00019746656710643962
1986,Other,7900,3,4383.1,8.336510656036668e-05
1986,Other,7930,8,10644.13,0.00020244781814067567
1986,Other,7940,5,7027.4400000000005,0.00013365957528839933
1986,Other,7950,153,251088.3,0.004775616090338188
1986,Other,8030,190,310247.55,0.005900805381087058
1986,Other,8100,61,93931.18,0.0017865398530813766
1986,Other,8130,69,116524.29,0.002216253303077974
1986,Other,8140,219,353128.09,0.006716379013097751
1986,Other,8220,84,141224.8,0.0026860488012973626
1986,Other,8250,35,58956.02,0.0011213239236328417
1986,Other,8255,120,195179.41,0.0037122475674840854
1986,Other,8256,26,46684.92,0.0008879316763391647
1986,Other,8300,51,69749.05,0.0013266037703302098
1986,Other,8310,45,77944.81999999999,0.001482484594266295
1986,Other,8320,231,337793.06,0.006424711834603894
1986,Other,8330,32,41764.65,0.0007943497747499299
1986,Other,8350,44,63688.56,0.0012113352629591627
1986,Other,8400,3,4085.98,7.771398282118295e-05
1986,Other,8410,24,33496.66,0.0006370953503950108
1986,Other,8420,34,45816.14,0.0008714077692237634
1986,Other,8450,16,21231.75,0.00040382083484590014
1986,Other,8460,42,61783.72,0.0011751058386748779
1986,Other,8500,12,18994.53,0.00036126965333076617
1986,Other,8510,14,22899.44,0.0004355397448775348
1986,Other,8530,26,37246.13,0.0007084090247567405
1986,Other,8540,6,8020.55,0.00015254819771913687
1986,Other,8550,16,20612.44,0.0003920417642922051
1986,Other,8600,26,39074.020000000004,0.0007431748855928221
1986,Other,8610,63,87561.26,0.0016653860898587691
1986,Other,8620,20,28323.8,0.0005387092708800878
1986,Other,8630,18,25279.65,0.00048081054871181885
1986,Other,8640,28,39403.82,0.0007494475720803785
1986,Other,8650,60,88221.21,0.0016779381197176623
1986,Other,8710,93,153518.59,0.002919872604856663
1986,Other,8720,21,31385.25,0.0005969370333037686
1986,Other,8730,41,65191.89,0.0012399281003677082
1986,Other,8740,424,683163.55,0.012993543871668085
1986,Other,8750,11,14885.66,0.00028312031031037114
1986,Other,8760,18,33691.91,0.000640808940560855
1986,Other,8800,136,203222.32,0.003865221044978425
1986,Other,8810,85,139981.95,0.0026624102069945743
1986,Other,8830,26,36799.13,0.0006999072331862803
1986,Other,8850,3,3817.1000000000004,7.259997450470572e-05
1986,Other,8910,12,22758.46,0.0004328583520909498
1986,Other,8920,9,16723.91,0.00031808321490634064
1986,Other,8930,6,11191.3,0.0002128548098489725
1986,Other,8950,153,221910.24,0.004220659077921229
1986,Other,8965,398,633051.42,0.012040427799158458
1986,Other,9000,35,46262.79,0.0008799029039104436
1986,Other,9030,45,64308.64,0.0012231289786571737
1986,Other,9040,20,29351.88,0.0005582630110987874
1986,Other,9050,17,22398.14,0.0004260051853377771
1986,Other,9120,100,162254.94,0.003086035080889302
1986,Other,9130,963,1524675.26,0.028998817165899648
1986,Other,9140,42,66646.25,0.0012675895446370917
1986,Other,9150,2,6117.78,0.00011635814414749377
1986,Other,9200,35,55213.72,0.0010501466202902621
1986,Other,9240,20,33315.61,0.0006336518395139553
1986,Other,9260,21,27892.17,0.0005304998116059096
1986,Other,9300,9,15147.92,0.0002881084084250666
1986,Other,9310,15,28003.01,0.0005326079516006966
1986,Other,9350,5,5500.53,0.00010461825410976105
1986,Other,9360,49,79860.86,0.0015189270388315402
1986,Other,9420,3,2670.82,5.079810953515971e-05
1986,Other,9510,32,52091.7,0.0009907668365792823
1986,Other,9520,38,59120.46,0.0011244515178293662
1986,Other,9560,7,5922.139999999999,0.00011263713631115187
1986,Other,9600,157,266095.52,0.0050610484314836945
1986,Other,9610,43,76379.87,0.0014527197649191104
1986,Other,9620,582,964182.18,0.01833842490002661
1986,Other,9630,32,48248.45,0.0009176694977578706
1986,Other,9640,85,132947.86,0.0025286241509143545
1986,Other,9720,22,44611.88,0.0008485031439068901
1986,Other,9750,35,51693.71,0.000983197198934702
1986,Tech,1006,196,329801.29,0.5021205374763688
1986,Tech,1010,195,327015.68,0.4978794625236312
1987,Finance,120,296,458174.17,0.18707574269265637
1987,Finance,800,574,936525.48,0.3823899538500752
1987,Finance,860,48,86562.67,0.03534414823015737
1987,Finance,910,294,467272.0,0.19079045080058293
1987,Finance,4810,176,274091.86,0.11191363815972338
1987,Finance,4820,138,226511.07,0.09248606626680478
1987,Healthcare,350,105,163626.47,0.06547391819032092
1987,Healthcare,3010,6,11155.21,0.004463674532218716
1987,Healthcare,3030,32,50491.409999999996,0.020203763166521598
1987,Healthcare,3040,3,3504.13,0.001402151625884548
1987,Healthcare,3050,69,111556.95,0.04463868601370989
1987,Healthcare,3060,146,243112.46,0.09727964746222091
1987,Healthcare,3120,1,835.03,0.0003341310602524376
1987,Healthcare,3150,14,21652.89,0.008664243312491052
1987,Healthcare,3160,23,41025.55,0.016416069505214653
1987,Healthcare,3220,24,35970.08,0.014393160686160977
1987,Healthcare,3230,27,41164.14,0.01647152526565486
1987,Healthcare,3245,24,34459.42,0.013788681293227852
1987,Healthcare,3250,13,19544.35,0.007820526672628203
1987,Healthcare,3255,584,927329.06,0.37106384443756074
1987,Healthcare,3300,87,131313.93,0.05254429500355002
1987,Healthcare,3310,16,24813.93,0.009929110019915175
1987,Healthcare,3320,49,76553.24,0.030632211114522016
1987,Healthcare,3400,127,212177.01,0.0849010566237046
1987,Healthcare,3500,145,230995.02,0.0924309437333186
1987,Healthcare,3510,48,85557.57,0.03423522696995575
1987,Healthcare,3520,22,32271.33,0.01291313331096643
1987,Other,10,16,24960.27,0.00046061972897286596
1987,Other,50,210,329375.01,0.006078324787217246
1987,Other,136,64,101571.09,0.0018744047218751468
1987,Other,150,50,77738.54,0.0014345960690948572
1987,Other,205,31,47244.58,0.0008718569805149097
1987,Other,230,275,424372.33,0.007831416392057602
1987,Other,410,122,199280.58000000002,0.0036775470277026464
1987,Other,430,2894,4580139.65,0.08452243041605229
1987,Other,500,9,15855.31,0.00029259573694438284
1987,Other,510,10,15590.71,0.00028771277773415716
1987,Other,520,78,130237.79,0.0024034233416475475
1987,Other,530,122,175619.15,0.0032408962433276996
1987,Other,540,137,211140.13,0.0038964045443376887
1987,Other,565,114,174915.47,0.0032279104506706645
1987,Other,630,172,249024.71,0.004595530994967063
1987,Other,710,49,74753.72,0.0013795138532601413
1987,Other,735,44,66061.62,0.0012191088277453913
1987,Other,740,152,253876.68,0.004685069814314148
1987,Other,1200,4,7029.45,0.00012972228881451652
1987,Other,1220,109,177070.74,0.003267684054211946
1987,Other,1240,15,24237.27,0.0004472774027861948
1987,Other,1300,46,67132.68,0.001238874293700434
1987,Other,1310,10,16354.32,0.00030180452558948765
1987,Other,1320,43,87160.54000000001,0.00160847075419972
1987,Other,1340,1,1750.12,3.229691826530691e-05
1987,Other,1350,46,71120.01,0.0013124569458081788
1987,Other,1360,109,171917.09,0.0031725779970170113
1987,Other,1410,314,530109.73,0.009782706683801061
1987,Other,1430,105,180291.04,0.003327111845386133
1987,Other,1440,3,3625.13,6.689857113290063e-05
1987,Other,1450,13,20563.06,0.0003794731036183816
1987,Other,1460,155,262630.63,0.0048466162269307595
1987,Other,1520,12,25965.65,0.0004791731285600796
1987,Other,1530,124,199997.92,0.003690784903590263
1987,Other,1540,130,217927.04,0.0040216509717506625
1987,Other,1550,323,514620.89,0.009496873826908725
1987,Other,1560,26,37283.06,0.0006880259305079271
1987,Other,1600,22,22281.92,0.0004111931462037502
1987,Other,1610,46,71860.61,0.0013261240644442075
1987,Other,1640,16,18691.91,0.00034494268364024917
1987,Other,1650,10,18633.350000000002,0.0003438620105814782
1987,Other,1700,23,32069.1,0.0005918069055504501
1987,Other,1710,5,8924.62,0.00016469597666955602
1987,Other,1720,53,85643.16,0.001580468846994836
1987,Other,1740,21,32293.14,0.0005959413657978385
1987,Other,1820,56,92546.8,0.0017078694234199403
1987,Other,1840,3,6035.09,0.00011137225359048013
1987,Other,1860,3,3578.0,6.60288286250475e-05
1987,Other,1900,35,54511.47,0.0010059610147371207
1987,Other,1920,43,64371.05,0.001187910852114132
1987,Other,1965,77,116454.92,0.002149072653779658
1987,Other,2000,89,124872.91,0.0023044192214368305
1987,Other,2010,218,323710.0,0.005973782033039163
1987,Other,2016,30,47599.47,0.0008784061618985718
1987,Other,2040,171,273400.6,0.005045366507374276
1987,Other,2060,21,34540.93,0.0006374223441922197
1987,Other,2100,228,342216.68,0.00631530646069109
1987,Other,2145,91,144801.01,0.0026721746992799857
1987,Other,2200,277,437704.31,0.008077446303363517
1987,Other,2300,114,172597.09,0.0031851267961967296
1987,Other,2310,640,948633.88,0.017506200081172128
1987,Other,2320,603,909535.42,0.01678467254767764
1987,Other,2330,107,158739.63,0.002929399615783524
1987,Other,2340,107,166682.14,0.0030759716201554433
1987,Other,2400,14,15097.7,0.0002786147137876969
1987,Other,2430,87,133754.52,0.0024683214865582693
1987,Other,2540,79,103529.96,0.0019105539369474631
1987,Other,2600,47,69389.97,0.0012805305862010027
1987,Other,2630,144,223437.89,0.004123348839338238
1987,Other,2710,32,56523.13,0.0010430844226163446
1987,Other,2720,12,15403.44,0.0002842568753482956
1987,Other,2740,2,1483.76,2.7381479810145467e-05
1987,Other,2750,8,11347.74,0.00020941251529949594
1987,Other,2800,21,29098.19,0.0005369813864754251
1987,Other,2825,52,84374.2,0.001557051311396166
1987,Other,2830,95,141088.05,0.0026036553031000926
1987,Other,2840,32,48773.1,0.0009000644665769435
1987,Other,2850,10,20027.62,0.0003695920315113398
1987,Other,2860,8,16072.84,0.00029661006089374187
1987,Other,2900,8,9356.130000000001,0.00017265911245490937
1987,Other,2910,31,51460.81,0.0009496637798759448
1987,Other,3600,420,647464.97,0.011948393947694667
1987,Other,3640,39,66808.59,0.0012328934991031476
1987,Other,3645,107,172130.94,0.0031765244098178685
1987,Other,3710,99,162820.66,0.003004711418601768
1987,Other,3720,20,31210.34,0.0005759592485157811
1987,Other,3730,31,47881.33,0.0008836076391585651
1987,Other,3740,100,151422.94,0.002794376566562563
1987,Other,3750,7,9240.01,0.00017051622045380805
1987,Other,3800,145,252431.74,0.004658404723304233
1987,Other,3850,236,368755.03,0.006805048261736795
1987,Other,3930,189,310851.1,0.005736482395139044
1987,Other,3955,1,462.8,8.540565088784791e-06
1987,Other,4010,92,157016.46,0.0028976000359562954
1987,Other,4020,337,508823.22,0.00938988294964361
1987,Other,4030,26,25965.37,0.0004791679614074761
1987,Other,4040,68,107572.42,0.001985153964494587
1987,Other,4060,17,17970.670000000002,0.0003316328366985138
1987,Other,4110,230,371642.77,0.006858338951947441
1987,Other,4130,44,69659.5,0.0012855045242052812
1987,Other,4140,109,181691.76,0.0033529608953670378
1987,Other,4200,90,136009.96,0.002509943638943422
1987,Other,4210,29,43695.43,0.000806360553149178
1987,Other,4220,599,903935.03,0.01668132229850396
1987,Other,4230,216,319607.88,0.005898081032905183
1987,Other,4240,16,31645.71,0.0005839936171905958
1987,Other,4250,122,184009.96,0.0033957412281000123
1987,Other,4320,12,18333.11,0.00033832134666130366
1987,Other,4350,8,11701.289999999999,0.00021593696816712743
1987,Other,4410,1,775.85,1.4317626240565429e-05
1987,Other,4430,35,32791.28,0.0006051340993616399
1987,Other,4465,12,16627.31,0.00030684231483665137
1987,Other,4500,8,11380.51,0.00021001725669525973
1987,Other,4510,95,154718.44,0.002855192107293095
1987,Other,4530,11,20985.34,0.0003872659079089867
1987,Other,4540,6,6537.14,0.00012063714274956484
1987,Other,4600,80,127101.59,0.0023455475416660288
1987,Other,4620,17,21346.8,0.0003939363328376646
1987,Other,4650,43,55391.28,0.0010221971309228677
1987,Other,4700,1216,1904647.64,0.03514858932718311
1987,Other,4720,300,475411.77999999997,0.008773304345430067
1987,Other,4740,24,41698.11,0.0007695017772997147
1987,Other,4750,67,113185.93,0.0020887463316759704
1987,Other,4760,555,887960.3,0.016386522770974223
1987,Other,4800,69,107570.17,0.001985112442732595
1987,Other,4840,133,222608.97,0.0041080518531381605
1987,Other,4850,613,1019792.68,0.018819372862157045
1987,Other,4900,1,725.94,1.3396581289006982e-05
1987,Other,4920,160,252143.39,0.00465308347882854
1987,Other,4930,17,28978.76,0.0005347774113489048
1987,Other,4950,31,53573.71,0.0009886554825036314
1987,Other,4965,3,1551.7299999999998,2.8635806104624074e-05
1987,Other,5000,402,665325.22,0.012277989080855792
1987,Other,5020,82,126842.15,0.0023407598056966374
1987,Other,5030,1,1133.15,2.09112820448498e-05
1987,Other,5100,42,67424.03,0.0012442509005254503
1987,Other,5110,76,112995.77,0.0020852370968935953
1987,Other,5120,640,970077.6,0.01790192498697523
1987,Other,5140,69,101774.85,0.0018781649326411168
1987,Other,5160,132,196547.07,0.003627102515870658
1987,Other,5240,222,347688.91,0.0064162916303017225
1987,Other,5250,32,48296.53,0.0008912697883047694
1987,Other,5260,122,190899.37,0.0035228792024481646
1987,Other,5300,25,31705.42,0.0005850955124832737
1987,Other,5310,50,73644.0,0.0013590349511634985
1987,Other,5320,18,28140.77,0.0005193130463127104
1987,Other,5350,106,177379.46,0.003273381209039538
1987,Other,5360,22,35652.5,0.0006579353864042778
1987,Other,5400,225,356249.56,0.0065742708622103345
1987,Other,5410,48,72396.51,0.0013360136254448119
1987,Other,5510,38,58331.64,0.0010764588767406276
1987,Other,5520,72,114623.53,0.00211527596947121
1987,Other,5530,19,30910.829999999998,0.0005704320561006084
1987,Other,5540,144,243094.59,0.00448609586997937
1987,Other,5550,160,248549.89,0.004586768611398661
1987,Other,5600,88,143830.3,0.0026542611039097734
1987,Other,5610,196,327265.83,0.006039401733902719
1987,Other,5620,348,570573.19,0.010529424086237188
1987,Other,5630,36,53407.93,0.0009855961590800818
1987,Other,5700,1468,2303032.64,0.0425004325054362
1987,Other,5800,349,586036.74,0.01081479023852474
1987,Other,5810,128,200900.41,0.0037074395591368864
1987,Other,5820,234,377453.5,0.006965570839973271
1987,Other,5850,40,63214.68,0.0011665710654855275
1987,Other,5860,254,403989.55,0.007455270196551162
1987,Other,5900,14,22872.29,0.0004220879029268831
1987,Other,5910,5,6768.38,0.00012490447263532672
1987,Other,5940,335,539079.44,0.009948234756580932
1987,Other,6005,16,27965.92,0.0005160863440530431
1987,Other,6010,1,2657.42,4.904033811201054e-05
1987,Other,6050,187,278036.48,0.005130917576699677
1987,Other,6100,5,3806.56,7.024670147874813e-05
1987,Other,6120,1,412.79,7.617674725582269e-06
1987,Other,6130,14,20278.72,0.0003742258601496152
1987,Other,6200,249,392907.9,0.007250768137095389
1987,Other,6210,4,4658.38,8.596628694531827e-05
1987,Other,6220,23,36616.17,0.0006757190647947471
1987,Other,6230,310,476617.44,0.008795553735458038
1987,Other,6240,34,54834.39,0.0010119202180181716
1987,Other,6250,13,18518.54,0.00034174329347291425
1987,Other,6260,172,298119.39,0.0055015299363090275
1987,Other,6300,32,47733.96,0.0008808880560186898
1987,Other,6320,81,125006.3,0.002306880816028864
1987,Other,6330,23,29016.42,0.0005354723933740638
1987,Other,6355,246,390043.43,0.007197906874174318
1987,Other,6360,10,14546.99,0.0002684518473226047
1987,Other,6400,9,12677.57,0.00023395335296591487
1987,Other,6420,98,162715.11,0.0030027635866114455
1987,Other,6440,166,267301.45,0.004932812083084602
1987,Other,6460,6,7628.63,0.0001407796263034925
1987,Other,6515,18,26511.829999999998,0.000489252397877695
1987,Other,6520,69,107482.41,0.001983492909473754
1987,Other,6530,16,27383.65,0.0005053410656730804
1987,Other,6600,23,39593.159999999996,0.0007306567848977321
1987,Other,6660,32,54961.41,0.0010142642598884775
1987,Other,6700,7,9965.84,0.00018391077179000654
1987,Other,6730,63,98505.38,0.0018178297525615376
1987,Other,6800,8,8050.01,0.0001485558218893009
1987,Other,6820,5,6450.69,0.00011904178438326093
1987,Other,6830,5,8937.619999999999,0.0001649358801832859
1987,Other,6840,21,27863.88,0.0005142032860114277
1987,Other,6940,15,20817.32,0.0003841652472646098
1987,Other,7000,157,241300.76,0.004452992322284437
1987,Other,7010,91,149551.31,0.0027598372886085388
1987,Other,7020,175,270853.07,0.004998354092117942
1987,Other,7040,31,58008.08,0.0010704878628250546
1987,Other,7140,57,95980.15,0.0017712288641018312
1987,Other,7150,61,94119.97,0.0017369008857810542
1987,Other,7200,261,422879.89,0.007803874730516752
1987,Other,7210,151,241096.38999999998,0.004449220854507438
1987,Other,7220,100,145740.24,0.002689507359064643
1987,Other,7240,19,29765.510000000002,0.0005492961874586746
1987,Other,7300,15,21114.67,0.0003896525787882704
1987,Other,7315,119,197286.49,0.0036407478586492864
1987,Other,7320,12,21853.27,0.0004032827891914175
1987,Other,7330,265,436318.28,0.008051868344353128
1987,Other,7340,82,131251.06,0.0024221223442134785
1987,Other,7350,12,15275.01,0.00028188681317380847
1987,Other,7360,41,68131.79000000001,0.0012573119859775645
1987,Other,7410,50,74194.9,0.0013692013239107145
1987,Other,7420,41,67507.86,0.0012457979091066794
1987,Other,7430,10,14155.619999999999,0.00026122945977118356
1987,Other,7540,8,13024.09,0.00024034807339496782
1987,Other,7610,5,6913.12,0.00012757552144896265
1987,Other,7630,192,303684.95,0.005604237428607077
1987,Other,7700,757,1217536.19,0.022468554621102088
1987,Other,7720,147,247129.63999999998,0.004560559152523668
1987,Other,7730,5,6476.389999999999,0.00011951605517578852
1987,Other,7750,392,615218.81,0.011353319556287217
1987,Other,7800,25,43336.77,0.0007997417997465343
1987,Other,7810,108,179240.22,0.003307719890747851
1987,Other,7830,4,8065.77,0.0001488466587644073
1987,Other,7840,11,17582.92,0.00032447725304860815
1987,Other,7900,3,6553.44,0.00012093794484754926
1987,Other,7930,7,11184.64,0.0002064026489080076
1987,Other,7940,6,9695.63,0.00017892428498654812
1987,Other,7950,172,266458.01,0.004917247143113804
1987,Other,8030,193,315601.69,0.005824150336161365
1987,Other,8100,59,96484.86,0.0017805428412106484
1987,Other,8130,79,129151.71,0.0023833806948635643
1987,Other,8140,261,407896.11,0.007527362309673986
1987,Other,8220,72,120400.34,0.0022218818938673705
1987,Other,8250,41,66720.25,0.0012312632624567705
1987,Other,8255,136,216046.7,0.0039869509584424395
1987,Other,8256,26,42785.44,0.0007895674917292488
1987,Other,8300,58,91549.58,0.0016894666094228832
1987,Other,8310,49,83351.87,0.0015381851145352815
1987,Other,8320,279,421231.09,0.007773447583329223
1987,Other,8330,23,31422.42,0.0005798729975305379
1987,Other,8350,29,41890.18,0.0007730462594444919
1987,Other,8410,25,34852.09,0.0006431645270639272
1987,Other,8420,35,54297.97,0.001002021060877018
1987,Other,8450,18,28037.95,0.0005174155940602713
1987,Other,8460,45,73703.34,0.0013601300184330934
1987,Other,8500,9,12992.68,0.00023976842959756348
1987,Other,8510,9,14912.51,0.00027519719596403214
1987,Other,8530,33,52567.3,0.0009700830751764839
1987,Other,8540,9,11590.23,0.0002138874539952164
1987,Other,8550,16,24227.7,0.00044710079689185673
1987,Other,8600,23,37550.24,0.0006929565013385699
1987,Other,8610,54,76892.31,0.0014189796421391911
1987,Other,8620,30,42792.590000000004,0.0007896994386618003
1987,Other,8630,19,21749.08,0.0004013600547994545
1987,Other,8640,25,35012.17,0.0006461186620237645
1987,Other,8650,72,117110.12,0.0021611637908716453
1987,Other,8710,75,121654.85,0.0022450327674834714
1987,Other,8720,27,37352.57,0.0006893086761417246
1987,Other,8730,55,83614.69,0.0015430352254182428
1987,Other,8740,436,712433.23,0.013147325782688386
1987,Other,8750,16,17823.1,0.00032890956273535046
1987,Other,8760,16,30656.99,0.0005657476631832853
1987,Other,8800,134,196458.47,0.0036254674811540067
1987,Other,8810,80,134144.42,0.002475516746558523
1987,Other,8830,30,47865.45,0.0008833145877894857
1987,Other,8850,9,17556.01,0.0003239806527751873
1987,Other,8910,14,21938.99,0.00040486467605271967
1987,Other,8920,16,24041.6,0.0004436664858222308
1987,Other,8930,6,11286.36,0.00020827980163236196
1987,Other,8950,151,247611.6,0.004569453298483458
1987,Other,8965,426,674899.97,0.01245468263224698
1987,Other,9000,38,62027.49,0.001144662522988219
1987,Other,9030,44,69430.25,0.0012812739180112366
1987,Other,9040,17,29974.41,0.0005531512523831497
1987,Other,9050,13,20391.69,0.0003763106216839281
1987,Other,9120,110,177140.62,0.0032689736278688265
1987,Other,9130,994,1578016.45,0.029120899313738353
1987,Other,9140,54,81640.45,0.0015066023705762321
1987,Other,9150,1,1705.54,3.147423375437773e-05
1987,Other,9200,35,47410.270000000004,0.0008749146430679796
1987,Other,9240,28,42056.49,0.000776115363549755
1987,Other,9260,29,41706.37,0.0007696542083015155
1987,Other,9300,6,10828.15,0.00019982394093804025
1987,Other,9310,6,11325.5,0.0002090020957498534
1987,Other,9350,10,12931.84,0.0002386456811533075
1987,Other,9360,38,63146.76,0.001165317661896871
1987,Other,9420,4,3709.46,6.84548067723501e-05
1987,Other,9510,40,70906.3,0.0013085131165836237
1987,Other,9520,49,70870.94,0.0013078605790262784
1987,Other,9560,5,6248.23,0.0001153055639686642
1987,Other,9600,173,255681.84,0.004718382447148355
1987,Other,9610,40,67700.49,0.0012493527255566636
1987,Other,9620,578,953051.39,0.01758772132509036
1987,Other,9630,38,59604.090000000004,0.0010999408172056757
1987,Other,9640,86,128082.6,0.002363651214435581
1987,Other,9720,19,34210.58,0.0006313260268260138
1987,Other,9750,48,71320.91,0.0013161643778011281
1987,Tech,1006,230,393949.51,0.503500177314847
1987,Tech,1010,230,388472.28,0.49649982268515297
1988,Finance,120,248,430280.4,0.17498600983515786
1988,Finance,800,519,927211.64,0.3770775177217295
1988,Finance,860,41,70512.37,0.028675901273495816
1988,Finance,910,297,519110.26,0.21111124992421534
1988,Finance,4810,178,310771.82,0.12638437807301914
1988,Finance,4820,110,201055.23,0.0817649431723823
1988,Healthcare,350,76,144111.19,0.05412340066502692
1988,Healthcare,3000,3,5657.62,0.0021248151102663823
1988,Healthcare,3010,7,10488.97,0.003939310513454558
1988,Healthcare,3030,36,62175.590000000004,0.023351096949199027
1988,Healthcare,3040,2,3942.58,0.0014807027614852242
1988,Healthcare,3050,59,100387.45,0.03770220881591746
1988,Healthcare,3060,133,234919.02,0.088227820777106
1988,Healthcare,3150,13,26802.15,0.01006600183604168
1988,Healthcare,3160,22,41654.94,0.015644218934682704
1988,Healthcare,3220,19,21736.17,0.00816338715843744
1988,Healthcare,3230,25,39476.979999999996,0.014826249131557752
1988,Healthcare,3245,18,35663.14,0.013393896859729963
1988,Healthcare,3250,10,13745.15,0.005162224117716985
1988,Healthcare,3255,578,991780.69,0.37248005277526924
1988,Healthcare,3300,118,209402.79,0.07864476799854676
1988,Healthcare,3310,15,24109.75,0.009054825369103072
1988,Healthcare,3320,51,82784.94,0.031091287752534787
1988,Healthcare,3400,100,198069.42,0.07438832874913806
1988,Healthcare,3500,154,267983.91,0.10064590079861607
1988,Healthcare,3510,47,94556.59,0.03551233048654083
1988,Healthcare,3520,27,53192.04,0.019977172439629
1988,Other,10,9,17652.07,0.00031358624512407943
1988,Other,50,231,424784.49,0.007546229604009449
1988,Other,136,40,70929.77,0.001260056199743972
1988,Other,150,62,109595.03,0.0019469384577537276
1988,Other,205,26,40712.17,0.0007232452919772691
1988,Other,230,268,463919.09,0.008241449613245352
1988,Other,410,124,267380.19,0.004749966989858013
1988,Other,430,2880,5037768.46,0.08949516374996905
1988,Other,500,5,9329.83,0.0001657429614399892
1988,Other,510,3,2267.67,4.028480062001347e-05
1988,Other,520,65,119012.41,0.0021142367311633957
1988,Other,530,117,215381.93,0.0038262260854549815
1988,Other,540,131,227244.75,0.004036967215553766
1988,Other,565,89,146173.86000000002,0.0025967556152163953
1988,Other,630,203,353344.05,0.0062771014320946485
1988,Other,710,36,71703.35,0.001273798726682914
1988,Other,735,47,82264.45,0.0014614150058716953
1988,Other,740,184,339056.75,0.006023289796407658
1988,Other,1200,5,6590.85,0.00011708541285390546
1988,Other,1220,91,164595.89,0.0029240200785492026
1988,Other,1240,15,31227.07,0.0005547439834266909
1988,Other,1300,50,95811.7,0.0017020797697921413
1988,Other,1310,5,8271.28,0.0001469379873051657
1988,Other,1320,39,85111.67,0.0015119954210208637
1988,Other,1350,54,72727.2,0.0012919872607794977
1988,Other,1360,132,247666.41999999998,0.004399754968744357
1988,Other,1410,243,475682.48,0.00845042438504436
1988,Other,1430,82,141011.61,0.0025050490565016502
1988,Other,1440,3,4057.66,7.208369122659111e-05
1988,Other,1450,8,15988.550000000001,0.0002840340741611947
1988,Other,1460,145,275908.08,0.004901463613422909
1988,Other,1520,12,24593.8,0.0004369049859496696
1988,Other,1530,113,207308.25,0.003682798431047687
1988,Other,1540,90,171465.46,0.003046056908332736
1988,Other,1550,286,473087.68,0.008404328171464427
1988,Other,1560,30,56854.25,0.001010006802422928
1988,Other,1600,13,11960.0,0.00021246751750270593
1988,Other,1610,41,73433.2,0.0013045292396554936
1988,Other,1640,20,24042.44,0.00042711016233342445
1988,Other,1650,13,23791.43,0.00042265100919225776
1988,Other,1700,11,18330.54,0.0003256391578832819
1988,Other,1710,4,9245.18,0.00016423916751385175
1988,Other,1720,55,99217.32,0.0017625800730494629
1988,Other,1740,37,73455.28,0.001304921487380114
1988,Other,1820,62,109295.85,0.001941623572144492
1988,Other,1840,6,12327.91,0.00021900338074387822
1988,Other,1860,8,16916.18,0.00030051327510275283
1988,Other,1900,24,36739.89,0.0006526783630119139
1988,Other,1920,44,64428.01,0.0011445534567173505
1988,Other,1965,107,166324.13,0.0029547219901251954
1988,Other,2000,88,132275.06,0.002349845620879722
1988,Other,2010,187,301694.75,0.005359559747165509
1988,Other,2016,22,36042.42,0.0006402879182433009
1988,Other,2040,163,271123.32,0.00481646310514145
1988,Other,2060,27,44550.8,0.0007914379497290595
1988,Other,2100,216,343875.81,0.006108899638790316
1988,Other,2145,79,148901.34,0.0026452088681125723
1988,Other,2200,242,402499.64,0.007150342751382344
1988,Other,2300,104,167601.82,0.0029774199518675056
1988,Other,2310,614,1024044.1,0.018191982252532837
1988,Other,2320,595,988455.91,0.01755976365874399
1988,Other,2330,126,218377.78,0.0038794468891598715
1988,Other,2340,117,194716.86,0.003459114369575413
1988,Other,2400,10,19854.15,0.00035270584971792214
1988,Other,2430,79,124822.81,0.0022174575726096935
1988,Other,2540,86,159837.97,0.0028394963786431424
1988,Other,2600,38,62086.9,0.001102964006056752
1988,Other,2630,144,243209.81,0.004320583993562273
1988,Other,2710,28,56664.4,0.0010066341470552115
1988,Other,2720,8,16410.62,0.00029153208127761333
1988,Other,2750,9,17341.24,0.0003080643990985472
1988,Other,2800,9,12926.189999999999,0.00022963173077494164
1988,Other,2825,58,105237.95999999999,0.0018695357950041023
1988,Other,2830,88,149231.94,0.0026510819250763176
1988,Other,2840,26,49216.09,0.0008743160922650291
1988,Other,2850,5,7746.88,0.00013762210384543163
1988,Other,2860,14,19865.67,0.0003529105007046806
1988,Other,2900,13,22161.88,0.0003937023099325141
1988,Other,2910,21,33816.94,0.000600752616332605
1988,Other,3600,409,697049.75,0.012382979093510183
1988,Other,3640,42,72316.42,0.0012846898187360396
1988,Other,3645,95,167873.15,0.002982240086610316
1988,Other,3710,83,138870.17,0.002467006711963106
1988,Other,3720,15,27410.23,0.0004869384215951668
1988,Other,3730,20,30636.98,0.000544261127456526
1988,Other,3740,102,163302.26,0.002901038945215839
1988,Other,3750,9,14561.109999999999,0.0002586758272394503
1988,Other,3800,150,269040.83,0.004779467998074208
1988,Other,3850,219,414274.77,0.007359526082433484
1988,Other,3930,201,361175.29,0.006416222178061863
1988,Other,3940,2,5650.71,0.00010038397373141432
1988,Other,3955,3,6596.92,0.00011719324544849087
1988,Other,4010,102,152144.06,0.0027028152785102625
1988,Other,4020,326,550802.02,0.009784911189370886
1988,Other,4030,12,22834.42,0.00040564987717509515
1988,Other,4040,81,134779.48,0.0023943362479854186
1988,Other,4060,11,16943.329999999998,0.000300995590579358
1988,Other,4110,178,300665.21,0.0053412701311145285
1988,Other,4130,40,75982.28,0.001349813244631731
1988,Other,4140,94,154157.69,0.0027385870985160298
1988,Other,4200,60,109518.5,0.0019455789143495066
1988,Other,4210,29,50832.91,0.0009030386450784679
1988,Other,4220,572,953033.25,0.01693048567935081
1988,Other,4230,246,421849.68,0.0074940931662968975
1988,Other,4240,10,17354.37,0.0003082976514818925
1988,Other,4250,109,185232.34,0.003290623364633543
1988,Other,4320,9,16541.29,0.00029385341326022867
1988,Other,4350,7,13020.5,0.00023130713308060053
1988,Other,4410,2,2363.34,4.1984363111609116e-05
1988,Other,4420,1,1347.55,2.3939013646385565e-05
1988,Other,4430,36,36566.03,0.0006495897674773804
1988,Other,4465,9,13267.32,0.00023569185153127093
1988,Other,4500,10,26840.77,0.0004768220543278515
1988,Other,4510,95,158693.93,0.002819172688114397
1988,Other,4530,7,7417.88,0.00013177747062984718
1988,Other,4540,10,20802.29,0.0003695494075812178
1988,Other,4600,83,138100.65,0.0024533363102851222
1988,Other,4620,23,29626.84,0.0005263161493519957
1988,Other,4650,31,52294.06,0.000928995744844277
1988,Other,4700,1097,1864572.04,0.033123828808006364
1988,Other,4720,304,503048.17,0.008936571560550098
1988,Other,4740,23,43031.76,0.0007644524432251037
1988,Other,4750,62,114252.53,0.0020296782121658388
1988,Other,4760,487,865796.19,0.015380733039515142
1988,Other,4800,41,71504.38,0.0012702640559506804
1988,Other,4840,175,330459.59,0.005870562602195822
1988,Other,4850,607,1073259.21,0.019066280935252117
1988,Other,4900,1,1610.4,2.8608502523942947e-05
1988,Other,4920,163,282637.0,0.005021001818094673
1988,Other,4930,14,26556.28,0.00047176813425641795
1988,Other,4950,29,56792.69,0.0010089131987124375
1988,Other,4965,2,1148.53,2.0403454672021974e-05
1988,Other,5000,351,625507.14,0.011112035887626883
1988,Other,5020,58,109079.87,0.0019377867214396226
1988,Other,5030,1,814.06,1.4461647767412439e-05
1988,Other,5100,28,49845.21,0.0008854923100418939
1988,Other,5110,97,166438.99,0.0029567624599462954
1988,Other,5120,527,888507.24,0.015784191268058606
1988,Other,5140,76,127850.16,0.0022712379688565013
1988,Other,5160,122,188939.09,0.0033564731949431714
1988,Other,5240,223,388686.89,0.006904961421751449
1988,Other,5250,31,61286.9,0.0010887521319763033
1988,Other,5260,109,197299.34,0.0035049917202945088
1988,Other,5300,15,15278.47,0.0002714196147273886
1988,Other,5310,61,114434.12,0.002032904129933675
1988,Other,5320,16,33303.87,0.0005916380085395354
1988,Other,5350,80,143265.08,0.002545081596356736
1988,Other,5360,27,50172.22,0.0008913015912207034
1988,Other,5400,190,336401.68,0.005976122895764187
1988,Other,5410,39,68574.0,0.0012182063164908493
1988,Other,5510,26,53722.63,0.00095437406603816
1988,Other,5520,80,148871.47,0.0026446782322640935
1988,Other,5530,22,31868.75,0.0005661433276266187
1988,Other,5540,129,232333.4,0.004127366281853108
1988,Other,5550,171,299511.74,0.005320778918120059
1988,Other,5600,95,183351.07,0.0032572028991943863
1988,Other,5610,172,309941.66,0.005506064805256498
1988,Other,5620,283,477759.61,0.008487324272555264
1988,Other,5630,24,42141.51,0.0007486372920999546
1988,Other,5700,1351,2313611.54,0.04110094484694084
1988,Other,5800,300,523294.63,0.009296246735668647
1988,Other,5810,119,203919.75,0.003622602261895687
1988,Other,5820,172,317061.45,0.005632546753955545
1988,Other,5850,55,99671.86,0.0017706549046051217
1988,Other,5860,235,419499.45,0.007452341700271782
1988,Other,5900,8,12079.95,0.00021459841037264318
1988,Other,5910,13,23633.66,0.0004198482499751673
1988,Other,5940,338,585344.02,0.010398544382479452
1988,Other,6005,16,28386.86,0.0005042880998241524
1988,Other,6050,192,282596.33,0.0050202793219461085
1988,Other,6100,4,4700.87,8.351021563569775e-05
1988,Other,6120,4,4923.97,8.747355201988286e-05
1988,Other,6130,14,23306.9,0.0004140434100070081
1988,Other,6200,273,467220.86,0.008300105037598605
1988,Other,6210,13,27581.94,0.000489988822718109
1988,Other,6220,34,73532.02,0.0013062847614012812
1988,Other,6230,249,429374.18,0.007627764724444816
1988,Other,6240,35,57826.9,0.0010272857765783634
1988,Other,6250,12,31128.23,0.0005529881063840514
1988,Other,6260,160,275499.88,0.00489421200467336
1988,Other,6300,48,69277.77,0.0012307086797678458
1988,Other,6320,98,157710.92,0.0028017096701896203
1988,Other,6330,20,35470.64,0.0006301303365411523
1988,Other,6355,257,432939.27,0.0076910979871516495
1988,Other,6360,6,9889.130000000001,0.00017567883790648283
1988,Other,6400,10,17167.02,0.00030496940822067746
1988,Other,6420,80,133234.15,0.002366883703769494
1988,Other,6440,131,229952.15,0.0040850637504105235
1988,Other,6460,6,12117.32,0.00021526228254062612
1988,Other,6515,22,37035.72,0.0006579337363984378
1988,Other,6520,71,118726.31,0.0021091542096953755
1988,Other,6530,26,46251.66,0.0008216534599146492
1988,Other,6600,16,26250.18,0.00046633031593638636
1988,Other,6660,24,49684.31,0.0008826339468674637
1988,Other,6700,4,8694.14,0.00015445002864723876
1988,Other,6730,65,104525.54,0.001856879765838611
1988,Other,6800,8,11372.98,0.00020203919959932477
1988,Other,6820,6,8365.869999999999,0.0001486183637667527
1988,Other,6830,1,380.48,6.759167312661334e-06
1988,Other,6840,15,23243.2,0.0004129117895333524
1988,Other,6940,7,11358.960000000001,0.00020179013650606495
1988,Other,7000,172,278581.75,0.0049489609401387495
1988,Other,7010,94,197417.86000000002,0.0035070972094395276
1988,Other,7020,145,212071.04,0.0037674086457372114
1988,Other,7040,28,45349.38,0.0008056245977330151
1988,Other,7140,61,117019.48,0.00207883264339946
1988,Other,7150,49,79376.02,0.0014101025015589579
1988,Other,7200,279,475293.06,0.008443506400038851
1988,Other,7210,133,222011.27,0.003943995267100583
1988,Other,7220,102,160724.82,0.00285525112930345
1988,Other,7240,13,23063.96,0.00040972761914562786
1988,Other,7300,13,32034.59,0.0005690894491234957
1988,Other,7315,94,175082.95,0.0031103210487918387
1988,Other,7320,20,31755.65,0.0005641341239284953
1988,Other,7330,280,474419.77,0.008427992540644207
1988,Other,7340,92,149537.57,0.002656511393920327
1988,Other,7350,11,11501.84,0.00020432837721683303
1988,Other,7360,46,73513.64,0.0013059582435942828
1988,Other,7410,61,105460.9,0.0018734962890134715
1988,Other,7420,33,52528.2,0.0009331552050907723
1988,Other,7430,7,8997.18,0.0001598334865489127
1988,Other,7540,6,15303.03,0.0002718559192616584
1988,Other,7610,4,4744.23,8.428049921085806e-05
1988,Other,7630,166,267300.08,0.004748543848317283
1988,Other,7700,675,1164973.92,0.020695578322558188
1988,Other,7720,109,198063.85,0.0035185731201110636
1988,Other,7730,5,7588.26,0.0001348042445121307
1988,Other,7750,399,742646.44,0.013192997114466741
1988,Other,7800,31,50596.08,0.000898831397405377
1988,Other,7810,102,171144.17,0.003040349242053602
1988,Other,7840,8,9688.64,0.00017211716461349637
1988,Other,7900,4,8369.83,0.00014868871254345093
1988,Other,7930,4,6196.2699999999995,0.00011007576126057622
1988,Other,7940,9,16893.38,0.00030010823669146005
1988,Other,7950,149,265364.91,0.004714165857861954
1988,Other,8030,202,368086.27,0.006538994649977487
1988,Other,8100,57,101247.21,0.0017986407493959151
1988,Other,8130,71,133527.86,0.002372101415689704
1988,Other,8140,245,421255.73,0.007483541738034294
1988,Other,8220,85,149578.56,0.002657239574818524
1988,Other,8250,45,73159.46,0.0012996662916420164
1988,Other,8255,107,197250.41,0.0035041224865460636
1988,Other,8256,22,46103.72,0.0008190253291003222
1988,Other,8300,71,108097.44,0.0019203340071235538
1988,Other,8310,42,88237.54,0.0015675260095606783
1988,Other,8320,243,463297.1,0.008230400058796229
1988,Other,8330,16,30558.72,0.0005428708508746062
1988,Other,8350,25,42707.17,0.0007586861529653877
1988,Other,8400,3,5867.1900000000005,0.00010422970685758372
1988,Other,8410,14,20112.98,0.00035730392392822527
1988,Other,8420,32,45799.39,0.0008136189545516935
1988,Other,8450,21,36324.96,0.0006453071968716632
1988,Other,8460,43,65453.79,0.0011627762769601537
1988,Other,8500,15,22894.0,0.0004067083064972366
1988,Other,8510,7,13577.05,0.00024119415622994258
1988,Other,8530,20,26037.52,0.00046255244450895116
1988,Other,8540,7,15785.52,0.0002804272781680029
1988,Other,8550,17,29905.45,0.0005312656121489378
1988,Other,8600,30,45349.19,0.0008056212224129212
1988,Other,8610,61,102289.04,0.0018171486953624568
1988,Other,8620,30,40342.86,0.0007166845579564561
1988,Other,8630,15,18541.03,0.0003293784796022739
1988,Other,8640,30,50886.52,0.0009039910182902838
1988,Other,8650,71,119495.28,0.0021228148407099285
1988,Other,8710,74,126562.89,0.0022483698199220773
1988,Other,8720,24,41170.39,0.0007313854981536981
1988,Other,8730,32,47096.65,0.0008366645742636969
1988,Other,8740,420,731230.41,0.012990193138393464
1988,Other,8750,13,19971.35,0.0003547878892707078
1988,Other,8760,19,41858.27,0.0007436055780817717
1988,Other,8800,136,227855.7,0.004047820646140578
1988,Other,8810,51,100229.1,0.0017805541854958582
1988,Other,8830,20,34744.11,0.0006172236454465669
1988,Other,8850,15,28064.53,0.0004985619581087137
1988,Other,8910,19,32635.89,0.0005797714489792128
1988,Other,8920,14,26347.53,0.0004680597233635509
1988,Other,8930,11,19658.04,0.0003492219864355262
1988,Other,8950,157,274237.96,0.00487179419449886
1988,Other,8965,390,659290.55,0.011712192848787092
1988,Other,9000,32,51284.79,0.0009110662221528092
1988,Other,9030,44,82620.2,0.0014677348486268448
1988,Other,9040,11,17213.66,0.00030579796047956764
1988,Other,9050,15,28484.36,0.0005060201719777071
1988,Other,9120,87,153675.27,0.002730016983148667
1988,Other,9130,974,1651258.21,0.029334342193533598
1988,Other,9140,46,78355.7,0.0013919766773567536
1988,Other,9200,22,28197.29,0.0005009204186123641
1988,Other,9240,21,34222.51,0.0006079575035461144
1988,Other,9260,25,44836.159999999996,0.0007965073252135554
1988,Other,9300,6,10411.96,0.00018496683056333393
1988,Other,9310,9,13862.66,0.00024626797292508874
1988,Other,9350,9,17855.5,0.0003172001470543115
1988,Other,9360,49,83569.58,0.001484600434894965
1988,Other,9420,1,2609.14,4.635096142282693e-05
1988,Other,9510,39,78795.9,0.0013997967610695204
1988,Other,9520,44,54103.08,0.0009611327004055434
1988,Other,9560,2,1584.0,2.8139510679288143e-05
1988,Other,9600,180,313970.99,0.0055776452184922165
1988,Other,9610,61,127378.11,0.0022628520749069063
1988,Other,9620,577,967218.54,0.01718248512344412
1988,Other,9630,29,53955.36,0.0009585084778565886
1988,Other,9640,90,129119.11,0.0022937806658744828
1988,Other,9720,13,26973.29,0.00047917625126927784
1988,Other,9750,37,62018.66,0.0011017517331976896
1988,Tech,1006,249,484559.92,0.5281967981192284
1988,Tech,1010,227,432825.27,0.4718032018807716
1989,Finance,120,260,446410.61,0.17052412690971785
1989,Finance,800,576,974336.06,0.37218605970891794
1989,Finance,860,42,69408.42,0.02651328161909727
1989,Finance,910,347,576340.9,0.22015612212904398
1989,Finance,4810,219,370109.56,0.14137793360229461
1989,Finance,4820,109,181268.05,0.0692424760309283
1989,Healthcare,350,83,120762.58,0.04733698850230046
1989,Healthcare,3000,2,3784.6499999999996,0.0014835219116321582
1989,Healthcare,3010,6,6297.96,0.002468698996890827
1989,Healthcare,3030,35,69375.83,0.027194209224807482
1989,Healthcare,3040,5,5377.04,0.00210771317287532
1989,Healthcare,3050,62,92337.28,0.03619472821542649
1989,Healthcare,3060,135,209622.03,0.08216846330990016
1989,Healthcare,3120,1,1187.06,0.00046530842229058694
1989,Healthcare,3150,13,18367.91,0.007199925212605508
1989,Healthcare,3160,17,24234.239999999998,0.009499432193664543
1989,Healthcare,3220,25,38195.48,0.014972013661846638
1989,Healthcare,3230,21,28564.57,0.01119685188626441
1989,Healthcare,3245,16,23522.36,0.009220386686562778
1989,Healthcare,3250,13,20357.62,0.007979859521668069
1989,Healthcare,3255,602,965525.9,0.37847061918496033
1989,Healthcare,3300,128,199050.64,0.07802464850498846
1989,Healthcare,3310,18,30018.98,0.011766957207363303
1989,Healthcare,3320,61,94065.16,0.036872029376873644
1989,Healthcare,3400,137,201091.13999999998,0.07882449167692916
1989,Healthcare,3500,148,265285.23,0.10398754218682751
1989,Healthcare,3510,49,88849.67,0.03482764120494271
1989,Healthcare,3520,25,45251.78,0.01773796973837947
1989,Other,10,7,10324.9,0.00018132273402211334
1989,Other,50,234,384176.16,0.006746784150676215
1989,Other,136,67,106578.31,0.0018716956635566777
1989,Other,150,68,118088.72,0.0020738379613915695
1989,Other,205,41,55022.91,0.0009662955064991119
1989,Other,230,256,388905.03,0.0068298311184178066
1989,Other,410,142,256794.46,0.004509745718499184
1989,Other,430,3247,5214931.33,0.09158302806740751
1989,Other,500,7,11290.69,0.00019828364243684054
1989,Other,510,1,2029.59,3.5643038454991427e-05
1989,Other,520,90,148916.23,0.00261522125772316
1989,Other,530,141,225196.64,0.003954834473689199
1989,Other,540,134,203895.33,0.0035807473864096525
1989,Other,565,101,154633.55,0.002715627081864731
1989,Other,630,203,326135.95,0.005727499744975666
1989,Other,710,43,65758.34,0.0011548278427447912
1989,Other,735,54,80318.26,0.001410524701943742
1989,Other,740,132,207841.63999999998,0.0036500512749217747
1989,Other,1200,7,13731.619999999999,0.00024115050808750998
1989,Other,1220,122,196153.13,0.0034447812393916667
1989,Other,1240,20,28236.02,0.0004958723420375086
1989,Other,1300,39,62156.590000000004,0.0010915750115053464
1989,Other,1310,8,11931.16,0.00020953138057078303
1989,Other,1320,36,78574.37,0.0013798990394546312
1989,Other,1340,2,3121.48,5.481847647874036e-05
1989,Other,1350,49,84764.54,0.0014886089105876847
1989,Other,1360,132,209932.89,0.0036867771674266654
1989,Other,1410,316,543901.77,0.009551836431913787
1989,Other,1430,111,184463.0,0.003239482753917335
1989,Other,1440,6,9331.92,0.0001638843231484702
1989,Other,1450,8,12093.349999999999,0.00021237971171501167
1989,Other,1460,158,270193.35,0.004745052924153626
1989,Other,1520,9,15392.15,0.0002703122277676754
1989,Other,1530,134,212447.55,0.0037309388567733945
1989,Other,1540,105,198558.78,0.0034870285284792414
1989,Other,1550,344,556815.03,0.009778615152127872
1989,Other,1560,35,54168.87,0.0009512971173850046
1989,Other,1600,8,11336.84,0.0001990941146133382
1989,Other,1610,26,35261.59,0.0006192532523091566
1989,Other,1640,21,20291.06,0.00035634538595112234
1989,Other,1650,12,21707.52,0.000381220822985182
1989,Other,1700,17,23114.86,0.0004059360973702783
1989,Other,1710,3,5720.4,0.0001004599141589843
1989,Other,1720,73,119514.64,0.002098879532050541
1989,Other,1740,32,52404.7,0.0009203153037422776
1989,Other,1820,57,101803.11,0.0017878350625336755
1989,Other,1840,9,18622.14,0.0003270363236585882
1989,Other,1860,5,10198.79,0.00017910802879615197
1989,Other,1900,22,31485.51,0.0005529388909607443
1989,Other,1920,49,73715.2,0.0012945637829893644
1989,Other,1965,117,202423.91,0.0035549067586752615
1989,Other,2000,102,149831.88,0.002631301622802468
1989,Other,2010,232,352922.23,0.00619791219680395
1989,Other,2016,19,27152.27,0.00047683985620263706
1989,Other,2040,144,229646.29,0.0040329778652418045
1989,Other,2060,30,49751.31,0.0008737172805917449
1989,Other,2100,268,413795.7,0.007266953447548567
1989,Other,2145,95,150858.69,0.0026493341457829566
1989,Other,2200,266,424355.36,0.0074523989648459694
1989,Other,2300,94,147525.82,0.002590803302816896
1989,Other,2310,545,826572.75,0.014516017675539403
1989,Other,2320,574,870821.96,0.015293108759764784
1989,Other,2330,115,180004.58000000002,0.0031611853463086544
1989,Other,2340,116,187477.83,0.003292428275734678
1989,Other,2400,7,10087.86,0.00017715991008458352
1989,Other,2430,62,91277.2,0.0016029822524076013
1989,Other,2540,98,153111.17,0.0026888915102058694
1989,Other,2600,31,51229.98,0.0008996852306073848
1989,Other,2630,146,232005.56,0.004074410642963269
1989,Other,2710,26,42296.85,0.0007428043353953282
1989,Other,2720,9,19847.7,0.0003485592333146761
1989,Other,2740,2,5423.51,9.524602283763252e-05
1989,Other,2750,12,18324.3,0.0003218057487279694
1989,Other,2800,22,23302.74,0.00040923558843247504
1989,Other,2825,78,110863.07,0.0019469433073913485
1989,Other,2830,98,157989.82,0.0027745688684695795
1989,Other,2840,23,41415.19,0.0007273208922939001
1989,Other,2850,3,5879.77,0.0001032587213262309
1989,Other,2860,17,30751.56,0.0005400494856749276
1989,Other,2900,5,9327.78,0.00016381161773545394
1989,Other,2910,24,37902.88,0.0006656387789627094
1989,Other,3600,424,657534.71,0.011547423348568743
1989,Other,3640,46,62387.06,0.0010956224551135242
1989,Other,3645,138,210923.24,0.0037041693910451795
1989,Other,3710,105,160245.33,0.0028141794448252066
1989,Other,3720,23,34434.05,0.0006047202480851294
1989,Other,3730,24,34130.32,0.000599386234777055
1989,Other,3740,112,184372.95,0.003237901323375762
1989,Other,3750,5,2756.8,4.841407792348227e-05
1989,Other,3800,176,299409.82,0.005258143629039393
1989,Other,3850,258,424084.41,0.007447640623866077
1989,Other,3930,253,384759.51,0.0067570287648508615
1989,Other,3940,2,3677.94,6.459085670265974e-05
1989,Other,3955,6,7809.2300000000005,0.0001371433073644789
1989,Other,4010,81,125436.73,0.002202881464265382
1989,Other,4020,390,572877.43,0.010060698105275776
1989,Other,4030,15,24923.87,0.0004377053773704084
1989,Other,4040,55,92133.81999999999,0.0016180259506921389
1989,Other,4060,16,27642.239999999998,0.00048544455939480497
1989,Other,4110,195,313889.39,0.0055124294061282345
1989,Other,4130,42,71230.56,0.0012509292956954727
1989,Other,4140,119,168807.86,0.0029645519762537304
1989,Other,4200,57,85487.14,0.0015012989906469957
1989,Other,4210,27,38956.0,0.0006841333501114245
1989,Other,4220,706,1081744.59,0.018997267438176646
1989,Other,4230,279,396676.45,0.006966310418133458
1989,Other,4240,14,17423.81,0.000305991618929175
1989,Other,4250,148,249068.49,0.004374064597774254
1989,Other,4320,10,14299.369999999999,0.00025112115983629734
1989,Other,4350,19,29078.47,0.0005106671911185583
1989,Other,4410,2,2652.48,4.658204200902432e-05
1989,Other,4430,34,33258.979999999996,0.0005840840283573484
1989,Other,4465,8,13567.58,0.00023826968780944557
1989,Other,4500,12,20116.79,0.00035328490954379313
1989,Other,4510,111,156054.46,0.0027405806684369363
1989,Other,4530,13,17262.06,0.00030315101493029104
1989,Other,4540,4,7630.64,0.00013400696443921964
1989,Other,4600,100,146892.52,0.0025796814820286842
1989,Other,4620,26,38480.409999999996,0.0006757811840784773
1989,Other,4650,42,60285.33,0.0010587125160558776
1989,Other,4700,1256,2060565.71,0.036187024394368675
1989,Other,4720,338,555450.27,0.009754647654671817
1989,Other,4740,31,53614.33,0.0009415584556134986
1989,Other,4750,59,98770.54,0.001734577996265388
1989,Other,4760,570,932496.45,0.016376217278609467
1989,Other,4800,72,119875.51,0.002105217020551791
1989,Other,4840,169,293607.02,0.00515623663129767
1989,Other,4850,662,1091308.33,0.019165222913220148
1989,Other,4920,170,267427.12,0.004696473239456052
1989,Other,4930,13,17640.24,0.00030979249635408043
1989,Other,4950,43,74961.25,0.0013164465317548008
1989,Other,4965,2,2794.71,4.907984174170601e-05
1989,Other,5000,389,626216.57,0.010997423758326968
1989,Other,5010,1,619.25,1.0875078987999272e-05
1989,Other,5020,76,115451.73,0.0020275279500220674
1989,Other,5030,4,5139.58,9.025973107007072e-05
1989,Other,5100,57,93191.87,0.001636607100992103
1989,Other,5110,111,187274.48,0.003288857105266839
1989,Other,5120,650,1039124.85,0.018248792607416867
1989,Other,5140,79,130464.11,0.0022911707732725488
1989,Other,5160,139,204380.11,0.0035892609444101407
1989,Other,5240,242,387246.23,0.006800699780468201
1989,Other,5250,35,59781.84,0.0010498703787612989
1989,Other,5260,121,222862.51,0.003913843196954021
1989,Other,5300,20,22738.75,0.0003993309686529971
1989,Other,5310,59,94480.65,0.0016592402609406755
1989,Other,5320,21,35916.03,0.0006307463273077941
1989,Other,5350,88,157118.48,0.002759266662049873
1989,Other,5360,34,65933.87,0.0011579104468865168
1989,Other,5400,246,383057.67,0.00672714157159299
1989,Other,5410,48,67194.98,0.0011800576747630703
1989,Other,5510,28,46685.92,0.000819883839527517
1989,Other,5520,92,160395.59,0.00281681826496043
1989,Other,5530,23,41380.67,0.0007267146626182185
1989,Other,5540,149,230555.91,0.004048952333306502
1989,Other,5550,197,334668.14,0.005877339454609284
1989,Other,5600,83,147692.57,0.0025937317152856065
1989,Other,5610,209,341131.11,0.005990840155856065
1989,Other,5620,357,583143.58,0.010240989089777428
1989,Other,5630,33,56821.41,0.000997880213095667
1989,Other,5700,1441,2215463.24,0.038907287412206365
1989,Other,5800,343,553752.98,0.009724840367121488
1989,Other,5810,162,263943.04,0.0046352868927455005
1989,Other,5820,224,360737.65,0.006335164211054075
1989,Other,5850,59,98690.63,0.0017331746413006227
1989,Other,5860,224,364145.84,0.0063950178008096
1989,Other,5900,18,31113.52,0.0005464061164226001
1989,Other,5910,8,10472.11,0.00018390799099074213
1989,Other,5940,344,576351.08,0.010121701283518266
1989,Other,6005,13,24052.75,0.00042240703452337425
1989,Other,6050,177,266619.82,0.004682295683917882
1989,Other,6100,6,7986.1,0.00014024944417611788
1989,Other,6120,8,10993.5,0.00019306448260729916
1989,Other,6130,12,23101.4,0.0004056997169695057
1989,Other,6200,272,442088.05,0.00776381503980714
1989,Other,6210,7,13291.130000000001,0.00023341475751274409
1989,Other,6220,38,52434.11,0.0009208317931617965
1989,Other,6230,257,413175.94,0.007256069412096646
1989,Other,6240,29,44708.29,0.0007851533066909616
1989,Other,6250,19,30112.82,0.000528832129271545
1989,Other,6260,178,281496.88,0.004943562058740981
1989,Other,6300,42,61338.04,0.001077199886910067
1989,Other,6320,97,116382.17,0.002043868052555122
1989,Other,6330,24,50773.8,0.0008916739370543036
1989,Other,6355,308,486144.96,0.008537529010282999
1989,Other,6360,8,15222.49,0.0002673327107695261
1989,Other,6400,14,20821.01,0.0003656522056680221
1989,Other,6420,89,139357.52,0.002447354118000304
1989,Other,6440,146,232096.82,0.00407601332315454
1989,Other,6460,9,19831.36,0.0003482722752352834
1989,Other,6515,26,42751.6,0.000750790515726039
1989,Other,6520,66,114091.09,0.0020036328067451494
1989,Other,6530,20,34142.25,0.0005995957457860608
1989,Other,6600,14,23747.09,0.00041703912714594694
1989,Other,6660,34,62608.1,0.0010995042919476096
1989,Other,6700,16,26914.44,0.00047266315852687464
1989,Other,6730,66,114913.1,0.002018068694801549
1989,Other,6800,8,12320.85,0.00021637499709211279
1989,Other,6820,9,14365.81,0.00025228795878335053
1989,Other,6830,6,8443.72,0.000148286026568509
1989,Other,6840,18,22834.05,0.0004010045980878882
1989,Other,6940,12,20097.11,0.0003529392954065564
1989,Other,7000,140,221606.49,0.003891785358099751
1989,Other,7010,110,203568.19,0.0035750022538458513
1989,Other,7020,141,217178.33,0.003814019367350459
1989,Other,7040,27,50654.95,0.00088958672972653
1989,Other,7140,63,98110.11,0.0017229797267198986
1989,Other,7150,70,106178.52,0.0018646746739262989
1989,Other,7200,297,467712.4,0.008213822032566348
1989,Other,7210,153,244324.3,0.0042907485848811145
1989,Other,7220,114,161462.4,0.0028355532556995295
1989,Other,7240,15,18519.22,0.0003252288741156817
1989,Other,7300,12,19878.0,0.00034909135264182405
1989,Other,7315,104,181813.26,0.0031929488309497757
1989,Other,7320,23,32365.93,0.0005684005575616556
1989,Other,7330,217,330085.6,0.005796862289545631
1989,Other,7340,101,164403.69,0.002887207290542666
1989,Other,7350,9,11722.92,0.00020587433341945325
1989,Other,7360,42,67999.35,0.0011941837745379222
1989,Other,7410,62,89672.18,0.0015747953823594485
1989,Other,7420,33,48227.51,0.0008469567713274523
1989,Other,7430,18,25545.8,0.00044862752169823463
1989,Other,7540,4,7041.139999999999,0.00012365434584668742
1989,Other,7610,7,13348.02,0.00023441384228242883
1989,Other,7630,182,281625.68,0.004945824004923709
1989,Other,7700,723,1177513.68,0.020679134888089944
1989,Other,7720,131,216896.48,0.0038090696039063455
1989,Other,7730,6,11193.71,0.00019658050935608774
1989,Other,7750,367,645783.9,0.011341059219504599
1989,Other,7800,31,39430.49,0.00069246619828101
1989,Other,7810,105,151243.15,0.002656085914644848
1989,Other,7830,2,3277.4799999999996,5.755810073732394e-05
1989,Other,7840,8,13729.84,0.0002411192482722518
1989,Other,7900,7,9610.58,0.00016877806478883496
1989,Other,7930,6,10539.75,0.00018509586397055363
1989,Other,7940,2,4715.57,8.28133972118526e-05
1989,Other,7950,129,214643.99,0.003769512063866493
1989,Other,8030,235,375897.9,0.006601403881991202
1989,Other,8100,49,86081.37,0.0015117346760519835
1989,Other,8130,86,150101.22,0.0026360316894550764
1989,Other,8140,270,444634.56,0.007808536069106664
1989,Other,8220,98,158319.33,0.0027803556222480786
1989,Other,8250,44,66748.01,0.0011722081244114092
1989,Other,8255,134,212772.79,0.0037366506221186624
1989,Other,8256,29,51903.86,0.0009115197049367072
1989,Other,8300,74,110481.59,0.0019402438723774736
1989,Other,8310,39,56056.95,0.0009844550005269693
1989,Other,8320,267,378825.0,0.006652808716396971
1989,Other,8330,15,22138.84,0.00038879553282628634
1989,Other,8350,26,49851.21,0.0008754716938188763
1989,Other,8410,11,18584.71,0.00032637898945346783
1989,Other,8420,43,65794.29,0.001155459185642843
1989,Other,8450,20,30332.76,0.0005326946482422686
1989,Other,8460,30,39329.29,0.0006906889548517237
1989,Other,8500,12,18992.91,0.00033354767293009485
1989,Other,8510,8,12413.98,0.00021801051765109924
1989,Other,8530,42,70278.46,0.0012342088068711301
1989,Other,8540,12,24617.42,0.0004323235962547485
1989,Other,8550,13,18867.19,0.00033133981676477993
1989,Other,8600,23,34906.49,0.0006130170947820859
1989,Other,8610,70,106156.01,0.0018642793601951401
1989,Other,8620,38,65609.94,0.001152221687360344
1989,Other,8630,30,55599.24,0.0009764168375821213
1989,Other,8640,26,42975.28,0.0007547187154321927
1989,Other,8650,63,92459.5,0.0016237454431827511
1989,Other,8710,76,118273.73,0.002077087050392086
1989,Other,8720,15,23869.829999999998,0.0004191946494632453
1989,Other,8730,55,80042.59,0.0014056834697683336
1989,Other,8740,413,662210.5,0.011629538141594658
1989,Other,8750,27,31869.89,0.0005596892548871185
1989,Other,8760,14,21934.07,0.00038519942475301604
1989,Other,8800,159,234352.14,0.004115620562788315
1989,Other,8810,76,121337.16,0.002130886070536142
1989,Other,8830,29,47942.85,0.0008419576595232957
1989,Other,8850,10,15890.81,0.0002790695420804016
1989,Other,8910,9,15218.92,0.0002672700155220701
1989,Other,8920,16,24820.13,0.00043588352723845035
1989,Other,8930,11,15006.57,0.000263540789808543
1989,Other,8950,162,259634.67,0.00455962461731631
1989,Other,8965,453,711743.11,0.012499414679716197
1989,Other,9000,50,82897.15,0.0014558143788938615
1989,Other,9030,47,81490.63,0.001431113505097817
1989,Other,9040,17,27343.57,0.000480199408258195
1989,Other,9050,15,32082.45,0.0005634221685563783
1989,Other,9120,108,171902.98,0.0030189075264795465
1989,Other,9130,1105,1760515.31,0.030917631095409005
1989,Other,9140,56,82591.63,0.0014504489301535896
1989,Other,9150,3,5629.51,9.886373179448007e-05
1989,Other,9200,25,32846.72,0.0005768440444032224
1989,Other,9240,18,28646.05,0.0005030731634140921
1989,Other,9260,24,33984.1,0.0005968183638854519
1989,Other,9300,6,11325.16,0.00019888899402782371
1989,Other,9310,9,13854.53,0.0002433090158927825
1989,Other,9350,1,1303.07,2.2884116555336634e-05
1989,Other,9360,42,64325.7,0.0011296682575023735
1989,Other,9420,2,2320.68,4.075507195134461e-05
1989,Other,9510,42,71134.53,0.0012492428462239867
1989,Other,9520,37,46842.63,0.000822635932588816
1989,Other,9560,8,5861.31,0.00010293453245563185
1989,Other,9600,165,283687.0,0.0049820242759282185
1989,Other,9610,64,97843.17,0.001718291808132807
1989,Other,9620,658,1056592.65,0.018555556765263572
1989,Other,9630,31,48857.76,0.0008580250289490696
1989,Other,9640,66,96456.16,0.0016939335629860249
1989,Other,9720,26,45312.8,0.0007957695263099127
1989,Other,9750,31,58297.69,0.0010238061906627297
1989,Tech,1006,279,483963.25,0.5244476905357214
1989,Tech,1010,262,438842.32,0.47555230946427857
1990,Finance,120,271,435462.75,0.16625932257202808
1990,Finance,800,613,1043024.32,0.39822583417146523
1990,Finance,860,47,70390.64,0.026875088906712464
1990,Finance,910,355,580503.32,0.2216356938314775
1990,Finance,4810,184,304747.36,0.11635229334590379
1990,Finance,4820,110,185049.55,0.07065176717241288
1990,Healthcare,350,73,126128.2,0.04780071813370509
1990,Healthcare,3010,4,4419.509999999999,0.0016749287772210412
1990,Healthcare,3030,25,38546.54,0.014608567263860013
1990,Healthcare,3040,2,3842.14,0.0014561141058877685
1990,Healthcare,3050,61,90423.38,0.03426912062549776
1990,Healthcare,3060,155,235628.05,0.08929953810840532
1990,Healthcare,3150,7,14400.740000000002,0.005457666990068615
1990,Healthcare,3160,18,37591.02,0.01424643934804802
1990,Healthcare,3220,31,47426.229999999996,0.01797383814542876
1990,Healthcare,3230,17,27703.190000000002,0.010499098350681906
1990,Healthcare,3245,17,29611.46,0.011222304393367088
1990,Healthcare,3250,7,12892.4,0.004886028489005468
1990,Healthcare,3255,627,1002660.51,0.37999347031280073
1990,Healthcare,3300,126,205240.71,0.0777831866963257
1990,Healthcare,3310,15,22776.68,0.008632024088995148
1990,Healthcare,3320,60,99935.94,0.03787423985569336
1990,Healthcare,3400,142,239142.61,0.090631504250188
1990,Healthcare,3500,159,264872.47,0.10038273978260416
1990,Healthcare,3510,63,104566.65,0.03962921030218296
1990,Healthcare,3520,20,30817.2,0.011679261980033145
1990,Other,10,12,17137.29,0.00030024348570773207
1990,Other,50,259,465722.17,0.008159402548020658
1990,Other,136,62,104054.26,0.0018230194928800663
1990,Other,150,58,103451.57,0.001812460428617211
1990,Other,205,32,51957.42,0.0009102884347047071
1990,Other,230,261,393930.2,0.00690161492123574
1990,Other,410,121,201503.01,0.003530311157890191
1990,Other,430,3149,5152607.6,0.09027313340138093
1990,Other,500,5,8172.92,0.00014318868322882075
1990,Other,510,2,6187.18,0.00010839873106548151
1990,Other,520,87,137969.66,0.0024172136691571803
1990,Other,530,155,247672.4,0.004339193926787706
1990,Other,540,160,265222.84,0.0046466757562545835
1990,Other,565,122,197441.0,0.0034591451776576298
1990,Other,630,164,268247.84,0.0046996734323320665
1990,Other,710,48,80269.27,0.0014063090150201745
1990,Other,735,49,92956.70999999999,0.0016285916052259598
1990,Other,740,133,212219.12,0.003718056257589588
1990,Other,1200,9,14992.14,0.0002626606874143063
1990,Other,1220,109,187924.61,0.0032924190438900266
1990,Other,1240,15,20168.39,0.000353348033132016
1990,Other,1300,45,72203.45,0.0012649967123228903
1990,Other,1310,11,20346.06,0.00035646079250678834
1990,Other,1320,53,100191.31999999999,0.0017553411977307266
1990,Other,1350,45,69756.84,0.0012221323671103511
1990,Other,1360,111,190420.8,0.003336152025393449
1990,Other,1410,299,544391.72,0.009537684639941767
1990,Other,1430,118,188097.36000000002,0.003295445605391642
1990,Other,1440,7,11542.46,0.0002022226632123322
1990,Other,1450,9,15080.490000000002,0.00026420856995362725
1990,Other,1460,139,251708.41,0.004409904389804395
1990,Other,1520,14,21897.66,0.00038364465835863057
1990,Other,1530,151,268958.75,0.004712128499406527
1990,Other,1540,113,199850.88,0.0035013660172032845
1990,Other,1550,334,545382.6,0.00955504475143653
1990,Other,1560,28,45909.23,0.000804324793555923
1990,Other,1600,8,11421.390000000001,0.00020010152977672864
1990,Other,1610,45,75633.03,0.0013250825866772092
1990,Other,1640,25,30849.61,0.0005404818637674982
1990,Other,1650,16,28829.23,0.0005050850225134732
1990,Other,1700,19,32178.22,0.0005637589686975162
1990,Other,1710,7,10631.23,0.0001862580111885025
1990,Other,1720,56,82587.63,0.0014469264339659574
1990,Other,1740,30,44956.12,0.0007876264084166801
1990,Other,1820,68,103300.2,0.0018098084424261864
1990,Other,1840,4,7373.41,0.00012918135364180968
1990,Other,1860,5,3594.14,6.296894793293386e-05
1990,Other,1900,28,45803.54,0.0008024731160734009
1990,Other,1920,46,81659.35,0.001430663067767873
1990,Other,1965,119,184675.62,0.0032354970869978013
1990,Other,2000,84,130266.69,0.0022822584596052563
1990,Other,2010,299,457481.84,0.008015032848810224
1990,Other,2016,25,32878.9,0.0005760348072674239
1990,Other,2040,146,230112.29,0.004031542679956312
1990,Other,2060,18,32361.100000000002,0.0005669630067143923
1990,Other,2100,238,347633.62,0.006090503797157961
1990,Other,2145,86,136064.37,0.002383833192379108
1990,Other,2200,274,432160.25,0.007571401303492262
1990,Other,2300,103,151749.06,0.0026586272816338974
1990,Other,2310,585,909445.58,0.015933389176508658
1990,Other,2320,497,771158.78,0.013510619248511409
1990,Other,2330,99,157447.06,0.0027584556314816655
1990,Other,2340,140,249461.96,0.004370546826358358
1990,Other,2400,8,10447.380000000001,0.00018303697887549583
1990,Other,2430,69,101716.96,0.0017820702471624133
1990,Other,2540,82,114497.12,0.002005977281839572
1990,Other,2600,37,60483.07,0.0010596569097625563
1990,Other,2630,141,237381.04,0.004158890401605305
1990,Other,2710,22,32627.34,0.0005716275030049275
1990,Other,2720,22,30771.06,0.0005391056761787754
1990,Other,2750,14,23946.68,0.00041954326934583197
1990,Other,2800,26,42839.740000000005,0.0007505476574425103
1990,Other,2825,60,81283.73,0.0014240822455899474
1990,Other,2830,118,174877.71,0.0030638387529758736
1990,Other,2840,18,29974.42,0.0005251486286844394
1990,Other,2850,6,12736.0,0.00022313335620589226
1990,Other,2860,12,22133.82,0.00038778215627018704
1990,Other,2900,6,10643.66,0.00018647578345747543
1990,Other,2910,31,48344.76,0.0008469950183549287
1990,Other,3600,430,691799.06,0.012120245452094962
1990,Other,3640,50,68790.82,0.0012052078001535348
1990,Other,3645,146,242466.87,0.004247993598605352
1990,Other,3710,71,111652.7,0.001956143348025253
1990,Other,3720,27,49319.42,0.0008640709571865583
1990,Other,3730,27,44750.09,0.0007840167848787482
1990,Other,3740,93,150192.9,0.002631363525070348
1990,Other,3750,8,14687.32,0.00025732027365498784
1990,Other,3800,189,333910.52,0.0058500765546525375
1990,Other,3850,234,388708.35,0.006810128668400961
1990,Other,3930,241,384600.48,0.006738159225879172
1990,Other,3940,1,1450.93,2.5420138231769415e-05
1990,Other,3955,7,12869.51,0.00022547243710939797
1990,Other,4010,92,139488.3,0.002443820079338439
1990,Other,4020,358,530369.08,0.009292009488711632
1990,Other,4030,11,13573.08,0.0002377989081698392
1990,Other,4040,72,126774.69,0.0022210789935349848
1990,Other,4060,21,30787.99,0.0005394022879658801
1990,Other,4110,190,271635.21,0.004759019792006309
1990,Other,4130,51,79939.95,0.0014005393638843605
1990,Other,4140,137,196908.99,0.0034498244194262305
1990,Other,4200,68,120100.87,0.002104154381779802
1990,Other,4210,26,39671.28,0.0006950365775269857
1990,Other,4220,734,1102556.75,0.01931667619621238
1990,Other,4230,275,382897.73,0.006708327228212747
1990,Other,4240,13,27265.34,0.00047768583717766665
1990,Other,4250,129,212651.48,0.0037256311584916908
1990,Other,4320,22,29762.21,0.0005214307322082733
1990,Other,4350,21,43547.33,0.0007629445584724826
1990,Other,4410,1,699.64,1.2257617881272807e-05
1990,Other,4430,41,48012.69,0.00084117718751359
1990,Other,4465,11,17225.05,0.00030178103151023115
1990,Other,4500,4,7374.610000000001,0.0001292023775133115
1990,Other,4510,90,153573.32,0.0026905881214888097
1990,Other,4530,10,14966.369999999999,0.00026220919977380493
1990,Other,4540,7,10507.77,0.00018409500520882448
1990,Other,4600,108,152118.28,0.0026650959764971463
1990,Other,4620,28,43081.18,0.0007547776603886747
1990,Other,4650,42,70828.34,0.001240904932372177
1990,Other,4700,1203,1982619.52,0.03473528168788592
1990,Other,4720,355,565576.31,0.009908836388257236
1990,Other,4740,25,40967.51,0.0007177463883243133
1990,Other,4750,55,86966.27,0.0015236397378932006
1990,Other,4760,616,976656.2,0.01711091204187289
1990,Other,4800,51,87900.09,0.0015400001642980519
1990,Other,4840,180,308238.33,0.005400302534877463
1990,Other,4850,585,1006103.95,0.017626833468554114
1990,Other,4920,137,214194.83000000002,0.0037526704852269585
1990,Other,4930,13,25633.469999999998,0.0004490956495212824
1990,Other,4950,47,72608.49,0.0012720929697504686
1990,Other,4965,4,5775.099999999999,0.00010117913359175944
1990,Other,5000,446,753407.01,0.013199610139003316
1990,Other,5020,85,131787.88999999998,0.0023089097207123857
1990,Other,5100,50,91997.94,0.0016117940574928002
1990,Other,5110,111,184670.28,0.0032354035307696183
1990,Other,5120,658,1050710.65,0.018408338075987324
1990,Other,5140,66,106326.84,0.0018628348511280552
1990,Other,5160,152,230752.12,0.004042752433042147
1990,Other,5240,263,410124.02,0.00718532891357196
1990,Other,5250,43,83124.68,0.0014563354924576638
1990,Other,5260,135,236444.93,0.00414248985464567
1990,Other,5300,27,36516.84,0.0006397711265101738
1990,Other,5310,52,92994.54,0.0016292543827750546
1990,Other,5320,20,32821.87,0.0005750356477743003
1990,Other,5350,116,195265.0,0.0034210218906676783
1990,Other,5360,39,61867.95,0.00108391985906708
1990,Other,5400,241,387168.95,0.006783158545242721
1990,Other,5410,32,58904.46,0.001031999831602994
1990,Other,5510,44,64806.24,0.001135398385229628
1990,Other,5520,115,193375.27,0.003387914023423413
1990,Other,5530,28,43853.51,0.0007683087992861698
1990,Other,5540,128,208884.94,0.0036596417810196634
1990,Other,5550,166,279210.21,0.004891732980861494
1990,Other,5600,90,159198.38,0.002789138570347126
1990,Other,5610,217,355373.6,0.006226107417946786
1990,Other,5620,362,614663.72,0.010768842555087846
1990,Other,5630,31,46580.7,0.0008160888760536907
1990,Other,5700,1363,2165938.58,0.03794701198894664
1990,Other,5800,282,459152.03,0.008044294398763233
1990,Other,5810,180,298698.8,0.005233170990787733
1990,Other,5820,157,268475.42,0.004703660609562384
1990,Other,5850,61,93608.04,0.0016400028370803555
1990,Other,5860,216,352931.53,0.0061833226130480964
1990,Other,5900,18,31103.81,0.0005449354205472986
1990,Other,5910,7,11059.52,0.00019376160612642821
1990,Other,5940,409,627105.53,0.010986821733996142
1990,Other,6005,13,25872.27,0.0004532793999501429
1990,Other,6050,210,312405.2,0.0054733056510814235
1990,Other,6100,2,2314.88,4.0556449718427756e-05
1990,Other,6120,7,12413.66,0.00021748599392264735
1990,Other,6130,14,25976.68,0.0004551086519697297
1990,Other,6200,244,379498.36,0.006648770629823487
1990,Other,6210,10,11803.83,0.00020680183762435594
1990,Other,6220,28,63865.909999999996,0.0011189239043218793
1990,Other,6230,272,473356.59,0.008293156768913042
1990,Other,6240,32,52613.08,0.0009217755276954386
1990,Other,6250,20,35726.62,0.0006259265567283728
1990,Other,6260,180,289589.6,0.005073578782217482
1990,Other,6300,25,32902.979999999996,0.0005764566862888935
1990,Other,6320,91,115283.84,0.0020197605319961596
1990,Other,6330,21,37088.520000000004,0.0006497868988936369
1990,Other,6355,269,430528.15,0.007542807086260507
1990,Other,6360,9,13447.64,0.00023560121280218318
1990,Other,6400,21,37563.08,0.0006581011392768866
1990,Other,6420,88,139831.7,0.002449836410566541
1990,Other,6440,179,291288.69,0.005103346657075827
1990,Other,6460,9,14499.02,0.0002540212778184953
1990,Other,6515,29,62392.45,0.0010931090429026635
1990,Other,6520,61,100903.31999999999,0.0017678153614884681
1990,Other,6530,14,27184.25,0.00047626514906093175
1990,Other,6600,26,62746.18,0.00109930635462461
1990,Other,6660,22,38105.54,0.0006676049803892804
1990,Other,6700,13,22592.24,0.0003958136255817374
1990,Other,6730,54,78213.72,0.0013702959991322174
1990,Other,6800,17,22954.81,0.0004021658131570806
1990,Other,6820,7,8254.68,0.00014462110967381083
1990,Other,6830,3,4076.73,7.142387305631652e-05
1990,Other,6840,15,22342.41,0.0003914366307339894
1990,Other,6940,12,16132.06,0.0002826319637495938
1990,Other,7000,172,265226.93,0.0046467474126166185
1990,Other,7010,98,161813.79,0.002834960273484253
1990,Other,7020,163,279677.54,0.004899920552418944
1990,Other,7040,29,56094.67,0.0009827726116804316
1990,Other,7140,57,94472.29,0.0016551444045348894
1990,Other,7150,66,97376.26,0.0017060216479724856
1990,Other,7200,288,462898.3,0.008109928648005808
1990,Other,7210,131,214153.05,0.0037519385041008364
1990,Other,7220,82,124407.06,0.0021795983694651235
1990,Other,7240,30,46533.06,0.0008152542283550688
1990,Other,7300,14,24079.82,0.00042187586788895796
1990,Other,7315,102,174517.14,0.0030575216051863673
1990,Other,7320,18,36197.82,0.0006341819302714173
1990,Other,7330,257,421439.5,0.007383574911489724
1990,Other,7340,92,157459.53,0.002758674104546355
1990,Other,7350,13,20336.79,0.00035629838309943684
1990,Other,7360,37,56498.91,0.0009898548531936753
1990,Other,7410,69,110194.21,0.0019305907594030227
1990,Other,7420,31,62046.43,0.0010870468095551162
1990,Other,7430,8,13559.07,0.00023755345447005555
1990,Other,7540,19,26727.05,0.00046825505401874157
1990,Other,7610,4,6437.46,0.00011278360986504264
1990,Other,7630,180,295140.45,0.0051708290798223415
1990,Other,7700,651,1074635.17,0.01882749310450609
1990,Other,7720,129,211241.12,0.0037009218023156118
1990,Other,7730,5,9674.49,0.0001694960288379666
1990,Other,7750,429,706896.15,0.012384744852271031
1990,Other,7800,47,69110.27,0.0012108045299462462
1990,Other,7810,126,185432.17,0.003248751761985048
1990,Other,7830,2,3631.94,6.363119988524092e-05
1990,Other,7840,12,21140.06,0.00037037158748382025
1990,Other,7900,5,9411.86,0.000164894779360866
1990,Other,7930,5,8297.18,0.00014536570512283333
1990,Other,7940,11,16751.09,0.0002934773030627324
1990,Other,7950,147,236008.36000000002,0.004134841194994383
1990,Other,8030,230,363896.29,0.006375424034121597
1990,Other,8100,57,98299.02,0.001722188304361662
1990,Other,8130,82,137477.49,0.0024085909034596413
1990,Other,8140,268,426299.49,0.007468721415873131
1990,Other,8220,74,119520.92,0.0020939937198819055
1990,Other,8250,43,66382.65,0.0011630169196247702
1990,Other,8255,129,202283.96,0.0035439933182646404
1990,Other,8256,27,50488.68,0.0008845562671800651
1990,Other,8300,71,104780.9,0.00183575014787013
1990,Other,8310,40,59784.35,0.001047415410182768
1990,Other,8320,231,341009.77,0.0059744546544518995
1990,Other,8330,10,11524.45,0.00020190712994087588
1990,Other,8350,27,43930.96,0.0007696657149926825
1990,Other,8400,4,4001.6800000000003,7.010900509280739e-05
1990,Other,8410,18,28171.05,0.000493553779392588
1990,Other,8420,40,63161.93,0.0011065902501053418
1990,Other,8450,12,22415.1,0.0003927101517502116
1990,Other,8460,24,29749.73,0.0005212120839446545
1990,Other,8500,9,12978.69,0.00022738525901820446
1990,Other,8510,9,14443.310000000001,0.0002530452445840237
1990,Other,8530,35,52936.24,0.0009274372562908764
1990,Other,8540,9,15720.69,0.00027542480539984363
1990,Other,8550,22,30668.41,0.0005373072591707246
1990,Other,8600,30,39162.57,0.0006861240328005803
1990,Other,8610,61,86205.07,0.001510303595403885
1990,Other,8620,31,60523.81,0.0010603706702000427
1990,Other,8630,13,17893.73,0.00031349623350675725
1990,Other,8640,30,34768.76,0.0006091449520977684
1990,Other,8650,55,81268.58,0.0014238168192122372
1990,Other,8710,102,158497.51,0.0027768594029975637
1990,Other,8720,23,42817.52,0.0007501583654218683
1990,Other,8730,50,76339.44,0.001337458814233538
1990,Other,8740,400,631975.79,0.011072148167679818
1990,Other,8750,15,18619.97,0.00032621988053965355
1990,Other,8760,21,32384.69,0.000567376300988332
1990,Other,8800,158,249638.8,0.004373645044222008
1990,Other,8810,81,133104.28,0.002331972732550944
1990,Other,8830,38,68945.61,0.001207919704378339
1990,Other,8850,8,13128.029999999999,0.00023000167982660486
1990,Other,8910,11,17531.45,0.0003071491267003604
1990,Other,8920,6,8162.3099999999995,0.0001430027971649589
1990,Other,8930,9,14008.2,0.00024542216397639607
1990,Other,8950,151,256045.37,0.004485887464594808
1990,Other,8965,471,745929.3,0.013068601460530141
1990,Other,9000,47,81349.92,0.0014252418873022016
1990,Other,9030,44,78543.81,0.001376079140585578
1990,Other,9040,11,13259.89,0.00023231185290679558
1990,Other,9050,22,38192.44,0.00066912745908387
1990,Other,9120,111,192884.85,0.003379321917538481
1990,Other,9130,1092,1728184.8,0.030277612638819777
1990,Other,9140,40,57396.34,0.001005577730695234
1990,Other,9150,5,5577.05,9.770931879931466e-05
1990,Other,9200,34,49469.49,0.0008667001675167889
1990,Other,9240,27,37724.25,0.0006609248204185091
1990,Other,9260,29,32819.88,0.0005750007831873931
1990,Other,9300,3,4759.1900000000005,8.338049917725506e-05
1990,Other,9310,14,23655.63,0.0004144441045119968
1990,Other,9350,8,11239.2,0.00019690958048596612
1990,Other,9360,57,90387.45,0.0015835784451470065
1990,Other,9420,3,5615.83,9.838874024668152e-05
1990,Other,9510,35,60673.75,0.0010629976029441941
1990,Other,9520,38,58398.96,0.001023143525732856
1990,Other,9560,11,10824.960000000001,0.0001896521400435408
1990,Other,9600,197,330256.99,0.005786067100279193
1990,Other,9610,45,66390.36,0.0011631519979991693
1990,Other,9620,612,964259.77,0.016893727915705224
1990,Other,9630,31,50001.28,0.000876017071371746
1990,Other,9640,95,144299.72,0.0025281156425228106
1990,Other,9720,16,24368.7,0.0004269370145551607
1990,Other,9750,42,61650.979999999996,0.0010801185679006234
1990,Tech,1006,276,494368.63,0.5310683071731578
1990,Tech,1010,256,436525.99,0.4689316928268422
1991,Finance,120,305,495401.65,0.19900891320353176
1991,Finance,800,539,888376.66,0.35687179003538533
1991,Finance,860,47,74021.9,0.02973550425651692
1991,Finance,910,313,547972.0,0.22012706696872267
1991,Finance,4810,166,287805.22,0.11561488349201775
1991,Finance,4820,107,195766.6,0.07864184204382549
1991,Healthcare,350,188,301533.52,0.09855404183570075
1991,Healthcare,3000,2,3544.2300000000005,0.001158405843885435
1991,Healthcare,3010,8,15894.01,0.005194841775723794
1991,Healthcare,3030,23,39543.09,0.012924371878034918
1991,Healthcare,3040,1,959.32,0.00031354677720017476
1991,Healthcare,3050,69,115474.6,0.03774203464795824
1991,Healthcare,3060,139,236689.32,0.07736018584382778
1991,Healthcare,3150,10,20496.17,0.006699024359386759
1991,Healthcare,3160,35,58183.340000000004,0.0190168022596652
1991,Healthcare,3220,29,42212.979999999996,0.013797006040753275
1991,Healthcare,3230,23,37434.66,0.012235246840037
1991,Healthcare,3245,24,38276.76,0.012510481111271069
1991,Healthcare,3250,13,19601.43,0.006406585086326588
1991,Healthcare,3255,632,1029111.77,0.3363577105264849
1991,Healthcare,3300,121,200576.12,0.06555684861080298
1991,Healthcare,3310,20,30639.8,0.010014396180688315
1991,Healthcare,3320,50,77404.58,0.02529912500472533
1991,Healthcare,3400,190,324522.22,0.10606773152946472
1991,Healthcare,3500,198,323231.53,0.10564587887355795
1991,Healthcare,3510,59,113119.3,0.03697222194277168
1991,Healthcare,3520,21,31126.63,0.010173513031733182
1991,Other,10,13,18164.49,0.0003185485975054686
1991,Other,50,248,454980.33999999997,0.007978938533345073
1991,Other,136,54,94692.81999999999,0.001660617226513807
1991,Other,150,63,108187.5,0.0018972718965752893
1991,Other,205,36,47457.01,0.0008322481928919004
1991,Other,230,261,408259.49,0.007159600294739784
1991,Other,310,330,543737.92,0.009535470130267388
1991,Other,400,27,40937.76,0.0007179208462783966
1991,Other,410,139,227667.06,0.0039925713665064835
1991,Other,420,192,296883.31,0.00520640887926285
1991,Other,430,2423,4131219.7,0.0724487305408499
1991,Other,500,11,13078.539999999999,0.0002293568701581586
1991,Other,510,6,8205.86,0.00014390523457175094
1991,Other,520,84,142875.18,0.002505585799950418
1991,Other,530,122,197721.84,0.0034674254453717474
1991,Other,540,146,263382.67,0.004618911961510928
1991,Other,565,112,175053.28,0.003069889483972965
1991,Other,630,173,283747.02,0.004976039253915532
1991,Other,710,52,103315.06,0.001811824469841616
1991,Other,735,53,85530.74,0.0014999428704359375
1991,Other,740,200,324108.45,0.00568385306645941
1991,Other,1200,8,13661.94,0.00023958788967947138
1991,Other,1220,103,206233.2,0.0036166881987363697
1991,Other,1240,11,20797.69,0.0003647267267538757
1991,Other,1300,37,65394.5,0.0011468159171862994
1991,Other,1310,4,12351.5,0.00021660685227544482
1991,Other,1320,47,92452.25,0.0016213246049696388
1991,Other,1340,1,322.02,5.64722815607325e-06
1991,Other,1350,31,64728.48,0.0011351360001112486
1991,Other,1360,112,181427.63,0.003181675735748214
1991,Other,1410,270,515748.89,0.009044629690924556
1991,Other,1430,99,164735.47,0.0028889472221848337
1991,Other,1440,6,10947.71,0.00019198874652668986
1991,Other,1450,13,23907.17,0.00041925732425324424
1991,Other,1460,152,273771.52999999997,0.004801100219077238
1991,Other,1520,11,16306.380000000001,0.0002859631335309289
1991,Other,1530,116,219189.99,0.003843909952976256
1991,Other,1540,90,143969.03,0.00252476852313072
1991,Other,1550,310,493554.1,0.008655402180191889
1991,Other,1560,37,66832.14,0.0011720276465394363
1991,Other,1600,15,16518.94,0.0002896907741024925
1991,Other,1610,46,72185.36,0.0012659064575128369
1991,Other,1640,21,20327.1,0.000356474043386487
1991,Other,1650,25,45570.63,0.0007991669611390483
1991,Other,1700,15,21580.989999999998,0.0003784633698650246
1991,Other,1710,3,3983.46,6.985748546857818e-05
1991,Other,1720,52,88355.53,0.00154948089174826
1991,Other,1740,42,73200.21,0.0012837037666681408
1991,Other,1820,64,114638.04,0.002010394283724773
1991,Other,1840,9,14537.82,0.00025494809773282656
1991,Other,1860,4,5356.490000000001,9.393615659190363e-05
1991,Other,1900,23,40667.72,0.0007131851854769991
1991,Other,1920,40,70291.63,0.0012326963296450009
1991,Other,1965,301,509569.43,0.008936261202938316
1991,Other,2000,98,138848.07,0.0024349628293908127
1991,Other,2010,268,431351.54,0.007564562952156874
1991,Other,2016,16,27095.37,0.0004751684254494207
1991,Other,2040,146,219056.56,0.0038415700062249215
1991,Other,2060,22,40788.94,0.000715311006845483
1991,Other,2100,228,356523.6,0.0062523138694012695
1991,Other,2145,87,130563.06999999999,0.002289669725629969
1991,Other,2160,21,38634.14,0.000677522524047189
1991,Other,2200,244,387059.65,0.006787821109123214
1991,Other,2300,117,179982.62,0.003156334759542365
1991,Other,2310,607,986817.54,0.017305707088984972
1991,Other,2320,489,731084.89,0.012820952659113455
1991,Other,2330,99,148199.04,0.0025989497279393387
1991,Other,2340,155,252121.8,0.004421431363641602
1991,Other,2400,7,13386.26,0.00023475332083882088
1991,Other,2430,69,111445.79,0.0019544121581387074
1991,Other,2540,94,140862.41,0.0024702880811264334
1991,Other,2600,35,57197.95,0.0010030739510268614
1991,Other,2630,121,245449.47,0.004304419470459153
1991,Other,2710,20,31840.06,0.000558375514946468
1991,Other,2720,11,25251.23,0.00044282795177778253
1991,Other,2750,8,10824.01,0.00018981943367995285
1991,Other,2800,15,30905.8,0.0005419915034655259
1991,Other,2825,64,100234.79000000001,0.0017578061247937688
1991,Other,2830,103,157957.45,0.0027700818554795745
1991,Other,2840,13,20776.17,0.00036434933295871174
1991,Other,2850,17,36280.96,0.0006362550737263751
1991,Other,2860,10,18469.34,0.0003238947173221847
1991,Other,2900,12,20706.89,0.0003631343774694479
1991,Other,2910,23,45308.89,0.0007945768564947075
1991,Other,3600,462,740658.46,0.012988843268572922
1991,Other,3640,39,48648.88,0.0008531498816763828
1991,Other,3645,119,194007.31,0.003402284154760671
1991,Other,3710,24,32981.65,0.0005783954490831418
1991,Other,3720,15,28462.08,0.0004991362634507463
1991,Other,3730,24,44241.17,0.0007758523721558386
1991,Other,3740,103,180022.83,0.003157039917744202
1991,Other,3750,11,10002.67,0.0001754156874104379
1991,Other,3800,189,335797.23,0.005888837873384898
1991,Other,3850,270,439152.39,0.007701365572370849
1991,Other,3930,233,418026.98,0.007330891657208463
1991,Other,3940,4,5186.860000000001,9.096137455316471e-05
1991,Other,3955,15,27331.77,0.0004793141453925786
1991,Other,4010,99,153559.69,0.0026929588379786345
1991,Other,4020,395,612776.06,0.010746184148188408
1991,Other,4030,31,53667.979999999996,0.0009411692681683622
1991,Other,4040,81,111136.87,0.0019489946631943743
1991,Other,4060,10,21114.98,0.00037029100543731306
1991,Other,4110,198,301740.57,0.0052915900960610876
1991,Other,4130,38,63993.15,0.0011222406014403418
1991,Other,4140,111,163833.34,0.0028731266708636786
1991,Other,4200,72,133324.11000000002,0.002338089770434778
1991,Other,4210,28,48069.43,0.0008429881328563199
1991,Other,4220,673,1023037.67,0.0179408953939121
1991,Other,4230,257,405884.3,0.007117946857549474
1991,Other,4240,14,26046.08,0.0004567671459267634
1991,Other,4250,133,225146.79,0.003948373677838368
1991,Other,4320,22,27460.62,0.0004815737732042364
1991,Other,4350,9,14886.6,0.0002610646129687598
1991,Other,4420,1,1797.56,3.152360550348125e-05
1991,Other,4430,42,48784.23,0.0008555234992495911
1991,Other,4465,12,22619.84,0.00039668156429374554
1991,Other,4500,10,18658.32,0.0003272088381126161
1991,Other,4510,99,155512.83,0.0027272108322670416
1991,Other,4530,10,14803.539999999999,0.00025960799918500895
1991,Other,4540,4,4249.23,7.451826376508022e-05
1991,Other,4600,154,228845.78,0.004013242445234906
1991,Other,4620,25,38995.18,0.0006838540415102927
1991,Other,4650,28,39220.18,0.0006877998409485776
1991,Other,4700,1326,2195306.02,0.03849883226924137
1991,Other,4720,332,494249.43,0.0086675961034071
1991,Other,4740,40,71004.1,0.0012451908350929776
1991,Other,4750,59,89328.97,0.0015665519984380556
1991,Other,4760,539,890803.76,0.015621924337022289
1991,Other,4800,52,83195.16,0.0014589840693156294
1991,Other,4840,181,335005.21,0.005874948308624408
1991,Other,4850,579,1031777.33,0.018094161818440098
1991,Other,4900,3,7570.71,0.00013276668117963267
1991,Other,4920,134,225588.52,0.003956120246664472
1991,Other,4930,15,33209.33,0.0005823882473769582
1991,Other,4950,42,73004.15,0.0012802654847220512
1991,Other,4965,4,6638.33,0.00011641563904510817
1991,Other,5000,418,688212.35,0.012069101795780815
1991,Other,5010,5,6293.02,0.00011035997680495648
1991,Other,5020,74,122442.24,0.002147255652508162
1991,Other,5100,57,81442.66,0.0014282506759129888
1991,Other,5110,113,195086.76,0.003421214346776923
1991,Other,5120,629,1077044.68,0.018888010192674068
1991,Other,5140,69,124532.23,0.002183907569699366
1991,Other,5160,147,217763.42,0.0038188923569554833
1991,Other,5240,309,524140.22,0.0091917874918155
1991,Other,5250,40,64865.48,0.0011375385535470042
1991,Other,5260,154,237060.16,0.00415729709407872
1991,Other,5300,32,44187.89,0.0007749180068488528
1991,Other,5310,53,87448.58,0.0015335758126346938
1991,Other,5320,17,23649.69,0.000414741926744935
1991,Other,5350,85,139034.18,0.002438226619317298
1991,Other,5360,30,57551.03,0.001009265874874282
1991,Other,5400,250,388899.49,0.006820086174183365
1991,Other,5410,73,120396.0,0.0021113709740966245
1991,Other,5510,37,63996.21,0.0011222942643127026
1991,Other,5520,96,172532.76,0.003025687411083251
1991,Other,5530,24,33319.17,0.0005843144989782968
1991,Other,5540,113,187830.78,0.0032939670498515626
1991,Other,5550,153,259707.5,0.004554460922748256
1991,Other,5600,74,120472.51,0.002112712721274505
1991,Other,5610,216,357585.74,0.0062709404979140685
1991,Other,5620,362,567267.71,0.009948109384333876
1991,Other,5630,34,43523.619999999995,0.0007632687793249884
1991,Other,5700,1483,2433535.82,0.042676641207120065
1991,Other,5800,253,438527.59,0.007690408525752892
1991,Other,5810,174,296721.84,0.005203577198217074
1991,Other,5820,181,321047.59,0.005630175112376439
1991,Other,5850,55,80778.67,0.0014166063587173143
1991,Other,5860,214,359172.86,0.0062987736410451385
1991,Other,5900,21,35894.82,0.0006294833804148227
1991,Other,5910,11,15947.43,0.0002796682681603852
1991,Other,5940,574,953618.34,0.016723496490267168
1991,Other,6005,15,21851.829999999998,0.00038321306017553603
1991,Other,6050,213,313463.69,0.0054971771196652905
1991,Other,6100,6,4849.59,8.50467088796077e-05
1991,Other,6120,5,6101.02,0.00010699289461762009
1991,Other,6130,7,8395.09,0.00014722373958378046
1991,Other,6200,229,389457.71,0.0068298756149053185
1991,Other,6210,8,11180.789999999999,0.00019607624400702511
1991,Other,6220,37,56666.67,0.0009937569540243193
1991,Other,6230,207,363138.35,0.006368315988665245
1991,Other,6240,25,37734.4,0.0006617438858845117
1991,Other,6250,10,20194.1,0.00035414163749630085
1991,Other,6260,148,251063.2,0.004402866815706632
1991,Other,6300,37,54979.39,0.0009641673163521895
1991,Other,6320,66,88700.73,0.0015555346249309086
1991,Other,6330,21,37370.15,0.0006553560750160883
1991,Other,6355,222,373988.31,0.006558590504547081
1991,Other,6360,10,14651.86,0.00025694800425701326
1991,Other,6400,20,32142.71,0.0005636830536131209
1991,Other,6420,105,171282.55,0.0030037626203466374
1991,Other,6440,132,231636.58,0.004062184387778752
1991,Other,6460,2,3281.7599999999998,5.7551852287047224e-05
1991,Other,6515,34,55431.75,0.0009721003022806452
1991,Other,6520,66,115744.29,0.0020297944642963402
1991,Other,6530,14,21803.88,0.0003823721664730216
1991,Other,6600,22,36454.729999999996,0.0006393024584747784
1991,Other,6660,29,55991.82,0.0009819221862424237
1991,Other,6700,10,17941.87,0.00031464453585679757
1991,Other,6730,61,79420.41,0.0013927867074060042
1991,Other,6800,9,11663.49,0.0002045412990686255
1991,Other,6820,4,5772.93,0.00010123921756114511
1991,Other,6830,3,2551.0,4.473659718695379e-05
1991,Other,6840,32,34420.03,0.0006036201557322089
1991,Other,6940,8,9222.61,0.00016173586381120029
1991,Other,7000,140,239042.43,0.004192059937867737
1991,Other,7010,86,152516.2,0.002674659272397053
1991,Other,7020,130,217411.75,0.003812725160117876
1991,Other,7040,27,52168.28,0.0009148691996457145
1991,Other,7140,57,103569.01,0.00181627796214096
1991,Other,7150,53,72315.25,0.0012681843236863426
1991,Other,7200,287,469482.13,0.008233254777061182
1991,Other,7210,148,234771.52,0.00411716147440567
1991,Other,7220,93,135103.31,0.002369291398704095
1991,Other,7240,13,15210.97,0.00026675305280785515
1991,Other,7300,13,22259.75,0.0003903667068727145
1991,Other,7315,87,147181.31,0.0025811019125512244
1991,Other,7320,18,31877.73,0.0005590361294568689
1991,Other,7330,268,452801.06,0.007940720747567893
1991,Other,7340,97,147237.08,0.002582079944705327
1991,Other,7350,15,16726.74,0.0002933349390948285
1991,Other,7360,47,64613.68,0.0011331227655534035
1991,Other,7410,59,97325.86,0.0017067925498603915
1991,Other,7420,23,47618.43,0.0008350789970933579
1991,Other,7430,8,15036.16,0.00026368742969760375
1991,Other,7540,8,11763.02,0.0002062867453712588
1991,Other,7610,7,9303.15,0.00016314828464124233
1991,Other,7630,165,309831.04,0.005433471749312022
1991,Other,7700,603,1015023.27,0.01780034777160903
1991,Other,7720,136,222922.71,0.003909370239550809
1991,Other,7730,11,15944.97,0.0002796251274198599
1991,Other,7750,361,613248.51,0.010754469450164486
1991,Other,7800,38,68039.25,0.0011931965974725386
1991,Other,7810,126,186281.67,0.0032668004837722677
1991,Other,7830,1,958.7,1.6812612984371854e-05
1991,Other,7840,18,30774.620000000003,0.0005396910147085739
1991,Other,7900,1,1603.18,2.8114785526531e-05
1991,Other,7930,7,12858.35,0.00022549542314342114
1991,Other,7940,7,9366.939999999999,0.00016426696262421202
1991,Other,7950,143,235197.36000000002,0.004124629382107001
1991,Other,8030,218,379963.58,0.00666337813570086
1991,Other,8100,58,96859.03,0.001698605805185838
1991,Other,8130,53,91560.35,0.001605683455996278
1991,Other,8140,203,341580.05,0.005990250530752464
1991,Other,8220,81,139538.55,0.002447071698707021
1991,Other,8250,33,56139.93,0.0009845195744859988
1991,Other,8255,161,286564.93,0.0050254566214494745
1991,Other,8256,6,12130.64,0.00021273365554682442
1991,Other,8300,61,88899.66,0.0015590232377409442
1991,Other,8310,35,56399.03,0.0009890633817502637
1991,Other,8320,240,362756.36,0.006361617073432221
1991,Other,8330,10,15948.95,0.00027969492422770157
1991,Other,8350,28,42816.18,0.0007508624844155653
1991,Other,8400,6,7257.61,0.00012727588205017941
1991,Other,8410,10,17738.1,0.00031107104451662287
1991,Other,8420,32,49158.21,0.0008620819440226123
1991,Other,8450,11,18557.1,0.00032543375447197966
1991,Other,8460,42,58244.92,0.0010214345449730885
1991,Other,8500,15,19507.93,0.00034210835216044353
1991,Other,8510,5,4823.02,8.458075380816225e-05
1991,Other,8530,25,37462.06,0.0006569678902444117
1991,Other,8540,7,6506.66,0.00011410655721382389
1991,Other,8550,10,13893.67,0.0002436517123631769
1991,Other,8600,24,38519.21,0.000675507009694113
1991,Other,8610,60,97360.23,0.0017073952926456974
1991,Other,8620,28,46371.93,0.00081321926820526
1991,Other,8630,27,32956.18,0.0005779487845867278
1991,Other,8640,34,50261.54,0.0008814309168859135
1991,Other,8650,62,94277.27,0.001653329773373455
1991,Other,8710,71,116539.56,0.0020437410239376058
1991,Other,8720,27,45880.16,0.0008045951535840807
1991,Other,8730,29,49071.19,0.0008605558841687476
1991,Other,8740,376,640242.56,0.011227861038284633
1991,Other,8750,10,13510.56,0.00023693315581739335
1991,Other,8760,18,27262.96,0.0004781074322399191
1991,Other,8800,118,165001.35,0.002893609929538839
1991,Other,8810,73,115814.1,0.0020310187143353924
1991,Other,8830,30,53906.61,0.0009453540953681753
1991,Other,8850,12,20892.17,0.0003663836117802275
1991,Other,8910,5,6747.139999999999,0.00011832382765346272
1991,Other,8920,11,14555.6,0.00025525990357288305
1991,Other,8930,9,12192.84,0.0002138244498804303
1991,Other,8950,123,203266.57,0.0035646627454581524
1991,Other,8965,462,724069.92,0.012697931927177521
1991,Other,9000,45,69221.97,0.0012139378237465306
1991,Other,9030,28,38347.46,0.0006724950494562223
1991,Other,9040,11,12266.18,0.00021511060512844723
1991,Other,9050,20,36375.78,0.0006379179212941004
1991,Other,9120,97,180572.18,0.003166673806283855
1991,Other,9130,994,1652617.97,0.028981773589890743
1991,Other,9140,45,75233.79,0.0013193664280979505
1991,Other,9200,31,42719.2,0.0007491617571732326
1991,Other,9240,30,36857.77,0.0006463705251663621
1991,Other,9260,17,20976.25,0.0003678581131880986
1991,Other,9300,9,13629.75,0.00023902337730650076
1991,Other,9310,10,16029.63,0.00028110980022183854
1991,Other,9350,12,20248.54,0.0003550963455915019
1991,Other,9360,51,69403.12,0.0012171146307165097
1991,Other,9420,3,2957.77,5.1870076464780996e-05
1991,Other,9510,35,51735.86,0.0009072858992319228
1991,Other,9520,36,69554.6,0.001219771118267227
1991,Other,9560,5,6838.73,0.00011993003107814053
1991,Other,9600,175,312666.52,0.005483197239939879
1991,Other,9610,52,87416.96,0.0015330212962869668
1991,Other,9620,624,1025421.42,0.017982698946849927
1991,Other,9630,36,51772.78,0.0009079333610775294
1991,Other,9640,102,154820.95,0.002715077411309884
1991,Other,9720,9,11097.03,0.00019460735440279963
1991,Other,9750,34,45699.48,0.0008014265889507061
1991,Tech,1006,274,515983.07,0.575935013736166
1991,Tech,1010,227,379921.95,0.4240649862638341
1992,Finance,120,282,474026.94,0.18213949759290782
1992,Finance,800,574,994140.55,0.3819872775875081
1992,Finance,860,51,80556.97,0.030953105836995145
1992,Finance,910,326,564380.21,0.21685672105635978
1992,Finance,4810,185,315072.76,0.12106314930457501
1992,Finance,4820,95,174371.42,0.06700024862165412
1992,Healthcare,350,172,286083.2,0.09128409328458632
1992,Healthcare,3000,2,4974.48,0.0015872686559794806
1992,Healthcare,3010,8,18195.62,0.00580590077799355
1992,Healthcare,3030,36,68078.69,0.021722706851197253
1992,Healthcare,3040,2,3074.17,0.0009809133184076407
1992,Healthcare,3050,50,93213.78,0.02974286986767803
1992,Healthcare,3060,163,290708.62,0.09275998306336533
1992,Healthcare,3120,1,1115.01,0.00035577998586860954
1992,Healthcare,3150,3,3222.88,0.0010283640513145391
1992,Healthcare,3160,39,67158.96,0.021429237262222324
1992,Healthcare,3220,39,66868.09,0.021336425785652962
1992,Healthcare,3230,20,33771.06,0.01077574842339348
1992,Healthcare,3245,30,50051.43,0.01597052677384391
1992,Healthcare,3250,10,12305.79,0.003926560113633131
1992,Healthcare,3255,667,1106219.92,0.352975226684222
1992,Healthcare,3300,120,213091.51,0.06799373495889784
1992,Healthcare,3310,19,32397.3,0.010337405885311434
1992,Healthcare,3320,59,88536.56,0.02825045162433996
1992,Healthcare,3400,188,322001.09,0.10274485722090104
1992,Healthcare,3500,166,277119.49,0.0884239318356932
1992,Healthcare,3510,38,68794.79000000001,0.021951201705844758
1992,Healthcare,3520,19,27004.98,0.008616811869653261
1992,Other,10,10,14592.23,0.0002508391614348935
1992,Other,50,240,413207.23,0.007102996257051538
1992,Other,136,40,59022.57,0.0010145928322492382
1992,Other,150,55,104485.58,0.0017960980103273098
1992,Other,205,30,43611.770000000004,0.0007496825238837002
1992,Other,230,254,410813.52999999997,0.007061848762753085
1992,Other,310,296,506363.87,0.008704350776524728
1992,Other,400,26,39651.08,0.0006815986081077311
1992,Other,410,123,216753.6,0.0037259754857204373
1992,Other,420,236,372249.23,0.006398931808091347
1992,Other,430,2598,4484655.47,0.07709083652184814
1992,Other,500,8,13112.05,0.00022539499628859984
1992,Other,510,5,6635.35,0.00011406108797812403
1992,Other,520,98,169321.21,0.0029106168371483662
1992,Other,530,123,205489.33,0.0035323436665278783
1992,Other,540,139,248987.27,0.004280069462636171
1992,Other,565,90,163161.62,0.0028047340220897525
1992,Other,630,193,338449.39,0.005817915505426603
1992,Other,710,49,88377.79,0.0015192065046308286
1992,Other,735,62,98311.2,0.0016899609564582042
1992,Other,740,225,387513.26,0.006661319152953446
1992,Other,1200,7,10635.95,0.0001828310531744261
1992,Other,1220,128,240789.15,0.004139144494612597
1992,Other,1240,14,25435.46,0.0004372333397370228
1992,Other,1300,37,65510.07,0.0011261123916180855
1992,Other,1310,8,9986.05,0.00017165932883780738
1992,Other,1320,29,54424.34,0.0009355496594590088
1992,Other,1340,5,7803.54,0.00013414217222615385
1992,Other,1350,31,57588.89,0.0009899479980487098
1992,Other,1360,115,179170.21,0.0030799202884352677
1992,Other,1410,273,494182.89,0.00849496079235814
1992,Other,1430,93,171346.99,0.002945439818724971
1992,Other,1440,8,13875.07,0.00023851124356252936
1992,Other,1450,16,27490.55,0.00047256015765815174
1992,Other,1460,141,246794.27,0.004242371983839118
1992,Other,1520,17,28374.93,0.00048776257275096426
1992,Other,1530,121,213629.43,0.003672271275810091
1992,Other,1540,93,146598.14,0.0025200092450239015
1992,Other,1550,275,466980.04,0.008027346172616044
1992,Other,1560,27,50073.270000000004,0.0008607551455194313
1992,Other,1600,17,21043.5,0.0003617359302625563
1992,Other,1610,50,87345.95,0.001501469264994736
1992,Other,1640,15,12229.61,0.00021022592962664295
1992,Other,1650,40,76966.31,0.001323044158373193
1992,Other,1700,12,16884.32,0.0002902399886925029
1992,Other,1710,9,10209.14,0.00017549422648707077
1992,Other,1720,66,110949.06,0.0019072046679904089
1992,Other,1740,34,67777.46,0.0011650886280292346
1992,Other,1820,75,125886.62,0.0021639800220167233
1992,Other,1840,6,11058.45,0.00019009379133756103
1992,Other,1860,9,13352.98,0.00022953656198243205
1992,Other,1900,22,37997.3,0.0006531702740972476
1992,Other,1920,26,37328.59,0.0006416752075006322
1992,Other,1965,201,316767.52,0.005445206050522152
1992,Other,2000,102,165288.97,0.002841302983110688
1992,Other,2010,246,393624.26,0.0067663667101485175
1992,Other,2016,14,20519.149999999998,0.00035272239947950343
1992,Other,2040,141,236595.52,0.004067056360546165
1992,Other,2060,17,25866.76,0.00044464734913290466
1992,Other,2100,227,380770.47,0.006545411180742784
1992,Other,2145,83,148601.04,0.0025544389213953637
1992,Other,2160,25,27806.38,0.00047798924782161426
1992,Other,2200,270,430074.18,0.007392937656958494
1992,Other,2300,123,222967.51,0.003832792056843007
1992,Other,2310,700,1144044.52,0.019666025552022223
1992,Other,2320,556,909411.77,0.015632709036646368
1992,Other,2330,120,177208.33,0.00304619574228736
1992,Other,2340,147,258950.64,0.004451338924251399
1992,Other,2400,8,19228.010000000002,0.0003305278154512194
1992,Other,2430,69,113366.67,0.0019487631731041999
1992,Other,2540,94,145646.05,0.0025036429009345773
1992,Other,2600,31,59700.25,0.0010262420923637786
1992,Other,2630,143,269903.38,0.004639615569905588
1992,Other,2710,22,45190.62,0.000776822817727169
1992,Other,2720,17,29437.98,0.0005060363095659242
1992,Other,2740,1,2011.84,3.4583354192003286e-05
1992,Other,2750,14,27639.35,0.0004751180166846002
1992,Other,2800,13,25582.13,0.0004397545842491814
1992,Other,2825,77,126386.48,0.0021725725718350066
1992,Other,2830,111,191939.95,0.00329943100566914
1992,Other,2840,19,28754.11,0.0004942806438910767
1992,Other,2850,19,33560.91,0.0005769091167965371
1992,Other,2860,22,26385.85,0.0004535704609745655
1992,Other,2900,11,19508.15,0.0003353433976264161
1992,Other,2910,26,53699.25,0.0009230854255780443
1992,Other,3600,514,885168.36,0.015215966932477074
1992,Other,3640,47,81408.05,0.0013993972817074487
1992,Other,3645,96,159851.86,0.0027478395362605986
1992,Other,3710,25,36309.74,0.0006241612648319694
1992,Other,3720,23,51356.04,0.0008828058499774777
1992,Other,3730,23,43333.43,0.0007448978835515653
1992,Other,3740,124,221239.54,0.00380308840320099
1992,Other,3750,7,9680.119999999999,0.0001664004188111852
1992,Other,3800,188,344881.79,0.0059284879005995
1992,Other,3850,318,557008.26,0.009574923425049437
1992,Other,3930,225,390738.48,0.00671676040355346
1992,Other,3940,1,2829.87,4.864521856972937e-05
1992,Other,3955,3,2259.88,3.884714016592989e-05
1992,Other,4010,82,125675.99,0.0021603593106811
1992,Other,4020,416,666687.61,0.011460301888843125
1992,Other,4030,37,47625.55,0.0008186790521308665
1992,Other,4040,91,144104.21,0.0024771388057642863
1992,Other,4060,15,28866.96,0.0004962205255519282
1992,Other,4110,192,317250.59,0.005453509981704319
1992,Other,4130,38,55230.35,0.0009494049010847328
1992,Other,4140,85,141918.66,0.002439569391817684
1992,Other,4200,74,136283.22,0.0023426966695595606
1992,Other,4210,18,33247.46,0.0005715209386255675
1992,Other,4220,641,1001046.12,0.017207895523744746
1992,Other,4230,286,446456.8,0.007674553466393139
1992,Other,4240,14,26143.66,0.00044940723599059005
1992,Other,4250,153,284183.49,0.004885089415753551
1992,Other,4320,31,42240.74,0.000726114637720853
1992,Other,4350,9,11601.59,0.00019943032058235418
1992,Other,4420,1,1781.23,3.061918839839253e-05
1992,Other,4430,35,43878.94,0.0007542751528897233
1992,Other,4465,16,24472.7,0.0004206835792779937
1992,Other,4500,8,11913.98,0.00020480027744574286
1992,Other,4510,82,129859.78,0.00223227829600546
1992,Other,4530,13,23209.2,0.00039896412443983753
1992,Other,4540,10,19576.239999999998,0.0003365138587897956
1992,Other,4600,144,229891.22,0.003951810028079644
1992,Other,4620,22,39368.85,0.000676747099014757
1992,Other,4650,31,47126.72,0.0008101042079227798
1992,Other,4700,1282,2193249.17,0.03770176200762845
1992,Other,4720,370,591812.48,0.010173204932344452
1992,Other,4740,38,66517.04,0.0011434221181225398
1992,Other,4750,65,111770.89,0.0019213318540368214
1992,Other,4760,598,1011928.61,0.017394964578023878
1992,Other,4800,60,111995.18000000001,0.0019251873795814594
1992,Other,4840,173,307603.43,0.0052876761424194224
1992,Other,4850,599,1088637.47,0.018713583193343583
1992,Other,4920,138,226945.47,0.003901172842413242
1992,Other,4930,8,14854.59,0.00025534910696029016
1992,Other,4950,42,79711.44,0.0013702327037312205
1992,Other,4965,6,11804.94,0.00020292588935270564
1992,Other,5000,348,584896.73,0.0100543237928138
1992,Other,5010,8,11847.93,0.00020366488370450014
1992,Other,5020,75,133455.02,0.0022940801581442273
1992,Other,5100,64,92247.9,0.0015857333581042728
1992,Other,5110,94,154908.27,0.0026628596551815636
1992,Other,5120,593,982321.88,0.016886027470670903
1992,Other,5140,70,117331.01,0.002016909832061933
1992,Other,5160,116,180940.68,0.0031103545133718017
1992,Other,5240,340,589927.82,0.010140807791263898
1992,Other,5250,35,59648.76,0.0010253569837530808
1992,Other,5260,122,212497.45,0.0036528126383049892
1992,Other,5300,23,31085.21,0.0005343520496474881
1992,Other,5310,46,60931.12,0.0010474006403468742
1992,Other,5320,20,35935.73,0.000617732065541096
1992,Other,5350,82,152086.13999999998,0.0026143474865370003
1992,Other,5360,16,23297.34,0.00040047924335510075
1992,Other,5400,297,501955.51,0.008628571452480142
1992,Other,5410,76,131481.24,0.002260151052033855
1992,Other,5510,32,54624.37,0.000938988157718824
1992,Other,5520,92,158533.28,0.002725173261024749
1992,Other,5530,35,57665.07,0.0009912575256067397
1992,Other,5540,132,213944.66,0.003677690052025866
1992,Other,5550,168,291608.04,0.005012716782923027
1992,Other,5600,96,167765.07,0.0028838669262248617
1992,Other,5610,216,359811.46,0.006185127626213727
1992,Other,5620,335,571453.4,0.00982323412220879
1992,Other,5630,24,44352.700000000004,0.0007624190459836092
1992,Other,5700,1369,2259206.54,0.038835563447247416
1992,Other,5800,273,446255.1,0.007671086260978928
1992,Other,5810,203,356561.87,0.00612926745743848
1992,Other,5820,149,241455.55000000002,0.004150599852510617
1992,Other,5850,66,101835.02,0.0017505351150239278
1992,Other,5860,228,367030.98,0.006309230545559326
1992,Other,5900,11,12838.95,0.0002207004310996007
1992,Other,5910,6,9973.76,0.00017144806480934603
1992,Other,5940,544,883030.94,0.015179224869034119
1992,Other,6005,25,34134.82,0.0005867745796585602
1992,Other,6050,217,355862.74,0.006117249473694119
1992,Other,6100,7,11781.300000000001,0.00020251951981382633
1992,Other,6120,4,3848.2200000000003,6.61505662819861e-05
1992,Other,6130,11,14439.4,0.00024821202705981206
1992,Other,6200,251,432414.67,0.007433170475996211
1992,Other,6210,13,22416.07,0.0003853302888911341
1992,Other,6220,32,62317.33,0.00107122946938621
1992,Other,6230,207,342509.42,0.0058877070671413305
1992,Other,6240,25,45593.020000000004,0.0007837400386427797
1992,Other,6250,11,17197.88,0.0002956300577538818
1992,Other,6260,131,217986.44,0.003747167897831773
1992,Other,6300,34,62001.11,0.0010657936751567506
1992,Other,6320,80,123030.49,0.002114883396336547
1992,Other,6330,21,38851.94,0.0006678614611830266
1992,Other,6355,230,408173.26,0.007016462751652542
1992,Other,6360,11,21881.59,0.00037614262429129416
1992,Other,6400,14,21371.64,0.0003673766282527364
1992,Other,6420,93,139640.76,0.002400412489422879
1992,Other,6440,115,191329.71,0.003288941033274651
1992,Other,6460,6,9852.78,0.0001693684291573317
1992,Other,6515,24,48874.0,0.0008401397987811997
1992,Other,6520,45,79744.88,0.001370807534415659
1992,Other,6530,18,36665.33,0.0006302738259288433
1992,Other,6600,17,21945.96,0.0003772491389790125
1992,Other,6660,29,48117.53,0.0008271361454361898
1992,Other,6700,9,16258.4,0.0002794804784651196
1992,Other,6730,53,93302.6,0.0016038635591472514
1992,Other,6800,6,7356.62,0.0001264596563921461
1992,Other,6820,6,8301.99,0.00014271048426737186
1992,Other,6830,4,2557.83,4.396887468831108e-05
1992,Other,6840,25,29300.19,0.0005036677114795376
1992,Other,6940,9,7693.29,0.0001322469843386139
1992,Other,7000,125,233005.53,0.004005344745449662
1992,Other,7010,89,147361.3,0.002533127898885624
1992,Other,7020,137,219910.51,0.0037802424933762535
1992,Other,7040,28,49910.229999999996,0.0008579525021345377
1992,Other,7140,73,121254.22,0.002084349469905703
1992,Other,7150,49,70661.57,0.0012146662274698952
1992,Other,7200,273,443096.87,0.0076167965626382
1992,Other,7210,142,230363.71,0.003959932089984258
1992,Other,7220,77,122106.26,0.0020989959632181704
1992,Other,7240,17,27146.27,0.0004666420144751835
1992,Other,7300,11,19720.65,0.0003389962540989988
1992,Other,7315,101,190707.75,0.0032782495951020037
1992,Other,7320,16,36586.64,0.0006289211516896548
1992,Other,7330,252,415098.85,0.007135513039925264
1992,Other,7340,81,136846.16,0.0023523735590780344
1992,Other,7350,10,10181.82,0.00017502459806904272
1992,Other,7360,41,67212.81,0.001155382343759852
1992,Other,7410,58,97814.82,0.0016814282275365077
1992,Other,7420,20,28972.04,0.0004980268415902293
1992,Other,7430,9,13479.89,0.00023171813381742245
1992,Other,7540,5,10804.45,0.000185727553483274
1992,Other,7610,8,8100.95,0.00013925462419561648
1992,Other,7630,139,230351.23,0.003959717559872363
1992,Other,7700,617,1052932.21,0.018099812887008303
1992,Other,7720,133,228282.61,0.003924158162430885
1992,Other,7730,4,5535.639999999999,9.515716895947048e-05
1992,Other,7750,372,607975.48,0.010451045493127292
1992,Other,7800,26,44087.25,0.000757855983627623
1992,Other,7810,115,195118.61,0.0033540718939286196
1992,Other,7830,2,5814.87,9.995710831400816e-05
1992,Other,7840,16,21092.94,0.00036258579955198914
1992,Other,7900,2,3253.86,5.593356970295442e-05
1992,Other,7930,8,12558.050000000001,0.00021587178459066674
1992,Other,7940,5,7029.47,0.00012083597641565004
1992,Other,7950,133,213088.61,0.003662974627163022
1992,Other,8030,202,354862.25,0.006100051137824688
1992,Other,8100,43,70218.57,0.0012070510960941112
1992,Other,8130,57,102038.18000000001,0.001754027417710845
1992,Other,8140,214,353217.13,0.006071771668459157
1992,Other,8220,63,97859.29,0.0016821926629592638
1992,Other,8250,24,43733.77,0.0007517796932467828
1992,Other,8255,131,216976.75,0.0037298114147644693
1992,Other,8256,12,13703.83,0.00023556764289257617
1992,Other,8300,70,98297.76,0.0016897299240300088
1992,Other,8310,37,64777.46,0.0011135188895927736
1992,Other,8320,254,378961.08,0.006514307924399602
1992,Other,8330,13,17230.41,0.0002961892456176611
1992,Other,8350,24,40606.61,0.0006980240854971284
1992,Other,8400,5,5902.429999999999,0.00010146225707984032
1992,Other,8410,16,25908.97,0.00044537293535270575
1992,Other,8420,16,25277.37,0.0004345157864205494
1992,Other,8450,17,21482.14,0.00036927611361847935
1992,Other,8460,22,33580.46,0.0005772451795920146
1992,Other,8500,14,22006.760000000002,0.00037829428567799146
1992,Other,8510,8,11327.64,0.00019472114396746468
1992,Other,8530,33,48343.4,0.0008310188310430709
1992,Other,8540,3,4109.49,7.064177480241749e-05
1992,Other,8550,14,22727.39,0.00039068185254781374
1992,Other,8600,26,36374.9,0.0006252813595508095
1992,Other,8610,64,93767.98,0.0016118634007717713
1992,Other,8620,25,40806.69,0.0007014634432525841
1992,Other,8630,23,40076.41,0.0006889099937241245
1992,Other,8640,20,30467.36,0.000523731262016499
1992,Other,8650,76,130956.54,0.002251131504781318
1992,Other,8710,61,106146.8,0.0018246542372891159
1992,Other,8720,13,19061.82,0.00032767102384096753
1992,Other,8730,42,69868.98,0.0012010416744741102
1992,Other,8740,382,638474.09,0.01097531393991917
1992,Other,8750,14,22846.69,0.0003927326091463037
1992,Other,8760,15,23779.09,0.0004087604838523558
1992,Other,8800,146,231864.99,0.003985738962290888
1992,Other,8810,83,144739.47,0.0024880588697773352
1992,Other,8830,23,33721.340000000004,0.0005796668945089909
1992,Other,8850,10,20700.52,0.0003558401339662438
1992,Other,8910,8,21976.29,0.00037777050903460514
1992,Other,8920,13,21406.66,0.000367978618999418
1992,Other,8930,7,13241.07,0.00022761283883962393
1992,Other,8950,118,199284.95,0.0034256909152744087
1992,Other,8965,489,754996.86,0.012978330196849809
1992,Other,9000,51,91260.26,0.0015687559126144773
1992,Other,9030,49,77428.06,0.001330981600614205
1992,Other,9040,11,13371.79,0.00022985990424242867
1992,Other,9050,26,46860.48,0.000805527565535672
1992,Other,9120,109,192715.45,0.003312761783054965
1992,Other,9130,991,1641068.54,0.02820982512136836
1992,Other,9140,48,84139.94,0.0014463582326198431
1992,Other,9150,3,4940.49,8.49265923493172e-05
1992,Other,9200,23,34726.81,0.000596950836144227
1992,Other,9240,23,31001.73,0.0005329170357259295
1992,Other,9260,27,38295.54,0.0006582969936943443
1992,Other,9300,5,8047.139999999999,0.00013832963498719447
1992,Other,9310,8,13502.17,0.00023210112507487726
1992,Other,9350,9,14672.539999999999,0.00025221968333283756
1992,Other,9360,41,76463.11,0.0013143941942461172
1992,Other,9420,1,1806.91,3.1060625359408636e-05
1992,Other,9510,36,70854.17,0.0012179770046775158
1992,Other,9520,23,42456.35,0.0007298209548222815
1992,Other,9560,4,4285.0,7.365877640007858e-05
1992,Other,9600,183,335265.97,0.005763192793182136
1992,Other,9610,65,111513.16,0.001916901497807745
1992,Other,9620,591,942529.21,0.0162019949428081
1992,Other,9630,24,43241.76,0.0007433220842440752
1992,Other,9640,98,159933.09,0.00274923587287833
1992,Other,9720,12,21369.39,0.00036733795094890905
1992,Other,9750,41,61774.97,0.0010619063482734102
1992,Tech,1006,299,566245.06,0.556981324334417
1992,Tech,1010,259,450386.98,0.44301867566558295
1993,Finance,120,290,514414.36,0.1950118594721142
1993,Finance,800,543,958920.12,0.3635217253391272
1993,Finance,860,38,77896.04,0.02952999135932789
1993,Finance,910,304,544734.72,0.20650615326178196
1993,Finance,4810,175,305862.51,0.11595091711263296
1993,Finance,4820,116,236034.18,0.08947935345501573
1993,Healthcare,350,282,485876.84,0.13783915285550538
1993,Healthcare,3000,5,10686.52,0.0030316754010613375
1993,Healthcare,3010,6,7857.0,0.002228964492289251
1993,Healthcare,3030,28,49066.15,0.013919652045734789
1993,Healthcare,3040,3,8631.06,0.0024485587718999697
1993,Healthcare,3050,53,89260.55,0.02532246360089211
1993,Healthcare,3060,162,278305.11,0.07895280745992797
1993,Healthcare,3150,9,23107.13,0.006555297478517465
1993,Healthcare,3160,32,63672.12,0.018063242284431753
1993,Healthcare,3220,38,63961.89,0.018145447584282923
1993,Healthcare,3230,31,52492.69,0.014891732482467487
1993,Healthcare,3245,32,51379.12,0.014575822085410271
1993,Healthcare,3250,9,17365.95,0.004926573237224198
1993,Healthcare,3255,641,1093324.56,0.31016693684456775
1993,Healthcare,3300,130,239734.68,0.06801070246790455
1993,Healthcare,3310,17,30931.07,0.008774883128231294
1993,Healthcare,3320,54,106520.59,0.0302189910662723
1993,Healthcare,3400,205,360937.82,0.10239500887161627
1993,Healthcare,3500,217,379747.31,0.10773110220597669
1993,Healthcare,3510,38,64679.6,0.01834905584516633
1993,Healthcare,3520,23,47417.45,0.01345192979061995
1993,Other,10,9,12284.82,0.00020854619730086848
1993,Other,50,284,517613.29,0.008786964994350072
1993,Other,136,47,87150.32,0.0014794573977928718
1993,Other,150,55,109092.28,0.0018519424907228262
1993,Other,205,26,32865.39,0.0005579204341056678
1993,Other,230,258,452974.49,0.007689661497995109
1993,Other,310,318,528330.69,0.008968902785457497
1993,Other,400,27,37380.18,0.0006345631758073768
1993,Other,410,119,203730.27,0.0034585100216022054
1993,Other,420,193,349491.3,0.005932938504979073
1993,Other,430,2440,4255953.72,0.07224875612296193
1993,Other,500,13,18693.53,0.0003173399850897045
1993,Other,510,11,20910.940000000002,0.00035498257353275205
1993,Other,520,87,145855.72,0.002476035933825667
1993,Other,530,114,208772.83,0.003544112147857329
1993,Other,540,134,247327.41,0.004198611851355802
1993,Other,565,107,190046.72,0.0032262190870930877
1993,Other,630,186,333438.6,0.0056604290549902535
1993,Other,710,36,72560.4,0.0012317799930833286
1993,Other,735,40,67443.8,0.0011449209692547643
1993,Other,740,252,425028.04,0.00721524462615174
1993,Other,1200,3,3584.6,6.085190493997414e-05
1993,Other,1220,110,203640.67,0.003456988978617599
1993,Other,1240,13,21665.75,0.00036779617236323294
1993,Other,1300,36,62968.81,0.0010689538694145214
1993,Other,1310,7,12775.65,0.00021687849114165615
1993,Other,1320,24,50692.38,0.0008605501001341981
1993,Other,1340,2,3176.58,5.392538754511607e-05
1993,Other,1350,25,40537.04,0.00068815379808847
1993,Other,1360,118,205367.3,0.0034863001220161666
1993,Other,1410,264,497997.76,0.008453973205333944
1993,Other,1430,114,209605.8,0.0035582525850770606
1993,Other,1440,8,18148.54,0.00030808827508768574
1993,Other,1450,24,40917.98,0.0006946206074027125
1993,Other,1460,146,256347.55,0.004351737082016199
1993,Other,1520,20,34774.79,0.0005903342675298676
1993,Other,1530,118,198479.49,0.003369373168000488
1993,Other,1540,93,172664.44,0.002931138785190501
1993,Other,1550,314,544066.8,0.009236037826980953
1993,Other,1560,27,55067.86,0.0009348279255615144
1993,Other,1600,18,19114.74,0.0003244904149507118
1993,Other,1610,48,96778.1,0.0016428978802296803
1993,Other,1640,25,40925.7,0.0006947516615527254
1993,Other,1650,17,28180.96,0.00047839789628890635
1993,Other,1700,10,18550.76,0.00031491633211077236
1993,Other,1710,6,4316.77,7.328116880202316e-05
1993,Other,1720,71,131878.4,0.0022387579814863263
1993,Other,1740,39,66171.74,0.0011233265726141508
1993,Other,1820,74,125638.74,0.002132833974016104
1993,Other,1840,14,28441.79,0.00048282572711117204
1993,Other,1860,6,9816.11,0.0001666375586119315
1993,Other,1900,41,84419.28,0.0014330954643924176
1993,Other,1920,25,44803.520000000004,0.0007605812475635303
1993,Other,1965,32,63838.11,0.0010837110420319179
1993,Other,2000,91,151373.53,0.0025697058689918887
1993,Other,2010,254,419892.64,0.007128066454911227
1993,Other,2016,17,27737.62,0.0004708717891818126
1993,Other,2040,144,253682.93,0.00430650268963179
1993,Other,2060,25,43970.28,0.0007464362268437332
1993,Other,2100,214,390186.18,0.006623771783253819
1993,Other,2145,91,156619.19,0.002658755805851629
1993,Other,2160,34,53261.47,0.0009041627822918275
1993,Other,2200,261,420497.51,0.007138334683372155
1993,Other,2300,116,208967.22,0.003547412098145027
1993,Other,2310,617,1092105.58,0.018539503693180644
1993,Other,2320,496,826332.02,0.014027751361350448
1993,Other,2330,109,175727.22,0.0029831323123377567
1993,Other,2340,162,281939.34,0.004786181419550034
1993,Other,2400,9,13467.2,0.00022861819288278186
1993,Other,2430,70,108163.27,0.001836171685553969
1993,Other,2540,95,165016.92,0.0028013150503061203
1993,Other,2600,31,53900.14,0.0009150047970572164
1993,Other,2630,123,225737.51,0.0038321033029923737
1993,Other,2710,23,39791.35,0.0006754950197046365
1993,Other,2720,14,30427.36,0.0005165326168315494
1993,Other,2740,1,1094.62,1.8582188301454693e-05
1993,Other,2750,7,15035.87,0.0002552478189839338
1993,Other,2800,11,20246.55,0.0003437039379463353
1993,Other,2825,62,93810.16,0.0015925143499201488
1993,Other,2830,120,216528.66,0.0036757745453049103
1993,Other,2840,25,59382.37,0.001008070728770399
1993,Other,2850,17,22264.13,0.00037795422706333385
1993,Other,2860,18,28537.65,0.00048445303939358733
1993,Other,2900,20,40322.22,0.0006845070296291704
1993,Other,2910,23,47919.39,0.0008134760266310181
1993,Other,3600,512,871797.56,0.014799571011555377
1993,Other,3640,44,69680.4,0.0011828893257209657
1993,Other,3645,82,141529.21,0.0024025894195027725
1993,Other,3710,30,47216.07,0.0008015365182389012
1993,Other,3720,32,70130.61,0.0011905320574408303
1993,Other,3730,22,45533.28,0.0007729695994435155
1993,Other,3740,106,194403.09,0.0033001725025713436
1993,Other,3750,5,5973.71,0.00010140925990597918
1993,Other,3800,189,344895.68,0.005854923599165246
1993,Other,3850,292,532155.95,0.00903384011678894
1993,Other,3930,205,397591.31,0.006749480723394463
1993,Other,3955,5,9581.880000000001,0.000162661287425721
1993,Other,4010,92,170113.61,0.0028878360834446895
1993,Other,4020,428,726673.54,0.01233595636290646
1993,Other,4030,40,56478.03,0.0009587668673651196
1993,Other,4040,67,111096.81,0.001885971244003339
1993,Other,4060,11,16246.65,0.0002758019308690038
1993,Other,4110,173,305609.18,0.005187998875786266
1993,Other,4130,47,83700.06,0.0014208860387742376
1993,Other,4140,85,137638.63,0.0023365432206740705
1993,Other,4200,81,127775.9,0.0021691142443842105
1993,Other,4210,30,58031.63,0.0009851406662589276
1993,Other,4220,562,942964.19,0.016007690468024246
1993,Other,4230,326,504301.5,0.00856098503015298
1993,Other,4240,6,12397.85,0.00021046498623557955
1993,Other,4250,153,308060.52,0.005229612642637674
1993,Other,4320,20,29995.5,0.0005092013933568583
1993,Other,4350,17,26087.66,0.0004428621900425057
1993,Other,4430,44,58058.99,0.00098560512759887
1993,Other,4465,15,29568.76,0.0005019570866241448
1993,Other,4500,13,25595.48,0.0004345069787013919
1993,Other,4510,106,179427.92,0.0030459551223057765
1993,Other,4530,9,13093.91,0.00022228124940372058
1993,Other,4540,4,6475.92,0.00010993473978655285
1993,Other,4600,149,245254.5,0.004163422284243957
1993,Other,4620,17,28714.34,0.00048745251578812064
1993,Other,4650,28,37173.05,0.0006310469522203052
1993,Other,4700,1358,2352513.99,0.039936103802220416
1993,Other,4720,333,566945.11,0.009624418328377835
1993,Other,4740,42,73631.16,0.0012499571357864271
1993,Other,4750,54,83509.73,0.0014176550107467799
1993,Other,4760,530,903307.14,0.015334475315203905
1993,Other,4800,42,74315.31,0.0012615712156739134
1993,Other,4840,173,331867.45,0.005633757328592206
1993,Other,4850,533,972816.24,0.01651445666477238
1993,Other,4900,1,2161.74,3.669753863330349e-05
1993,Other,4920,137,254650.34,0.004322925370365479
1993,Other,4930,8,17540.76,0.00029777064668161043
1993,Other,4950,47,85923.03,0.0014586230133667763
1993,Other,4965,5,14806.060000000001,0.0002513465813913836
1993,Other,5000,365,657818.15,0.011167072346032933
1993,Other,5010,4,7768.65,0.0001318800288210484
1993,Other,5020,65,112702.1,0.0019132225285207443
1993,Other,5100,41,63031.69,0.001070021315651933
1993,Other,5110,109,212370.05,0.003605178288985537
1993,Other,5120,496,851861.54,0.014461138607961832
1993,Other,5140,49,82494.81,0.001400425803760874
1993,Other,5160,109,183751.13999999998,0.0031193457858315794
1993,Other,5240,329,600429.98,0.010192855009225737
1993,Other,5250,36,69094.54,0.0011729438096164818
1993,Other,5260,127,219818.54,0.003731623305284803
1993,Other,5300,20,31831.69,0.0005403724192263364
1993,Other,5310,42,72279.59,0.0012270129832562366
1993,Other,5320,29,55152.770000000004,0.0009362693514523958
1993,Other,5350,78,143551.42,0.002436918307157927
1993,Other,5360,20,41793.619999999995,0.0007094854073920108
1993,Other,5400,249,456234.01,0.007744994868856557
1993,Other,5410,92,148728.3,0.0025248006398158667
1993,Other,5510,38,70828.27,0.0012023754820908394
1993,Other,5520,77,130372.75,0.0022131981782522498
1993,Other,5530,24,35481.35,0.0006023287779227673
1993,Other,5540,152,254121.62,0.004313949858682205
1993,Other,5550,169,285150.63,0.004840696041492423
1993,Other,5600,82,160546.66,0.0027254282465966496
1993,Other,5610,228,411009.43,0.006977265737820944
1993,Other,5620,350,645628.91,0.010960148707755154
1993,Other,5630,18,28349.56,0.0004812600374407447
1993,Other,5700,1182,1999966.83,0.033951289243503165
1993,Other,5800,221,421351.88,0.007152838405411871
1993,Other,5810,193,350332.67,0.005947221539978611
1993,Other,5820,158,272947.0,0.004633528119637092
1993,Other,5850,66,102866.44,0.0017462530905522384
1993,Other,5860,209,373881.18,0.006346979307092942
1993,Other,5900,8,13505.95,0.00022927601002177198
1993,Other,5910,7,9092.47,0.00015435309940009114
1993,Other,5940,564,972093.16,0.016502181712079192
1993,Other,6005,26,41183.26,0.0006991239810964235
1993,Other,6010,1,1698.04,2.882580166943974e-05
1993,Other,6050,196,318301.37,0.005403460556129983
1993,Other,6100,5,10902.05,0.00018507239587425237
1993,Other,6120,2,3108.94,5.277713589914725e-05
1993,Other,6130,11,19840.75,0.00033681510710756904
1993,Other,6200,220,389593.08,0.006613703361443883
1993,Other,6210,13,21435.33,0.0003638845794557206
1993,Other,6220,23,37826.75,0.0006421441151559915
1993,Other,6230,224,412881.22,0.0070090411066619845
1993,Other,6240,27,40985.49,0.0006957666521782795
1993,Other,6250,13,26247.76,0.00044558003582192035
1993,Other,6260,145,270770.1,0.00459657322596309
1993,Other,6300,28,35853.19,0.0006086411063088857
1993,Other,6320,83,127415.85,0.0021630020621676072
1993,Other,6330,27,61157.24,0.0010382007908472867
1993,Other,6355,240,437828.31,0.00743254106459564
1993,Other,6360,5,13914.99,0.00023621984286132088
1993,Other,6400,11,26584.01,0.0004512881909957379
1993,Other,6420,88,148377.81,0.0025188507474534242
1993,Other,6440,132,233909.01,0.003970822083669994
1993,Other,6460,6,9524.53,0.00016168771806001562
1993,Other,6515,36,69541.67,0.0011805342554837503
1993,Other,6520,70,124844.07,0.0021193437147685873
1993,Other,6530,8,15357.91,0.0002607147462469113
1993,Other,6600,13,24609.87,0.00041777533611145497
1993,Other,6660,24,38620.38,0.0006556167194402942
1993,Other,6700,3,6249.950000000001,0.00010609868975048581
1993,Other,6730,50,76965.68,0.001306563701110436
1993,Other,6800,5,4054.3300000000004,6.882600673862785e-05
1993,Other,6820,7,10089.22,0.00017127385380753387
1993,Other,6830,3,4859.51,8.249468297016508e-05
1993,Other,6840,20,33877.33,0.0005750990528315947
1993,Other,6940,8,8174.150000000001,0.00013876376688196442
1993,Other,7000,135,242665.85,0.004119477552970492
1993,Other,7010,78,140403.94,0.002383486919064284
1993,Other,7020,151,257200.78,0.004366221451500085
1993,Other,7040,20,38878.56,0.000659999564058216
1993,Other,7140,57,123762.56,0.0021009840808591885
1993,Other,7150,48,85922.70999999999,0.0014586175810704027
1993,Other,7200,259,457259.5,0.007762403511382053
1993,Other,7210,132,244034.83,0.004142717256375258
1993,Other,7220,79,117163.5,0.001988958925524371
1993,Other,7240,8,12635.49,0.00021449914533002118
1993,Other,7300,8,11938.17,0.0002026614924949091
1993,Other,7315,94,170084.71,0.002887345479178449
1993,Other,7320,21,36225.85,0.0006149673549544613
1993,Other,7330,286,500555.72,0.00849739694543333
1993,Other,7340,78,143740.78,0.0024401328685370017
1993,Other,7350,11,17414.43,0.0002956260779288718
1993,Other,7360,46,74330.2,0.0012618239872145471
1993,Other,7410,52,83924.59,0.0014246976434766235
1993,Other,7420,22,33516.9,0.0005689804197630473
1993,Other,7430,5,8178.799999999999,0.0001388427049386432
1993,Other,7540,6,9544.83,0.0001620323293612156
1993,Other,7610,10,20647.43,0.0003505092472283575
1993,Other,7630,200,354987.59,0.006026243118214171
1993,Other,7700,601,1076918.93,0.018281696244049173
1993,Other,7720,133,231918.27,0.003937027428411331
1993,Other,7730,9,16310.29,0.00027688227881030264
1993,Other,7750,374,638220.58,0.010834385444650773
1993,Other,7800,46,75182.18,0.0012762871367907227
1993,Other,7810,101,172628.79,0.00293053359342263
1993,Other,7830,2,2770.71,4.7035368391518096e-05
1993,Other,7840,9,17411.739999999998,0.00029558041268748123
1993,Other,7900,4,6799.51,0.00011542797973508999
1993,Other,7930,7,9550.73,0.00016213248732560375
1993,Other,7940,5,18894.1,0.00032074484660111737
1993,Other,7950,141,238368.58,0.004046527414728734
1993,Other,8030,207,400370.56,0.006796661066195451
1993,Other,8100,48,78744.79,0.0013367657411142739
1993,Other,8130,52,90124.91,0.001529953818011417
1993,Other,8140,252,450246.77,0.007643355924669532
1993,Other,8220,65,107603.45,0.0018266682225668862
1993,Other,8250,30,51468.29,0.000873721891006813
1993,Other,8255,111,202433.03,0.0034364881711406946
1993,Other,8256,14,25851.63,0.0004388553621891937
1993,Other,8300,63,102406.67,0.0017384480689782128
1993,Other,8310,45,74274.59,0.0012608799559603733
1993,Other,8320,235,385642.82,0.006546644039341506
1993,Other,8330,19,23610.32,0.0004008070491107433
1993,Other,8350,32,54521.909999999996,0.0009255599186703748
1993,Other,8400,1,1002.52,1.7018705501429136e-05
1993,Other,8410,18,25356.08,0.00043044294197689553
1993,Other,8420,24,43124.08,0.0007320711981208057
1993,Other,8450,16,21930.670000000002,0.00037229343472352367
1993,Other,8460,25,37976.46,0.0006446855810625259
1993,Other,8500,20,29172.72,0.0004952339408247733
1993,Other,8510,5,11387.69,0.0001933165846582308
1993,Other,8530,21,40641.46,0.0006899264242988789
1993,Other,8540,9,11825.97,0.00020075679357891703
1993,Other,8550,16,28107.46,0.00047715016571559605
1993,Other,8600,21,35021.729999999996,0.0005945263027376668
1993,Other,8610,64,107054.7,0.0018173526830824777
1993,Other,8620,32,71334.70999999999,0.0012109727701391012
1993,Other,8630,19,36228.6,0.000615014038751422
1993,Other,8640,36,59022.65,0.0010019641486094307
1993,Other,8650,72,115947.54,0.0019683168783417534
1993,Other,8710,64,108610.01,0.001843755510810032
1993,Other,8720,32,45829.17,0.0007779926062372132
1993,Other,8730,35,68078.76,0.001155700003334072
1993,Other,8740,327,572572.45,0.00971994763673718
1993,Other,8750,17,23900.88,0.0004057395742179683
1993,Other,8760,22,38558.57,0.0006545674374438818
1993,Other,8800,122,213806.9,0.0036295701484992905
1993,Other,8810,86,160423.42,0.0027233361334557684
1993,Other,8830,16,31391.03,0.0005328918076013716
1993,Other,8850,13,21483.260000000002,0.00036469823559692825
1993,Other,8910,8,15468.34,0.00026258939777358694
1993,Other,8920,12,16742.95,0.0002842270830259276
1993,Other,8930,13,23168.54,0.00039330742444847086
1993,Other,8950,142,240156.65,0.004076881559031033
1993,Other,8965,443,765296.21,0.012991611957217679
1993,Other,9000,52,99008.13,0.0016807547048609615
1993,Other,9030,36,69699.84,0.0011832193377256618
1993,Other,9040,15,25093.940000000002,0.0004259928726913505
1993,Other,9050,22,42522.59,0.0007218603482903238
1993,Other,9120,129,232790.65,0.003951836886881323
1993,Other,9130,982,1786806.12,0.030332688768734038
1993,Other,9140,39,59338.22,0.0010073212416301044
1993,Other,9150,3,17245.05,0.00029275069555462284
1993,Other,9200,28,45663.04,0.0007751723956230087
1993,Other,9240,17,25526.89,0.00043334259992556395
1993,Other,9260,13,22658.79,0.00038465394608459434
1993,Other,9300,2,5466.85,9.280484196872669e-05
1993,Other,9310,8,19693.68,0.0003343184576461167
1993,Other,9350,12,31119.91,0.0005282892944988425
1993,Other,9360,36,65760.79,0.0011163503157556218
1993,Other,9420,3,5249.31,8.911189899025155e-05
1993,Other,9510,31,74599.06,0.0012663881347239378
1993,Other,9520,43,77532.84,0.001316191767395588
1993,Other,9560,5,8553.07,0.0001451962848253486
1993,Other,9600,173,316484.66,0.005372620221302247
1993,Other,9610,53,98943.42,0.0016796561926786632
1993,Other,9620,560,998656.54,0.016953119689718098
1993,Other,9630,18,35928.19,0.0006099143007714473
1993,Other,9640,77,135198.15,0.0022951138123808415
1993,Other,9720,23,39940.29,0.0006780234141480221
1993,Other,9750,31,53483.14,0.0009079258358453743
1993,Tech,1006,377,733282.37,0.6600364250213988
1993,Tech,1010,215,377690.21,0.3399635749786012
1994,Finance,120,298,504498.04,0.1902358744714071
1994,Finance,800,565,1017784.28,0.38378559910570015
1994,Finance,860,36,70017.91,0.026402319298426374
1994,Finance,910,284,509718.8,0.19220451610181927
1994,Finance,4810,163,295971.44,0.11160476601051136
1994,Finance,4820,131,253970.11,0.09576692501213573
1994,Healthcare,350,268,445788.33,0.12230330510782837
1994,Healthcare,3000,2,2913.04,0.0007992008671723379
1994,Healthcare,3010,12,18834.73,0.005167362119626523
1994,Healthcare,3030,35,66288.16,0.018186346550427966
1994,Healthcare,3040,3,2347.0299999999997,0.0006439144025758287
1994,Healthcare,3050,71,117655.25,0.03227905481125498
1994,Healthcare,3060,219,381935.67,0.10478514495786116
1994,Healthcare,3150,15,25823.99,0.007084885618408873
1994,Healthcare,3160,41,76009.19,0.020853338972711324
1994,Healthcare,3220,32,54284.2,0.014893025744156147
1994,Healthcare,3230,28,39136.12,0.010737106610880962
1994,Healthcare,3245,32,48655.22,0.01334869895932115
1994,Healthcare,3250,10,20626.89,0.005659046348511667
1994,Healthcare,3255,633,1135500.12,0.3115277100823517
1994,Healthcare,3300,151,255733.41,0.0701611934738071
1994,Healthcare,3310,22,38565.84,0.010580648659554841
1994,Healthcare,3320,47,87006.96,0.023870608670676998
1994,Healthcare,3400,213,383314.69,0.10516348304448132
1994,Healthcare,3500,189,346987.49,0.09519701168056495
1994,Healthcare,3510,46,68271.45,0.018730467842224242
1994,Healthcare,3520,16,29263.21,0.008028445475601512
1994,Other,10,12,21417.65,0.0003505940748513931
1994,Other,50,305,568104.82,0.00929953490632806
1994,Other,136,55,105461.53,0.0017263419442731783
1994,Other,150,61,116403.68,0.001905458371898766
1994,Other,205,36,68911.9,0.0011280464395837877
1994,Other,230,289,503557.91,0.00824294073301931
1994,Other,310,312,539706.74,0.008834675382283367
1994,Other,400,25,35974.08,0.0005888740966553288
1994,Other,410,129,240782.92,0.003941471873777795
1994,Other,420,199,367127.51,0.006009656975482631
1994,Other,430,2593,4612303.41,0.07550063835028005
1994,Other,500,2,2405.69,3.9379701317803205e-05
1994,Other,510,5,5601.58,9.16945023289701e-05
1994,Other,520,71,128062.32,0.002096303310761127
1994,Other,530,120,227218.27000000002,0.0037194266952716125
1994,Other,540,160,299545.04,0.0049033725070268454
1994,Other,565,107,216624.65,0.003546015494545705
1994,Other,630,187,325547.52,0.005329017496997355
1994,Other,710,65,116601.0,0.0019086883818601613
1994,Other,735,53,101303.78,0.0016582820724051917
1994,Other,740,179,323745.79,0.005299524258360902
1994,Other,1200,4,6849.66,0.0001121248227861877
1994,Other,1220,112,196147.74,0.00321082076882812
1994,Other,1240,13,24755.51,0.00040523283954702825
1994,Other,1300,39,77961.16,0.001276177394090455
1994,Other,1310,8,10309.73,0.00016876409182695827
1994,Other,1320,24,42779.23,0.0007002703174580293
1994,Other,1340,3,7693.33,0.00012593519428492239
1994,Other,1350,31,65493.28,0.0010720856821632273
1994,Other,1360,111,192617.91,0.0031530395704598264
1994,Other,1410,273,504331.79,0.00825560868410853
1994,Other,1430,134,255293.52,0.004179001685990555
1994,Other,1440,5,4492.98,7.354738575080888e-05
1994,Other,1450,10,16712.8,0.0002735785043726255
1994,Other,1460,136,231717.69,0.0037930794999569
1994,Other,1520,16,28125.12,0.00046039133268516446
1994,Other,1530,124,233422.03,0.003820978522750354
1994,Other,1540,71,140555.22,0.0023008045850704453
1994,Other,1550,301,568494.27,0.009305909969066077
1994,Other,1560,29,51613.84,0.0008448875803053941
1994,Other,1600,12,16009.039999999999,0.0002620583755948456
1994,Other,1610,51,89244.1,0.0014608723494615521
1994,Other,1640,17,14785.8,0.0002420346710277611
1994,Other,1650,20,43155.88,0.0007064358518790687
1994,Other,1700,9,21254.99,0.00034793142828581155
1994,Other,1710,3,3330.23,5.45138661754373e-05
1994,Other,1720,69,119869.35,0.0019621893095782142
1994,Other,1740,43,81811.55,0.0013392059672470364
1994,Other,1820,81,138785.5,0.0022718353309204332
1994,Other,1840,9,17362.940000000002,0.0002842209059350698
1994,Other,1860,11,16837.69,0.00027562287870912787
1994,Other,1900,37,67283.46,0.0011013898542324072
1994,Other,1920,35,60063.75,0.0009832075350636208
1994,Other,1965,31,44743.45,0.0007324234198621026
1994,Other,2000,93,158685.63,0.0025975885142422474
1994,Other,2010,290,500863.26,0.008198830929945758
1994,Other,2016,18,31951.22,0.0005230222931214829
1994,Other,2040,129,245702.87,0.004022008502145759
1994,Other,2060,32,56202.9,0.0009200077379855101
1994,Other,2100,229,414897.18,0.006791617800297974
1994,Other,2145,111,215512.82,0.003527815504806307
1994,Other,2160,23,44053.12,0.0007211231321231509
1994,Other,2200,302,525716.59,0.008605665024177681
1994,Other,2300,108,195041.3,0.0031927090101534486
1994,Other,2310,625,1090681.54,0.017853802143269346
1994,Other,2320,527,899520.91,0.014724617371697326
1994,Other,2330,115,208398.52,0.0034113586840666243
1994,Other,2340,133,226554.72,0.003708564780058335
1994,Other,2400,6,8800.0,0.00014405071792153944
1994,Other,2430,76,120489.6,0.0019723424297817182
1994,Other,2540,104,186020.83000000002,0.003045049330665982
1994,Other,2600,39,69410.91,0.0011362149337599274
1994,Other,2630,156,286692.45,0.0046929833233164825
1994,Other,2710,33,62262.01,0.0010191917317884168
1994,Other,2720,12,20988.9,0.000343575694702659
1994,Other,2740,5,3999.98,6.547727166724992e-05
1994,Other,2750,11,15564.51,0.0002547816863178386
1994,Other,2800,17,23919.739999999998,0.00039155178630642765
1994,Other,2825,46,68186.58,0.0011161733865471004
1994,Other,2830,119,217952.93,0.0035677586408639807
1994,Other,2840,18,31654.100000000002,0.0005181586170636593
1994,Other,2850,13,21864.12,0.0003579025207639419
1994,Other,2860,20,35822.32,0.0005863898765471728
1994,Other,2900,11,14845.07,0.0002430048853517622
1994,Other,2910,41,72767.11,0.0011911539132472308
1994,Other,3600,544,947075.18,0.015503052227803545
1994,Other,3640,71,124480.01,0.0020376630462932283
1994,Other,3645,89,169874.69,0.0027807467103635177
1994,Other,3710,34,55019.04,0.0009006286603811245
1994,Other,3720,14,31386.43,0.0005137770198288798
1994,Other,3730,24,42450.9,0.0006948957524335771
1994,Other,3740,117,228035.95,0.0037328116260704853
1994,Other,3750,5,6857.14,0.00011224726589642102
1994,Other,3800,210,421437.16,0.006898673347365304
1994,Other,3850,295,535644.48,0.008768178624398826
1994,Other,3930,191,344663.33,0.005641931832696416
1994,Other,3955,6,7550.32,0.00012359420642469972
1994,Other,4010,108,195574.36000000002,0.003201434882391546
1994,Other,4020,413,709887.88,0.011620438495204504
1994,Other,4030,32,49076.25,0.0008033487551587443
1994,Other,4040,68,88707.38,0.0014520865652203193
1994,Other,4060,12,21130.37,0.0003458914736872453
1994,Other,4110,202,359460.86,0.0058841585167834064
1994,Other,4130,54,88839.05,0.0014542419240872202
1994,Other,4140,121,182606.31,0.002989155687784453
1994,Other,4200,81,132335.85,0.0021662584317337676
1994,Other,4210,20,39653.01,0.0006490959725284071
1994,Other,4220,631,1048260.43,0.01715939403525473
1994,Other,4230,282,443423.08,0.007258569661020479
1994,Other,4240,13,21719.2,0.0003555302673501704
1994,Other,4250,151,262807.1,0.0043019944806679325
1994,Other,4320,26,45406.6,0.0007432787873154741
1994,Other,4350,10,16817.17,0.00027528697862597444
1994,Other,4430,58,86579.25,0.0014172503545009595
1994,Other,4465,13,20387.16,0.0003337255720887832
1994,Other,4500,17,28639.64,0.0004688137162516406
1994,Other,4510,101,176933.63,0.002896297321132276
1994,Other,4530,11,20340.399999999998,0.0003329601389558273
1994,Other,4540,8,12306.3,0.000201446744313391
1994,Other,4600,156,272294.24,0.004457293267943177
1994,Other,4620,25,40558.659999999996,0.0006639209194245027
1994,Other,4650,30,42348.770000000004,0.0006932239456356991
1994,Other,4700,1437,2489136.73,0.040745674200156026
1994,Other,4720,329,571492.5,0.009354989194519929
1994,Other,4740,34,61279.96,0.0010031161627503658
1994,Other,4750,52,90315.01,0.001478402503362615
1994,Other,4760,518,912960.24,0.014944611137025107
1994,Other,4800,63,120067.04,0.001965425376217522
1994,Other,4840,185,375338.14,0.006144060060265372
1994,Other,4850,586,1086962.05,0.017792916324541847
1994,Other,4900,1,3213.17,5.2597664239085554e-05
1994,Other,4920,154,277976.69,0.004550311563631047
1994,Other,4930,18,33472.99,0.000547932754600058
1994,Other,4950,39,76418.5,0.0012509249758508138
1994,Other,4965,3,4825.18,7.898530035234701e-05
1994,Other,5000,356,607520.08,0.009944739054062622
1994,Other,5010,3,7426.04,0.00012155981742205326
1994,Other,5020,51,102682.61,0.0016808526918815278
1994,Other,5100,47,83426.64,0.0013656440211115702
1994,Other,5110,99,194365.49,0.0031816464060990673
1994,Other,5120,499,890641.03,0.014579259066122653
1994,Other,5140,59,104832.71,0.0017160485383136985
1994,Other,5160,118,190178.08,0.0031131010178340863
1994,Other,5240,321,580454.85,0.009501697484493123
1994,Other,5250,37,63847.17,0.0010451398495180198
1994,Other,5260,125,220524.24,0.003609849442170666
1994,Other,5300,16,24197.71,0.0003961019883587743
1994,Other,5310,51,90317.99,0.0014784512841739114
1994,Other,5320,29,42210.52,0.000690960876118352
1994,Other,5350,81,152132.03,0.0024903100159501335
1994,Other,5360,24,42960.18,0.0007032323603452909
1994,Other,5400,299,572810.05,0.00937655669717874
1994,Other,5410,103,182034.93,0.002979802540147406
1994,Other,5510,33,52347.72,0.00085690075540406
1994,Other,5520,93,157394.99,0.002576461512131082
1994,Other,5530,22,44496.56,0.0007283819787544152
1994,Other,5540,143,240703.73,0.003940175581010499
1994,Other,5550,164,284285.9,0.004653589544314883
1994,Other,5600,95,162912.85,0.0026667855683118256
1994,Other,5610,216,383224.89,0.006273161423852611
1994,Other,5620,339,632362.56,0.01035139554030711
1994,Other,5630,25,48618.61,0.0007958574630508336
1994,Other,5700,1239,2127362.54,0.03482364785981701
1994,Other,5800,192,346430.27,0.0056708555799150845
1994,Other,5810,195,356853.08,0.005841470723467335
1994,Other,5820,194,360897.04,0.005907667921336197
1994,Other,5850,55,95215.56,0.0015586215653751606
1994,Other,5860,202,342236.71,0.0056022095198415564
1994,Other,5900,18,35482.93,0.0005808342659613328
1994,Other,5910,4,10965.560000000001,0.00017949963527405866
1994,Other,5940,341,595642.14,0.009750304305832057
1994,Other,6005,17,23565.2,0.00038574817931416605
1994,Other,6010,1,2274.92,3.7239074910689604e-05
1994,Other,6050,187,312229.68,0.005111012450046877
1994,Other,6100,6,10006.52,0.00016380072612457304
1994,Other,6120,3,5158.23,8.443712894368435e-05
1994,Other,6130,9,19192.739999999998,0.0003141736336228916
1994,Other,6200,253,455547.35,0.0074570366834948625
1994,Other,6210,13,17792.22,0.0002912479618656787
1994,Other,6220,37,67245.44,0.001100767489653387
1994,Other,6230,253,437619.4,0.007163566902999243
1994,Other,6240,35,61496.479999999996,0.0010066604651872261
1994,Other,6250,20,33701.62,0.0005516752904680582
1994,Other,6260,173,339080.0,0.005550536071913135
1994,Other,6300,30,42322.89,0.0006928003055698116
1994,Other,6320,96,178295.32,0.00291858736909666
1994,Other,6330,37,67476.98,0.0011045576604746996
1994,Other,6355,276,518330.93,0.008484766203118091
1994,Other,6360,9,16165.2,0.0002646146210619624
1994,Other,6400,16,35150.62,0.0005753945507258208
1994,Other,6420,93,195385.61,0.0031983451581861265
1994,Other,6440,140,250027.67,0.004092802882244289
1994,Other,6460,5,7921.54,0.00012967085500502175
1994,Other,6515,34,65971.05,0.0010799064902883835
1994,Other,6520,48,83083.02,0.0013600191679647294
1994,Other,6530,12,21999.03,0.00036011091648607764
1994,Other,6600,19,33543.3,0.0005490836870974516
1994,Other,6660,23,48945.130000000005,0.0008012023994617134
1994,Other,6700,7,14679.29,0.00024029116625891758
1994,Other,6730,54,84459.63,0.00138255344737359
1994,Other,6800,9,13292.31,0.00021758713617450656
1994,Other,6820,4,4525.879999999999,7.408593900303827e-05
1994,Other,6830,5,5922.38,9.694580577320077e-05
1994,Other,6840,17,18230.73,0.0002984261073561076
1994,Other,6940,9,11908.720000000001,0.00019493859835529491
1994,Other,7000,127,236027.58000000002,0.003863629812304953
1994,Other,7010,99,196451.89,0.0032157995217662835
1994,Other,7020,146,266729.82,0.00436620705250943
1994,Other,7040,21,36840.5,0.0006030568719986902
1994,Other,7140,53,97424.46,0.0015947799325134436
1994,Other,7150,41,74512.4,0.001219723262961013
1994,Other,7200,260,468317.31,0.007666073263702743
1994,Other,7210,144,261683.24,0.0042835975670493754
1994,Other,7220,84,119487.43,0.001955937508420419
1994,Other,7240,11,14541.460000000001,0.00023803497188947147
1994,Other,7300,13,18627.42,0.00030491968454841384
1994,Other,7315,94,170790.98,0.0027957458276731007
1994,Other,7320,12,16085.4,0.00026330834296081027
1994,Other,7330,253,452892.8,0.007413583293351838
1994,Other,7340,101,197104.23,0.003226477936008208
1994,Other,7350,3,3914.84,6.408358097135902e-05
1994,Other,7360,39,67708.82,0.001108352742115942
1994,Other,7410,49,95048.54,0.0015558875482266088
1994,Other,7420,27,50454.71,0.0008259133179571676
1994,Other,7430,7,12709.81,0.00020805196081208647
1994,Other,7540,5,11507.58,0.00018837217733403964
1994,Other,7610,5,9578.58,0.00015679560518964763
1994,Other,7630,166,291377.57,0.00476967592553791
1994,Other,7700,602,1129041.23,0.01848172724369522
1994,Other,7720,111,210178.33,0.003440493105460253
1994,Other,7730,9,19262.22,0.0003153109795184813
1994,Other,7750,369,660716.95,0.01081553988527612
1994,Other,7800,47,83086.93000000001,0.001360083172317806
1994,Other,7810,119,196580.23,0.003217900370531971
1994,Other,7830,3,3395.62,5.558426122599292e-05
1994,Other,7840,18,27814.59,0.00045530814297650815
1994,Other,7900,8,15730.77,0.0002575032627225699
1994,Other,7930,10,14751.18,0.00024146796240793797
1994,Other,7940,5,11502.24,0.00018828476473930087
1994,Other,7950,122,199470.55000000002,0.00326521317405731
1994,Other,8030,186,345912.54,0.005662380650575366
1994,Other,8100,49,87360.18,0.0014300337098585125
1994,Other,8130,60,109828.23,0.001797822202221813
1994,Other,8140,233,436792.29,0.007150027608760596
1994,Other,8220,63,104156.92,0.0017049862616473125
1994,Other,8250,27,56531.42,0.0009253854131959173
1994,Other,8255,144,275981.76,0.004517655756960227
1994,Other,8256,12,21902.58,0.0003585320878788581
1994,Other,8300,58,108421.23,0.0017747904567541304
1994,Other,8310,34,65436.91,0.0010711629390985414
1994,Other,8320,241,392452.68,0.006424214807299111
1994,Other,8330,17,32198.73,0.0005270738832570238
1994,Other,8350,31,42727.65,0.0006994259838182118
1994,Other,8400,2,2828.8,4.630575805186941e-05
1994,Other,8410,18,26844.8,0.00043943326277956154
1994,Other,8420,28,48853.73,0.0007997062363233011
1994,Other,8450,26,41123.61,0.000673168811821068
1994,Other,8460,28,57858.32,0.0009471059697425186
1994,Other,8500,7,10072.52,0.0001648811065089846
1994,Other,8510,9,15650.68,0.00025619223749548625
1994,Other,8530,24,43156.08,0.0007064391257590216
1994,Other,8540,7,15454.26,0.0002529769599938784
1994,Other,8550,8,15454.71,0.0002529843262237721
1994,Other,8600,14,21528.989999999998,0.0003524166438210958
1994,Other,8610,62,119599.26,0.001957768098396006
1994,Other,8620,33,52913.84,0.0008661677999983489
1994,Other,8630,16,19993.170000000002,0.0003272761922758392
1994,Other,8640,21,43264.77,0.0007082183158193501
1994,Other,8650,72,136573.74,0.0022356301472988256
1994,Other,8710,66,110050.67,0.0018014634115052753
1994,Other,8720,23,47421.1,0.000776254943139672
1994,Other,8730,29,50324.42,0.0008237805488619406
1994,Other,8740,358,655587.11,0.010731567483591732
1994,Other,8750,13,15167.43,0.0002482817250596244
1994,Other,8760,17,27654.280000000002,0.00045268396450037155
1994,Other,8800,108,179440.66999999998,0.002937336061116141
1994,Other,8810,59,129142.88,0.002113991429369911
1994,Other,8830,22,41529.07,0.0006798059486493029
1994,Other,8850,6,8481.529999999999,0.00013883755517875843
1994,Other,8910,5,9237.28,0.00015120872905025884
1994,Other,8920,14,24191.91,0.0003960070458401442
1994,Other,8930,7,13280.78,0.00021739839699522984
1994,Other,8950,148,279358.22,0.004572926380486744
1994,Other,8965,494,883030.49,0.014454679094444176
1994,Other,9000,59,86601.52,0.0014176149010336997
1994,Other,9030,43,90940.58,0.0014886427087728625
1994,Other,9040,15,26257.89,0.00042982589836418306
1994,Other,9050,23,40391.23,0.0006611801908220479
1994,Other,9120,110,199943.91,0.003272961793129508
1994,Other,9130,958,1777658.32,0.029099199683545192
1994,Other,9140,57,97273.89,0.0015923151919910064
1994,Other,9150,2,8796.61,0.0001439952256563401
1994,Other,9200,26,46114.04,0.0007548591554843848
1994,Other,9240,15,22936.88,0.00037546295805456815
1994,Other,9260,6,13068.72,0.000213927102081316
1994,Other,9300,6,14986.73,0.0002453237745223037
1994,Other,9310,12,24190.3,0.0003959806911065245
1994,Other,9350,9,12859.130000000001,0.00021049623958481882
1994,Other,9360,30,48982.53,0.0008018146150128799
1994,Other,9420,3,3104.92,5.082567671465298e-05
1994,Other,9510,30,54351.58,0.000889702740814771
1994,Other,9520,33,51028.24,0.0008353016598037062
1994,Other,9560,6,10059.79,0.00016467272404999128
1994,Other,9600,174,339212.97000000003,0.00555271271099973
1994,Other,9610,58,111050.23,0.0018178256087331903
1994,Other,9620,563,1016924.48,0.016646443342725928
1994,Other,9630,23,53073.71,0.0008687847759385894
1994,Other,9640,80,126588.62,0.002072179726329198
1994,Other,9720,13,22577.53,0.0003695806142494425
1994,Other,9750,43,72595.20999999999,0.0011883400134278315
1994,Tech,1006,400,737972.88,0.6413559590593716
1994,Tech,1010,238,412671.89,0.35864404094062846
1995,Finance,120,257,552573.33,0.1935219881112647
1995,Finance,800,515,1101705.4,0.3858387796619068
1995,Finance,860,40,86919.13,0.030440779402982537
1995,Finance,910,271,540972.79,0.18945925210487033
1995,Finance,4810,164,364094.32,0.12751295229253828
1995,Finance,4820,96,209086.69,0.07322624842643725
1995,Healthcare,350,270,529299.02,0.13858774335007426
1995,Healthcare,3000,1,638.9,0.00016728485389291375
1995,Healthcare,3010,11,24451.2,0.006402121489288485
1995,Healthcare,3030,27,51192.44,0.013403850126501415
1995,Healthcare,3040,2,2758.84,0.0007223542750257101
1995,Healthcare,3050,54,117187.58,0.030683529814312323
1995,Healthcare,3060,154,330765.74,0.08660525667347237
1995,Healthcare,3150,11,26432.63,0.006920924475748081
1995,Healthcare,3160,32,51360.55,0.013447866806401147
1995,Healthcare,3220,31,68388.13,0.01790624250283236
1995,Healthcare,3230,24,45473.259999999995,0.011906382305735605
1995,Healthcare,3245,20,36384.95,0.009526766386994791
1995,Healthcare,3250,6,10265.19,0.0026877614796259187
1995,Healthcare,3255,578,1233092.47,0.3228638185637848
1995,Healthcare,3300,132,253974.75,0.06649887141374126
1995,Healthcare,3310,14,26530.670000000002,0.006946594544734873
1995,Healthcare,3320,38,90585.27,0.023718177581468373
1995,Healthcare,3400,193,405162.38,0.10608472302583379
1995,Healthcare,3500,184,377765.7,0.098911378823375
1995,Healthcare,3510,45,95603.77,0.025032184529756977
1995,Healthcare,3520,19,41920.55,0.010976166977399572
1995,Other,10,4,11347.54,0.00018046996158659634
1995,Other,50,250,570079.85,0.009066483892613959
1995,Other,136,53,107469.62,0.0017091843864948796
1995,Other,150,53,105800.26,0.0016826350784444827
1995,Other,205,45,89012.06,0.001415637490499598
1995,Other,230,233,464681.92,0.007390247423880932
1995,Other,310,314,642714.36,0.010221654725196285
1995,Other,410,119,254809.83,0.004052466017479307
1995,Other,420,189,388258.43,0.006174817092318882
1995,Other,430,2310,4858793.18,0.07727368386027422
1995,Other,500,9,18765.2,0.00029843956691624773
1995,Other,510,4,4713.16,7.495755063665626e-05
1995,Other,520,58,117028.84,0.001861213113972185
1995,Other,530,101,202820.43,0.0032256326226721343
1995,Other,540,151,310783.18,0.004942659691559602
1995,Other,565,105,219995.52,0.0034987832643571457
1995,Other,630,154,292800.94,0.004656672229780137
1995,Other,710,61,137452.72,0.002186032135456071
1995,Other,735,59,116882.6,0.0018588873299535853
1995,Other,740,183,365143.07,0.005807193084713679
1995,Other,1200,8,17495.32,0.0002782435425074695
1995,Other,1220,78,170541.38,0.0027122703508888385
1995,Other,1240,9,18180.940000000002,0.0002891475635607553
1995,Other,1300,52,110559.12,0.0017583194365869514
1995,Other,1310,14,31196.78,0.0004961499750805458
1995,Other,1320,27,67226.4,0.0010691608776532322
1995,Other,1340,1,1377.71,2.1910940237044298e-05
1995,Other,1350,37,84422.55,0.0013426464551385155
1995,Other,1360,104,226209.75,0.0035976136583800154
1995,Other,1410,224,489814.06,0.007789946066969122
1995,Other,1430,88,181965.01,0.0028939504390206707
1995,Other,1440,6,14102.69,0.00022428754801196352
1995,Other,1450,6,16022.99,0.00025482777675182617
1995,Other,1460,125,280115.22,0.004454920008497082
1995,Other,1520,18,27150.98,0.00043180604057253336
1995,Other,1530,90,213318.55,0.0033925935069811105
1995,Other,1540,76,176525.7,0.0028074442829059895
1995,Other,1550,234,490331.93,0.007798182211455667
1995,Other,1560,21,39375.62,0.0006262252989501174
1995,Other,1600,7,14838.53,0.00023599026212743534
1995,Other,1610,48,94834.25,0.0015082329257789507
1995,Other,1640,19,30226.489999999998,0.00048071859532529854
1995,Other,1650,13,33188.36,0.0005278238326828661
1995,Other,1700,11,23468.71,0.0003732436450708232
1995,Other,1710,4,7341.8099999999995,0.00011676329571661249
1995,Other,1720,61,126020.6,0.002004217023347776
1995,Other,1740,46,99437.35,0.0015814400949256788
1995,Other,1820,63,131861.55,0.002097110815493847
1995,Other,1840,3,6414.17,0.0001020102166205097
1995,Other,1860,13,21535.78,0.00034250255027410255
1995,Other,1900,27,53485.55,0.0008506279910833518
1995,Other,1920,29,59963.81,0.0009536574876392558
1995,Other,1965,27,56846.159999999996,0.0009040747432082644
1995,Other,2000,96,184585.2,0.002935621637240689
1995,Other,2010,301,623622.64,0.009918022222026254
1995,Other,2016,20,37311.35,0.000593395388008683
1995,Other,2040,117,240022.22,0.003817285581132966
1995,Other,2060,35,66439.70999999999,0.0010566494510285576
1995,Other,2100,209,448314.49,0.007129941713271293
1995,Other,2145,96,209930.5,0.0033387103522750272
1995,Other,2160,12,21350.29,0.00033955253880247986
1995,Other,2200,253,513640.86,0.008168884733916453
1995,Other,2300,95,215848.29,0.0034328261988794493
1995,Other,2310,539,1088119.84,0.017305331880426364
1995,Other,2320,362,734631.66,0.011683496816093842
1995,Other,2330,108,221859.8,0.0035284325575067324
1995,Other,2340,155,295685.6,0.004702549528242217
1995,Other,2400,9,18777.14,0.00029862945929303987
1995,Other,2430,54,96753.25,0.0015387524794694138
1995,Other,2540,105,214610.24,0.0034131363951032754
1995,Other,2600,27,60778.49,0.0009666140639813854
1995,Other,2630,124,276272.78,0.004393810287870515
1995,Other,2710,28,51591.45,0.0008205044441083094
1995,Other,2720,13,26356.65,0.00041917310827292655
1995,Other,2740,2,3688.7799999999997,5.866592978754909e-05
1995,Other,2750,10,20573.8,0.00032720333179617043
1995,Other,2800,17,23798.84,0.0003784939943464004
1995,Other,2825,64,129767.41,0.00206380585553275
1995,Other,2830,86,160083.83,0.0025459546871599674
1995,Other,2840,20,43413.35,0.0006904408891130115
1995,Other,2850,15,29098.239999999998,0.0004627750380291729
1995,Other,2860,21,40170.07,0.0006388601397158227
1995,Other,2900,6,13363.0,0.00021252360394250093
1995,Other,2910,20,38612.5,0.0006140887268749395
1995,Other,3600,482,963286.62,0.015319998811044705
1995,Other,3640,59,106052.26,0.001686642857251151
1995,Other,3645,85,176121.89,0.0028010221354459863
1995,Other,3710,28,49124.04,0.0007812630413092549
1995,Other,3720,16,40206.27,0.0006394358603221774
1995,Other,3730,20,35586.8,0.0005659683445918576
1995,Other,3740,94,208928.81,0.003322779590557362
1995,Other,3750,4,9721.17,0.0001546043615159561
1995,Other,3800,170,360872.82,0.005739279523407426
1995,Other,3850,244,537040.62,0.008541031806174897
1995,Other,3930,195,420586.11,0.00668895276998856
1995,Other,3955,3,4550.52,7.237094291793979e-05
1995,Other,4010,64,124070.11,0.001973196656345321
1995,Other,4020,390,752840.87,0.011973093982459614
1995,Other,4030,34,53311.24,0.0008478557850365645
1995,Other,4040,70,141554.36,0.0022512641428552114
1995,Other,4060,17,29647.12,0.00047150436196331645
1995,Other,4110,166,328454.67,0.0052237050213383845
1995,Other,4130,59,128253.51,0.0020397289653128472
1995,Other,4140,76,128809.41,0.002048569934513748
1995,Other,4200,68,128584.64,0.002044995218472578
1995,Other,4210,28,55387.41,0.0008808749521994249
1995,Other,4220,593,1182721.53,0.018809866198906587
1995,Other,4230,291,546340.85,0.0086889415866953
1995,Other,4240,11,29639.75,0.0004713871503371056
1995,Other,4250,145,298754.34,0.004751354413699264
1995,Other,4320,19,30597.19,0.00048661416518098105
1995,Other,4350,14,31800.71,0.0005057548078373366
1995,Other,4410,1,2165.0,3.4431909192210915e-05
1995,Other,4420,1,1901.3,3.0238054940947168e-05
1995,Other,4430,40,71922.61,0.0011438488574534878
1995,Other,4465,11,18983.86,0.00030191711022524025
1995,Other,4500,6,11014.84,0.0001751787393287448
1995,Other,4510,83,176882.04,0.0028131114729852283
1995,Other,4530,9,18521.25,0.0002945598143770145
1995,Other,4540,4,4405.35,7.006217605538401e-05
1995,Other,4600,128,246419.55,0.003919027976344331
1995,Other,4620,26,59613.96,0.0009480935137681728
1995,Other,4650,28,56362.11,0.0008963764680837889
1995,Other,4700,1219,2538926.06,0.04037878593240547
1995,Other,4720,314,630705.8,0.010030671978106578
1995,Other,4740,26,55478.07,0.0008823167983367763
1995,Other,4750,47,95267.48,0.001515122965510748
1995,Other,4760,537,1141229.8,0.01814998653166052
1995,Other,4800,38,82140.97,0.0013063604711316958
1995,Other,4840,173,389611.42,0.006196334888539653
1995,Other,4850,519,1114211.33,0.01772028791477716
1995,Other,4900,2,3998.4900000000002,6.35915217487129e-05
1995,Other,4920,131,283255.59,0.004504864089176041
1995,Other,4930,11,23755.95,0.0003778118767550591
1995,Other,4950,41,77940.79,0.0012395612949880743
1995,Other,4965,6,13916.37,0.00022132433631649344
1995,Other,5000,286,584412.87,0.009294434582262985
1995,Other,5010,1,2315.99,3.683323666053975e-05
1995,Other,5020,38,72390.77,0.0011512944198587651
1995,Other,5100,36,69533.89,0.0011058589312984677
1995,Other,5110,100,211227.3,0.003359334509245216
1995,Other,5120,464,928768.87,0.014771032513807089
1995,Other,5140,60,116790.1,0.0018574162206693914
1995,Other,5160,86,164798.49,0.0026209360936228538
1995,Other,5240,334,716352.94,0.01139279417074056
1995,Other,5250,42,92230.48,0.0014668228693367322
1995,Other,5260,101,221844.77,0.003528193522127906
1995,Other,5300,23,44605.37,0.0007093986371016024
1995,Other,5310,30,68510.97,0.0010895905301202247
1995,Other,5320,13,28672.04,0.0004559968026029742
1995,Other,5350,58,101043.72,0.00160698761731325
1995,Other,5360,32,73386.02,0.0011671227605624824
1995,Other,5400,249,539789.94,0.008584756672955648
1995,Other,5410,70,134173.84,0.0021338852077830194
1995,Other,5510,34,70287.42,0.001117842985124614
1995,Other,5520,84,165782.88999999998,0.002636591877183506
1995,Other,5530,16,26393.06,0.0004197521686949535
1995,Other,5540,124,255363.94,0.004061278518727574
1995,Other,5550,151,320321.17,0.005094350779576331
1995,Other,5600,97,211802.26,0.003368478606478082
1995,Other,5610,176,407208.47000000003,0.006476196333182053
1995,Other,5620,319,683101.39,0.01086396537161804
1995,Other,5630,16,38233.74,0.0006080649717129802
1995,Other,5700,971,1953996.77,0.031076138266287964
1995,Other,5800,124,289180.87,0.004599099055872771
1995,Other,5810,192,419644.58,0.006673978785941566
1995,Other,5820,162,338286.07,0.005380062468004576
1995,Other,5850,60,146655.04,0.002332384766679012
1995,Other,5860,201,417119.79,0.006633824818269786
1995,Other,5900,12,33470.19,0.0005323060243538319
1995,Other,5910,2,3466.6400000000003,5.513304096170257e-05
1995,Other,5940,296,638899.08,0.010160976954063324
1995,Other,6005,22,34526.32,0.0005491025935248109
1995,Other,6050,207,351772.51,0.005594549247406978
1995,Other,6100,1,2713.91,4.3161710242879045e-05
1995,Other,6120,5,3724.68,5.923687922865781e-05
1995,Other,6130,12,20840.63,0.00033144696520483446
1995,Other,6200,210,398407.87,0.006336232610301234
1995,Other,6210,7,15028.5,0.00023901152300006548
1995,Other,6220,27,56769.45,0.0009028547562548536
1995,Other,6230,237,469400.43,0.00746529006029781
1995,Other,6240,25,63516.58,0.0010101603301430947
1995,Other,6250,10,22550.81,0.000358645469806375
1995,Other,6260,167,339700.61,0.005402559148294991
1995,Other,6300,26,48189.14,0.000766394500014198
1995,Other,6320,78,145440.67,0.0023130715668795913
1995,Other,6330,42,73642.43,0.0011712006754982674
1995,Other,6355,235,499240.73,0.007939866734601888
1995,Other,6360,10,24841.64,0.00039507856474161403
1995,Other,6400,18,27847.420000000002,0.00044288214165235946
1995,Other,6420,71,146858.18,0.0023356154817059426
1995,Other,6440,155,334573.2,0.00532101341364777
1995,Other,6460,6,10970.3,0.0001744703803285503
1995,Other,6515,31,64760.82,0.0010299485789621785
1995,Other,6520,55,98045.74,0.0015593080906989016
1995,Other,6530,10,23992.920000000002,0.00038158062018290125
1995,Other,6600,15,32514.22,0.0005171023882196619
1995,Other,6660,26,61952.87,0.0009852912674535095
1995,Other,6700,7,17187.43,0.000273346895615465
1995,Other,6730,63,122463.65,0.0019476477026081757
1995,Other,6800,7,11843.22,0.00018835319888377652
1995,Other,6820,4,12074.16,0.00019202604189017339
1995,Other,6830,2,3131.01,4.9795220323281436e-05
1995,Other,6840,25,41143.59,0.0006543428890168855
1995,Other,6940,12,17365.29,0.00027617556045099695
1995,Other,7000,111,227806.92,0.003623014865033375
1995,Other,7010,87,182509.69,0.0029026129666413695
1995,Other,7020,123,262591.44,0.004176223841446606
1995,Other,7040,19,39609.03,0.0006299374245503732
1995,Other,7140,68,134601.94,0.00214069366058911
1995,Other,7150,54,117080.38,0.0018620328001614538
1995,Other,7200,250,543129.54,0.008637869284474499
1995,Other,7210,123,244804.55,0.003893343203436516
1995,Other,7220,82,143441.0,0.0022812690468544694
1995,Other,7240,17,34266.37,0.0005449683788391227
1995,Other,7300,5,8031.05,0.0001277248888305337
1995,Other,7315,79,145634.08,0.0023161475371137087
1995,Other,7320,9,13311.550000000001,0.00021170534910280615
1995,Other,7330,222,496756.26,0.007900354011539176
1995,Other,7340,92,190228.79,0.003025376638810236
1995,Other,7350,1,1408.4,2.2399030441713563e-05
1995,Other,7360,25,56339.8,0.0008960216524283255
1995,Other,7410,50,100056.24,0.001591282849789405
1995,Other,7420,10,18948.29,0.0003013514090659022
1995,Other,7430,6,8910.63,0.00014171362725422186
1995,Other,7540,7,11555.61,0.00018377908276240388
1995,Other,7610,4,6512.54,0.00010357468170468419
1995,Other,7630,152,294296.07,0.004680450604094479
1995,Other,7700,488,1056285.83,0.016799047473246717
1995,Other,7720,83,192944.0,0.003068559024102514
1995,Other,7730,9,17483.45,0.0002780547634025681
1995,Other,7750,434,916833.08,0.014581207092367227
1995,Other,7800,42,71173.95,0.0011319422555431686
1995,Other,7810,89,166462.95,0.002647407472640899
1995,Other,7830,3,7021.87,0.00011167500702055893
1995,Other,7840,13,25298.63,0.00040234648076089744
1995,Other,7900,5,8701.630000000001,0.00013838971546615165
1995,Other,7930,7,13967.5,0.00022213750191325913
1995,Other,7940,1,486.54,7.73787579601769e-06
1995,Other,7950,100,210366.52,0.0033456447638436125
1995,Other,8030,151,333618.24,0.005305825840436595
1995,Other,8100,40,93722.72,0.0014905552814258706
1995,Other,8130,49,114998.92,0.0018289295014514216
1995,Other,8140,186,397570.65,0.006322917560410287
1995,Other,8220,46,92735.47,0.001474854171795381
1995,Other,8250,14,21379.08,0.0003400104116272576
1995,Other,8255,128,270787.01,0.004306565237298065
1995,Other,8256,14,28795.31,0.0004579572744025695
1995,Other,8300,51,95502.73,0.0015188643542578463
1995,Other,8310,31,53257.75,0.0008470050862731968
1995,Other,8320,210,389379.43,0.006192645346454895
1995,Other,8330,9,16450.059999999998,0.00026161984855723835
1995,Other,8350,31,58629.78,0.0009324412290620341
1995,Other,8410,16,37465.87,0.0005958528561880736
1995,Other,8420,14,38341.88,0.0006097848177453338
1995,Other,8450,12,24458.17,0.000388979902285292
1995,Other,8460,26,59496.24,0.000946221308525629
1995,Other,8500,20,38199.09,0.0006075139021270633
1995,Other,8510,8,23045.97,0.00036652043708379543
1995,Other,8530,29,59816.270000000004,0.0009513110285712565
1995,Other,8540,4,7672.67,0.00012202525482762169
1995,Other,8550,12,27644.43,0.0004396538122080514
1995,Other,8600,10,19077.68,0.00030340921263651656
1995,Other,8610,56,117863.77,0.0018744917439684219
1995,Other,8620,22,44324.53,0.0007049321902759486
1995,Other,8630,12,22926.28,0.0003646169011894694
1995,Other,8640,19,42862.08,0.0006816735548957413
1995,Other,8650,54,116329.35,0.0018500885060456912
1995,Other,8710,50,100347.51,0.001595915174126779
1995,Other,8720,18,40638.59,0.0006463114275193952
1995,Other,8730,30,60300.409999999996,0.0009590107350453058
1995,Other,8740,289,621899.71,0.009890620942901756
1995,Other,8750,11,17323.54,0.00027551157328759056
1995,Other,8760,9,16661.31,0.00026497954408465394
1995,Other,8800,115,221226.86,0.00351836635307065
1995,Other,8810,67,138856.62,0.002208359598419094
1995,Other,8830,21,37561.57,0.0005973748579015584
1995,Other,8850,8,16533.77,0.00026295116269972336
1995,Other,8910,11,26849.010000000002,0.0004270035446747173
1995,Other,8920,19,44320.1,0.0007048617360691488
1995,Other,8930,8,17919.72,0.0002849931509421921
1995,Other,8950,138,309813.46,0.004927237377018324
1995,Other,8965,455,903394.24,0.014367477337850529
1995,Other,9000,40,78196.49,0.0012436279181661106
1995,Other,9030,30,55885.05,0.0008887893611095459
1995,Other,9040,18,28645.2,0.0004555699423522957
1995,Other,9050,15,29956.45,0.000476423910448502
1995,Other,9120,96,205259.14,0.003264417583995985
1995,Other,9130,928,1925096.56,0.0306165126744377
1995,Other,9140,37,77733.16,0.0012362591715212943
1995,Other,9150,2,4037.59,6.421336361911265e-05
1995,Other,9200,23,41304.74,0.0006569057999482133
1995,Other,9240,21,42952.46,0.0006831109479455297
1995,Other,9260,13,31081.08,0.0004943098956839921
1995,Other,9300,7,16972.01,0.0002699208808911296
1995,Other,9310,13,24445.37,0.00038877633256812795
1995,Other,9350,5,7127.2,0.00011335016313844141
1995,Other,9360,38,67366.28,0.0010713855129686164
1995,Other,9420,1,1052.32,1.6735975372354452e-05
1995,Other,9510,27,71365.18,0.0011349835553098322
1995,Other,9520,27,49752.99,0.0007912657892475649
1995,Other,9560,6,8452.31,0.00013442455906901443
1995,Other,9600,160,343370.0,0.005460916701768805
1995,Other,9610,40,97845.3,0.0015561203161591848
1995,Other,9620,553,1157308.16,0.01840569490647792
1995,Other,9630,12,26119.61,0.00041540325157319365
1995,Other,9640,70,139348.97,0.002216189875782043
1995,Other,9720,20,45423.31,0.000722407060106072
1995,Other,9750,26,60381.59,0.0009603018123608825
1995,Tech,1006,365,845791.32,0.6734619553232953
1995,Tech,1010,189,410094.5,0.32653804467670483
1996,Finance,120,300,635293.05,0.2151072347367888
1996,Finance,800,521,1086257.51,0.36780167701845584
1996,Finance,860,33,81253.29,0.027511981321323084
1996,Finance,910,271,553251.95,0.18732850465975684
1996,Finance,4810,159,339138.91,0.11483083770828074
1996,Finance,4820,122,258183.64,0.08741976455539467
1996,Healthcare,350,268,549675.98,0.13499581737814592
1996,Healthcare,3000,1,2571.34,0.0006314995700869479
1996,Healthcare,3010,12,25945.75,0.006372058915033962
1996,Healthcare,3030,41,87735.35,0.02154706721259262
1996,Healthcare,3040,5,5003.71,0.001228869271990387
1996,Healthcare,3050,56,126928.76,0.0311726404799324
1996,Healthcare,3060,171,373914.02,0.09183015193614319
1996,Healthcare,3150,8,19299.01,0.00473967523474286
1996,Healthcare,3160,36,74547.88,0.018308335020220345
1996,Healthcare,3220,31,71973.1,0.017675990614941982
1996,Healthcare,3230,24,43861.83,0.010772098123245775
1996,Healthcare,3245,42,81553.21,0.020028785401467943
1996,Healthcare,3250,8,8153.78,0.0020025000834520343
1996,Healthcare,3255,578,1197695.89,0.29414408037439793
1996,Healthcare,3300,137,275873.27999999997,0.06775216724294578
1996,Healthcare,3310,17,33160.9,0.008144039331125511
1996,Healthcare,3320,43,94110.03,0.023112635235274123
1996,Healthcare,3400,221,477475.92,0.11726408728790043
1996,Healthcare,3500,197,386657.28,0.0949597898725912
1996,Healthcare,3510,45,100561.64,0.024697096621698576
1996,Healthcare,3520,19,35101.42,0.008620614792070045
1996,Other,10,2,4817.68,7.539092968759168e-05
1996,Other,50,260,574885.77,0.008996274693310265
1996,Other,136,44,91667.20999999999,0.0014344821955313968
1996,Other,150,46,99109.91,0.0015509515484950307
1996,Other,205,39,88422.74,0.0013837101206647599
1996,Other,230,269,543006.93,0.008497408976832214
1996,Other,310,333,681694.24,0.010667699497740872
1996,Other,410,131,265770.84,0.004158995763822458
1996,Other,420,185,353244.85,0.005527859394740594
1996,Other,430,2450,5219309.22,0.08167594660143865
1996,Other,500,9,17517.7,0.0002741310524958745
1996,Other,510,3,1297.78,2.030870475622348e-05
1996,Other,520,62,131191.85,0.002052995537050006
1996,Other,530,98,213001.91,0.003333225124983961
1996,Other,540,178,392141.72,0.006136548886619963
1996,Other,565,88,178415.82,0.002791994184083213
1996,Other,630,150,308306.9,0.004824634226453264
1996,Other,710,56,125112.58,0.001957862232820193
1996,Other,735,54,119730.45,0.0018736383357578152
1996,Other,740,204,429709.37,0.006724437675347743
1996,Other,1200,5,11037.25,0.00017271976110791318
1996,Other,1220,69,145220.89,0.002272533233249092
1996,Other,1240,14,33219.03,0.0005198380870086843
1996,Other,1300,48,98213.29,0.001536920517920877
1996,Other,1310,4,6316.0199999999995,9.88381585587716e-05
1996,Other,1320,30,76274.73,0.0011936082941104514
1996,Other,1350,36,76204.9,0.0011925155381324526
1996,Other,1360,93,198112.04,0.003100216468903155
1996,Other,1410,260,572277.4,0.008955456822619555
1996,Other,1430,93,212967.4,0.0033326850847605507
1996,Other,1440,5,8396.5,0.0001313951821461499
1996,Other,1450,9,22859.16,0.00035771851270267185
1996,Other,1460,138,307249.35,0.004808084833863653
1996,Other,1520,15,22890.65,0.0003582112935382322
1996,Other,1530,88,195971.08,0.0030667130056544647
1996,Other,1540,63,129993.66,0.0020342452966765536
1996,Other,1550,254,520130.76,0.008139424277974797
1996,Other,1560,19,36956.8,0.00057832971685093
1996,Other,1600,10,16960.96,0.0002654187373993405
1996,Other,1610,47,85375.29,0.0013360211731471888
1996,Other,1640,16,22625.19,0.0003540571620486214
1996,Other,1650,14,37466.75,0.0005863098244118695
1996,Other,1700,8,12398.9,0.0001940279549707495
1996,Other,1710,3,9000.75,0.00014085097191710342
1996,Other,1720,51,110178.13,0.0017241559530604639
1996,Other,1740,41,65974.27,0.0010324184152455517
1996,Other,1820,60,120065.98,0.0018788889789383661
1996,Other,1840,5,10819.519999999999,0.00016931254702958514
1996,Other,1860,5,7513.76,0.00011758135697045858
1996,Other,1900,27,52490.22,0.0008214091606968953
1996,Other,1920,29,62648.87,0.0009803798826773617
1996,Other,1965,33,67096.25,0.0010499760602719719
1996,Other,2000,86,153211.75,0.0023975806345715935
1996,Other,2010,309,635571.87,0.00994593957311012
1996,Other,2016,21,42023.89,0.0006576236147251554
1996,Other,2040,139,291346.33,0.004559221592087453
1996,Other,2060,24,51581.82,0.0008071937872125193
1996,Other,2100,197,398260.61,0.0062323021964612365
1996,Other,2145,105,196495.65,0.0030749218987287706
1996,Other,2160,33,57939.27,0.0009066802757178537
1996,Other,2200,220,439871.27,0.006883459255940963
1996,Other,2300,108,229957.82,0.0035985648359234865
1996,Other,2310,517,1071911.63,0.016774134921506156
1996,Other,2320,341,680744.12,0.010652831256156795
1996,Other,2330,115,228849.63,0.0035812229879031757
1996,Other,2340,159,331012.21,0.005179945170672259
1996,Other,2400,7,10025.56,0.0001568880226662484
1996,Other,2430,59,122336.22,0.0019144155195583241
1996,Other,2540,89,186820.15,0.002923511896364086
1996,Other,2600,31,63578.03,0.0009949201253311956
1996,Other,2630,160,351143.42,0.005494974528711013
1996,Other,2710,28,57834.67,0.0009050434108274247
1996,Other,2720,17,48358.81,0.0007567575356780868
1996,Other,2750,7,15990.12,0.0002502262525979628
1996,Other,2800,22,47923.41,0.0007499440464496663
1996,Other,2825,38,72026.91,0.001127134991826874
1996,Other,2830,92,174453.18,0.002729983607702623
1996,Other,2840,9,18328.14,0.0002868134691478754
1996,Other,2850,13,25886.15,0.000405087285691962
1996,Other,2860,23,49765.18,0.0007787655440523952
1996,Other,2900,6,15164.18,0.00023730127948514305
1996,Other,2910,26,48157.28,0.0007536038322233243
1996,Other,3600,472,1013629.9400000001,0.01586209618234872
1996,Other,3640,56,110315.91,0.0017263120452650845
1996,Other,3645,78,145195.21,0.002272131371964329
1996,Other,3710,23,45702.19,0.0007151846101980529
1996,Other,3720,16,37424.98,0.0005856561738719726
1996,Other,3730,4,4971.39,7.77963073387183e-05
1996,Other,3740,88,178649.52,0.0027956513095602036
1996,Other,3750,6,10922.130000000001,0.00017091827080020585
1996,Other,3800,168,333025.15,0.005211445274042625
1996,Other,3850,283,606248.41,0.009487062497202856
1996,Other,3930,192,373656.43,0.0058472762079354625
1996,Other,3940,2,6604.78,0.00010335690717980682
1996,Other,3955,4,7878.1,0.00012328284219205427
1996,Other,4010,64,125509.03,0.001964066201135782
1996,Other,4020,436,825146.39,0.01291255406553779
1996,Other,4030,37,74830.32,0.0011710050052348819
1996,Other,4040,68,152914.71,0.002392932313854069
1996,Other,4060,14,29217.42,0.00045721767673918454
1996,Other,4110,164,309405.09,0.004841819586434337
1996,Other,4130,61,127352.70999999999,0.0019929175879540052
1996,Other,4140,97,203441.58,0.00318361739536718
1996,Other,4200,78,151166.44,0.002365573979418215
1996,Other,4210,26,50801.58,0.000794983964439017
1996,Other,4220,612,1238169.43,0.019375870634507783
1996,Other,4230,282,494096.32,0.0077320164311489754
1996,Other,4240,20,40177.52,0.0006287301326243768
1996,Other,4250,123,241267.29,0.0037755445144355354
1996,Other,4320,19,41916.409999999996,0.0006559416812794258
1996,Other,4350,11,18465.37,0.0002889609545103379
1996,Other,4430,32,47316.39,0.0007404449094918437
1996,Other,4465,9,16392.48,0.0002565227053447412
1996,Other,4500,3,4451.78,6.966503233187485e-05
1996,Other,4510,108,244101.63999999998,0.0038198987018369453
1996,Other,4530,11,14969.25,0.00023425085813627756
1996,Other,4540,4,5786.73,9.055540312994581e-05
1996,Other,4600,114,233290.33,0.0036507146314875747
1996,Other,4620,22,47727.02,0.0007468707778470719
1996,Other,4650,27,43245.82,0.0006767453577037591
1996,Other,4700,1300,2735464.61,0.04280674932237205
1996,Other,4720,353,670756.99,0.010496544617025339
1996,Other,4740,37,86038.43,0.0013463985209812145
1996,Other,4750,54,112371.72,0.0017584830128596627
1996,Other,4760,501,1049865.0,0.016429131531455688
1996,Other,4800,44,85700.74,0.0013411140763841883
1996,Other,4840,149,314762.55,0.004925657427503914
1996,Other,4850,474,1034036.84,0.01618143975914122
1996,Other,4900,2,3144.79,4.9212202091513224e-05
1996,Other,4920,112,238653.44,0.003734640888299322
1996,Other,4930,13,30994.49,0.0004850266967280441
1996,Other,4950,37,75801.32,0.0011861999938448874
1996,Other,4965,4,5356.1,8.381655869624172e-05
1996,Other,5000,293,610329.12,0.009550920727862728
1996,Other,5010,2,4080.9799999999996,6.386245583693144e-05
1996,Other,5020,38,80555.31,0.0012605942512105724
1996,Other,5100,41,95088.16,0.0014880159713145057
1996,Other,5110,79,159476.74,0.0024956202346661334
1996,Other,5120,444,895660.08,0.014016008974291097
1996,Other,5140,54,104770.04,0.0016395258130482238
1996,Other,5160,88,168865.55,0.002642543881433905
1996,Other,5240,346,745709.44,0.011669460810683433
1996,Other,5250,39,80642.0,0.0012619508460227262
1996,Other,5260,109,231980.01,0.003630209690730147
1996,Other,5300,29,59174.53,0.0009260106172527615
1996,Other,5310,39,85228.83,0.0013337292493245097
1996,Other,5320,24,52788.45,0.0008260761034910888
1996,Other,5350,77,146654.33,0.002294964854745617
1996,Other,5360,22,45525.74,0.0007124233787456991
1996,Other,5400,294,608387.24,0.009520532628499187
1996,Other,5410,73,164039.9,0.0025670282307790407
1996,Other,5510,29,73530.2,0.0011506596822774765
1996,Other,5520,100,211356.13,0.003307470636462257
1996,Other,5530,18,39559.42,0.0006190576069190788
1996,Other,5540,125,277763.52,0.004346666861663283
1996,Other,5550,130,259453.31,0.004060133975569761
1996,Other,5600,102,217729.37,0.003407204219581548
1996,Other,5610,172,373428.47000000003,0.005843708906592995
1996,Other,5620,292,599790.93,0.009386010658841024
1996,Other,5630,23,47353.62,0.0007410275144619267
1996,Other,5700,929,1845141.99,0.028874265213072056
1996,Other,5800,131,279763.69,0.004377967129807541
1996,Other,5810,175,371985.03,0.005821120797057231
1996,Other,5820,149,302905.53,0.004740109246403392
1996,Other,5850,50,120311.51,0.0018827312297657758
1996,Other,5860,203,425152.6,0.006653129675091908
1996,Other,5900,23,46110.3,0.0007215710435673931
1996,Other,5910,4,5275.79,8.255980325312168e-05
1996,Other,5940,311,650735.39,0.010183230524384673
1996,Other,6005,18,27018.68,0.0004228100255997782
1996,Other,6050,173,321181.82,0.005026111325067818
1996,Other,6100,4,9579.04,0.0001499005187381952
1996,Other,6120,5,2907.85,4.550437448980909e-05
1996,Other,6130,17,28619.170000000002,0.0004478557797917739
1996,Other,6200,204,392709.54,0.006145434590463972
1996,Other,6210,19,38599.8,0.0006040407016977262
1996,Other,6220,32,75477.73,0.0011811361973831861
1996,Other,6230,242,519942.65,0.008136480581468692
1996,Other,6240,31,71967.57,0.001126206391802036
1996,Other,6250,23,51080.96,0.0007993559272792471
1996,Other,6260,143,289003.14,0.004522553471221255
1996,Other,6300,25,43677.95,0.0006835076753433488
1996,Other,6320,75,130897.72,0.0020483927543519004
1996,Other,6330,30,55647.25,0.0008708129041484357
1996,Other,6355,252,512793.66,0.008024607438705516
1996,Other,6360,11,16462.46,0.00025761780864332843
1996,Other,6400,20,40059.94,0.0006268901462590171
1996,Other,6420,87,174779.02,0.002735082613973153
1996,Other,6440,175,358111.9,0.005604022905877904
1996,Other,6460,5,14471.75,0.00022646557818418924
1996,Other,6515,33,72587.32,0.0011359047380338082
1996,Other,6520,46,105847.31,0.0016563838000512112
1996,Other,6530,21,50693.55,0.0007932934241511294
1996,Other,6600,16,34551.77,0.0005406938739500837
1996,Other,6660,23,41534.71,0.0006499685328217131
1996,Other,6700,5,13777.42,0.00021560014415578023
1996,Other,6730,63,128998.42,0.0020186709810594353
1996,Other,6800,9,19139.14,0.00029950464913007367
1996,Other,6820,5,8005.89,0.00012528260284547612
1996,Other,6840,23,31082.04,0.0004863967495115724
1996,Other,6940,17,24592.98,0.00038485072192182717
1996,Other,7000,90,192236.9,0.003008277555018306
1996,Other,7010,83,173487.96,0.002714879069179297
1996,Other,7020,135,265895.58,0.004160947795623912
1996,Other,7040,30,56379.73,0.0008822753400465376
1996,Other,7140,74,180394.54,0.0028229587853833057
1996,Other,7150,47,88493.75,0.0013848213422313885
1996,Other,7200,262,545613.45,0.008538197897235663
1996,Other,7210,134,272425.32,0.004263130416557277
1996,Other,7220,94,190522.47,0.002981448776107233
1996,Other,7240,12,20682.7,0.00032365951691468766
1996,Other,7300,6,15644.08,0.0002448111404881726
1996,Other,7315,91,190254.32,0.002977252549335067
1996,Other,7320,10,19511.16,0.0003053263171658041
1996,Other,7330,193,424419.28,0.006641654094198512
1996,Other,7340,104,235554.33,0.003686143523571048
1996,Other,7350,4,9206.53,0.0001440711827885421
1996,Other,7360,30,63624.93,0.0009956540542352215
1996,Other,7410,45,75107.06,0.0011753356552327528
1996,Other,7420,17,34872.3,0.000545709785071778
1996,Other,7430,7,13300.279999999999,0.00020813347385158036
1996,Other,7540,7,13866.439999999999,0.0002169932006810765
1996,Other,7610,4,9085.03,0.00014216985311180092
1996,Other,7630,147,318917.54,0.004990678051319246
1996,Other,7700,495,1040586.18,0.016283929096631494
1996,Other,7720,85,173706.57,0.0027183000542050782
1996,Other,7730,9,19165.83,0.00029992231570679983
1996,Other,7750,416,916781.84,0.014346539255056566
1996,Other,7800,37,74356.32,0.0011635874721750027
1996,Other,7810,98,192630.18,0.0030144319166254562
1996,Other,7830,3,2144.08,3.355228751693171e-05
1996,Other,7840,10,20993.89,0.00032852926820773357
1996,Other,7900,8,17974.760000000002,0.00028128349481728454
1996,Other,7930,1,2577.51,4.033494860162245e-05
1996,Other,7940,5,6704.99,0.00010492507382101038
1996,Other,7950,87,191926.41,0.0030034187578880066
1996,Other,8030,217,448545.08,0.00701919400790322
1996,Other,8100,53,102388.57,0.0016022586559678224
1996,Other,8130,45,93399.98,0.0014615979735064322
1996,Other,8140,227,473902.54,0.0074160079274487095
1996,Other,8220,53,120620.96,0.0018875737521399944
1996,Other,8250,11,19627.22,0.0003071425173491999
1996,Other,8255,114,263226.33,0.00411917722575032
1996,Other,8256,9,19772.02,0.00030940846415736543
1996,Other,8300,46,85386.51,0.0013361967527272137
1996,Other,8310,24,54098.95,0.000846583861033223
1996,Other,8320,200,383173.37,0.00599620493594999
1996,Other,8330,9,17802.85,0.0002785933089347448
1996,Other,8350,25,43011.96,0.0006730857284181402
1996,Other,8400,4,8314.51,0.0001301121367124379
1996,Other,8410,13,26621.510000000002,0.00041659479014536434
1996,Other,8420,13,28765.83,0.00045015083337523776
1996,Other,8450,13,28413.05,0.0004446302483270011
1996,Other,8460,17,40710.52,0.00063707094511576
1996,Other,8500,14,29647.85,0.0004639533914121039
1996,Other,8510,7,12083.97,0.00018909967715102853
1996,Other,8530,25,43449.89,0.000679938809120488
1996,Other,8540,7,16112.41,0.00025213994482980377
1996,Other,8550,7,10229.26,0.00016007568402552557
1996,Other,8600,18,30277.13,0.0004738008707452701
1996,Other,8610,46,104441.78,0.0016343889366721986
1996,Other,8620,30,61263.23,0.0009586962740083935
1996,Other,8630,25,43924.15,0.0006873604108693874
1996,Other,8640,23,39245.31,0.0006141421611185754
1996,Other,8650,66,133796.13,0.002093749404132669
1996,Other,8710,52,103277.75,0.001616173259440783
1996,Other,8720,14,32801.39,0.0005133025205379504
1996,Other,8730,35,73691.52,0.0011531841473264633
1996,Other,8740,311,652460.9,0.010210232692043221
1996,Other,8750,17,31091.219999999998,0.0004865404055315928
1996,Other,8760,15,37085.92,0.0005803502904135703
1996,Other,8800,129,243702.7,0.0038136557679995867
1996,Other,8810,79,163977.06,0.0025660448599404695
1996,Other,8830,21,40326.82,0.0006310664990501996
1996,Other,8850,8,19482.43,0.0003048767270290735
1996,Other,8910,7,13855.85,0.00021682747984752353
1996,Other,8920,9,17223.43,0.00026952607896521915
1996,Other,8930,5,11152.91,0.0001745297017697394
1996,Other,8950,127,264448.08,0.004138296151944218
1996,Other,8965,434,908649.96,0.014219285059404731
1996,Other,9000,44,83421.01,0.0013054390286149934
1996,Other,9030,39,79434.97,0.0012430622702225872
1996,Other,9040,19,25640.5,0.0004012431570080816
1996,Other,9050,23,50146.91,0.0007847391619742258
1996,Other,9120,101,205506.91,0.003215937339575113
1996,Other,9130,964,2065364.24,0.03232048002297916
1996,Other,9140,40,74481.02,0.0011655388780243
1996,Other,9200,28,60191.65,0.0009419273286997325
1996,Other,9240,21,38963.94,0.0006097390571585371
1996,Other,9260,9,24847.620000000003,0.0003888355333529825
1996,Other,9300,5,14469.42,0.0002264291164710468
1996,Other,9310,5,9930.31,0.00015539747409250686
1996,Other,9350,11,23480.88,0.00036744768707817405
1996,Other,9360,34,78793.55,0.0012330248144097862
1996,Other,9420,2,4886.63,7.646991471813739e-05
1996,Other,9510,35,78262.26,0.0012247107613731127
1996,Other,9520,33,56176.98,0.000879102545050988
1996,Other,9560,8,17037.45,0.00026661571441147165
1996,Other,9600,181,388347.22,0.00607716950013112
1996,Other,9610,50,109945.9,0.0017205218313252407
1996,Other,9620,506,1092388.18,0.017094568437491953
1996,Other,9630,15,37980.96,0.0005943565958775244
1996,Other,9640,64,124189.67,0.001943419795190883
1996,Other,9720,12,24953.43,0.0003904913332961593
1996,Other,9750,29,69016.67,0.0010800283363033073
1996,Tech,1006,424,1004719.06,0.692472125803264
1996,Tech,1010,217,446197.19,0.30752787419673605
1997,Finance,120,302,631703.01,0.21399809005666798
1997,Finance,800,517,1090782.63,0.36951763058243003
1997,Finance,860,40,92732.62,0.03141445149351239
1997,Finance,910,256,539133.73,0.18263897223653772
1997,Finance,4810,159,323631.21,0.10963452718505873
1997,Finance,4820,123,273926.37,0.09279632844579315
1997,Healthcare,350,276,567643.19,0.1378375838698278
1997,Healthcare,3000,1,2787.67,0.0006769141323203454
1997,Healthcare,3010,7,12058.92,0.0029281993092871317
1997,Healthcare,3030,36,73942.96,0.01795515057721969
1997,Healthcare,3040,4,7693.49,0.0018681666437796631
1997,Healthcare,3050,57,131275.65,0.03187692327805635
1997,Healthcare,3060,181,385551.1,0.093621192006821
1997,Healthcare,3120,2,3246.3500000000004,0.0007882928013208713
1997,Healthcare,3150,19,41107.229999999996,0.009981836059340906
1997,Healthcare,3160,52,100035.12,0.024290962149882023
1997,Healthcare,3220,42,91079.46,0.022116309906877643
1997,Healthcare,3230,28,52943.95,0.012856079799926728
1997,Healthcare,3245,25,53721.96,0.013044999565927208
1997,Healthcare,3250,7,12772.49,0.0031014714747155466
1997,Healthcare,3255,572,1189208.15,0.28876868603727596
1997,Healthcare,3300,119,247988.28,0.060217590813049914
1997,Healthcare,3310,12,25417.62,0.006172016841286184
1997,Healthcare,3320,57,119818.57,0.029094865370511775
1997,Healthcare,3400,211,469037.83,0.1138938022505776
1997,Healthcare,3500,195,397416.26,0.09650234167168165
1997,Healthcare,3510,40,90328.81,0.021934033814863068
1997,Healthcare,3520,24,43128.22,0.010472581625450991
1997,Other,10,4,8658.55,0.00013139119732699504
1997,Other,50,290,654232.6,0.0099278060003526
1997,Other,136,83,175455.54,0.002662491234473956
1997,Other,150,64,127946.8,0.0019415587189722955
1997,Other,205,37,74950.55,0.0011373546962039612
1997,Other,230,282,538260.6,0.00816796169196306
1997,Other,310,361,758509.27,0.011510176781207589
1997,Other,410,123,262156.35,0.003978153006378063
1997,Other,420,200,402770.24,0.006111931452873882
1997,Other,430,2372,5015180.76,0.07610403645734089
1997,Other,500,6,10841.2,0.00016451233156376284
1997,Other,510,1,2758.33,4.1856925388543145e-05
1997,Other,520,57,129270.1,0.0019616394451242277
1997,Other,530,110,242630.91,0.0036818596385582315
1997,Other,540,171,384078.74,0.00582829290313547
1997,Other,565,104,200560.61,0.0030434540061017716
1997,Other,630,149,336197.72000000003,0.0051017111374775026
1997,Other,710,75,176208.25,0.002673913408872672
1997,Other,735,55,119890.48,0.0018193062019978116
1997,Other,740,180,383780.92,0.005823773563709362
1997,Other,1200,9,17902.66,0.00027166811218253646
1997,Other,1220,75,162359.67,0.002463764884295384
1997,Other,1240,16,35167.04,0.0005336504948341614
1997,Other,1300,42,87805.75,0.0013324289430325857
1997,Other,1310,10,22439.48,0.0003405131511159673
1997,Other,1320,22,54566.99,0.000828039585222718
1997,Other,1340,1,430.77,6.536820376685433e-06
1997,Other,1350,28,54426.52,0.0008259079902687681
1997,Other,1360,99,212374.86,0.003222732113061996
1997,Other,1410,243,557917.81,0.00846625463454677
1997,Other,1430,91,193491.67,0.0029361847184690057
1997,Other,1440,4,9376.52,0.00014228620144949393
1997,Other,1450,12,23617.14,0.00035838382893663113
1997,Other,1460,131,290407.35,0.004406854430483131
1997,Other,1520,16,24270.88,0.0003683041598627735
1997,Other,1530,108,229000.74,0.0034750254277411212
1997,Other,1540,71,155016.91,0.002352340450864294
1997,Other,1550,268,595417.44,0.009035301563307277
1997,Other,1560,23,53441.82,0.0008109654292154865
1997,Other,1600,14,18697.760000000002,0.0002837335435763257
1997,Other,1610,35,74072.44,0.0011240296101000745
1997,Other,1640,15,20434.39,0.00031008644273542037
1997,Other,1650,8,19354.1,0.0002936933288121446
1997,Other,1700,12,19288.39,0.0002926961970087414
1997,Other,1710,6,10099.279999999999,0.00015325389255020462
1997,Other,1720,54,114918.01,0.0017438502899833792
1997,Other,1740,43,72927.78,0.0011066596985176134
1997,Other,1820,63,144202.26,0.002188231008501267
1997,Other,1840,10,20457.129999999997,0.00031043151619774553
1997,Other,1860,7,23219.23,0.0003523456503353198
1997,Other,1900,22,42965.62,0.0006519918757409365
1997,Other,1920,31,63703.28,0.0009666803602054405
1997,Other,1965,26,47758.61,0.0007247242264089252
1997,Other,2000,64,119633.67,0.0018154091784331795
1997,Other,2010,311,629887.2,0.009558371019275558
1997,Other,2016,21,31207.24,0.00047356158119672383
1997,Other,2040,132,274311.03,0.0041625970482010565
1997,Other,2060,28,65763.29,0.0009979404650042327
1997,Other,2100,222,450249.06,0.0068324099403195716
1997,Other,2145,115,245748.78,0.0037291724879856664
1997,Other,2160,20,35368.07,0.0005367010717088858
1997,Other,2200,223,447171.91,0.006785715006080609
1997,Other,2300,118,262066.2,0.0039767850040637
1997,Other,2310,565,1184970.14,0.017981607254255842
1997,Other,2320,416,829169.88,0.012582432776929255
1997,Other,2330,135,272723.84,0.004138511861364296
1997,Other,2340,165,334258.82,0.005072288844772914
1997,Other,2400,5,6916.35,0.00010495377489678551
1997,Other,2430,62,120341.72,0.0018261536491895277
1997,Other,2540,95,185954.8,0.002821814717325868
1997,Other,2600,38,85871.72,0.001303080551284969
1997,Other,2630,149,309860.96,0.004702057797124475
1997,Other,2710,30,68949.73,0.0010462938459757153
1997,Other,2720,19,49380.54,0.0007493365835219029
1997,Other,2740,2,4861.31,7.376908852841346e-05
1997,Other,2750,22,49248.89,0.0007473388297261635
1997,Other,2800,14,34599.09,0.0005250320043800013
1997,Other,2825,55,116668.21,0.001770409110289517
1997,Other,2830,93,173456.56,0.002632157243721149
1997,Other,2840,29,59933.77,0.0009094790467942941
1997,Other,2850,16,29408.19,0.0004462614751107012
1997,Other,2860,19,43324.03,0.0006574306523298535
1997,Other,2900,11,25357.93,0.0003847998549912084
1997,Other,2910,23,47465.9,0.0007202824298760663
1997,Other,3600,489,991345.94,0.015043411428224747
1997,Other,3640,39,76742.6,0.0011645485791485469
1997,Other,3645,87,172654.94,0.0026199928730584786
1997,Other,3710,29,56855.74,0.0008627707587889802
1997,Other,3720,24,51754.07,0.0007853542710783115
1997,Other,3730,22,43237.58,0.0006561187965331071
1997,Other,3740,93,202832.84,0.0030779344930542425
1997,Other,3750,6,10621.630000000001,0.00016118041511157532
1997,Other,3800,152,323565.3,0.004910017517998781
1997,Other,3850,293,638657.55,0.009691458751918647
1997,Other,3930,202,438730.65,0.006657621126811164
1997,Other,3955,2,4602.13,6.983610084303766e-05
1997,Other,4010,70,142806.92,0.0021670570944766036
1997,Other,4020,427,799056.4,0.012125468713329401
1997,Other,4030,29,50402.43,0.0007648434929509046
1997,Other,4040,90,185771.87,0.0028190388031454306
1997,Other,4060,15,28474.91,0.00043209919890494647
1997,Other,4110,171,326324.96,0.004951894625784198
1997,Other,4130,64,122446.15,0.0018580878156944098
1997,Other,4140,127,239854.45,0.0036397275952333667
1997,Other,4200,79,142203.28,0.00215789701774846
1997,Other,4210,24,53297.07,0.0008087688863979151
1997,Other,4220,622,1273803.34,0.019329627478241202
1997,Other,4230,247,444855.92,0.006750570472746813
1997,Other,4240,10,23834.35,0.0003616799330154199
1997,Other,4250,150,317326.53,0.004815345839698404
1997,Other,4320,35,60735.69,0.000921647969877312
1997,Other,4350,16,29527.31,0.00044806908948326845
1997,Other,4430,34,61324.99,0.0009305904409128546
1997,Other,4465,11,22792.72,0.000345873474327566
1997,Other,4500,3,8861.95,0.0001344777383224632
1997,Other,4510,106,218045.46,0.0033087819624666257
1997,Other,4530,7,19638.6,0.00029801054077483233
1997,Other,4540,7,11106.04,0.00016853120824635766
1997,Other,4600,109,217576.99,0.0033016730545996297
1997,Other,4620,30,66210.58,0.0010047279719947095
1997,Other,4650,33,70563.33,0.0010707797975503832
1997,Other,4700,1326,2792842.44,0.0423806425021795
1997,Other,4720,356,716840.37,0.010877862287175813
1997,Other,4740,29,55750.13,0.0008459934205883925
1997,Other,4750,57,115348.71,0.0017503860481286506
1997,Other,4760,503,1024309.88,0.0155436304655018
1997,Other,4800,50,106256.73,0.0016124176656312239
1997,Other,4840,174,399722.56,0.0060656837180603695
1997,Other,4850,525,1132255.19,0.017181671884299827
1997,Other,4900,8,12527.53,0.00019010194157796054
1997,Other,4920,108,249452.18,0.003785370599699613
1997,Other,4930,15,31414.13,0.0004767010820155655
1997,Other,4950,31,66796.87,0.0010136247670794341
1997,Other,5000,259,540206.78,0.008197494456734742
1997,Other,5010,8,12087.6,0.0001834261206333376
1997,Other,5020,40,82522.83,0.0012522620346954243
1997,Other,5100,52,94653.84,0.001436346890553016
1997,Other,5110,108,218512.13,0.0033158635558115383
1997,Other,5120,463,983345.85,0.014922012186570691
1997,Other,5140,69,138808.68,0.002106384864045332
1997,Other,5160,109,236653.56,0.0035911549393484892
1997,Other,5240,425,963411.79,0.01461951811874315
1997,Other,5250,33,59113.45,0.000897030908596642
1997,Other,5260,114,245106.37,0.003719424086801307
1997,Other,5300,16,29137.01,0.00044214639061143353
1997,Other,5310,37,72916.78,0.0011064927764382125
1997,Other,5320,23,56845.47,0.0008626149142657578
1997,Other,5350,83,168735.69,0.002560519294904651
1997,Other,5360,28,57965.79,0.000879615472810708
1997,Other,5400,290,606613.75,0.009205202594836138
1997,Other,5410,72,149761.05,0.0022725841708424585
1997,Other,5510,33,71176.70999999999,0.0010800876761924687
1997,Other,5520,80,161990.35,0.00245816055135317
1997,Other,5530,14,29413.73,0.00044634554313978137
1997,Other,5540,129,291428.61,0.004422351779829403
1997,Other,5550,130,267857.33,0.0040646638642165295
1997,Other,5600,88,180671.77,0.002741646139767913
1997,Other,5610,190,430744.6,0.006536434938429361
1997,Other,5620,292,631161.3,0.009577705148490535
1997,Other,5630,15,32360.09,0.0004910557738546661
1997,Other,5700,908,1849934.16,0.028072259703819786
1997,Other,5800,126,280566.38,0.004257520323599295
1997,Other,5810,218,475014.51,0.007208219068619556
1997,Other,5820,165,332397.88,0.005044049574369244
1997,Other,5850,50,118576.3,0.0017993638694244374
1997,Other,5860,197,408166.18,0.006193813409703215
1997,Other,5900,20,48571.11,0.0007370536981828577
1997,Other,5910,5,10357.94,0.00015717898937364514
1997,Other,5940,297,611974.07,0.009286544027622901
1997,Other,6005,24,37088.05,0.0005628013115387056
1997,Other,6010,1,2187.46,3.3194124709669465e-05
1997,Other,6050,202,348554.07,0.005289215468005295
1997,Other,6100,4,11232.63,0.00017045217788557254
1997,Other,6120,2,2357.8199999999997,3.577929247755518e-05
1997,Other,6130,7,10386.22,0.00015760813086505043
1997,Other,6200,238,469869.02999999997,0.007130137775790837
1997,Other,6210,10,18618.56,0.000282531704604639
1997,Other,6220,37,87715.36,0.0013310572987819448
1997,Other,6230,231,495669.36,0.007521650933320861
1997,Other,6240,34,76818.56,0.0011657012519804826
1997,Other,6250,22,45578.1,0.0006916355661039681
1997,Other,6260,166,343640.53,0.005214653803094417
1997,Other,6300,26,60691.48,0.0009209770948654652
1997,Other,6320,77,138139.48,0.002096229931723959
1997,Other,6330,32,62900.97,0.0009545055189759712
1997,Other,6355,262,562484.57,0.00853555400503086
1997,Other,6360,11,23547.25,0.0003573232667430556
1997,Other,6400,17,29002.16,0.000440100077665323
1997,Other,6420,120,264293.45,0.004010582931458766
1997,Other,6440,159,332245.76,0.005041741193758474
1997,Other,6460,7,12814.8,0.00019446118755518833
1997,Other,6515,38,83821.86,0.0012719744700412602
1997,Other,6520,60,131216.9,0.0019911816182312946
1997,Other,6530,19,43254.62,0.0006563773740088336
1997,Other,6600,15,30711.309999999998,0.00046603597512060515
1997,Other,6660,25,50082.41,0.0007599872744190968
1997,Other,6700,8,20429.47,0.00031001178304172473
1997,Other,6730,45,93961.47,0.0014258403596334865
1997,Other,6800,11,14883.38,0.00022585133982856845
1997,Other,6820,8,18667.31,0.00028327147291107497
1997,Other,6830,1,1525.38,2.3147236497872244e-05
1997,Other,6840,24,27113.93,0.00041144668875739367
1997,Other,6940,19,24440.1,0.00037087202843333946
1997,Other,7000,101,217539.09,0.0033010979321624213
1997,Other,7010,118,259349.84,0.003935564962281744
1997,Other,7020,143,286946.08,0.004354330577231489
1997,Other,7040,29,65381.83,0.0009921519107852982
1997,Other,7140,70,141344.48,0.0021448649557675946
1997,Other,7150,59,110458.45,0.0016761776510367226
1997,Other,7200,228,450291.36,0.006833051831588541
1997,Other,7210,111,236211.83,0.003584451803881782
1997,Other,7220,101,185167.44,0.0028098667383770395
1997,Other,7240,15,30542.25,0.00046347053450755774
1997,Other,7300,7,16802.96,0.00025498045666279046
1997,Other,7315,100,205577.25,0.003119580186138671
1997,Other,7320,15,37860.75,0.0005745268288798965
1997,Other,7330,220,481000.06,0.007299048200652125
1997,Other,7340,84,172636.05,0.0026197062223239434
1997,Other,7350,2,1860.53,2.8233048762528838e-05
1997,Other,7360,25,55750.35,0.0008459967590299805
1997,Other,7410,66,130493.94,0.0019802108921836855
1997,Other,7420,17,35583.66,0.0005399725927177992
1997,Other,7430,6,14815.099999999999,0.00022481520895752338
1997,Other,7540,5,8235.74,0.00012497516783685793
1997,Other,7610,12,19762.91,0.0002998969120194078
1997,Other,7630,151,312650.57,0.004744389388207896
1997,Other,7700,466,999515.9,0.015167388402026787
1997,Other,7720,92,187014.88,0.002837901149865081
1997,Other,7730,7,13464.51,0.000204320364301332
1997,Other,7750,390,851998.36,0.01292884889976222
1997,Other,7800,49,97491.92,0.001479414001017216
1997,Other,7810,101,173687.87,0.0026356673115562608
1997,Other,7830,7,10965.54,0.00016639915805037302
1997,Other,7840,13,20995.920000000002,0.0003186075113941482
1997,Other,7900,11,21772.59,0.0003303932724312684
1997,Other,7930,9,16807.8,0.0002550539023777269
1997,Other,7940,7,13993.68,0.00021235037855193121
1997,Other,7950,109,235644.71,0.0035758459084572498
1997,Other,8030,214,459959.67,0.006979765868815162
1997,Other,8100,45,100354.08,0.0015228465190879588
1997,Other,8130,48,110113.51,0.0016709432781213992
1997,Other,8140,223,437830.09,0.006643955367917954
1997,Other,8220,54,126231.66,0.0019155319248574123
1997,Other,8250,22,44910.81,0.0006815096175254728
1997,Other,8255,108,246370.69,0.0037386098071129606
1997,Other,8256,8,17743.71,0.000269256088135193
1997,Other,8300,42,94730.79,0.0014375145863720978
1997,Other,8310,21,46981.58,0.0007129330024673882
1997,Other,8320,164,325847.93,0.0049446558221899585
1997,Other,8330,14,30162.48,0.000457707625589913
1997,Other,8350,32,54512.07,0.0008272061888044726
1997,Other,8400,1,1292.48,1.961304083491977e-05
1997,Other,8410,8,16694.8,0.0002533391573802446
1997,Other,8420,16,42957.84,0.0006518738163065964
1997,Other,8450,12,24086.85,0.0003655115534743959
1997,Other,8460,11,23853.66,0.000361972957138441
1997,Other,8500,14,33138.79,0.000502872339602803
1997,Other,8510,11,30030.58,0.00045570607811055096
1997,Other,8530,27,54351.74,0.0008247732236235316
1997,Other,8540,3,6846.299999999999,0.00010389078474569137
1997,Other,8550,13,24037.190000000002,0.00036475797615957315
1997,Other,8600,15,26703.489999999998,0.0004052183707329101
1997,Other,8610,60,121172.98,0.0018387677989825113
1997,Other,8620,18,29050.489999999998,0.0004408334725832727
1997,Other,8630,25,40395.19,0.0006129862829632511
1997,Other,8640,17,34898.71,0.0005295786583281929
1997,Other,8650,63,126864.46,0.0019251344968433132
1997,Other,8710,66,142725.82,0.002165826423509384
1997,Other,8720,27,67484.99,0.0010240668053773771
1997,Other,8730,31,65581.64,0.0009951839744839438
1997,Other,8740,338,729813.42,0.011074724876464203
1997,Other,8750,23,39215.53,0.0005950852556736051
1997,Other,8760,17,36885.59,0.0005597290347936589
1997,Other,8800,123,242150.01,0.0036745621087415125
1997,Other,8810,69,145059.66,0.002201241825853845
1997,Other,8830,24,56688.62,0.0008602347571608454
1997,Other,8850,8,14483.210000000001,0.00021977886632730745
1997,Other,8910,6,12019.92,0.00018239909460298715
1997,Other,8920,10,18005.96,0.00027323566225545613
1997,Other,8930,7,18407.16,0.00027932376573324287
1997,Other,8950,130,277423.76,0.004209831899493208
1997,Other,8965,431,862650.09,0.013090486074381973
1997,Other,9000,44,87616.2,0.0013295525721098178
1997,Other,9030,31,69520.9,0.001054961199074936
1997,Other,9040,13,27545.61,0.0004179973181424659
1997,Other,9050,25,49097.79,0.0007450459273445743
1997,Other,9120,117,239633.68,0.0036363774690997895
1997,Other,9130,914,1927501.69,0.02924932637669199
1997,Other,9140,65,141891.47,0.002153165383786823
1997,Other,9200,17,28717.45,0.00043577967900839217
1997,Other,9240,19,45554.93,0.0006912839675058117
1997,Other,9260,6,14977.94,0.00022728626272203685
1997,Other,9300,9,16739.2,0.00025401291559164473
1997,Other,9310,4,9443.08,0.00014329623177721448
1997,Other,9350,7,12360.02,0.00018756002180337416
1997,Other,9360,27,61402.16,0.0009317614751735247
1997,Other,9420,3,4763.1900000000005,7.228014358015714e-05
1997,Other,9510,28,53856.04,0.000817251107736346
1997,Other,9520,47,96910.26,0.0014705874649531842
1997,Other,9560,5,5857.54,8.888661427037628e-05
1997,Other,9600,167,378874.6,0.005749321460381509
1997,Other,9610,51,92346.42,0.0014013324046938068
1997,Other,9620,488,1054392.4,0.01600012471932181
1997,Other,9630,29,64796.01,0.0009832622478257844
1997,Other,9640,59,117181.09,0.0017781919281152578
1997,Other,9720,13,23725.91,0.00036003438480721654
1997,Other,9750,25,47306.71,0.000717866763892445
1997,Tech,1006,477,1074460.38,0.7457942576583383
1997,Tech,1010,175,366232.37,0.25420574234166166
1998,Finance,120,308,661790.0,0.21265475651146057
1998,Finance,800,545,1175109.36,0.3776010438736431
1998,Finance,860,48,98275.51,0.03157913333548348
1998,Finance,910,269,547799.16,0.17602577401741132
1998,Finance,4810,141,299393.97,0.09620506775767165
1998,Finance,4820,148,329671.49,0.10593422450432978
1998,Healthcare,350,307,599653.87,0.14379611820369892
1998,Healthcare,3010,17,38852.12,0.009316681371512363
1998,Healthcare,3030,31,65710.87,0.01575737021390005
1998,Healthcare,3040,5,13566.4,0.0032532028151484476
1998,Healthcare,3050,73,152033.66,0.036457448601642434
1998,Healthcare,3060,173,355690.94,0.08529416553623641
1998,Healthcare,3120,1,2064.06,0.0004949585595762549
1998,Healthcare,3150,13,29115.06,0.006981748669891494
1998,Healthcare,3160,40,77915.11,0.018683929059632693
1998,Healthcare,3220,37,69567.66,0.016682222797152528
1998,Healthcare,3230,31,60778.36,0.014574561552962157
1998,Healthcare,3245,40,98739.7,0.023677635187442002
1998,Healthcare,3250,7,15839.74,0.0037983464116655465
1998,Healthcare,3255,589,1303071.94,0.31247473932280845
1998,Healthcare,3300,112,226140.21,0.054228090561258775
1998,Healthcare,3310,16,28515.44,0.0068379606736641
1998,Healthcare,3320,46,83520.71,0.020028143715001556
1998,Healthcare,3400,210,452445.48,0.10849576226833874
1998,Healthcare,3500,183,373283.3,0.08951278765242823
1998,Healthcare,3510,39,74607.3,0.017890721074907474
1998,Healthcare,3520,22,49055.37,0.011763405751131377
1998,Other,10,7,12468.27,0.00018250028249167303
1998,Other,50,278,618014.13,0.009045982586906245
1998,Other,136,80,163394.51,0.0023916344635293023
1998,Other,150,51,113695.93000000001,0.0016641875210557265
1998,Other,205,45,77389.06999999999,0.0011327575627386843
1998,Other,230,277,566894.05,0.00829772889645866
1998,Other,310,369,793261.93,0.01161111576144002
1998,Other,410,141,307272.57,0.004497603182072763
1998,Other,420,225,454065.34,0.006646235028570729
1998,Other,430,2578,5472116.55,0.08009634185034163
1998,Other,500,4,5627.24,8.236691133961985e-05
1998,Other,510,5,5010.21,7.333533363831591e-05
1998,Other,520,59,138672.84,0.0020297789888992276
1998,Other,530,114,239271.49,0.0035022592963741975
1998,Other,540,160,338811.22,0.004959240003733346
1998,Other,565,128,287632.15,0.004210122866178489
1998,Other,630,157,354413.92,0.005187619494844208
1998,Other,710,94,188691.18,0.002761906315285691
1998,Other,735,49,100454.8,0.0014703747494756302
1998,Other,740,200,437232.58,0.006399850930767703
1998,Other,1200,8,17634.29,0.000258116234773556
1998,Other,1220,89,191851.94,0.002808170920791377
1998,Other,1240,13,30615.04,0.0004481177780473048
1998,Other,1300,51,101648.06999999999,0.001487840854403486
1998,Other,1310,5,6991.91,0.00010234182850999805
1998,Other,1320,26,62819.08,0.0009194940313184593
1998,Other,1340,2,3034.3999999999996,4.441505174276243e-05
1998,Other,1350,25,58485.88,0.000856068213294554
1998,Other,1360,100,220532.55,0.0032279741033526704
1998,Other,1410,269,594785.32,0.008705978369244501
1998,Other,1430,113,265335.88,0.003883768402126089
1998,Other,1440,3,10173.7,0.00014891425386084306
1998,Other,1450,10,26154.7,0.0003828309892619393
1998,Other,1460,116,271090.2,0.003967995405996513
1998,Other,1520,12,16427.17,0.0002404474049357879
1998,Other,1530,120,253532.76,0.0037110040383223604
1998,Other,1540,72,152032.46,0.002225326119654449
1998,Other,1550,278,639341.73,0.009358158456122215
1998,Other,1560,21,46818.48,0.0006852904072361879
1998,Other,1600,20,33058.82,0.0004838878199494693
1998,Other,1610,28,71416.12,0.0010453304327271722
1998,Other,1640,17,20751.02,0.0003037363653490305
1998,Other,1650,18,42498.01,0.0006220509204832703
1998,Other,1700,13,24105.05,0.00035282989817159095
1998,Other,1710,4,5803.38,8.494510380401815e-05
1998,Other,1720,60,120972.83,0.001770700798813078
1998,Other,1740,41,88546.02,0.0012960638214855253
1998,Other,1820,53,102788.99,0.0015045407030834072
1998,Other,1840,6,13450.93,0.00019688365144288015
1998,Other,1860,13,19855.08,0.00029062233244024773
1998,Other,1900,29,56157.020000000004,0.0008219802758434436
1998,Other,1920,27,53066.89,0.0007767494941924211
1998,Other,1965,25,48370.55,0.0007080083314908639
1998,Other,2000,72,134941.06,0.001975156262234119
1998,Other,2010,288,575633.81,0.008425654315856013
1998,Other,2016,24,52295.0,0.0007654512031662806
1998,Other,2040,111,241677.77,0.00353748044411595
1998,Other,2060,47,101930.69,0.0014919776135399016
1998,Other,2100,219,445515.25,0.006521085842650851
1998,Other,2145,117,251840.91,0.0036862401293812214
1998,Other,2160,24,52300.51,0.000765531854014917
1998,Other,2200,279,551025.15,0.008065452988667754
1998,Other,2300,118,266245.99,0.0038970898438416193
1998,Other,2310,580,1216216.29,0.017801973850099052
1998,Other,2320,463,945906.4,0.013845399980164165
1998,Other,2330,107,220659.91,0.0032298382942932053
1998,Other,2340,195,411628.06,0.006025073023883773
1998,Other,2400,11,28727.67,0.0004204920081396665
1998,Other,2430,69,135717.63999999998,0.0019865232016232546
1998,Other,2540,91,180621.36,0.0026437869266570397
1998,Other,2600,32,68139.33,0.000997367475503284
1998,Other,2630,166,357334.55,0.005230369274890169
1998,Other,2710,27,55118.21,0.0008067750293693798
1998,Other,2720,23,49448.18,0.000723781793199786
1998,Other,2740,6,9984.57,0.00014614592445927812
1998,Other,2750,14,39540.14,0.0005787560519430763
1998,Other,2800,14,27206.08,0.00039822022505857314
1998,Other,2825,50,96524.72,0.0014128494704902638
1998,Other,2830,92,190198.78,0.0027839733242520067
1998,Other,2840,24,54238.87,0.0007939039736089392
1998,Other,2850,20,39803.51,0.0005826110454104805
1998,Other,2860,19,40721.88,0.0005960533902130776
1998,Other,2900,19,37663.85,0.0005512924619633677
1998,Other,2910,26,56544.62,0.00082765364588546
1998,Other,3600,529,1094530.3,0.016020834401700927
1998,Other,3640,40,82866.95,0.0012129382652303281
1998,Other,3645,79,157238.32,0.0023015252170923537
1998,Other,3710,26,56530.63,0.0008274488717706823
1998,Other,3720,18,41662.98,0.0006098284380627724
1998,Other,3730,20,43373.16,0.0006348606464695208
1998,Other,3740,98,226196.15,0.0033108732224702256
1998,Other,3750,13,24475.39,0.0003582506305280419
1998,Other,3800,171,407107.42,0.005958903613288465
1998,Other,3850,293,625919.71,0.009161697965484068
1998,Other,3930,219,502803.77,0.007359628084961121
1998,Other,3940,1,2031.6,2.973689003447013e-05
1998,Other,3955,6,11049.759999999998,0.00016173729967871954
1998,Other,4010,78,157520.12,0.002305649973743128
1998,Other,4020,509,925020.66,0.013539691694247383
1998,Other,4030,33,75820.88,0.0011098036871809193
1998,Other,4040,70,119969.75,0.0017560185386950545
1998,Other,4060,22,38318.02,0.0005608676644411434
1998,Other,4110,185,366234.02999999997,0.005360632544295548
1998,Other,4130,66,121344.09,0.001776134997372931
1998,Other,4140,111,200201.63,0.0029303868163180137
1998,Other,4200,69,130256.42,0.0019065863545106104
1998,Other,4210,37,82311.83,0.00120481287519492
1998,Other,4220,600,1117405.73,0.0163556661335385
1998,Other,4230,277,486197.4,0.007116557697797445
1998,Other,4240,20,46783.32,0.0006847757640713857
1998,Other,4250,169,311927.1,0.0045657323643784045
1998,Other,4320,26,52700.3,0.0007713836512520114
1998,Other,4350,13,29071.91,0.0004255307101604708
1998,Other,4430,44,85718.65,0.0012546791046235642
1998,Other,4465,11,26786.73,0.000392082124627408
1998,Other,4500,4,9731.76,0.00014244549958744587
1998,Other,4510,115,248788.66,0.003641563804018103
1998,Other,4530,10,23283.04,0.00034079799180358804
1998,Other,4540,4,5143.71,7.528939684938195e-05
1998,Other,4600,148,296064.67,0.004333551159126643
1998,Other,4620,18,33028.34,0.00048344167877588655
1998,Other,4650,26,45873.32,0.0006714559324453924
1998,Other,4700,1388,2962170.18,0.04335781103861321
1998,Other,4720,350,687060.25,0.010056622908695391
1998,Other,4740,31,66149.17,0.0009682371501090128
1998,Other,4750,57,113558.61,0.0016621775438261863
1998,Other,4760,536,1137144.8699999999,0.016644591431606532
1998,Other,4800,63,133302.42,0.0019511711975136604
1998,Other,4840,192,416718.82,0.006099587382178653
1998,Other,4850,513,1092551.96,0.015991877087746017
1998,Other,4900,10,16720.05,0.0002447343415144922
1998,Other,4920,124,276056.13,0.0040406826054102144
1998,Other,4930,9,25629.86,0.00037514881296459176
1998,Other,4950,32,83850.59,0.001227335978615594
1998,Other,4965,3,6886.1900000000005,0.00010079438609296509
1998,Other,5000,285,615102.46,0.009003363955971679
1998,Other,5010,5,5538.84,8.10729848388091e-05
1998,Other,5020,36,74527.86,0.0010908775237863679
1998,Other,5100,54,115737.34,0.0016940680018025602
1998,Other,5110,91,185566.21,0.0027161655743667018
1998,Other,5120,464,986782.8099999999,0.014443715253433466
1998,Other,5140,57,113992.59,0.0016685297861658
1998,Other,5160,88,189443.3,0.002772915229310462
1998,Other,5240,395,824131.71,0.012062962214111945
1998,Other,5250,49,87250.64,0.0012771031143518118
1998,Other,5260,121,258034.53,0.0037768972453761486
1998,Other,5300,17,30942.61,0.000452912478317334
1998,Other,5310,41,88612.25,0.0012970332417587005
1998,Other,5320,20,45146.340000000004,0.0006608149970657611
1998,Other,5350,77,161781.04,0.0023680178165693118
1998,Other,5360,18,40686.79,0.0005955397716507084
1998,Other,5400,327,661013.37,0.009675370099923468
1998,Other,5410,96,185076.61,0.002708999212208365
1998,Other,5510,40,97639.54,0.0014291672888345382
1998,Other,5520,94,212840.21,0.0031153799565286125
1998,Other,5530,18,38671.57,0.0005660426385855061
1998,Other,5540,126,282496.49,0.004134951298608875
1998,Other,5550,121,243099.01,0.0035582833864237816
1998,Other,5600,91,196078.53,0.0028700362693101756
1998,Other,5610,212,462494.73,0.00676961750715296
1998,Other,5620,314,670568.76,0.009815234040495665
1998,Other,5630,13,18155.57,0.0002657463027186084
1998,Other,5700,890,1792385.13,0.026235459495092265
1998,Other,5800,126,256118.81,0.003748856511483239
1998,Other,5810,220,446588.75,0.006536798852816239
1998,Other,5820,163,350174.26,0.0051255628384140346
1998,Other,5850,44,91689.17,0.0013420706662934819
1998,Other,5860,148,309279.92,0.004526985120550167
1998,Other,5900,16,36338.28,0.0005318898584375788
1998,Other,5910,5,10682.08,0.00015635550221471386
1998,Other,5940,300,630434.19,0.009227777211065291
1998,Other,6005,18,28375.5,0.00041533723330040715
1998,Other,6010,1,2414.61,3.534307543125218e-05
1998,Other,6050,202,341190.27,0.004994062581128752
1998,Other,6100,3,5282.18,7.731620683317456e-05
1998,Other,6120,8,12256.130000000001,0.0001793951516332794
1998,Other,6130,9,14240.92,0.00020844687538377948
1998,Other,6200,227,478097.75,0.006998001682160658
1998,Other,6210,16,24210.01,0.0003543662163336396
1998,Other,6220,48,113867.02,0.0016666917957731892
1998,Other,6230,306,616702.07,0.00902677773164998
1998,Other,6240,51,102846.48,0.0015053821944242625
1998,Other,6250,19,45843.950000000004,0.000671026038538958
1998,Other,6260,223,457717.86,0.006699697612538391
1998,Other,6300,26,50798.12,0.0007435411047439545
1998,Other,6320,70,132496.05,0.0019393682166034926
1998,Other,6330,43,89987.85,0.0013171681432803668
1998,Other,6355,281,574588.33,0.008410351439407281
1998,Other,6360,14,41275.659999999996,0.000604159166430487
1998,Other,6400,19,42080.97,0.0006159466319323865
1998,Other,6420,115,230205.9,0.003369564645395859
1998,Other,6440,164,322345.95,0.004718234922330581
1998,Other,6460,6,15571.74,0.00022792632409202593
1998,Other,6515,40,83038.4,0.001215447809331731
1998,Other,6520,51,105885.71,0.001549867943734886
1998,Other,6530,18,40964.33,0.0005996021739248602
1998,Other,6600,15,36432.009999999995,0.0005332618010950561
1998,Other,6660,30,48912.65,0.000715943145473777
1998,Other,6700,4,10410.5,0.0001523803375191235
1998,Other,6730,56,125051.65,0.0018304032115963017
1998,Other,6800,11,26358.42,0.00038581287508484847
1998,Other,6820,6,8403.380000000001,0.0001230017655925702
1998,Other,6830,5,8420.55,0.00012325308593215073
1998,Other,6840,26,31554.53,0.00046186926004104583
1998,Other,6940,14,27796.22,0.0004068582090539178
1998,Other,7000,122,242070.33,0.0035432264145589167
1998,Other,7010,121,269508.51,0.003944843928540999
1998,Other,7020,170,362236.47000000003,0.005302119548564993
1998,Other,7040,40,91546.56,0.0013399832583943798
1998,Other,7140,62,141246.89,0.002067455815928775
1998,Other,7150,53,107035.72,0.001566700844359291
1998,Other,7200,235,472944.93,0.006922578940623239
1998,Other,7210,131,274234.91,0.004014025084801542
1998,Other,7220,102,187905.56,0.0027504070558109516
1998,Other,7240,20,40154.27,0.0005877451818293083
1998,Other,7300,6,9791.91,0.0001433259258207464
1998,Other,7315,114,272148.64,0.00398348798026708
1998,Other,7320,16,26188.72,0.00038332894604426495
1998,Other,7330,244,567261.53,0.008303107766487143
1998,Other,7340,101,207494.65,0.003037136045378454
1998,Other,7350,7,6745.05,9.872849484495116e-05
1998,Other,7360,21,40203.07,0.0005884594760967243
1998,Other,7410,61,120777.85,0.001767846841922489
1998,Other,7420,18,33117.24,0.00048474292386550285
1998,Other,7430,4,9391.01,0.00013745788131650392
1998,Other,7540,12,26488.25,0.00038771321985408224
1998,Other,7610,10,14765.39,0.00021612363592541097
1998,Other,7630,130,269820.02999999997,0.003949403702110371
1998,Other,7700,473,1002837.61,0.014678712212542255
1998,Other,7720,124,248285.39,0.003634197351641824
1998,Other,7730,15,32820.16,0.0004803945111408325
1998,Other,7750,359,781322.83,0.011436361034224749
1998,Other,7800,34,69479.96,0.0010169905149238943
1998,Other,7810,91,162738.65,0.0023820345242213637
1998,Other,7830,4,12807.37,0.00018746374941955687
1998,Other,7840,9,19202.11,0.00028106469457560507
1998,Other,7900,9,21443.62,0.0003138740745623963
1998,Other,7930,5,9378.44,0.0001372738919939339
1998,Other,7940,5,10306.76,0.00015086187671376028
1998,Other,7950,92,202609.2,0.0029656268460188846
1998,Other,8030,194,427935.05,0.006263761332814273
1998,Other,8100,39,84845.88,0.001241904215120028
1998,Other,8130,50,116870.36,0.0017106522167793545
1998,Other,8140,202,409807.23,0.005998421211774369
1998,Other,8220,60,126792.67,0.001855886830560573
1998,Other,8250,17,43533.78,0.0006372116699373966
1998,Other,8255,110,240477.29,0.003519908805137519
1998,Other,8256,8,14064.449999999999,0.00020586385265076955
1998,Other,8300,47,91340.46,0.0013369665360887565
1998,Other,8310,25,47122.54,0.0006897409874605829
1998,Other,8320,157,309539.81,0.004530789176639485
1998,Other,8330,10,20870.809999999998,0.00030548975285504994
1998,Other,8350,20,44058.81,0.0006448966272984903
1998,Other,8410,11,28724.97,0.0004204524877601169
1998,Other,8420,11,23653.72,0.0003462237008004267
1998,Other,8450,14,31377.27,0.0004592746739377233
1998,Other,8460,19,41270.06,0.0006040771982358655
1998,Other,8500,14,30107.21,0.00044068458014112004
1998,Other,8510,2,2097.63,3.070338287212325e-05
1998,Other,8530,20,30481.510000000002,0.0004461632757209105
1998,Other,8540,7,10802.0,0.00015811079255382277
1998,Other,8550,16,25848.12,0.0003783435233499646
1998,Other,8600,19,40049.63,0.0005862135475640952
1998,Other,8610,40,69471.21,0.0010168624396197981
1998,Other,8620,22,40029.18,0.0005859142172819508
1998,Other,8630,22,42610.08,0.000623691308978133
1998,Other,8640,16,31872.14,0.0004665181740220697
1998,Other,8650,74,168956.23,0.0024730423469918506
1998,Other,8710,67,115414.18,0.0016893378514857952
1998,Other,8720,16,38212.92,0.0005593292970742294
1998,Other,8730,33,73848.23,0.0010809296587666166
1998,Other,8740,311,669311.71,0.00979683437637978
1998,Other,8750,14,25479.08,0.00037294181932440797
1998,Other,8760,16,37081.33,0.0005427660132614187
1998,Other,8800,115,215012.4,0.003147174687363411
1998,Other,8810,91,181607.75,0.0026582248922807357
1998,Other,8830,20,42103.85,0.0006162815305561258
1998,Other,8850,11,16968.59,0.0002483722656379255
1998,Other,8910,4,7360.67,0.00010773943412582362
1998,Other,8920,10,22195.37,0.0003248775728314517
1998,Other,8930,5,10031.52,0.00014683313994811372
1998,Other,8950,146,334753.01,0.004899839263180685
1998,Other,8965,421,866924.25,0.012689324222516977
1998,Other,9000,40,81162.42,0.0011879887568770817
1998,Other,9030,35,81120.0,0.001187367847802824
1998,Other,9040,9,19637.84,0.00028744255197603807
1998,Other,9050,25,61949.68,0.000906768469103472
1998,Other,9120,94,202379.06,0.0029622582459634932
1998,Other,9130,964,2029371.37,0.02970426918133097
1998,Other,9140,49,101220.56,0.0014815833146030154
1998,Other,9150,3,8530.31,0.00012485966254673208
1998,Other,9200,14,28325.29,0.0004146023006125598
1998,Other,9240,16,30557.31,0.00044727277378382285
1998,Other,9260,5,9937.13,0.00014545153675341315
1998,Other,9300,6,13521.64,0.00019791864627175264
1998,Other,9310,8,11572.08,0.00016938259028848745
1998,Other,9350,11,16475.09,0.00024114881848690613
1998,Other,9360,27,54848.17,0.0008028224059273102
1998,Other,9420,4,6546.17,9.581745296167915e-05
1998,Other,9510,32,77809.76,0.0011389152769878481
1998,Other,9520,29,57098.56,0.000835761764051287
1998,Other,9560,6,13599.099999999999,0.00019905244204949926
1998,Other,9600,183,388383.46,0.0056848376851875515
1998,Other,9610,67,131150.88,0.0019196787243965288
1998,Other,9620,561,1225168.36,0.017933006888674993
1998,Other,9630,18,35926.63,0.0005258644642740183
1998,Other,9640,96,195306.2,0.0028587315379258863
1998,Other,9720,26,53239.76,0.0007792798230860315
1998,Other,9750,29,47420.25,0.0006940986216071482
1998,Tech,1006,537,1191709.39,0.7111411506255504
1998,Tech,1010,226,484061.15,0.28885884937444956
1999,Finance,120,305,657425.79,0.20839931223697356
1999,Finance,800,537,1148671.27,0.3641206449390599
1999,Finance,860,33,67099.19,0.021269967288107167
1999,Finance,910,288,629064.82,0.19940908591443537
1999,Finance,4810,138,290759.01,0.09216854378454382
1999,Finance,4820,161,361624.64,0.11463244583688016
1999,Healthcare,350,299,615423.91,0.1522592970587054
1999,Healthcare,3010,9,23813.04,0.0058914784952551385
1999,Healthcare,3030,28,59508.4,0.014722709023587114
1999,Healthcare,3040,6,12525.64,0.0030989129779023412
1999,Healthcare,3050,78,156510.13999999998,0.038721478824180824
1999,Healthcare,3060,174,382798.23,0.09470641044010888
1999,Healthcare,3120,2,5386.0599999999995,0.0013325411902114928
1999,Healthcare,3150,7,13609.470000000001,0.0033670585459403737
1999,Healthcare,3160,38,71182.31,0.017610899263915267
1999,Healthcare,3220,27,47326.49,0.011708836758805569
1999,Healthcare,3230,16,28251.699999999997,0.006989627657972253
1999,Healthcare,3245,22,51708.28,0.012792915967328462
1999,Healthcare,3250,7,14166.66,0.0035049104498875894
1999,Healthcare,3255,579,1228246.38,0.3038749833975406
1999,Healthcare,3300,96,206503.6,0.051090138789199914
1999,Healthcare,3310,16,29945.920000000002,0.007408787105746715
1999,Healthcare,3320,52,93950.93,0.023243982444249908
1999,Healthcare,3400,247,541312.05,0.13392361083664558
1999,Healthcare,3500,171,340197.91,0.08416685441656097
1999,Healthcare,3510,36,65472.24,0.016198196198225143
1999,Healthcare,3520,24,54106.99,0.013386370158030424
1999,Other,10,6,14246.39,0.00020430962654078986
1999,Other,50,284,620458.57,0.008898089882470754
1999,Other,136,111,234496.05,0.003362943201806941
1999,Other,150,48,106255.46,0.0015238255691806723
1999,Other,205,25,43337.15,0.0006215046009439719
1999,Other,230,314,644389.79,0.009241291115966783
1999,Other,310,352,706026.83,0.010125237197990349
1999,Other,410,128,246981.66,0.003542001216941579
1999,Other,420,259,533609.9,0.007652580014127666
1999,Other,430,2659,5675615.62,0.08139485916862262
1999,Other,500,8,16501.89,0.00023665609204276977
1999,Other,510,6,10416.0,0.00014937742614436832
1999,Other,520,71,137461.51,0.0019713562363400873
1999,Other,530,110,225491.09,0.0032338017130076908
1999,Other,540,173,366189.4,0.005251577386074362
1999,Other,565,124,268858.8,0.003855744579518384
1999,Other,630,201,405059.25,0.005809015764301865
1999,Other,710,83,165334.2,0.002371082685257126
1999,Other,735,44,91035.15,0.001305548809107766
1999,Other,740,200,430449.97000000003,0.0061731479073080416
1999,Other,1200,5,9788.03,0.00014037161371196826
1999,Other,1220,81,179608.6,0.002575794007430241
1999,Other,1240,10,21192.03,0.00030391809679092144
1999,Other,1300,64,149333.57,0.002141615238436046
1999,Other,1310,6,10922.16,0.0001566363430047018
1999,Other,1320,28,68808.38,0.0009867913499965082
1999,Other,1340,1,546.07,7.831272186506837e-06
1999,Other,1350,31,80548.06,0.001155151870557042
1999,Other,1360,116,250048.11000000002,0.003585977638639006
1999,Other,1410,273,620625.31,0.008900481125945728
1999,Other,1430,94,205375.47,0.002945320574288588
1999,Other,1440,4,3721.63,5.3372456841557744e-05
1999,Other,1450,17,40447.36,0.000580061686936893
1999,Other,1460,137,312099.13,0.00447586067024737
1999,Other,1520,10,24093.71,0.00034553152708034063
1999,Other,1530,98,209808.97,0.003008902066109926
1999,Other,1540,67,147995.02,0.0021224188911083248
1999,Other,1550,296,654538.18,0.009386830706760682
1999,Other,1560,26,53974.479999999996,0.0007740561539824006
1999,Other,1600,23,43831.64,0.0006285961565751287
1999,Other,1610,42,90239.78,0.0012941422880409028
1999,Other,1640,14,16500.129999999997,0.00023663085161746116
1999,Other,1650,6,12356.08,0.00017720040587883127
1999,Other,1700,7,16132.7,0.00023136148259977446
1999,Other,1710,6,10379.779999999999,0.00014885798966443847
1999,Other,1720,49,117805.6,0.0016894678680292815
1999,Other,1740,37,66590.44,0.0009549835381164545
1999,Other,1820,57,102654.13,0.0014721783527735584
1999,Other,1840,12,18247.56,0.0002616910086611876
1999,Other,1860,8,10893.550000000001,0.00015622604268193007
1999,Other,1900,43,74766.77,0.0010722415191751127
1999,Other,1920,26,59182.48,0.0008487448670545848
1999,Other,1965,29,60792.35,0.0008718322554020343
1999,Other,2000,88,193871.65,0.002780342557542418
1999,Other,2010,313,647102.8,0.009280198801345426
1999,Other,2016,28,58889.42,0.0008445420494176926
1999,Other,2040,139,319543.63,0.004582623366957407
1999,Other,2060,31,68098.56,0.0009766117143757522
1999,Other,2100,235,500924.88,0.007183839215253126
1999,Other,2145,128,277167.33,0.003974898460705334
1999,Other,2160,35,77016.3,0.0011045023680071539
1999,Other,2200,275,539991.02,0.007744092617960073
1999,Other,2300,128,281245.32,0.004033381530025848
1999,Other,2310,605,1287627.72,0.018466063234038148
1999,Other,2320,412,865106.85,0.01240662774509045
1999,Other,2330,109,236525.33,0.0033920454121877247
1999,Other,2340,161,350588.94,0.005027848837546311
1999,Other,2400,25,46678.64,0.0006694254127418929
1999,Other,2430,77,150211.26,0.002154202323032115
1999,Other,2540,129,284897.66,0.004085760288532388
1999,Other,2600,41,106514.7,0.001527543369099419
1999,Other,2630,155,326466.64,0.004681907296966214
1999,Other,2710,16,36246.520000000004,0.0005198168072475393
1999,Other,2720,15,28414.86,0.0004075017906156457
1999,Other,2740,2,2622.2200000000003,3.760565230263878e-05
1999,Other,2750,10,24675.86,0.00035388022798567325
1999,Other,2800,16,30584.41,0.0004386156342112212
1999,Other,2825,57,119306.4,0.0017109910670651367
1999,Other,2830,101,211406.46,0.0030318119110111707
1999,Other,2840,20,44910.45,0.0006440675334087314
1999,Other,2850,21,50435.520000000004,0.0007233033951471594
1999,Other,2860,10,17225.17,0.00024702875955253344
1999,Other,2900,13,29203.34,0.00041880950115388604
1999,Other,2910,27,55595.81,0.0007973078919173707
1999,Other,3600,553,1137323.48,0.016310527470809903
1999,Other,3640,52,122849.2,0.001761798895919233
1999,Other,3645,110,232884.63,0.0033398335846758394
1999,Other,3710,27,57185.41,0.0008201045851392494
1999,Other,3720,15,31193.84,0.0004473555617088366
1999,Other,3730,24,50756.33,0.0007279041797171838
1999,Other,3740,104,232105.23,0.00332865609178635
1999,Other,3750,7,13729.9,0.00019690256559327598
1999,Other,3800,179,395232.03,0.0056680821208922585
1999,Other,3850,309,645001.68,0.009250066322695228
1999,Other,3930,210,447613.18,0.006419288089160507
1999,Other,3955,6,5542.68,7.948840940302107e-05
1999,Other,4010,73,134867.34,0.0019341528533158036
1999,Other,4020,524,1019674.47,0.014623305283575548
1999,Other,4030,48,98889.85,0.0014181942458527902
1999,Other,4040,82,147184.8,0.0021107994039529206
1999,Other,4060,14,19562.48,0.0002805484745968397
1999,Other,4110,177,373138.02,0.005351228592953709
1999,Other,4130,67,112219.99,0.0016093637930248417
1999,Other,4140,103,190006.05,0.002724905405228317
1999,Other,4200,77,154010.07,0.0022086816298880563
1999,Other,4210,37,82434.65,0.0011822077421382346
1999,Other,4220,656,1284380.37,0.018419492498171226
1999,Other,4230,319,558986.5,0.008016509660085344
1999,Other,4240,20,43743.68,0.0006273347089557297
1999,Other,4250,172,307929.0,0.004416056207297349
1999,Other,4320,24,47181.5,0.0006766370038047728
1999,Other,4350,10,25753.95,0.00036934127919074065
1999,Other,4410,3,4813.9400000000005,6.903743921019782e-05
1999,Other,4430,61,106529.05,0.0015277491646125884
1999,Other,4465,6,13267.23,0.00019026734537877762
1999,Other,4500,8,18918.47,0.0002713126301065138
1999,Other,4510,102,211835.91,0.00303797071819797
1999,Other,4530,11,14557.4,0.00020876986783352797
1999,Other,4540,12,22551.09,0.000323408581120392
1999,Other,4600,160,319906.43,0.004587826336447152
1999,Other,4620,25,50613.78,0.0007258598486786968
1999,Other,4650,34,58822.9,0.0008435880760702346
1999,Other,4700,1465,3092432.57,0.04434904165050058
1999,Other,4720,362,701752.08,0.010063932363849544
1999,Other,4740,44,92584.88,0.0013277737206495012
1999,Other,4750,61,116025.65,0.0016639413367633762
1999,Other,4760,527,1117590.33,0.01602753139201567
1999,Other,4800,50,100205.08,0.0014370561575451728
1999,Other,4840,189,435684.91,0.006248222970981255
1999,Other,4850,526,1115579.26,0.015998690333989925
1999,Other,4900,5,10514.57,0.0001507910333731558
1999,Other,4920,141,319496.1,0.0045819417320625685
1999,Other,4930,9,18936.3,0.0002715683328242705
1999,Other,4950,40,91348.4,0.0013100411745781695
1999,Other,4965,4,10614.04,0.00015221754763761243
1999,Other,5000,276,591140.71,0.008477638032733721
1999,Other,5010,3,7475.7699999999995,0.00010721114449378689
1999,Other,5020,45,94959.76,0.0013618322327272408
1999,Other,5100,44,84684.54,0.0012144737537845434
1999,Other,5110,94,190204.19,0.002727746960836636
1999,Other,5120,460,962725.11,0.013806585927069303
1999,Other,5140,50,97198.2,0.0013939340381975366
1999,Other,5160,75,155638.44,0.0022320343295242607
1999,Other,5240,385,807318.3,0.011577873438291761
1999,Other,5250,39,82659.97,0.0011854390902237616
1999,Other,5260,114,239175.96,0.0034300584965829867
1999,Other,5300,26,49000.85,0.0007027285764099722
1999,Other,5310,44,88176.4,0.0012645510444197654
1999,Other,5320,20,45131.369999999995,0.0006472357804309869
1999,Other,5350,103,211203.34,0.0030288989364721497
1999,Other,5360,39,73094.79000000001,0.001048263401954984
1999,Other,5400,301,587150.43,0.008420412825744922
1999,Other,5410,73,154264.07,0.002212324282176907
1999,Other,5510,32,62694.73,0.0008991145737534671
1999,Other,5520,101,192675.95,0.002763194843598407
1999,Other,5530,12,23595.96,0.00033839321929776006
1999,Other,5540,136,290837.83,0.004170949161944446
1999,Other,5550,144,295968.92,0.004244534897112947
1999,Other,5600,75,157460.46,0.002258164193001945
1999,Other,5610,227,481816.27,0.006909799758744242
1999,Other,5620,326,699458.07,0.01003103362063243
1999,Other,5630,21,45045.22,0.0006460002902944339
1999,Other,5700,917,1873552.99,0.026868905855538156
1999,Other,5800,101,205158.32,0.0029422063934046354
1999,Other,5810,201,420191.36,0.006026027634879193
1999,Other,5820,140,282608.17,0.004052926367316636
1999,Other,5850,54,108805.11,0.0015603904841738547
1999,Other,5860,187,381695.46,0.005473952129972225
1999,Other,5900,18,39423.89,0.000565383949385436
1999,Other,5910,4,6595.77,9.45909318395008e-05
1999,Other,5940,323,642309.8,0.009211461665831797
1999,Other,6005,20,39698.65,0.0005693243239637219
1999,Other,6010,4,7593.93,0.00010890569486563968
1999,Other,6050,224,367831.63,0.005275128854059871
1999,Other,6100,4,10168.3,0.00014582512310520163
1999,Other,6120,9,16057.23,0.000230279155953162
1999,Other,6130,10,22194.98,0.0003183015539291217
1999,Other,6200,257,542508.37,0.00778019431378424
1999,Other,6210,11,18438.66,0.00026443160256827173
1999,Other,6220,53,116536.89,0.0016712731066694869
1999,Other,6230,338,659070.73,0.009451832689563164
1999,Other,6240,33,58589.26,0.0008402374096105216
1999,Other,6250,31,59762.0,0.0008570558507334619
1999,Other,6260,244,452121.14,0.006483937423066207
1999,Other,6300,21,29522.31,0.0004233838980065425
1999,Other,6320,94,187441.46,0.002688126233443027
1999,Other,6330,38,58406.36,0.0008376144131395342
1999,Other,6355,291,600939.38,0.008618162236289601
1999,Other,6360,8,20817.09,0.000298541025731151
1999,Other,6400,21,42003.41,0.000602377234551327
1999,Other,6420,122,209640.92,0.0030064920357274795
1999,Other,6440,163,320766.43,0.004600159726086568
1999,Other,6460,12,19368.79,0.00027777073710932984
1999,Other,6515,40,73537.43,0.0010546113689200896
1999,Other,6520,48,88520.97,0.0012694925747314559
1999,Other,6530,19,39888.93,0.0005720531581271964
1999,Other,6600,18,30074.23,0.0004312990659248988
1999,Other,6660,32,65336.47,0.000937000165318619
1999,Other,6700,15,34086.42,0.0004888384875264899
1999,Other,6730,65,117191.6,0.0016806624014727683
1999,Other,6800,11,24467.420000000002,0.00035089095852469665
1999,Other,6820,8,13088.019999999999,0.00018769726775403372
1999,Other,6830,3,1547.57,2.219393465612904e-05
1999,Other,6840,20,27564.18,0.0003953020605011592
1999,Other,6940,19,25021.75,0.00035884068861634485
1999,Other,7000,94,182389.37,0.002615673449183263
1999,Other,7010,142,309748.42,0.004442148783783101
1999,Other,7020,169,378931.91,0.005434319642835006
1999,Other,7040,26,59949.159999999996,0.0008597399405066166
1999,Other,7140,47,100779.69,0.0014452967261738992
1999,Other,7150,57,114786.43,0.0016461694959390076
1999,Other,7200,280,540637.79,0.007753368044026451
1999,Other,7210,132,243805.99,0.0034964584547599463
1999,Other,7220,60,128883.95,0.0018483441553686117
1999,Other,7240,7,12308.56,0.00017651891439549982
1999,Other,7300,8,16024.78,0.0002298137856115352
1999,Other,7315,108,236364.16,0.003389734048922394
1999,Other,7320,9,17241.25,0.00024725936525648906
1999,Other,7330,215,469717.63,0.006736291338712819
1999,Other,7340,91,183811.64,0.0026360704376512307
1999,Other,7350,1,3034.37,4.351635758157516e-05
1999,Other,7360,36,77583.33,0.0011126342307132444
1999,Other,7410,46,84213.36,0.001207716490377218
1999,Other,7420,31,70510.92,0.0010112077327833586
1999,Other,7430,5,10467.96,0.00015012259233700094
1999,Other,7540,15,34849.909999999996,0.00049978781270765
1999,Other,7610,10,17290.9,0.0002479714033909042
1999,Other,7630,121,265420.7,0.0038064382691471335
1999,Other,7700,463,986341.12,0.014145266686439471
1999,Other,7720,99,199467.58,0.0028605946332225306
1999,Other,7730,13,28262.26,0.0004053133310121865
1999,Other,7750,415,887283.42,0.012724665278434385
1999,Other,7800,46,97975.96,0.0014050880115998065
1999,Other,7810,123,203666.92,0.0029208180011857693
1999,Other,7830,4,11228.630000000001,0.0001610314754730644
1999,Other,7840,20,39185.48,0.0005619648756366765
1999,Other,7900,14,31335.24,0.00044938340042396854
1999,Other,7930,4,9659.83,0.00013853307818665066
1999,Other,7950,100,232468.03,0.0033338590612760942
1999,Other,8030,197,420683.78,0.006033089504328312
1999,Other,8100,29,49729.17,0.0007131735233194831
1999,Other,8130,44,105753.87,0.0015166321913792364
1999,Other,8140,220,447167.08,0.006412890501813828
1999,Other,8220,49,99218.67,0.00142290990304027
1999,Other,8250,19,45674.17,0.0006550201570545625
1999,Other,8255,117,235686.97,0.0033800223650503987
1999,Other,8256,17,45572.0,0.0006535549216830984
1999,Other,8300,57,101463.7,0.0014551062166939654
1999,Other,8310,23,39184.66,0.0005619531158930669
1999,Other,8320,160,267651.11,0.0038384249151769585
1999,Other,8330,6,13879.76,0.00019905173044369793
1999,Other,8350,14,24859.48,0.00035651355008519596
1999,Other,8400,2,6100.73,8.749148857543511e-05
1999,Other,8410,5,16904.82,0.00024243457191185102
1999,Other,8420,19,49849.13,0.0007148938877626742
1999,Other,8450,12,24405.52,0.00035000324129367356
1999,Other,8460,21,42266.1,0.0006061445114401388
1999,Other,8500,20,43488.11,0.0006236695410602117
1999,Other,8510,7,10115.97,0.00014507465068679392
1999,Other,8530,22,43873.590000000004,0.0006291977678488188
1999,Other,8540,9,12835.42,0.00018407469307622388
1999,Other,8550,17,32892.1,0.00047171056437050467
1999,Other,8600,16,33204.35,0.00047618858869016476
1999,Other,8610,49,108053.95,0.0015496179853813619
1999,Other,8620,39,69092.82,0.0009908705469139916
1999,Other,8630,15,27623.58,0.00039615392485532356
1999,Other,8640,27,51780.75,0.0007425955413618471
1999,Other,8650,74,169841.97,0.0024357292943441838
1999,Other,8710,54,106344.72,0.0015251056602960376
1999,Other,8720,19,46265.95,0.000663506963241555
1999,Other,8730,32,62763.13,0.0009000955084643229
1999,Other,8740,314,650892.62,0.009334549181256181
1999,Other,8750,7,8270.64,0.00011861049498527825
1999,Other,8760,11,19748.489999999998,0.0002832160720466394
1999,Other,8800,98,179960.42,0.0025808395110848217
1999,Other,8810,74,135058.35,0.001936892156519321
1999,Other,8830,34,70000.59,0.0010038890133244247
1999,Other,8850,5,9585.970000000001,0.00013747384079273526
1999,Other,8910,10,21994.39,0.00031542486250148166
1999,Other,8920,12,25118.28,0.0003602250398976156
1999,Other,8930,5,7704.52,0.00011049168272636411
1999,Other,8950,147,329504.84,0.004725478581155137
1999,Other,8965,451,929324.22,0.013327578728612009
1999,Other,9000,42,75668.89,0.0010851789580838451
1999,Other,9030,36,95181.03,0.0013650054991522567
1999,Other,9040,16,31464.91,0.000451243017440879
1999,Other,9050,34,83958.92,0.0012040675279820399
1999,Other,9120,99,216482.5,0.0031046081658312416
1999,Other,9130,1000,2087708.43,0.029940141303120213
1999,Other,9140,60,106111.34,0.001521758722535518
1999,Other,9150,3,7551.06,0.00010829088973326555
1999,Other,9200,24,45556.81,0.0006533370796033045
1999,Other,9240,25,47812.270000000004,0.0006856829714592548
1999,Other,9260,3,4720.88,6.770285172200706e-05
1999,Other,9300,4,8269.84,0.00011859902206468346
1999,Other,9310,12,20436.04,0.00029307633024033765
1999,Other,9350,12,18469.14,0.0002648687208429338
1999,Other,9360,31,63205.8,0.0009064439056639512
1999,Other,9510,25,55584.26,0.0007971422516262832
1999,Other,9520,27,46733.16,0.000670207292280429
1999,Other,9560,8,15416.75,0.00022109393572496066
1999,Other,9600,203,444327.2,0.006372163354640358
1999,Other,9610,65,129995.09,0.0018642791816057519
1999,Other,9620,532,1086090.93,0.015575793748285646
1999,Other,9630,29,70859.67,0.0010162092091051565
1999,Other,9640,119,221311.82,0.0031738661719398747
1999,Other,9720,22,48885.73,0.0007010776231363797
1999,Other,9750,32,68574.13,0.0009834319354348419
1999,Tech,1006,568,1318700.85,0.7194389793686343
1999,Tech,1010,226,514256.34,0.2805610206313656
2000,Finance,120,487,660519.64,0.19738521996286568
2000,Finance,800,901,1189753.45,0.3555378708040056
2000,Finance,860,62,83501.63,0.024953062114561535
2000,Finance,910,468,627421.02,0.18749425231629077
2000,Finance,4810,269,395146.73,0.11808297512343022
2000,Finance,4820,249,390005.55,0.11654661967884619
2000,Healthcare,350,493,648844.93,0.1441135725550709
2000,Healthcare,3000,2,2949.24,0.0006550494472112423
2000,Healthcare,3010,21,27154.69,0.006031270657421115
2000,Healthcare,3030,45,62632.11,0.013911085239985124
2000,Healthcare,3040,5,5231.65,0.0011619906960785476
2000,Healthcare,3050,102,149303.63,0.03316151289760476
2000,Healthcare,3060,351,433300.38,0.0962394292751425
2000,Healthcare,3120,4,7186.99,0.0015962871202793692
2000,Healthcare,3150,16,21641.4,0.004806725497713778
2000,Healthcare,3160,58,85760.05,0.019047982987247056
2000,Healthcare,3220,42,48284.38,0.010724341331304867
2000,Healthcare,3230,38,41485.340000000004,0.00921422096349244
2000,Healthcare,3245,50,62557.06,0.01389441604350969
2000,Healthcare,3250,12,16023.390000000001,0.003558921200699214
2000,Healthcare,3255,1113,1422238.66,0.31589041516982613
2000,Healthcare,3300,209,278008.77,0.06174793882775815
2000,Healthcare,3310,35,47250.87,0.010494790615124669
2000,Healthcare,3320,87,111232.62,0.024705641535737403
2000,Healthcare,3400,405,519106.73,0.11529769585728379
2000,Healthcare,3500,264,373613.71,0.0829825494724205
2000,Healthcare,3510,70,78019.0,0.01732863477437371
2000,Healthcare,3520,43,60491.0,0.013435527834715135
2000,Other,10,12,10622.96,0.00014774508668501893
2000,Other,50,500,693410.14,0.009644010825849965
2000,Other,136,150,185998.37,0.002586882121265846
2000,Other,150,96,135138.68,0.0018795209613044798
2000,Other,205,56,70037.16,0.0009740831439987106
2000,Other,230,511,670915.3,0.00933115056037164
2000,Other,310,564,729675.45,0.0101483920312399
2000,Other,410,194,259117.99,0.0036038363972186543
2000,Other,420,379,473686.17,0.006588070015150638
2000,Other,430,4607,6190402.25,0.08609667334164738
2000,Other,500,2,4492.85,6.248696339935267e-05
2000,Other,510,10,9949.900000000001,0.00013838410744343105
2000,Other,520,123,168573.53,0.0023445358734900295
2000,Other,530,182,226481.42,0.0031499240353391324
2000,Other,540,256,330695.73,0.004599346066935734
2000,Other,565,147,165569.08,0.0023027497116584112
2000,Other,630,377,516171.81,0.007178964131730999
2000,Other,710,157,240332.25,0.0033425626293853736
2000,Other,735,64,87052.21,0.0012107299954600673
2000,Other,740,311,426446.56,0.0059310572546378915
2000,Other,1200,13,18931.36,0.00026329906393936345
2000,Other,1220,159,227266.37,0.0031608411908017717
2000,Other,1240,24,28546.55,0.000397027994486304
2000,Other,1300,96,136218.38,0.0018945375263761564
2000,Other,1310,16,21169.64,0.0002944292642437366
2000,Other,1320,47,61734.58,0.000858610111829776
2000,Other,1350,51,82049.18,0.0011411474025633838
2000,Other,1360,185,237675.15,0.0033056074427113423
2000,Other,1410,445,621373.97,0.008642125270307369
2000,Other,1430,157,224729.09,0.0031255524715046866
2000,Other,1440,6,6428.33,8.940579396796259e-05
2000,Other,1450,15,22911.37,0.0003186534023212497
2000,Other,1460,230,328970.09,0.004575345710030772
2000,Other,1520,17,18879.68,0.0002625802938338673
2000,Other,1530,145,177735.59,0.002471962631089921
2000,Other,1540,122,140856.93,0.001959050898528814
2000,Other,1550,462,606979.64,0.00844192762919578
2000,Other,1560,30,46591.08,0.0006479929467256446
2000,Other,1600,26,28345.06,0.00039422565337646605
2000,Other,1610,84,105071.22,0.001461340013235548
2000,Other,1640,24,17350.72,0.0002413153801245126
2000,Other,1650,35,50894.39,0.0007078437706939649
2000,Other,1700,15,19545.75,0.0002718440555244216
2000,Other,1710,11,12283.22,0.00017083613264769502
2000,Other,1720,89,125111.74,0.0017400653745861373
2000,Other,1740,66,78792.83,0.001095857792791083
2000,Other,1820,100,128682.41,0.0017897265752941883
2000,Other,1840,13,20260.65,0.00028178694926318364
2000,Other,1860,14,12744.04,0.00017724525880897124
2000,Other,1900,53,65545.12,0.0009116074461524819
2000,Other,1920,41,58796.9,0.0008177525931859285
2000,Other,1965,43,55843.42,0.0007766753267157103
2000,Other,2000,150,199585.1,0.0027758475886700295
2000,Other,2010,507,662517.99,0.009214360014810798
2000,Other,2016,71,79920.1,0.0011115359657172185
2000,Other,2040,211,280039.71,0.003894817567721009
2000,Other,2060,75,99976.3,0.0013904794059233453
2000,Other,2100,366,475694.95,0.0066160083087365255
2000,Other,2145,212,271041.63,0.003769671458764679
2000,Other,2160,53,74506.98,0.0010362498040789923
2000,Other,2200,446,561850.57,0.007814268449535469
2000,Other,2300,197,266796.56,0.0037106306419740693
2000,Other,2310,953,1264118.45,0.01758147352295234
2000,Other,2320,630,823332.11,0.01145097731352745
2000,Other,2330,174,228482.38,0.003177753567659056
2000,Other,2340,308,414855.11,0.00576984232160086
2000,Other,2400,18,26371.16,0.000366772473979428
2000,Other,2430,88,108561.99,0.0015098899575304965
2000,Other,2540,205,264507.02,0.0036787875129621166
2000,Other,2600,41,57484.06,0.0007994934959471589
2000,Other,2630,286,440442.32,0.006125711548207925
2000,Other,2710,30,44231.78,0.0006151795893359937
2000,Other,2720,26,34965.78,0.00048630722483274927
2000,Other,2740,4,3836.22,5.335449408100975e-05
2000,Other,2750,25,27723.78,0.0003855848350494019
2000,Other,2800,11,15621.02,0.00021725855637302736
2000,Other,2825,94,125965.6,0.00175194093654974
2000,Other,2830,140,203547.72,0.0028309600653620053
2000,Other,2840,37,59570.32,0.0008285093883676789
2000,Other,2850,33,51779.92,0.0007201598018766282
2000,Other,2860,41,53249.99,0.0007406056681495923
2000,Other,2900,23,33265.45,0.0004626588816926886
2000,Other,2910,27,44215.48,0.0006149528874644847
2000,Other,3600,948,1160440.48,0.016139510956494706
2000,Other,3640,80,89532.53,0.0012452265099349956
2000,Other,3645,145,188413.99,0.0026204787822998762
2000,Other,3710,45,57228.17,0.0007959345547262723
2000,Other,3720,31,39945.25,0.0005555621431225151
2000,Other,3730,22,30922.0,0.0004300659675339224
2000,Other,3740,163,209142.09,0.00290876706836287
2000,Other,3750,8,8076.29,0.00011232577042023614
2000,Other,3800,317,429224.36,0.005969691147808312
2000,Other,3850,479,651044.88,0.009054790965177103
2000,Other,3930,344,479220.56,0.006665042810896711
2000,Other,3940,6,9196.83,0.00012791034189881003
2000,Other,3955,19,18848.36,0.00026214469244640324
2000,Other,4010,157,219698.31,0.003055583929102827
2000,Other,4020,763,983532.04,0.0136790524022771
2000,Other,4030,66,85502.26,0.001189173150935806
2000,Other,4040,100,116411.33,0.0016190592868624515
2000,Other,4060,34,42231.94,0.0005873656340771799
2000,Other,4110,266,363818.27,0.00506001734344699
2000,Other,4130,113,140259.72,0.001950744847934708
2000,Other,4140,209,283272.7,0.003939782284504448
2000,Other,4200,117,140839.34,0.001958806255220848
2000,Other,4210,54,80981.37,0.0011262962046850965
2000,Other,4220,994,1277022.7,0.01776094699690453
2000,Other,4230,452,546823.27,0.007605267404521483
2000,Other,4240,35,51105.46,0.000710779351308653
2000,Other,4250,242,326365.39,0.004539119307287237
2000,Other,4320,40,55133.38,0.0007668000262956925
2000,Other,4350,27,38289.14,0.000532528815734487
2000,Other,4410,5,7137.289999999999,9.926607365048149e-05
2000,Other,4420,1,1426.29,1.9836970080653198e-05
2000,Other,4430,101,105057.28,0.001461146134457092
2000,Other,4465,25,36164.19,0.0005029748193011642
2000,Other,4500,13,20132.63,0.0002800064355459696
2000,Other,4510,191,281709.94,0.0039180472773437435
2000,Other,4530,18,20387.55,0.00028355188591928785
2000,Other,4540,8,11397.230000000001,0.00015851370374350452
2000,Other,4600,221,261551.38,0.0036376802050169005
2000,Other,4620,54,69446.35,0.0009658661051823754
2000,Other,4650,81,102181.79,0.0014211535599475478
2000,Other,4700,2228,2958775.11,0.04115091133812294
2000,Other,4720,557,736432.54,0.010242370248967209
2000,Other,4740,49,65234.33,0.0009072849507754084
2000,Other,4750,85,98941.52,0.0013760875922668953
2000,Other,4760,869,1217501.04,0.016933114376209712
2000,Other,4800,84,104493.17,0.0014533004416511426
2000,Other,4840,325,457275.29,0.006359826014591712
2000,Other,4850,836,1175574.22,0.016349992378637736
2000,Other,4900,8,7613.34,0.00010588702002667075
2000,Other,4920,200,313850.49,0.004365060948284252
2000,Other,4930,28,36378.42,0.0005059543494811264
2000,Other,4950,69,79266.12,0.0011024403528381087
2000,Other,4965,7,13494.73,0.00018768592309873386
2000,Other,5000,486,649105.49,0.009027817753975513
2000,Other,5010,2,1495.42,2.079843636147656e-05
2000,Other,5020,56,65913.47,0.0009167304912058783
2000,Other,5100,93,136214.59,0.0018944848147140077
2000,Other,5110,198,264254.9,0.003675281005241573
2000,Other,5120,692,932773.6,0.012973099436456241
2000,Other,5140,98,131001.07,0.001821974707894997
2000,Other,5160,151,188030.1,0.002615139605523581
2000,Other,5240,722,960959.55,0.013365112173588795
2000,Other,5250,58,80029.47,0.0011130570935507734
2000,Other,5260,188,270728.0,0.0037653094644112197
2000,Other,5300,37,41268.46,0.0005739654672574534
2000,Other,5310,70,86964.52,0.0012095103950237095
2000,Other,5320,37,52630.71,0.0007319926660030815
2000,Other,5350,157,216462.29,0.00301057707080585
2000,Other,5360,29,40270.729999999996,0.0005600889483457523
2000,Other,5400,486,668794.62,0.009301655951483797
2000,Other,5410,116,170556.13,0.0023721100532724743
2000,Other,5510,45,64000.71,0.0008901276524483534
2000,Other,5520,156,197616.96,0.002748474519872985
2000,Other,5530,23,25168.43,0.000350044796561018
2000,Other,5540,227,293141.23,0.004077034690642069
2000,Other,5550,219,276383.88,0.0038439719540450004
2000,Other,5600,124,154896.11000000002,0.0021543090813786587
2000,Other,5610,331,465719.17,0.006477264259916735
2000,Other,5620,528,707240.96,0.009836371119009769
2000,Other,5630,22,24662.46,0.000343007720123752
2000,Other,5700,1198,1588766.19,0.022096703598975923
2000,Other,5800,172,241730.08,0.0033620037752167538
2000,Other,5810,308,383775.85,0.005337589167790035
2000,Other,5820,239,294650.69,0.00409802839659103
2000,Other,5850,94,117491.31,0.0016340797461994053
2000,Other,5860,331,434772.51,0.006046855318876591
2000,Other,5900,34,58003.75,0.0008067213913830202
2000,Other,5910,5,6129.59,8.525089107872245e-05
2000,Other,5940,574,773239.08,0.010754278930057565
2000,Other,6005,29,32396.25,0.0004505699696242427
2000,Other,6010,1,1080.25,1.5024214521328493e-05
2000,Other,6050,300,360414.28,0.005012674343226248
2000,Other,6100,11,7978.599999999999,0.00011096708908111225
2000,Other,6120,18,16090.74,0.00022379146453776555
2000,Other,6130,20,23696.37,0.0003295712531884035
2000,Other,6200,425,538662.68,0.007491769182090927
2000,Other,6210,18,21258.39,0.0002956636072557875
2000,Other,6220,89,140432.34,0.0019531456624782596
2000,Other,6230,511,692010.81,0.00962454881788317
2000,Other,6240,52,62422.76,0.0008681813813963466
2000,Other,6250,39,54185.2,0.0007536126532571984
2000,Other,6260,409,559136.15,0.007776516051126782
2000,Other,6300,38,38362.81,0.0005335534247451663
2000,Other,6320,151,177455.56,0.0024680679485697566
2000,Other,6330,65,82665.23,0.001149715481578301
2000,Other,6355,473,631312.75,0.008780354719786923
2000,Other,6360,23,37712.98,0.0005245155304407045
2000,Other,6400,34,42094.57,0.0005854550797158794
2000,Other,6420,168,241208.89,0.0033547550176454776
2000,Other,6440,296,396808.36,0.0055188464934011056
2000,Other,6460,26,33352.97,0.00046387611775369926
2000,Other,6515,55,62751.54,0.0008727540833174967
2000,Other,6520,106,140577.37,0.0019551627528110794
2000,Other,6530,38,47624.47,0.0006623654281366102
2000,Other,6600,17,22933.81,0.0003189654998670573
2000,Other,6660,45,60741.65,0.0008448003517514028
2000,Other,6700,21,24303.96,0.0003380216697595805
2000,Other,6730,107,139784.76,0.0019441390613769206
2000,Other,6800,19,21400.88,0.00029764537103930434
2000,Other,6820,12,15585.24,0.00021676092490292959
2000,Other,6830,6,3962.13,5.510566172774012e-05
2000,Other,6840,41,26078.98,0.00036270880816240256
2000,Other,6940,19,20243.68,0.00028155092897118924
2000,Other,7000,193,249827.63,0.003474625231636271
2000,Other,7010,197,282326.25,0.003926618972462132
2000,Other,7020,282,374465.71,0.00520810290018198
2000,Other,7040,39,54403.99,0.0007566556043288221
2000,Other,7140,95,130463.23,0.0018144943806206147
2000,Other,7150,87,105055.08,0.0014611155366584833
2000,Other,7200,393,531396.88,0.007390715779758995
2000,Other,7210,241,277804.58,0.0038637311779010073
2000,Other,7220,132,156034.17,0.002170137322598879
2000,Other,7240,26,37186.89,0.0005171986232270728
2000,Other,7300,14,12299.3,0.00017105977473934323
2000,Other,7315,140,182658.44,0.0025404300733082243
2000,Other,7320,18,15949.74,0.00022183042380876085
2000,Other,7330,324,410865.83,0.0057143590552221095
2000,Other,7340,188,256232.66,0.003563706967100788
2000,Other,7350,11,17169.79,0.0002387989893507621
2000,Other,7360,37,47283.35,0.0006576211003814465
2000,Other,7410,88,100788.47,0.001401775139603315
2000,Other,7420,40,48643.31,0.0006765355468340508
2000,Other,7430,11,11358.07,0.00015796906292827172
2000,Other,7540,8,9823.24,0.00013662250872899318
2000,Other,7610,12,13892.43,0.00019321717060174923
2000,Other,7630,230,325035.35,0.004520620990895708
2000,Other,7700,752,997586.71,0.013874526021445328
2000,Other,7720,204,277851.33,0.00386438138112144
2000,Other,7730,19,27343.09,0.00038029016416199203
2000,Other,7750,613,829488.82,0.011536605392014475
2000,Other,7800,65,83555.63,0.0011620992451606116
2000,Other,7810,158,167255.42,0.002326203480615502
2000,Other,7830,1,1834.56,2.5515226097892523e-05
2000,Other,7840,21,22569.77,0.0003139023986827532
2000,Other,7900,36,52427.08,0.0007291605615800515
2000,Other,7930,4,3763.93,5.2349078234912245e-05
2000,Other,7940,12,15627.919999999998,0.00021735452219593608
2000,Other,7950,120,167590.06,0.002330857683945673
2000,Other,8030,300,402972.69,0.005604580551536038
2000,Other,8100,58,90300.39,0.0012559059761348078
2000,Other,8130,68,97349.87,0.0013539507803780985
2000,Other,8140,296,354208.39,0.004926362264859418
2000,Other,8220,89,135959.81,0.0018909413114733282
2000,Other,8250,26,31729.21,0.00044129271708612006
2000,Other,8255,188,256847.88999999998,0.0035722636414816785
2000,Other,8256,13,17669.66,0.0002457512264373406
2000,Other,8300,91,124336.28,0.0017292802069002226
2000,Other,8310,33,47310.49,0.0006579985659515542
2000,Other,8320,209,288085.43,0.004006718167821489
2000,Other,8330,11,8646.32,0.00012025379912062297
2000,Other,8350,22,28105.73,0.0003908970301305604
2000,Other,8400,1,777.88,1.0818825264384178e-05
2000,Other,8410,20,27462.23,0.0003819471740375496
2000,Other,8420,17,22684.54,0.00031549863020380195
2000,Other,8450,36,52104.31,0.0007246714472814639
2000,Other,8460,20,32794.32,0.0004561063631206604
2000,Other,8500,26,35316.2,0.0004911808978274856
2000,Other,8510,16,20379.11,0.0002834345016373531
2000,Other,8530,37,41495.01,0.0005771163451096237
2000,Other,8540,7,8771.73,0.00012199801272221503
2000,Other,8550,10,10436.83,0.00014515637384183
2000,Other,8600,37,39778.42,0.0005532418564216651
2000,Other,8610,81,86279.15,0.0011999782071908161
2000,Other,8620,54,61035.35,0.0008488851578656487
2000,Other,8630,35,49078.340000000004,0.0006825859833470929
2000,Other,8640,42,53147.54,0.0007391807843007516
2000,Other,8650,94,117344.84,0.0016320426282165875
2000,Other,8710,84,113253.5,0.001575139902144204
2000,Other,8720,30,35738.78,0.0004970581786165834
2000,Other,8730,40,45579.46,0.0006339232444400011
2000,Other,8740,504,706909.33,0.00983175877903133
2000,Other,8750,18,18547.6,0.0002579616952148043
2000,Other,8760,22,34309.880000000005,0.00047718490842030834
2000,Other,8800,190,239448.5,0.0033302713546034027
2000,Other,8810,120,162974.65,0.0022666661450020166
2000,Other,8830,32,40353.99,0.0005612469359421845
2000,Other,8850,15,18732.53,0.0002605337183496613
2000,Other,8910,10,14247.630000000001,0.00019815732426800787
2000,Other,8920,15,22633.02,0.00031478208539275005
2000,Other,8930,2,2648.98,3.684225298098473e-05
2000,Other,8950,254,346151.78,0.004814310205655826
2000,Other,8965,756,1027264.54,0.014287287960299778
2000,Other,9000,70,85992.0,0.0011959844990678823
2000,Other,9030,76,106374.49,0.0014794660100503705
2000,Other,9040,22,28534.83,0.0003968649916682619
2000,Other,9050,46,75299.26,0.00104726890584336
2000,Other,9120,198,241723.07,0.003361906279503915
2000,Other,9130,1674,2234648.27,0.031079689875672847
2000,Other,9140,104,134279.88,0.001867576693374911
2000,Other,9150,4,3006.24,4.1811057313213207e-05
2000,Other,9200,41,38671.57,0.0005378476866989783
2000,Other,9240,43,50298.61,0.0006995576086689549
2000,Other,9260,6,8000.45,0.0001112709808536566
2000,Other,9300,11,16576.11,0.000230542034315333
2000,Other,9310,15,15545.04,0.00021620181967380912
2000,Other,9350,20,22847.7,0.00031776787421333675
2000,Other,9360,60,68248.88,0.0009492115843188205
2000,Other,9420,2,1785.3799999999999,2.483122621808791e-05
2000,Other,9510,43,58129.0,0.000808463379690168
2000,Other,9520,38,34533.26,0.0004802916976263017
2000,Other,9560,11,6546.79,9.105334634213207e-05
2000,Other,9600,322,485953.15,0.006758680280412242
2000,Other,9610,116,153040.1,0.002128495526744332
2000,Other,9620,845,1148074.14,0.015967518783383216
2000,Other,9630,49,76076.62,0.0010580804989008003
2000,Other,9640,169,207953.86000000002,0.0028922410582534717
2000,Other,9720,31,44377.16,0.0006172015475004101
2000,Other,9750,51,58364.78,0.0008117426292155916
2000,Tech,1006,1017,1434677.91,0.7185039516773286
2000,Tech,1010,378,562079.25,0.28149604832267133
2001,Finance,120,541,713960.22,0.21182947192776747
2001,Finance,800,883,1213956.8,0.3601766886775883
2001,Finance,860,59,85498.71,0.025367164839807648
2001,Finance,910,511,678030.09,0.2011691294451064
2001,Finance,4810,227,319226.87,0.09471348319273877
2001,Finance,4820,251,359775.31,0.10674406191699146
2001,Healthcare,350,530,687118.61,0.1469977834806495
2001,Healthcare,3000,7,9809.59,0.0020986012689336777
2001,Healthcare,3010,22,26103.039999999997,0.0055843182912870505
2001,Healthcare,3030,30,36331.69,0.007772570590259635
2001,Healthcare,3040,13,21747.75,0.004652575260174216
2001,Healthcare,3050,122,164817.53,0.035260013680542664
2001,Healthcare,3060,349,432389.49,0.09250265631770398
2001,Healthcare,3120,2,3232.02,0.0006914377943643949
2001,Healthcare,3150,38,46262.94,0.0098971990255049
2001,Healthcare,3160,63,98554.43000000001,0.021084107680039158
2001,Healthcare,3220,59,77433.62,0.016565655974421785
2001,Healthcare,3230,61,71201.83,0.01523246647295147
2001,Healthcare,3245,54,78137.84,0.01671631232046769
2001,Healthcare,3250,13,17813.35,0.00381087475765651
2001,Healthcare,3255,1119,1462282.4,0.3128313925637446
2001,Healthcare,3300,189,253516.99,0.054235811783188335
2001,Healthcare,3310,35,40040.67,0.008566046172261494
2001,Healthcare,3320,92,126194.35,0.026997216299790374
2001,Healthcare,3400,403,517366.36,0.11068206720154439
2001,Healthcare,3500,275,387651.84,0.08293176812980717
2001,Healthcare,3510,52,64045.82,0.013701555225233461
2001,Healthcare,3520,38,52294.58,0.011187569709473457
2001,Other,10,13,15341.42,0.00021596487104507856
2001,Other,50,432,606274.28,0.008534669326447478
2001,Other,136,146,188879.64,0.002658904266726344
2001,Other,150,82,112938.76,0.0015898661753208684
2001,Other,205,67,81484.54000000001,0.0011470775308457463
2001,Other,230,528,650419.35,0.00915611012852616
2001,Other,310,651,877023.45,0.012346070721143148
2001,Other,410,237,321965.46,0.004532385466916974
2001,Other,420,365,471541.79,0.006638007555344649
2001,Other,430,4499,6142090.47,0.0864636895607288
2001,Other,500,14,27200.96,0.00038291447719326763
2001,Other,510,7,8576.25,0.00012072994059874217
2001,Other,520,111,152151.76,0.00214187703795879
2001,Other,530,154,211467.18,0.002976874517415364
2001,Other,540,289,372710.33,0.005246733246050149
2001,Other,565,168,213751.08,0.0030090255287937018
2001,Other,630,359,502050.39,0.007067484478912735
2001,Other,710,167,227979.16999999998,0.0032093177847952823
2001,Other,735,57,70719.13,0.0009955302567083196
2001,Other,740,338,459280.4,0.00646540100978476
2001,Other,1200,14,17316.12,0.0002437631994170752
2001,Other,1220,144,204215.62,0.002874792557578814
2001,Other,1240,17,19777.28,0.00027840954258617594
2001,Other,1300,93,122242.11,0.00172083167806033
2001,Other,1310,21,29149.99,0.0004103514427813938
2001,Other,1320,61,86446.08,0.0012169223265872746
2001,Other,1340,2,2288.31,3.221309201241891e-05
2001,Other,1350,54,63947.94,0.0009002105812694276
2001,Other,1360,172,204054.04,0.0028725179569314514
2001,Other,1410,438,617798.85,0.008696903479081326
2001,Other,1430,157,203943.46,0.0028709612955897914
2001,Other,1440,3,1404.35,1.9769373803217438e-05
2001,Other,1450,12,15455.460000000001,0.00021757023964159576
2001,Other,1460,207,277167.15,0.003901748847739124
2001,Other,1520,20,20273.59,0.0002853962182099698
2001,Other,1530,179,257793.02,0.003629014544978324
2001,Other,1540,124,167474.66,0.0023575811984952095
2001,Other,1550,426,538365.14,0.007578695976986855
2001,Other,1560,18,23963.17,0.00033733532612243816
2001,Other,1600,29,38452.59,0.0005413063875898891
2001,Other,1610,68,90919.16,0.0012798909530491224
2001,Other,1640,20,17721.52,0.0002494701130353501
2001,Other,1650,28,40572.01,0.000571141974321128
2001,Other,1700,12,18123.03,0.0002551222661850135
2001,Other,1710,6,8041.360000000001,0.00011320016500604592
2001,Other,1720,75,112135.54,0.0015785590535732838
2001,Other,1740,54,61023.310000000005,0.0008590398590804407
2001,Other,1820,107,137691.68,0.0019383190027507378
2001,Other,1840,6,6419.03,9.036223414680588e-05
2001,Other,1860,22,19504.8,0.00027457377587994126
2001,Other,1900,52,69504.41,0.0009784303501706015
2001,Other,1920,44,51170.49,0.0007203393345702994
2001,Other,1965,56,72277.31,0.0010174651325389153
2001,Other,2000,153,185979.53,0.0026180787184937456
2001,Other,2010,505,672018.45,0.009460165870836179
2001,Other,2016,53,55195.75,0.0007770038908384227
2001,Other,2040,228,343105.47,0.004829978488523948
2001,Other,2060,67,94967.78,0.0013368843536737402
2001,Other,2100,351,450778.17,0.006345713066586177
2001,Other,2145,243,322117.74,0.0045345291492203555
2001,Other,2160,53,77396.29,0.001089526249148873
2001,Other,2200,466,617246.91,0.008689133686524665
2001,Other,2300,225,314305.61,0.004424555910234825
2001,Other,2310,1053,1487052.99,0.020933603748710908
2001,Other,2320,638,845362.6,0.011900373296300625
2001,Other,2330,171,204619.05,0.0028804717390317506
2001,Other,2340,282,391714.88,0.005514264881975621
2001,Other,2400,16,20073.92,0.0002825854154419358
2001,Other,2430,95,115245.44,0.0016223378662557533
2001,Other,2540,236,284606.49,0.00400647423194479
2001,Other,2600,40,63698.55,0.0008966998580645396
2001,Other,2630,280,423110.92,0.005956234512552589
2001,Other,2710,42,64823.98,0.0009125428077276258
2001,Other,2720,24,26469.8,0.0003726217614529177
2001,Other,2740,2,2744.72,3.8638085708809745e-05
2001,Other,2750,23,27679.02,0.0003896442431635501
2001,Other,2800,13,17813.21,0.0002507608552890739
2001,Other,2825,108,139224.67,0.001959899272873282
2001,Other,2830,134,192273.34,0.0027066782004864314
2001,Other,2840,33,52327.53,0.0007366272658305085
2001,Other,2850,28,46633.49,0.0006564708908453038
2001,Other,2860,26,31036.67,0.0004369106923751946
2001,Other,2900,20,30923.8,0.00043532179415098473
2001,Other,2910,28,37356.63,0.0005258782942275691
2001,Other,3600,969,1255018.87,0.017667203454353655
2001,Other,3640,81,105101.83,0.0014795438207513888
2001,Other,3645,180,216748.75,0.0030512244526863857
2001,Other,3710,42,53957.2,0.0007595685236408046
2001,Other,3720,29,32573.690000000002,0.00045854769378013025
2001,Other,3730,40,55199.17,0.0007770520350036287
2001,Other,3740,162,207022.08,0.0029142997721647627
2001,Other,3750,12,12128.38,0.00017073413169613438
2001,Other,3800,294,405206.81,0.00570419403603041
2001,Other,3850,428,620772.3099999999,0.00873876159296242
2001,Other,3930,365,521001.43,0.0073342628416568694
2001,Other,3940,1,2119.91,2.984248457946999e-05
2001,Other,3955,19,19995.8,0.0002814857013524942
2001,Other,4010,117,151917.88,0.002138584652766284
2001,Other,4020,787,1013193.44,0.014262968526597898
2001,Other,4030,66,85554.9,0.0012043769706959716
2001,Other,4040,101,127330.48,0.001792461890314453
2001,Other,4060,27,34042.72,0.0004792275835498746
2001,Other,4110,241,341934.11,0.0048134889711684906
2001,Other,4130,157,205656.18,0.0028950716682890803
2001,Other,4140,183,242404.26,0.003412383257330658
2001,Other,4200,112,130612.74,0.0018386670563053731
2001,Other,4210,41,61096.44,0.0008600693277358536
2001,Other,4220,1060,1342271.12,0.018895474430550313
2001,Other,4230,468,539443.1,0.007593870680005985
2001,Other,4240,21,30547.31,0.0004300218535783545
2001,Other,4250,285,373043.58,0.005251424486709473
2001,Other,4320,42,45221.95,0.0006366003016772235
2001,Other,4350,33,48051.46,0.0006764319966748679
2001,Other,4410,2,3127.78,4.403051375670413e-05
2001,Other,4420,1,960.27,1.3517952491911283e-05
2001,Other,4430,110,110651.51,0.001557668005184215
2001,Other,4465,23,29891.48,0.0004207895764242518
2001,Other,4500,14,23509.44,0.00033094805943269994
2001,Other,4510,180,253320.48,0.0035660535202267723
2001,Other,4530,15,20031.69,0.00028199093354233114
2001,Other,4540,4,6244.75,8.790885253508178e-05
2001,Other,4600,221,278209.99,0.00391642915804421
2001,Other,4620,39,57672.66,0.0008118719505578141
2001,Other,4650,61,80127.78,0.0011279780929554387
2001,Other,4700,2178,2905203.18,0.04089724615638267
2001,Other,4720,576,752159.17,0.01058832612329389
2001,Other,4740,58,79086.21,0.001113315660746789
2001,Other,4750,78,104424.08,0.0014700029704682465
2001,Other,4760,832,1167011.23,0.01642829867086023
2001,Other,4800,96,139708.28,0.001966707167532714
2001,Other,4840,325,463676.13,0.006527280761632957
2001,Other,4850,824,1181757.52,0.016635885753297403
2001,Other,4900,8,10125.39,0.00014253755816809186
2001,Other,4920,179,269896.02,0.0037993913962905616
2001,Other,4930,23,34522.09,0.00048597579070624466
2001,Other,4950,71,98010.18,0.0013797129525692496
2001,Other,4965,8,13092.57,0.00018430726697389577
2001,Other,5000,470,599766.29,0.008443054780915666
2001,Other,5010,6,10585.369999999999,0.0001490128076158819
2001,Other,5020,63,74003.37,0.0010417632956369902
2001,Other,5100,105,120691.89,0.001699008857070389
2001,Other,5110,223,294751.72000000003,0.004149291082580042
2001,Other,5120,676,877291.62,0.01234984581493943
2001,Other,5140,76,96958.15,0.0013649032724167244
2001,Other,5160,162,188871.37,0.0026587878479408895
2001,Other,5240,723,992476.24,0.013971327503380029
2001,Other,5250,34,53416.17,0.0007519523137865982
2001,Other,5260,185,254099.81,0.003577024336679979
2001,Other,5300,31,37758.22,0.0005315315735565356
2001,Other,5310,59,84905.31,0.0011952325355275078
2001,Other,5320,29,44161.79,0.0006216761735530244
2001,Other,5350,158,199486.65,0.0028082217058437043
2001,Other,5360,19,20066.010000000002,0.0002824740644633455
2001,Other,5400,546,732523.08,0.010311904146405206
2001,Other,5410,102,138404.14,0.001948348474078997
2001,Other,5510,40,61869.12,0.0008709465305344937
2001,Other,5520,140,178152.9,0.0025079013595095353
2001,Other,5530,36,43541.11,0.0006129387114302054
2001,Other,5540,204,253124.03,0.0035632880461756865
2001,Other,5550,228,299031.08,0.004209532665859521
2001,Other,5600,116,151230.01,0.002128901340801304
2001,Other,5610,337,490650.92,0.006907011389164051
2001,Other,5620,514,693497.63,0.009762533470370906
2001,Other,5630,25,34072.96,0.0004796532793264326
2001,Other,5700,1057,1417062.15,0.01994832580606044
2001,Other,5800,179,252680.47,0.00355704394502985
2001,Other,5810,283,357817.18,0.005037078779957374
2001,Other,5820,264,341077.48,0.004801429983963698
2001,Other,5850,64,87646.95,0.0012338272633331496
2001,Other,5860,390,556066.4,0.007827880885113703
2001,Other,5900,19,25545.02,0.000359603410254328
2001,Other,5910,8,7771.98,0.00010940803774780494
2001,Other,5940,528,681283.4,0.009590590807510171
2001,Other,6005,35,41701.86,0.0005870471453907083
2001,Other,6010,1,1892.75,2.6644698448420842e-05
2001,Other,6050,275,323655.18,0.004556172063066632
2001,Other,6100,6,5774.13,8.128382123998427e-05
2001,Other,6120,9,5467.29,7.696436052308376e-05
2001,Other,6130,10,12744.89,0.00017941289172278128
2001,Other,6200,413,525025.09,0.0073909048743389305
2001,Other,6210,10,8967.38,0.0001262359719838331
2001,Other,6220,85,132619.05,0.0018669103662744926
2001,Other,6230,537,743323.76,0.010463947924842872
2001,Other,6240,55,73104.96,0.001029116161291173
2001,Other,6250,37,43866.659999999996,0.0006175215573316098
2001,Other,6260,394,523492.81,0.007369334599057702
2001,Other,6300,26,31272.94,0.00044023672217438013
2001,Other,6320,147,156445.55,0.0022023217558300593
2001,Other,6330,62,79856.83,0.001124163864428375
2001,Other,6355,433,579471.76,0.008157363785273118
2001,Other,6360,20,28857.12,0.00040622864112529073
2001,Other,6400,34,43427.55,0.0006113400999095066
2001,Other,6420,162,242869.37,0.0034189307230262566
2001,Other,6440,282,377386.57,0.005312561804852127
2001,Other,6460,34,34253.45,0.000482194080606557
2001,Other,6515,66,88892.28,0.0012513580742267024
2001,Other,6520,83,106258.9,0.0014958321743288364
2001,Other,6530,20,23624.09,0.000332562015146403
2001,Other,6600,29,40630.49,0.0005719652113916674
2001,Other,6660,42,56111.18,0.0007898906198309668
2001,Other,6700,12,17924.5,0.00025232751147204825
2001,Other,6730,100,134842.35,0.0018982082968307596
2001,Other,6800,20,14051.82,0.000197810860679693
2001,Other,6820,8,5400.7300000000005,7.602737934293483e-05
2001,Other,6830,10,7741.88,0.00010898431278502726
2001,Other,6840,33,25364.69,0.0003570648613328097
2001,Other,6940,17,16113.27,0.00022683038973344926
2001,Other,7000,176,223084.6,0.0031404157419028314
2001,Other,7010,167,236853.63,0.0033342456995186075
2001,Other,7020,272,383842.19,0.005403439125257672
2001,Other,7040,33,55729.26,0.0007845142398381411
2001,Other,7140,98,139480.65,0.0019635027650982593
2001,Other,7150,107,129744.7,0.001826447447777481
2001,Other,7200,381,495566.4,0.0069762077871718415
2001,Other,7210,208,241541.23,0.0034002341757816204
2001,Other,7220,177,207385.85,0.002919420650228206
2001,Other,7240,27,33521.51,0.00047189038461800225
2001,Other,7300,15,14493.6,0.0002040299043360361
2001,Other,7315,141,206968.77,0.002913549314431684
2001,Other,7320,23,32025.85,0.0004508356179127505
2001,Other,7330,264,347039.33,0.004885356384938322
2001,Other,7340,216,300376.98,0.004228479224909438
2001,Other,7350,10,12392.24,0.00017444855258246398
2001,Other,7360,44,67040.58,0.0009437464207672611
2001,Other,7410,76,92434.45,0.0013012220560008631
2001,Other,7420,29,32241.51,0.0004538715157689843
2001,Other,7430,7,7978.14,0.0001123102018117999
2001,Other,7540,9,12195.17,0.00017167435064177963
2001,Other,7610,9,16260.019999999999,0.00022889622489250655
2001,Other,7630,213,302132.54,0.004253192666625517
2001,Other,7700,696,919507.52,0.012944129225441975
2001,Other,7720,158,209828.22,0.0029538024820334997
2001,Other,7730,16,22425.329999999998,0.0003156867813796462
2001,Other,7750,601,853482.87,0.012014684296416731
2001,Other,7800,83,110298.34,0.0015526963458784278
2001,Other,7810,136,161657.11,0.002275686143438487
2001,Other,7830,1,1844.95,2.5971806314840328e-05
2001,Other,7840,23,29330.69,0.0004128952002821887
2001,Other,7900,16,22232.02,0.00031296550986620585
2001,Other,7930,7,11602.060000000001,0.00016332499806127884
2001,Other,7940,8,16400.59,0.00023087506270040226
2001,Other,7950,117,152291.53,0.002143844613973655
2001,Other,8030,287,408508.98,0.005750679479895379
2001,Other,8100,54,66860.68000000001,0.0009412139250594968
2001,Other,8130,61,76458.73,0.0010763279908066188
2001,Other,8140,294,396563.84,0.005582524861892913
2001,Other,8220,80,109721.54,0.001544576593103339
2001,Other,8250,21,30055.149999999998,0.00042309359850590704
2001,Other,8255,190,276173.67,0.0038877633900640278
2001,Other,8256,10,21025.2,0.00029597681353466535
2001,Other,8300,87,109882.62,0.0015468441551300578
2001,Other,8310,41,64169.7,0.0009033323502975199
2001,Other,8320,165,209328.59,0.0029467690699686287
2001,Other,8330,12,12375.87,0.00017421810814257458
2001,Other,8350,39,55250.840000000004,0.000777779406060995
2001,Other,8400,3,5293.38,7.451618749063633e-05
2001,Other,8410,13,20747.03,0.00029206094732550024
2001,Other,8420,24,38597.65,0.0005433484322111693
2001,Other,8450,19,20687.670000000002,0.0002912253222826271
2001,Other,8460,17,36691.47,0.0005165146764122467
2001,Other,8500,35,44622.93,0.0006281677526007089
2001,Other,8510,7,4990.88,7.025782200092702e-05
2001,Other,8530,38,38906.09,0.000547690416514131
2001,Other,8540,7,10075.76,0.00014183890468295377
2001,Other,8550,18,22769.52,0.00032053202705866455
2001,Other,8600,36,47239.07,0.0006649957866246696
2001,Other,8610,85,119180.08,0.0016777267429183313
2001,Other,8620,48,61807.94,0.0008700852849124757
2001,Other,8630,39,33786.81,0.0004756250767317869
2001,Other,8640,42,51842.44,0.0007297985368539694
2001,Other,8650,75,104907.07,0.0014768021372380804
2001,Other,8710,60,73256.96,0.001031255901966994
2001,Other,8720,28,38270.99,0.0005387499605719348
2001,Other,8730,28,30502.2,0.00042938682922383947
2001,Other,8740,426,585278.93,0.008239112718565268
2001,Other,8750,17,28186.15,0.0003967832345380833
2001,Other,8760,30,44741.83,0.0006298415365898872
2001,Other,8800,151,187482.87,0.0026392415984120917
2001,Other,8810,99,127590.79000000001,0.0017961263369942093
2001,Other,8830,30,45021.91,0.000633784290329913
2001,Other,8850,8,13921.41,0.00019597504764328643
2001,Other,8910,6,12470.43,0.00017554925207879577
2001,Other,8920,26,35472.55,0.0004993556454611179
2001,Other,8930,12,20723.86,0.00029173477764485046
2001,Other,8950,223,290833.34,0.0040941311018608114
2001,Other,8965,641,875485.55,0.012324421331765879
2001,Other,9000,75,92663.07,0.0013044403949041934
2001,Other,9030,71,92994.76,0.0013091096750671078
2001,Other,9040,19,26698.63,0.00037584305657691833
2001,Other,9050,42,61586.05,0.0008669616858430159
2001,Other,9120,215,276888.98,0.0038978329815299584
2001,Other,9130,1724,2295651.06,0.032316433885350763
2001,Other,9140,78,115134.61,0.0016207776856037716
2001,Other,9150,3,6333.58,8.915933387872105e-05
2001,Other,9200,30,28400.64,0.0003998026620220097
2001,Other,9240,30,34082.29,0.00047978461998765244
2001,Other,9260,5,5743.12,8.084728598763423e-05
2001,Other,9300,12,19561.52,0.0002753722370058134
2001,Other,9310,13,14883.970000000001,0.00020952523701774791
2001,Other,9350,23,28544.12,0.0004018224646020543
2001,Other,9360,58,68867.03,0.0009694577981182678
2001,Other,9420,3,6537.959999999999,9.203644045322283e-05
2001,Other,9510,54,75001.96,0.0010558206880150692
2001,Other,9520,41,52404.03,0.000737704174789063
2001,Other,9560,13,11824.68,0.0001664588735168791
2001,Other,9600,299,427042.2,0.00601157608968444
2001,Other,9610,98,139701.73,0.001966614961602276
2001,Other,9620,900,1220550.87,0.017181989101628693
2001,Other,9630,25,36066.590000000004,0.0005077180898760168
2001,Other,9640,140,177993.63,0.002505659277289549
2001,Other,9720,24,31038.51,0.0004369365944991651
2001,Other,9750,46,46717.89,0.0006576590100100359
2001,Tech,1006,1015,1470661.75,0.7570305033317724
2001,Tech,1010,321,472009.97000000003,0.24296949666822762
2002,Finance,120,614,854327.21,0.255484408369588
2002,Finance,800,939,1279187.31,0.3825377551643648
2002,Finance,820,35,39954.11,0.011948176337826629
2002,Finance,830,12,17916.16,0.005357782690609701
2002,Finance,840,27,40281.43,0.012046060562475794
2002,Finance,850,136,165394.53,0.04946081916859008
2002,Finance,860,57,87119.55,0.02605288281661396
2002,Finance,900,4,5202.87,0.0015559052178308573
2002,Finance,910,218,265551.49,0.07941250673066187
2002,Finance,950,29,39511.81,0.011815907632699154
2002,Finance,4810,229,355259.56,0.10623947995784913
2002,Finance,4820,147,194244.45,0.058088315350890006
2002,Healthcare,350,294,406784.29,0.09362193518324288
2002,Healthcare,3010,22,21549.2,0.004959576500977306
2002,Healthcare,3030,31,38745.17,0.008917251436636667
2002,Healthcare,3040,12,19301.56,0.00444227922188311
2002,Healthcare,3050,113,153623.64,0.035356681219655364
2002,Healthcare,3060,309,420924.44,0.09687630915816048
2002,Healthcare,3110,22,26029.13,0.005990638236634465
2002,Healthcare,3120,2,2568.69,0.0005911873555535888
2002,Healthcare,3140,3,6830.43,0.0015720323779801764
2002,Healthcare,3150,31,41364.1,0.009520001593751756
2002,Healthcare,3160,65,103984.7,0.023932214401517216
2002,Healthcare,3200,7,10534.16,0.0024244506707225832
2002,Healthcare,3210,5,12741.6,0.002932495867357138
2002,Healthcare,3220,45,65750.85,0.015132643930135862
2002,Healthcare,3230,45,52582.76,0.012101990832723694
2002,Healthcare,3245,27,43065.88,0.00991166848151711
2002,Healthcare,3250,8,8130.95,0.0018713487531147987
2002,Healthcare,3255,1069,1483905.13,0.34152270211551583
2002,Healthcare,3260,1,1979.74,0.00045563974449375433
2002,Healthcare,3300,130,186787.12,0.04298929941887532
2002,Healthcare,3310,42,61089.68,0.01405986957196663
2002,Healthcare,3320,129,179813.8,0.041384380720928524
2002,Healthcare,3400,67,87293.0,0.020090597864413154
2002,Healthcare,3420,144,198274.08,0.04563303825296968
2002,Healthcare,3500,383,520167.23,0.11971716678514549
2002,Healthcare,3510,37,55897.99,0.012864995343486738
2002,Healthcare,3520,25,40628.67,0.009350741419540476
2002,Healthcare,3535,39,54633.56,0.012573985128948344
2002,Healthcare,3540,33,39986.21,0.0092028784121519
2002,Other,10,704,982535.74,0.013986504772803558
2002,Other,20,474,621476.65,0.008846788750311481
2002,Other,40,40,54774.52,0.0007797213416460798
2002,Other,50,553,784558.34,0.01116827461864424
2002,Other,60,29,31313.87,0.00044575639783846454
2002,Other,100,43,52135.97,0.0007421612909874842
2002,Other,136,166,208447.96,0.0029672797321562724
2002,Other,140,160,232528.48,0.003310068593874007
2002,Other,150,93,140773.8,0.002003930590439075
2002,Other,160,138,209284.1,0.002979182277401835
2002,Other,205,97,113538.81999999999,0.00161623764223425
2002,Other,220,232,322055.96,0.004584502159330949
2002,Other,230,433,539208.52,0.00767569283384678
2002,Other,300,70,91707.78,0.001305470376755169
2002,Other,310,298,420688.33,0.005988544839506559
2002,Other,330,8,6560.37,9.338759149499974e-05
2002,Other,340,77,92215.0,0.0013126907094739172
2002,Other,360,3,6538.35,9.307413436305142e-05
2002,Other,410,213,310233.37,0.004416206284962145
2002,Other,420,182,232615.88,0.0033113127425266993
2002,Other,430,1796,2492487.38,0.035480833131345056
2002,Other,500,29,30366.33,0.00043226806128958514
2002,Other,510,9,9451.53,0.00013454357340252684
2002,Other,520,113,166680.43,0.0023727143296873345
2002,Other,530,137,182191.42,0.0025935149854130067
2002,Other,540,152,215936.22,0.0030738759402799526
2002,Other,565,82,103539.72,0.001473899349406612
2002,Other,600,84,108985.41,0.0015514193479933389
2002,Other,630,368,536756.54,0.00764078862774348
2002,Other,700,11,22490.59,0.0003201560325715663
2002,Other,710,175,259057.97,0.003687718814012609
2002,Other,725,22,29674.05,0.0004224133790323102
2002,Other,735,55,75422.62,0.0010736493255780691
2002,Other,740,94,150355.76,0.002140330849296644
2002,Other,810,26,27023.52,0.00038468279175061094
2002,Other,930,36,53367.0,0.0007596851389957657
2002,Other,940,23,34419.57,0.0004899663803403692
2002,Other,1200,8,16543.079999999998,0.00023549257086248187
2002,Other,1220,56,83983.55,0.0011955151096203242
2002,Other,1240,9,14783.27,0.0002104414811543076
2002,Other,1300,120,138964.19,0.001978170592230854
2002,Other,1310,20,25480.76,0.00036272143276402545
2002,Other,1320,44,59163.55,0.0008421996684324196
2002,Other,1340,6,7317.83,0.00010417011825093004
2002,Other,1350,43,56302.85,0.0008014772879889772
2002,Other,1360,194,242680.38999999998,0.003454582153928394
2002,Other,1410,217,309331.03,0.004403361375405276
2002,Other,1420,33,34131.95,0.00048587207787483883
2002,Other,1430,131,171104.73,0.0024356947288189886
2002,Other,1440,2,2378.91,3.386404658325214e-05
2002,Other,1450,17,17967.86,0.0002557744715190372
2002,Other,1460,167,228075.54,0.0032466805011792743
2002,Other,1520,10,8096.96,0.00011526111985015375
2002,Other,1530,139,209695.9,0.00298504429588214
2002,Other,1540,106,131734.59,0.0018752564377742837
2002,Other,1550,216,313682.43,0.0044653040349856565
2002,Other,1560,23,39376.71,0.0005605318157203132
2002,Other,1600,19,22781.45,0.0003242964567949311
2002,Other,1610,63,78176.62,0.001112852819737275
2002,Other,1640,19,17204.46,0.0002449073882070772
2002,Other,1650,71,93785.79,0.0013350510786062115
2002,Other,1700,16,19600.94,0.0002790215456808077
2002,Other,1710,4,5059.610000000001,7.202410714700782e-05
2002,Other,1720,91,138981.58,0.0019784181408014525
2002,Other,1740,49,65966.67,0.0009390428329873855
2002,Other,1760,69,98169.77,0.0013974575180848155
2002,Other,1800,24,27066.2,0.0003852903462643055
2002,Other,1820,52,82979.81,0.0011812267598645648
2002,Other,1840,10,10424.71,0.00014839689818315716
2002,Other,1860,28,34905.43,0.0004968826511000613
2002,Other,1900,9,13203.59,0.00018795456189017748
2002,Other,1910,10,17075.55,0.0002430723401199083
2002,Other,1920,42,58922.08,0.0008387623163138199
2002,Other,1930,12,15556.52,0.00022144878030412818
2002,Other,1965,84,114999.49,0.001637030441004594
2002,Other,2000,290,358109.45,0.005097727571325861
2002,Other,2010,386,523541.35,0.007452668938572166
2002,Other,2016,173,236643.22,0.0033686423722170174
2002,Other,2040,235,346387.54,0.004930864887876428
2002,Other,2050,19,28507.56,0.00040580826505200087
2002,Other,2060,27,44255.52,0.0006299822148992802
2002,Other,2100,359,503424.33,0.0071663009370940885
2002,Other,2145,142,204747.05,0.002914596869567766
2002,Other,2160,113,136348.29,0.0019409329668237858
2002,Other,2200,507,679255.14,0.00966927193667413
2002,Other,2300,241,302638.97,0.004308099162216077
2002,Other,2310,1093,1533332.08,0.02182715150414051
2002,Other,2320,563,732028.09,0.010420500708311407
2002,Other,2330,182,248864.1,0.0035426079487240456
2002,Other,2340,157,225829.72,0.0032147110054448415
2002,Other,2400,18,25822.19,0.0003675817265224777
2002,Other,2430,85,125266.91,0.0017831882986662183
2002,Other,2440,11,14728.96,0.00020966837230616434
2002,Other,2540,268,358101.41,0.005097613121037901
2002,Other,2550,26,44609.5,0.0006350211592937885
2002,Other,2600,47,68520.46,0.0009753963156848578
2002,Other,2630,265,390214.13,0.00555474123685352
2002,Other,2700,4,4850.25,6.904384442472338e-05
2002,Other,2710,51,74369.64,0.001058660038984111
2002,Other,2720,68,99308.2,0.0014136631948661025
2002,Other,2740,5,8456.72,0.0001203823431830208
2002,Other,2750,24,29257.690000000002,0.0004164864484483862
2002,Other,2760,5,3073.43,4.3750615487918674e-05
2002,Other,2800,16,24004.72,0.0003417098403461772
2002,Other,2810,36,45976.26,0.0006544771388424581
2002,Other,2825,51,64687.5,0.0009208337067623923
2002,Other,2830,76,120187.19,0.0017108779234482076
2002,Other,2840,29,40528.64,0.0005769296664925768
2002,Other,2850,78,96803.46,0.001378007944335845
2002,Other,2860,21,29722.55,0.00042310378188878135
2002,Other,2900,33,53324.79,0.0007590842749839792
2002,Other,2910,36,48619.85,0.000692108934457685
2002,Other,2920,16,22798.38,0.00032453745721472605
2002,Other,3600,762,1025097.27,0.014592372852964003
2002,Other,3610,6,8786.02,0.00012506996505180312
2002,Other,3620,18,21448.73,0.00030532504040573107
2002,Other,3630,9,12781.27,0.0001819427900480149
2002,Other,3640,88,125001.19,0.001779405745119383
2002,Other,3645,239,326778.12,0.0046517226284590665
2002,Other,3700,16,26445.02,0.0003764477803595069
2002,Other,3710,69,97187.22,0.001383470810319337
2002,Other,3720,32,42690.32,0.0006077014200343605
2002,Other,3730,63,82840.66,0.0011792459442464627
2002,Other,3740,145,207929.21,0.0029598952686141202
2002,Other,3750,9,10914.59,0.00015537039408682884
2002,Other,3800,169,239133.43,0.003404090786592542
2002,Other,3820,61,80327.52,0.0011434711187884863
2002,Other,3840,7,7188.45,0.00010232837966185305
2002,Other,3850,353,473154.14,0.006735401439322465
2002,Other,3900,9,12743.46,0.00018140456052217625
2002,Other,3910,26,36125.92,0.0005142564610442766
2002,Other,3930,309,433393.54,0.006169404907054302
2002,Other,3940,3,6451.79,9.184194320313099e-05
2002,Other,3955,11,16500.260000000002,0.00023488302343332537
2002,Other,4000,129,171932.7,0.002447480973212234
2002,Other,4010,288,374364.96,0.005329126551478334
2002,Other,4020,649,847231.92,0.012060439951783864
2002,Other,4030,179,233626.02,0.0033256921969892915
2002,Other,4040,99,142461.21,0.0020279510581511975
2002,Other,4050,57,67735.33,0.0009642199034229778
2002,Other,4060,32,38712.43,0.0005510757165554341
2002,Other,4110,341,495490.04,0.007053355442659649
2002,Other,4120,53,65998.88,0.0009395013458947452
2002,Other,4130,62,80206.21,0.001141744257540682
2002,Other,4140,80,89878.76,0.0012794340750532551
2002,Other,4150,19,20165.94,0.0002870643830809352
2002,Other,4200,101,118927.02,0.0016929392643216259
2002,Other,4210,62,97690.69,0.001390637761373925
2002,Other,4220,897,1138329.95,0.016204252558487325
2002,Other,4230,593,731215.54,0.01040893396932119
2002,Other,4240,22,36331.91,0.0005171887514443692
2002,Other,4250,261,381380.14,0.00542898841355378
2002,Other,4300,72,76059.67,0.0010827178026855935
2002,Other,4320,30,44818.6,0.0006379977208873578
2002,Other,4340,7,12708.0,0.00018089978350587798
2002,Other,4350,25,30982.440000000002,0.0004410384551844393
2002,Other,4400,91,85518.70999999999,0.001217368281767545
2002,Other,4410,3,3947.36,5.6191105557110685e-05
2002,Other,4420,7,7581.97,0.00010793018032326579
2002,Other,4430,31,42467.86,0.0006045346773652766
2002,Other,4460,4,5436.76,7.73928790504735e-05
2002,Other,4465,17,22340.64,0.0003180214777606829
2002,Other,4500,11,14203.71,0.00020219138054613424
2002,Other,4510,143,208677.21,0.0029705431312252624
2002,Other,4520,38,66914.23,0.0009525314542384738
2002,Other,4530,38,45613.1,0.0006493075161340859
2002,Other,4540,12,7289.82,0.00010377139280742991
2002,Other,4600,257,323403.88,0.004603689949398878
2002,Other,4610,158,212686.52,0.0030276161018742984
2002,Other,4620,108,136536.11000000002,0.0019436066052671344
2002,Other,4640,10,17726.74,0.00025234210168909255
2002,Other,4650,13,17938.6,0.0002553579521874837
2002,Other,4700,1438,1913689.35,0.02724157925027576
2002,Other,4710,537,765364.03,0.01089504149592275
2002,Other,4720,561,734933.58,0.010461860679351578
2002,Other,4740,37,55601.64,0.0007914954861954489
2002,Other,4750,102,128610.43000000001,0.001830783675133607
2002,Other,4760,14,22559.03,0.0003211302835302649
2002,Other,4800,72,117790.87,0.001676766043592148
2002,Other,4830,58,81090.74,0.0011543356397805667
2002,Other,4840,667,1010520.51,0.014384871064467218
2002,Other,4850,1168,1698136.86,0.024173165748925987
2002,Other,4900,6,5513.52,7.848556612805544e-05
2002,Other,4920,235,347614.06,0.004948324535536613
2002,Other,4930,35,57296.44,0.0008156211513737432
2002,Other,4940,34,37982.4,0.0005406836588789471
2002,Other,4950,68,89859.1,0.0012791542127819516
2002,Other,4965,170,240685.09,0.003426178838062068
2002,Other,5000,908,1269444.47,0.0180706822313294
2002,Other,5010,27,40414.4,0.0005753034474756025
2002,Other,5020,30,27377.77,0.0003897255796249387
2002,Other,5030,1,1113.79,1.5854923659978896e-05
2002,Other,5100,110,138045.18,0.001965088383382905
2002,Other,5110,218,280817.82,0.003997472681979274
2002,Other,5120,620,840377.42,0.011962865387254351
2002,Other,5130,4,1161.69,1.6536785450184404e-05
2002,Other,5140,68,89887.48,0.0012795582052163154
2002,Other,5150,20,31497.760000000002,0.00044837409229777335
2002,Other,5160,137,165848.86,0.0023608768388964953
2002,Other,5200,12,14846.02,0.00021133473433458726
2002,Other,5220,59,89541.24,0.0012746294405766338
2002,Other,5230,23,27348.34,0.0003893066403246099
2002,Other,5240,778,1093292.99,0.015563146458883697
2002,Other,5250,59,81230.67,0.0011563275587848142
2002,Other,5260,152,207430.31,0.0029527933720142553
2002,Other,5300,25,37028.01,0.0005270978118235352
2002,Other,5310,48,72525.25,0.001032404943634693
2002,Other,5320,21,31792.42,0.0004525686099408204
2002,Other,5330,95,121122.61,0.0017241937304585215
2002,Other,5340,10,14333.76,0.00020404265665920787
2002,Other,5350,55,64619.5,0.0009198657192522885
2002,Other,5360,27,29570.05,0.00042093292754626907
2002,Other,5400,430,559620.37,0.00796625777293668
2002,Other,5410,70,84919.35,0.0012088363259726064
2002,Other,5420,45,62766.1,0.0008934823655577815
2002,Other,5500,9,12036.19,0.00017133649395936526
2002,Other,5510,89,123913.12,0.0017639169484999905
2002,Other,5520,134,187574.2,0.002670139453201783
2002,Other,5530,36,48483.64,0.0006901699700642844
2002,Other,5540,129,170721.98,0.002430246240297044
2002,Other,5550,172,249451.36,0.0035509676596826275
2002,Other,5560,67,87184.71,0.0012410839757650894
2002,Other,5600,151,203943.49,0.0029031581042204273
2002,Other,5610,276,380690.99,0.00541917828719219
2002,Other,5620,487,689116.29,0.009809646496016197
2002,Other,5630,28,34714.4,0.0004941633179521916
2002,Other,5700,1776,2461806.77,0.035044091259545544
2002,Other,5800,122,182276.74,0.002594729525035978
2002,Other,5810,267,358968.9,0.0051099619369958426
2002,Other,5820,171,244375.4,0.0034787108084798814
2002,Other,5840,123,170764.98,0.00243085835004608
2002,Other,5850,60,95097.73,0.0013537266894004122
2002,Other,5860,404,558018.41,0.007943453695411887
2002,Other,5900,23,30278.95,0.00043102419733910167
2002,Other,5910,11,20062.58,0.0002855930420655774
2002,Other,5920,13,12528.92,0.00017835055992779862
2002,Other,5940,283,363716.96,0.005177551095484426
2002,Other,6005,25,37672.93,0.0005362783192502436
2002,Other,6010,13,19279.59,0.00027444709294004486
2002,Other,6040,32,40601.84,0.0005779716765769827
2002,Other,6050,267,306296.49,0.004360164363362474
2002,Other,6100,9,14496.33,0.0002063568585638782
2002,Other,6120,7,10336.1,0.0001471355250468292
2002,Other,6130,21,22584.26,0.0003214894353667343
2002,Other,6200,407,490868.29,0.006987564320971083
2002,Other,6210,32,34468.44,0.0004906620501877043
2002,Other,6220,64,93559.16,0.0013318249755265817
2002,Other,6230,524,667879.21,0.009507334316735663
2002,Other,6240,59,89000.12,0.001266926537613878
2002,Other,6250,48,62084.88,0.0008837851236220029
2002,Other,6260,393,540355.47,0.007692019793769039
2002,Other,6300,5,6100.11,8.683573956264096e-05
2002,Other,6320,250,311598.66,0.004435641338898464
2002,Other,6330,84,119534.45,0.0017015860974578373
2002,Other,6355,389,516657.24,0.0073546728724224455
2002,Other,6360,29,45414.05,0.0006464740174004657
2002,Other,6400,16,19161.7,0.00027276891576995455
2002,Other,6420,192,259512.98,0.0036941959316151435
2002,Other,6440,300,441856.63,0.006289877927890843
2002,Other,6460,2,2279.7,3.2451781276231506e-05
2002,Other,6515,69,91122.74,0.0012971422677417698
2002,Other,6520,109,120377.9,0.0017135927013607357
2002,Other,6530,36,51590.979999999996,0.0007344032981473151
2002,Other,6600,20,26981.579999999998,0.0003840857712186439
2002,Other,6660,75,95186.99,0.001354997315358528
2002,Other,6700,14,20235.84,0.0002880594173008802
2002,Other,6710,8,12403.4,0.00017656376886503045
2002,Other,6720,29,33641.21,0.00047888633977618644
2002,Other,6730,43,45776.39,0.0006516319673182749
2002,Other,6740,4,4305.44,6.1288413904434e-05
2002,Other,6765,31,36767.64,0.0005233914161175685
2002,Other,6800,12,7633.5199999999995,0.00010866400026658716
2002,Other,6820,12,14000.65,0.00019930079901963886
2002,Other,6830,9,9409.29,0.00013394228233742705
2002,Other,6840,25,21212.41,0.00030196099910591133
2002,Other,6940,22,24030.33,0.0003420744015246148
2002,Other,7000,225,300163.0,0.004272853455813256
2002,Other,7010,142,200989.53,0.0028611081573770986
2002,Other,7020,144,196743.66,0.0028006677290017363
2002,Other,7030,3,4386.78,6.244629778784352e-05
2002,Other,7040,23,29713.530000000002,0.0004229753811925882
2002,Other,7100,8,8124.29,0.00011565016541855283
2002,Other,7110,16,29459.43,0.0004193582396290972
2002,Other,7120,16,24656.96,0.0003509945487813262
2002,Other,7130,21,33074.25,0.0004708156015595912
2002,Other,7140,96,137851.73,0.0019623346012677644
2002,Other,7150,80,104409.53,0.00148628119082078
2002,Other,7160,3,1986.52,2.8278331596639655e-05
2002,Other,7200,345,453610.03,0.006457188874968116
2002,Other,7210,181,242596.82,0.0034533925257486976
2002,Other,7220,133,155892.52,0.0022191472393913877
2002,Other,7240,17,20154.17,0.0002868968358310246
2002,Other,7260,40,53801.909999999996,0.0007658761308784018
2002,Other,7300,14,16973.79,0.0002416237752812588
2002,Other,7315,146,199325.57,0.0028374215030048575
2002,Other,7320,15,22510.19,0.00032043504073624325
2002,Other,7330,322,411807.76,0.005862128944762399
2002,Other,7340,166,211027.4,0.0030039983454366002
2002,Other,7350,19,23864.45,0.0003397130814043791
2002,Other,7360,42,65969.83,0.0009390878159363846
2002,Other,7410,94,120581.28,0.0017164878381225727
2002,Other,7420,92,119072.94,0.001695016451637425
2002,Other,7430,19,28518.260000000002,0.0004059605807337378
2002,Other,7510,40,50368.73,0.0007170044344087206
2002,Other,7540,9,13464.94,0.0001916749080043781
2002,Other,7560,3,4102.29,5.839655121799876e-05
2002,Other,7610,10,16856.9,0.00023995983322161118
2002,Other,7630,168,233845.72,0.0033288196507535537
2002,Other,7700,602,810075.6900000001,0.011531516914099366
2002,Other,7710,7,7234.91,0.00010298974289302107
2002,Other,7720,135,191837.14,0.0027308228749124024
2002,Other,7730,17,29189.84,0.00041552059620484873
2002,Other,7740,12,15936.22,0.00022685385173922275
2002,Other,7750,563,822231.6,0.011704557635480931
2002,Other,7800,84,97576.95,0.001389018659912172
2002,Other,7810,169,219459.32,0.003124027657880642
2002,Other,7830,4,3529.72,5.0245954031819925e-05
2002,Other,7840,42,58156.58,0.0008278653392699303
2002,Other,7850,11,12286.78,0.00017490367028520236
2002,Other,7900,33,42812.45,0.0006094399540727279
2002,Other,7920,5,4686.21,6.670871690770227e-05
2002,Other,7930,6,11235.51,0.0001599387257301013
2002,Other,7940,8,9423.21,0.00013414043507478944
2002,Other,7950,123,190275.85,0.0027085977393293136
2002,Other,8030,260,346193.21,0.004928098578864098
2002,Other,8040,24,31876.29,0.00045376250865364993
2002,Other,8100,30,41668.36,0.0005931537065663351
2002,Other,8130,54,86865.81,0.001236544399044911
2002,Other,8140,272,357954.71,0.005095524830335957
2002,Other,8220,251,322885.72,0.0045963138845718865
2002,Other,8250,36,52051.17,0.0007409541536219429
2002,Other,8255,154,218223.08000000002,0.0031064296449469543
2002,Other,8256,14,15321.28,0.0002181001129235866
2002,Other,8300,70,83257.24,0.0011851760065546841
2002,Other,8310,37,49580.51,0.0007057840356555728
2002,Other,8320,138,196323.5,0.00279468670499813
2002,Other,8330,7,6612.95,9.41360736020771e-05
2002,Other,8350,39,57926.4,0.0008245887015482287
2002,Other,8400,14,27030.59,0.0003847834339814409
2002,Other,8410,8,8788.33,0.00012510284815692578
2002,Other,8420,26,43288.79,0.0006162207065810053
2002,Other,8450,15,18892.170000000002,0.00026893212645233265
2002,Other,8460,18,27161.12,0.00038664154294752696
2002,Other,8500,23,27249.84,0.0003879044819460036
2002,Other,8510,7,4901.05,6.976698803521272e-05
2002,Other,8530,33,45246.73,0.0006440921987211926
2002,Other,8540,20,34232.79,0.0004873075464118811
2002,Other,8550,8,6106.64,8.692869483383182e-05
2002,Other,8600,34,35301.0,0.0005025136337378815
2002,Other,8610,91,117496.0,0.001672568536575908
2002,Other,8620,44,52737.53,0.0007507245640253971
2002,Other,8630,25,25246.23,0.00035938287231189817
2002,Other,8640,41,67798.54,0.0009651197047540611
2002,Other,8650,79,103705.56999999999,0.0014762602424735342
2002,Other,8710,43,63361.18,0.0009019533950800257
2002,Other,8720,15,19615.3,0.0002792259618667649
2002,Other,8730,8,6550.6,9.324851446597454e-05
2002,Other,8740,373,494023.77,0.007032482927270827
2002,Other,8750,23,25469.12,0.0003625557360784724
2002,Other,8760,52,68591.19,0.0009764031650464702
2002,Other,8800,144,176851.84,0.002517505474395355
2002,Other,8810,81,104048.17,0.0014811371913112047
2002,Other,8830,15,15156.449999999999,0.0002157537396693157
2002,Other,8850,11,9880.06,0.00014064374528053862
2002,Other,8910,5,5870.08,8.356123710750584e-05
2002,Other,8920,14,16944.26,0.00024120341246988572
2002,Other,8930,23,33324.130000000005,0.00047437267095701405
2002,Other,8940,22,32208.43,0.00045849055823608955
2002,Other,8950,24,34684.36,0.0004937356952344927
2002,Other,8965,524,712866.32,0.01014773079608372
2002,Other,9000,116,148627.36,0.0021157268844074744
2002,Other,9030,55,66513.13,0.0009468217514399055
2002,Other,9040,26,34919.53,0.0004970833661573034
2002,Other,9050,40,54098.06,0.0007700918588360086
2002,Other,9110,1,2056.62,2.9276212838673178e-05
2002,Other,9120,169,215383.72,0.003066011041760359
2002,Other,9130,1623,2227704.92,0.0317116255699543
2002,Other,9140,135,196264.5,0.0027938468334820104
2002,Other,9150,10,13338.39,0.00018987345477785393
2002,Other,9200,19,16845.39,0.00023979598710041562
2002,Other,9240,27,35028.12,0.0004986291568002766
2002,Other,9260,17,19287.0,0.0002745525751084253
2002,Other,9300,7,6624.35,9.429835386112393e-05
2002,Other,9310,13,17405.04,0.00024776266665967473
2002,Other,9350,26,29238.96,0.0004162198248297943
2002,Other,9360,27,35838.67,0.00051016742556961
2002,Other,9410,37,47749.84,0.0006797242460214284
2002,Other,9420,8,12609.220000000001,0.00017949363929634774
2002,Other,9510,33,52733.3,0.0007506643495082244
2002,Other,9520,39,41149.659999999996,0.0005857699547797046
2002,Other,9560,4,3908.9,5.56436232094843e-05
2002,Other,9600,263,360119.95,0.005126347260870917
2002,Other,9610,93,123801.8,0.0017623322960055089
2002,Other,9620,618,802837.49,0.011428480337692988
2002,Other,9630,24,40830.13,0.0005812214099399476
2002,Other,9640,159,214847.78,0.0030583818766696962
2002,Other,9650,16,17461.38,0.0002485646727820167
2002,Other,9720,33,41604.52,0.0005922449371156728
2002,Other,9750,44,57919.36,0.0008244884863707121
2002,Tech,110,192,270800.94,0.10113533958858466
2002,Tech,1006,356,534816.7,0.199736635227877
2002,Tech,1010,326,460552.88,0.17200151490353277
2002,Tech,1020,422,645300.13,0.2409986013494186
2002,Tech,1030,161,245221.07,0.09158209047843811
2002,Tech,1050,152,211181.81,0.07886953446055972
2002,Tech,1060,35,66220.97,0.024731377552956343
2002,Tech,1105,123,172289.89,0.06434466783176564
2002,Tech,1400,48,71225.05,0.026600238606867176
2003,Finance,120,649,891989.97,0.25889258051350117
2003,Finance,800,830,1227270.66,0.35620497857829914
2003,Finance,820,28,46347.45,0.013451957235259573
2003,Finance,830,21,27241.850000000002,0.007906717655650009
2003,Finance,840,21,25291.23,0.007340566619892011
2003,Finance,850,128,181784.68,0.05276147320694766
2003,Finance,860,56,75408.73,0.021886749133452555
2003,Finance,900,6,7011.92,0.0020351507575295147
2003,Finance,910,250,316847.87,0.09196242721709791
2003,Finance,950,20,23610.05,0.00685261827613688
2003,Finance,4810,256,358186.23,0.10396053824361101
2003,Finance,4820,164,264415.05,0.07674424256262258
2003,Healthcare,350,293,392187.34,0.08719342783823059
2003,Healthcare,3000,6,6163.64,0.0013703371953843067
2003,Healthcare,3010,12,12994.65,0.0028890480683493327
2003,Healthcare,3030,33,39860.67,0.008862061822874042
2003,Healthcare,3040,8,8114.78,0.0018041262738188251
2003,Healthcare,3050,120,189085.08,0.04203852240173294
2003,Healthcare,3060,318,444537.98,0.09883233426270921
2003,Healthcare,3110,31,39431.52,0.008766650636075467
2003,Healthcare,3120,1,1199.21,0.0002666155174664345
2003,Healthcare,3140,7,17959.86,0.00399294316051794
2003,Healthcare,3150,33,43791.1,0.009735898455586912
2003,Healthcare,3160,73,107960.17,0.024002348704825874
2003,Healthcare,3200,7,7964.26,0.001770661769946236
2003,Healthcare,3210,11,19992.47,0.004444845135115758
2003,Healthcare,3220,47,70332.91,0.015636831909815768
2003,Healthcare,3230,44,57178.26,0.012712211687469529
2003,Healthcare,3245,25,39902.67,0.00887139951329823
2003,Healthcare,3250,15,25099.56,0.005580283834841122
2003,Healthcare,3255,1136,1544019.75,0.3432756770079009
2003,Healthcare,3260,1,1606.94,0.00035726448214867476
2003,Healthcare,3300,148,223493.33000000002,0.04968836970025818
2003,Healthcare,3310,28,36230.15,0.008054902969568751
2003,Healthcare,3320,148,215374.72,0.04788339191800305
2003,Healthcare,3400,48,49284.03,0.010957119404675813
2003,Healthcare,3420,173,240230.68,0.053409517148383885
2003,Healthcare,3500,298,451931.84,0.10047618130365649
2003,Healthcare,3510,44,63430.94,0.014102344786553114
2003,Healthcare,3520,25,38244.46,0.008502736379053173
2003,Healthcare,3535,47,68531.41,0.015236311688406855
2003,Healthcare,3540,29,41765.86,0.009285635023332576
2003,Other,10,707,998632.89,0.014236242031192389
2003,Other,20,502,695404.68,0.009913502182072027
2003,Other,40,37,69423.96,0.0009896893114784346
2003,Other,50,504,673987.45,0.009608183908489313
2003,Other,60,31,44873.18,0.0006396999914445654
2003,Other,100,49,69075.5,0.0009847217593901096
2003,Other,136,184,254239.59,0.0036243712513325294
2003,Other,140,193,262647.71,0.003744235149814092
2003,Other,150,109,166098.69,0.002367858274629824
2003,Other,160,130,181066.78,0.0025812393420055145
2003,Other,205,58,66381.9,0.0009463225218732882
2003,Other,220,252,363406.47,0.005180624946792264
2003,Other,230,462,620555.76,0.008846476099150445
2003,Other,300,79,116620.11,0.0016625049387911507
2003,Other,310,298,434118.92,0.006188682625343779
2003,Other,330,12,8888.3,0.00012670921548142412
2003,Other,340,70,74880.19,0.0010674718596356985
2003,Other,360,7,11767.05,0.0001677479016269356
2003,Other,410,170,262961.65,0.0037487105940619504
2003,Other,420,177,228329.86,0.0032550091054063656
2003,Other,430,1482,2051707.76,0.02924859429438138
2003,Other,500,10,15063.07,0.00021473507672353263
2003,Other,510,5,4196.32,5.9821609881418224e-05
2003,Other,520,93,136981.05,0.0019527650260816726
2003,Other,530,157,230155.84,0.0032810397854334543
2003,Other,540,170,244516.33,0.003485759070541837
2003,Other,565,90,123381.8,0.001758897773779685
2003,Other,600,54,74058.01,0.0010557510825709598
2003,Other,630,394,589039.42,0.00839718762821159
2003,Other,700,14,29224.86,0.00041662174804568393
2003,Other,710,169,247222.21,0.003524333368437596
2003,Other,725,13,19269.239999999998,0.0002746971055571118
2003,Other,735,41,71338.93,0.0010169886090235737
2003,Other,740,120,168476.33,0.0024017532713217957
2003,Other,810,41,63690.0,0.0009079475190994793
2003,Other,930,45,73199.0,0.0010435052669267198
2003,Other,940,22,36127.45,0.0005150232155580229
2003,Other,1200,8,10399.369999999999,0.00014825062320140606
2003,Other,1220,59,63145.08,0.0009001792860627752
2003,Other,1240,19,25371.34,0.00036168700281408986
2003,Other,1300,85,120248.72,0.0017142334275221847
2003,Other,1310,10,17016.44,0.00024258179434613194
2003,Other,1320,63,93217.32,0.0013288810555990309
2003,Other,1340,10,13933.05,0.00019862581537115717
2003,Other,1350,30,37040.33,0.0005280369874411371
2003,Other,1360,180,239101.91,0.0034085725545053695
2003,Other,1410,187,252748.74,0.003603118094497085
2003,Other,1420,29,40060.05,0.000571085304011636
2003,Other,1430,113,160280.36,0.0022849137262108874
2003,Other,1440,7,9574.21,0.00013648736405773944
2003,Other,1450,26,31821.01,0.0004536317645586391
2003,Other,1460,177,264044.49,0.0037641472700170714
2003,Other,1520,18,21489.420000000002,0.00030634739481687445
2003,Other,1530,176,237265.79,0.003382397321364077
2003,Other,1540,107,145720.72,0.0020773554122372412
2003,Other,1550,226,327911.36,0.0046746162002910385
2003,Other,1560,34,46824.5,0.0006675174848182379
2003,Other,1600,17,20294.22,0.00028930894490593556
2003,Other,1610,67,85995.92,0.0012259347184279683
2003,Other,1640,20,23510.35,0.0003351572296382547
2003,Other,1650,47,68606.87,0.0009780410960854215
2003,Other,1700,13,16414.05,0.00023399428443829186
2003,Other,1710,9,7975.89,0.0001137021437919665
2003,Other,1720,72,122873.25,0.0017516480216861374
2003,Other,1740,36,56162.09,0.0008006316577632545
2003,Other,1760,51,73243.32,0.0010441370809327881
2003,Other,1800,28,34251.69,0.0004882828852326024
2003,Other,1820,58,87776.56999999999,0.0012513191861604927
2003,Other,1840,14,16418.67,0.00023406014591636123
2003,Other,1860,28,29544.940000000002,0.00042118472248301104
2003,Other,1900,16,15814.38,0.00022544555011927184
2003,Other,1910,8,12394.07,0.00017668653019383394
2003,Other,1920,56,83913.55,0.0011962490114826522
2003,Other,1930,9,12674.41,0.00018068298187391476
2003,Other,1965,73,92666.09,0.0013210228688985567
2003,Other,2000,291,417397.21,0.005950302422649465
2003,Other,2010,398,536102.23,0.007642529277943138
2003,Other,2016,151,206360.72,0.0029418229512259745
2003,Other,2040,216,288800.28,0.004117059157500942
2003,Other,2050,25,38226.46,0.0005449461378702384
2003,Other,2060,40,52417.57,0.0007472507872307002
2003,Other,2100,388,561448.37,0.008003857036331394
2003,Other,2145,169,241172.11,0.003438084769202178
2003,Other,2160,98,138939.69,0.0019806868714076107
2003,Other,2200,462,631447.28,0.009001742680453985
2003,Other,2300,243,336067.63,0.004790889792873948
2003,Other,2310,1185,1701761.28,0.024259851346766437
2003,Other,2320,600,828454.91,0.011810230494901593
2003,Other,2330,187,250085.7,0.003565154512125242
2003,Other,2340,148,195308.12,0.002784260056743341
2003,Other,2400,22,31463.3,0.00044853234695686365
2003,Other,2430,96,146904.32,0.002094228495666447
2003,Other,2440,11,17100.12,0.0002437747139315966
2003,Other,2540,275,372568.54,0.005311236953799892
2003,Other,2550,52,73637.91,0.001049762249900624
2003,Other,2600,45,66066.38,0.0009418245535701596
2003,Other,2630,302,455388.8,0.006491900316936552
2003,Other,2700,2,6482.05,9.24063623202823e-05
2003,Other,2710,39,60537.65,0.0008630084649020662
2003,Other,2720,44,61102.7,0.0008710636658075012
2003,Other,2750,14,15374.810000000001,0.0002191791583627864
2003,Other,2760,3,4602.17,6.560729838238421e-05
2003,Other,2800,12,16657.29,0.00023746184849145183
2003,Other,2810,45,42857.04,0.0006109584415755558
2003,Other,2825,59,69445.42,0.0009899952394696399
2003,Other,2830,59,96666.51,0.0013780517810410584
2003,Other,2840,23,30073.780000000002,0.00042872372336227887
2003,Other,2850,39,57305.03,0.0008169251031625253
2003,Other,2860,27,36495.97,0.0005202767376138958
2003,Other,2900,36,51459.04,0.0007335862412190434
2003,Other,2910,30,50911.83,0.0007257853625579282
2003,Other,2920,10,9081.27,0.0001294601439279719
2003,Other,3600,713,894552.64,0.012752501965644366
2003,Other,3610,4,9161.31,0.0001306011726519273
2003,Other,3620,24,30389.04,0.00043321798517529975
2003,Other,3630,8,9293.12,0.00013248022057927076
2003,Other,3640,83,105600.52,0.0015054126259948964
2003,Other,3645,281,373304.15,0.005321723612216046
2003,Other,3700,31,42771.25,0.0006097354423972932
2003,Other,3710,86,136191.65,0.0019415115518851406
2003,Other,3720,43,64138.37,0.0009143393612903827
2003,Other,3730,52,75752.17,0.001079902572113393
2003,Other,3740,179,249950.19,0.0035632227179925183
2003,Other,3750,7,7861.47,0.00011207100302991026
2003,Other,3800,227,340295.24,0.004851157464584109
2003,Other,3820,79,124580.62,0.0017759878294375095
2003,Other,3840,3,3552.3199999999997,5.064091899901809e-05
2003,Other,3850,409,574734.94,0.008193266806606815
2003,Other,3900,4,3564.9,5.0820256097310945e-05
2003,Other,3910,39,51565.880000000005,0.000735109323538726
2003,Other,3930,327,480461.71,0.0068493329818934455
2003,Other,3940,6,8978.7,0.00012799793358044426
2003,Other,3955,9,16098.500000000002,0.00022949588846322765
2003,Other,4000,152,216461.38,0.0030858152449654524
2003,Other,4010,248,321704.86,0.0045861380046984665
2003,Other,4020,572,733137.55,0.010451411833587228
2003,Other,4030,160,195144.04,0.002781920976370695
2003,Other,4040,91,139495.25,0.001988606785424111
2003,Other,4050,53,87869.64,0.0012526459670617737
2003,Other,4060,20,26848.079999999998,0.0003827390112825302
2003,Other,4110,295,437921.8,0.006242895460348224
2003,Other,4120,51,59997.520000000004,0.0008553085168177328
2003,Other,4130,75,107452.64,0.0015318159508351306
2003,Other,4140,77,96742.99,0.0013791420593619993
2003,Other,4150,21,24600.18,0.0003506935531543512
2003,Other,4200,104,138990.09,0.001981405360259277
2003,Other,4210,64,96807.31,0.0013800589879917446
2003,Other,4220,835,1137894.62,0.016221519818270448
2003,Other,4230,508,614207.34,0.008755974730188262
2003,Other,4240,27,45284.270000000004,0.0006455603799769349
2003,Other,4250,323,473936.61,0.006756312910345698
2003,Other,4300,52,60240.73,0.0008587756531989572
2003,Other,4320,51,66602.67,0.000949469759646747
2003,Other,4340,9,15939.05,0.00022722281212596255
2003,Other,4350,16,22654.260000000002,0.00032295304072907165
2003,Other,4400,59,56803.869999999995,0.0008097807009224264
2003,Other,4410,2,2617.66,3.7316657290719784e-05
2003,Other,4420,1,4353.69,6.206503429782087e-05
2003,Other,4430,22,30298.010000000002,0.0004319202859656338
2003,Other,4460,1,277.1,3.950263111045153e-06
2003,Other,4465,17,22977.440000000002,0.0003275602079330687
2003,Other,4500,23,51719.49,0.0007372991464058774
2003,Other,4510,124,166008.36000000002,0.002366570554431987
2003,Other,4520,43,68153.18,0.00097157341340462
2003,Other,4530,33,41835.81,0.0005964000612186715
2003,Other,4540,2,2556.58,3.644591723001015e-05
2003,Other,4600,200,252535.51,0.0036000783449367524
2003,Other,4610,199,301113.06,0.00429258683930684
2003,Other,4620,76,97662.08,0.001392244359335765
2003,Other,4640,16,25904.75,0.0003692911523848679
2003,Other,4650,19,28662.15,0.0004085999055512191
2003,Other,4700,1430,1903507.73,0.027135894505262704
2003,Other,4710,620,876640.35,0.012497149174517181
2003,Other,4720,518,693177.79,0.00988175623685602
2003,Other,4740,61,76032.1,0.0010838931789436887
2003,Other,4750,63,74780.77,0.0010660545548414001
2003,Other,4760,12,23359.989999999998,0.00033301373789745083
2003,Other,4800,89,145360.4,0.0020722187871770755
2003,Other,4830,36,42790.19,0.0006100054459459154
2003,Other,4840,752,1086570.68,0.01548985952633434
2003,Other,4850,1080,1527498.69,0.02177561070832477
2003,Other,4900,2,1785.41,2.545232501295967e-05
2003,Other,4920,233,381622.96,0.005440314331345578
2003,Other,4930,27,37500.88,0.0005346024644378596
2003,Other,4940,31,44650.18,0.0006365209633905667
2003,Other,4950,31,53080.1,0.0007566956368119371
2003,Other,4965,77,122351.48,0.0017442098088263395
2003,Other,5000,939,1310805.42,0.018686489701855095
2003,Other,5010,19,30776.77,0.00043874535982721434
2003,Other,5020,22,30135.37,0.0004296017338458922
2003,Other,5030,6,10591.1,0.00015098387454128584
2003,Other,5100,94,146297.11,0.0020855722731343007
2003,Other,5110,222,302459.14,0.004311776193938799
2003,Other,5120,626,837811.71,0.01194361852044265
2003,Other,5130,4,4091.61,5.832889226915718e-05
2003,Other,5140,72,101671.09,0.001449395728209136
2003,Other,5150,8,11936.86,0.00017016866733926536
2003,Other,5160,134,187308.85,0.0026702246139562965
2003,Other,5200,4,7186.78,0.00010245280375747772
2003,Other,5220,58,81405.02,0.0011604880821360262
2003,Other,5230,29,35301.560000000005,0.0005032495497305922
2003,Other,5240,723,1053900.26,0.015024118801150827
2003,Other,5250,57,68512.63,0.0009766976359786555
2003,Other,5260,132,180104.91,0.002567527181851704
2003,Other,5300,34,41240.15,0.0005879084923816987
2003,Other,5310,33,50638.46,0.0007218882733241987
2003,Other,5320,22,32783.33,0.0004673503397914827
2003,Other,5330,93,132928.0,0.0018949858348069647
2003,Other,5340,13,18798.89,0.0002679919223947874
2003,Other,5350,53,71094.33,0.001013501657176004
2003,Other,5360,37,38334.82,0.0005464908889013205
2003,Other,5400,425,587155.63,0.008370332824364763
2003,Other,5410,69,80047.53,0.00114113606961126
2003,Other,5420,44,64935.23,0.0009256991832415464
2003,Other,5500,7,9661.34,0.0001377294659157884
2003,Other,5510,124,169253.11,0.0024128268381907875
2003,Other,5520,138,187029.23,0.002666238426402668
2003,Other,5530,35,51397.590000000004,0.0007327102265377957
2003,Other,5540,115,145086.81,0.002068318561682486
2003,Other,5550,210,309907.03,0.004417951311665692
2003,Other,5560,74,103040.2,0.0014689133923302586
2003,Other,5600,167,237845.54,0.003390662081517915
2003,Other,5610,304,429902.15,0.0061285694857596525
2003,Other,5620,437,641048.26,0.009138611670435516
2003,Other,5630,28,36295.38,0.000517417180495727
2003,Other,5700,1728,2410360.13,0.03436144606955249
2003,Other,5800,98,136984.7,0.0019528170595004939
2003,Other,5810,210,289097.52,0.0041212965310380295
2003,Other,5820,110,152720.66,0.002177144675180328
2003,Other,5840,141,196870.67,0.002806535349504668
2003,Other,5850,54,79158.64,0.0011284642927192464
2003,Other,5860,349,529939.57,0.007554676053605666
2003,Other,5900,37,61029.5,0.0008700201462848434
2003,Other,5910,6,11318.28,0.00016135035714355872
2003,Other,5920,15,16305.55,0.00023244753760484402
2003,Other,5940,249,364821.07,0.005200791104124941
2003,Other,6005,33,39429.86,0.0005621014847768848
2003,Other,6010,9,8966.12,0.00012781859648215143
2003,Other,6040,33,39166.21,0.0005583429612502625
2003,Other,6050,264,298850.93,0.004260338522123915
2003,Other,6100,6,8270.93,0.00011790815472044995
2003,Other,6120,4,6066.87,8.648766784737098e-05
2003,Other,6130,31,34247.07,0.000488217023754533
2003,Other,6200,421,511625.32,0.00729359302877182
2003,Other,6210,13,16939.26,0.0002414815370133623
2003,Other,6220,83,113678.1,0.0016205644350909488
2003,Other,6230,520,675168.3,0.009625017788657765
2003,Other,6240,68,100552.88,0.001433454827042042
2003,Other,6250,44,65755.34,0.0009373904509427344
2003,Other,6260,365,509340.03,0.0072610145488546775
2003,Other,6300,7,8957.4,0.00012769428650622822
2003,Other,6320,174,221772.97,0.003161535844164284
2003,Other,6330,65,101166.4,0.0014422010032379582
2003,Other,6355,401,521734.02,0.007437699938590016
2003,Other,6360,23,37775.25,0.0005385138094027729
2003,Other,6400,20,22490.86,0.00032062365425363035
2003,Other,6420,195,283484.69,0.004041281535377374
2003,Other,6440,260,343836.43,0.004901639717295051
2003,Other,6515,67,103244.22,0.001471821846606388
2003,Other,6520,68,88289.21,0.0012586272441945823
2003,Other,6530,31,38288.41,0.000545829280417078
2003,Other,6600,30,50349.590000000004,0.0007177702202571198
2003,Other,6660,49,73185.94,0.0010433190870774588
2003,Other,6700,19,32848.6,0.00046828081136585266
2003,Other,6710,9,16937.190000000002,0.0002414520276498118
2003,Other,6720,11,13543.09,0.00019306665043870258
2003,Other,6730,57,66087.29,0.0009421226409092137
2003,Other,6740,7,5699.81,8.12549591590266e-05
2003,Other,6765,14,16361.09,0.0002332393009147951
2003,Other,6800,25,26686.18,0.0003804310084038647
2003,Other,6820,14,16580.989999999998,0.00023637413620212396
2003,Other,6830,8,6597.3,9.404933533922115e-05
2003,Other,6840,21,16852.99,0.0002402516950841315
2003,Other,6940,16,16832.22,0.0002399556035474429
2003,Other,7000,215,293716.72,0.004187146604522475
2003,Other,7010,195,278797.14,0.003974457082666513
2003,Other,7020,123,168666.13999999998,0.0024044591516578025
2003,Other,7030,6,6945.21,9.90090467753948e-05
2003,Other,7040,21,27413.69,0.00039080219539742826
2003,Other,7100,18,30490.76,0.00043466807815132106
2003,Other,7110,13,21726.02,0.0003097203008149736
2003,Other,7120,14,30297.41,0.0004319117325269235
2003,Other,7130,22,34087.13,0.0004859369621089878
2003,Other,7140,74,99912.79000000001,0.0014243298760685708
2003,Other,7150,71,100071.81,0.0014265968224414266
2003,Other,7160,8,14170.57,0.0002020118366419455
2003,Other,7200,404,587084.53,0.008369319241877593
2003,Other,7210,185,239025.84,0.003407488121034214
2003,Other,7220,131,168177.67,0.0023974956546464273
2003,Other,7240,12,16248.02,0.00023162740538983705
2003,Other,7260,26,41956.520000000004,0.0005981208705298743
2003,Other,7300,18,24358.38,0.00034724651735409603
2003,Other,7315,160,191891.07,0.002735547510501563
2003,Other,7320,23,24527.24,0.00034965374012180115
2003,Other,7330,283,377857.22000000003,0.005386630954197303
2003,Other,7340,184,221914.48,0.003163553172684111
2003,Other,7350,21,28912.77,0.0004121726769005158
2003,Other,7360,37,67538.61,0.0009628122686909607
2003,Other,7410,79,96784.73,0.0013797370935816132
2003,Other,7420,64,86947.67,0.0012395026105821985
2003,Other,7430,19,25869.33,0.0003687862143863359
2003,Other,7510,25,34448.62,0.0004910902663746382
2003,Other,7540,15,24090.92,0.00034343367949166316
2003,Other,7560,4,6890.34,9.82268348053369e-05
2003,Other,7610,9,12642.26,0.00018022466011635395
2003,Other,7630,109,144965.73,0.0020665924777507456
2003,Other,7700,636,849774.26,0.01211415341751603
2003,Other,7710,4,5985.780000000001,8.533167060567251e-05
2003,Other,7720,108,148780.23,0.0021209709643515455
2003,Other,7730,14,28089.440000000002,0.0004004355057449157
2003,Other,7740,10,12457.82,0.00017759533305680445
2003,Other,7750,534,763558.93,0.010885090849109014
2003,Other,7800,62,85309.79,0.0012161534335907924
2003,Other,7810,152,184282.75,0.0026270853458208445
2003,Other,7830,1,135.18,1.927089741432998e-06
2003,Other,7840,38,52035.4,0.0007418026744441678
2003,Other,7850,11,12846.75,0.00018313981458613967
2003,Other,7900,24,33009.61,0.00047057612664376454
2003,Other,7920,6,7028.38,0.0001001946959379557
2003,Other,7930,4,8936.029999999999,0.00012738964153082932
2003,Other,7940,15,16964.42,0.000241840211209948
2003,Other,7950,144,224409.83,0.0031991262114937336
2003,Other,8030,226,319244.78,0.004551067765527698
2003,Other,8040,24,34408.71,0.0004905213201430907
2003,Other,8100,37,53253.1,0.0007591618783067434
2003,Other,8130,50,69897.1,0.0009964342681307618
2003,Other,8140,283,374426.39,0.00533772196397981
2003,Other,8220,298,394212.75,0.005619790993246715
2003,Other,8250,26,33186.46,0.0004730972527036286
2003,Other,8255,151,187798.81,0.002677209352007136
2003,Other,8256,18,26604.489999999998,0.0003792664577234559
2003,Other,8300,88,99249.31,0.0014148714835427092
2003,Other,8310,30,47720.52,0.0006802909050735921
2003,Other,8320,113,154616.91,0.0022041771054377057
2003,Other,8330,4,4529.78,6.457532600198522e-05
2003,Other,8350,38,51837.34,0.0007389791843258942
2003,Other,8400,10,14515.82,0.0002069336278331701
2003,Other,8410,16,30463.9,0.0004342851692117229
2003,Other,8420,17,30192.24,0.0004304124572783179
2003,Other,8450,18,25382.24,0.0003618423902839939
2003,Other,8460,12,19532.94,0.00027845634187029336
2003,Other,8500,35,50362.8,0.0007179585384660584
2003,Other,8510,9,11169.59,0.0001592306724738319
2003,Other,8530,27,40133.19,0.0005721279681904229
2003,Other,8540,23,34154.64,0.0004868993665212096
2003,Other,8550,5,4028.5,5.742921307414433e-05
2003,Other,8600,30,32266.96,0.0004599891078800775
2003,Other,8610,91,117629.09,0.0016768886864410326
2003,Other,8620,45,58944.1,0.0008402912444740401
2003,Other,8630,33,47966.75,0.0006838010937629919
2003,Other,8640,36,58971.48,0.000840681566393854
2003,Other,8650,60,78591.74,0.0011203827187111213
2003,Other,8710,42,60664.020000000004,0.0008648099616517695
2003,Other,8720,24,36725.48,0.0005235485704779016
2003,Other,8730,9,10003.11,0.00014260164716249323
2003,Other,8740,397,521555.42,0.007435153865000581
2003,Other,8750,18,18518.86,0.00026399988999137357
2003,Other,8760,54,77647.99,0.0011069288724063619
2003,Other,8800,143,199777.77,0.0028479781856292413
2003,Other,8810,101,126672.02,0.0018058022656354158
2003,Other,8830,21,29811.76,0.00042498843667748617
2003,Other,8850,7,10950.74,0.00015611080570424607
2003,Other,8910,4,6862.18,9.782539341519965e-05
2003,Other,8920,19,21821.87,0.00031108671264894574
2003,Other,8930,23,34785.04,0.0004958861794595094
2003,Other,8940,10,15599.37,0.00022238042535743202
2003,Other,8950,23,32011.82,0.0004563519006258297
2003,Other,8965,515,756046.09,0.010777989821641729
2003,Other,9000,119,174137.5,0.0024824573890278785
2003,Other,9030,57,80835.0,0.0011523620302466072
2003,Other,9040,33,43272.73,0.0006168844064713709
2003,Other,9050,42,68903.56999999999,0.00098227077152767
2003,Other,9110,10,13542.69,0.00019306094814622906
2003,Other,9120,209,283476.42,0.004041163640480484
2003,Other,9130,1502,2130828.53,0.03037651872256069
2003,Other,9140,74,109619.26,0.0015627027031326862
2003,Other,9150,9,9571.18,0.00013644416919225238
2003,Other,9200,43,45217.54,0.0006446090950350365
2003,Other,9240,30,51558.96,0.0007350106738789338
2003,Other,9260,14,18705.95,0.00026666699473856033
2003,Other,9300,10,17205.98,0.00024528382563471907
2003,Other,9310,10,10323.26,0.00014716561950100317
2003,Other,9350,29,46935.74,0.0006691032923551295
2003,Other,9360,29,42850.39,0.0006108636409631831
2003,Other,9410,29,43955.46,0.0006266172218225216
2003,Other,9420,10,15025.23,0.00021419563985553572
2003,Other,9510,27,32453.92,0.0004626543593822103
2003,Other,9520,39,42623.56,0.0006076300134587502
2003,Other,9560,8,10963.96,0.00015629926647049656
2003,Other,9600,262,396231.27,0.005648566471755942
2003,Other,9610,87,114585.63,0.0016335019388122292
2003,Other,9620,642,924314.7,0.013176781892482014
2003,Other,9630,28,48499.54,0.0006913964047804359
2003,Other,9640,163,239064.13999999998,0.003408034115538555
2003,Other,9650,17,13684.26,0.00019507913200992685
2003,Other,9720,33,38449.520000000004,0.0005481260212681083
2003,Other,9750,40,46783.25,0.000666929435906904
2003,Tech,110,203,267072.15,0.09957214372864309
2003,Tech,1006,328,498020.42,0.18567627077566565
2003,Tech,1010,306,436493.59,0.16273730705396056
2003,Tech,1020,459,683603.75,0.25486704940383864
2003,Tech,1030,144,216658.63999999998,0.0807765438745011
2003,Tech,1050,193,290509.47,0.10831024762923398
2003,Tech,1060,39,69421.87,0.02588246066671937
2003,Tech,1105,96,143630.38,0.05354951776574092
2003,Tech,1400,45,76787.18,0.02862845910169663
2004,Finance,120,660,925192.2,0.2686893667397961
2004,Finance,800,843,1198365.77,0.3480229728092694
2004,Finance,820,26,43196.76,0.012544971833540053
2004,Finance,830,19,20271.88,0.005887250886707798
2004,Finance,840,28,35197.04,0.010221735968715768
2004,Finance,850,158,236694.13,0.06873944235665516
2004,Finance,860,65,102196.73,0.02967942733042704
2004,Finance,900,9,10329.3,0.0029997800196168707
2004,Finance,910,193,280659.35,0.08150758623030196
2004,Finance,950,23,22193.61,0.006445349427470321
2004,Finance,4810,206,305162.84,0.08862375864400686
2004,Finance,4820,163,263892.88,0.07663835775349273
2004,Healthcare,350,295,382039.83,0.08442329813673849
2004,Healthcare,3000,13,14616.82,0.0032300301062091925
2004,Healthcare,3010,17,26199.49,0.005789572661312562
2004,Healthcare,3030,27,29031.46,0.006415382403779203
2004,Healthcare,3040,9,13859.630000000001,0.0030627059894642004
2004,Healthcare,3050,105,149114.32,0.032951335712344515
2004,Healthcare,3060,306,407075.45,0.08995567838959875
2004,Healthcare,3110,33,40815.52,0.009019428193039485
2004,Healthcare,3140,9,16279.06,0.0035973524953297514
2004,Healthcare,3150,38,51715.55,0.011428120717034678
2004,Healthcare,3160,83,120592.42,0.026648556059431776
2004,Healthcare,3200,11,19028.23,0.004204865064211843
2004,Healthcare,3210,5,7438.0199999999995,0.0016436563172144212
2004,Healthcare,3220,53,68361.97,0.015106652556422644
2004,Healthcare,3230,36,50703.42,0.011204459867999284
2004,Healthcare,3245,27,44005.84,0.009724426246545056
2004,Healthcare,3250,19,20730.52,0.00458103771664232
2004,Healthcare,3255,1032,1520087.49,0.3359094766694784
2004,Healthcare,3260,6,15049.2,0.0033255775930991407
2004,Healthcare,3300,180,240790.08,0.05320987791301528
2004,Healthcare,3310,34,44961.6,0.009935630432839375
2004,Healthcare,3320,153,219426.6,0.048488968469415514
2004,Healthcare,3400,82,120480.77,0.026623883602539082
2004,Healthcare,3420,151,207271.93,0.04580302514993578
2004,Healthcare,3500,345,488763.7,0.10800717706191894
2004,Healthcare,3510,45,57822.85,0.012777714053181075
2004,Healthcare,3520,21,24816.420000000002,0.005483941358539815
2004,Healthcare,3535,55,74720.33,0.016511725221073116
2004,Healthcare,3540,34,49490.57,0.01093644384164637
2004,Other,10,659,924967.18,0.01296712898021796
2004,Other,20,501,697025.07,0.009771605069420358
2004,Other,40,41,58070.88,0.0008140965509227684
2004,Other,50,414,627053.64,0.008790674526846629
2004,Other,60,23,30857.02,0.0004325850332172491
2004,Other,100,44,57781.47,0.0008100393077261343
2004,Other,136,183,268459.32,0.0037635352947134916
2004,Other,140,205,285619.31,0.004004101455806094
2004,Other,150,111,160746.47,0.002253507210498795
2004,Other,160,136,198453.34,0.002782120395163694
2004,Other,205,57,66510.99,0.0009324185815241434
2004,Other,220,253,374037.71,0.0052436403516883286
2004,Other,230,449,648100.71,0.00908573372164495
2004,Other,300,63,91152.59,0.001277869547123743
2004,Other,310,338,503962.39,0.007065056418876296
2004,Other,330,8,7056.530000000001,9.89256015146153e-05
2004,Other,340,46,68851.08,0.0009652243388649803
2004,Other,360,12,13634.55,0.0001911429640533092
2004,Other,410,219,324143.7,0.004544175465798772
2004,Other,420,167,219297.43,0.00307433401025139
2004,Other,430,1475,2073706.01,0.029071316128992983
2004,Other,500,9,14223.99,0.00019940633238828048
2004,Other,510,8,6391.02,8.959580669138184e-05
2004,Other,520,90,124834.82,0.0017500612423483964
2004,Other,530,166,239563.36,0.0033584423914958667
2004,Other,540,190,274912.3,0.0038539997195882925
2004,Other,565,88,126880.49,0.0017787395212263155
2004,Other,600,54,77375.59,0.001084729574351452
2004,Other,630,355,477527.29,0.006694462349468384
2004,Other,700,29,66570.92,0.0009332587411066535
2004,Other,710,179,276471.45,0.0038758574671783285
2004,Other,725,18,38583.3,0.0005408998701796572
2004,Other,735,55,86171.58,0.0012080406920915512
2004,Other,740,149,200493.13999999998,0.0028107163824222354
2004,Other,810,53,81490.01,0.0011424096909787127
2004,Other,930,32,51872.049999999996,0.0007271950587677229
2004,Other,940,14,13660.65,0.00019150886035071478
2004,Other,1200,8,7597.37,0.00010650764570958995
2004,Other,1220,58,76170.86,0.0010678404461379105
2004,Other,1240,24,35082.18,0.0004918176155906666
2004,Other,1300,100,145645.35,0.0020418043792850985
2004,Other,1310,15,15120.35,0.00021197241687649786
2004,Other,1320,48,66251.45,0.0009287800863123177
2004,Other,1340,9,13318.2,0.0001867080485864794
2004,Other,1350,33,46577.4,0.0006529692797999644
2004,Other,1360,196,266619.69,0.0037377454937327923
2004,Other,1410,200,288786.49,0.004048502200450424
2004,Other,1420,21,30433.600000000002,0.0004266491017901428
2004,Other,1430,108,156738.78,0.002197323343366634
2004,Other,1440,5,8782.0,0.00012311499171708355
2004,Other,1450,20,27091.989999999998,0.0003798030203198941
2004,Other,1460,175,240321.42,0.0033690696461782916
2004,Other,1520,21,20481.59,0.0002871317220681737
2004,Other,1530,177,247592.25,0.0034709995226558958
2004,Other,1540,94,136942.23,0.001919795207489063
2004,Other,1550,234,318078.13,0.004459142147612779
2004,Other,1560,56,78670.85,0.0011028878440134278
2004,Other,1600,23,37817.95,0.0005301704168762331
2004,Other,1610,50,64425.32,0.0009031795420371734
2004,Other,1640,30,31928.05,0.0004475998190950386
2004,Other,1650,67,95809.89,0.00134316030673704
2004,Other,1700,9,14420.83,0.00020216583534541903
2004,Other,1710,5,2168.25,3.039672976435509e-05
2004,Other,1720,74,122127.81999999999,0.0017121117681308893
2004,Other,1740,57,82789.18,0.0011606227749902229
2004,Other,1760,59,84098.11,0.0011789726845903418
2004,Other,1800,19,29278.18,0.00041045125121740847
2004,Other,1820,40,58042.67,0.0008137010745032354
2004,Other,1840,12,13952.99,0.00019560717926196192
2004,Other,1860,23,35756.87,0.0005012761049736773
2004,Other,1900,8,11207.34,0.00015711587010595982
2004,Other,1910,8,12071.48,0.00016923026192358683
2004,Other,1920,37,56499.5,0.0007920673507765158
2004,Other,1930,16,14956.08,0.00020966951324527885
2004,Other,1965,54,67896.31,0.0009518394036973966
2004,Other,2000,303,458028.11,0.006421103048148648
2004,Other,2010,368,529261.2,0.00741972082147275
2004,Other,2016,131,172132.85,0.002413133045090866
2004,Other,2040,217,310183.75,0.004348470714190835
2004,Other,2050,19,20469.36,0.00028696026951195643
2004,Other,2060,23,34141.58,0.00047863132986883915
2004,Other,2100,361,506002.71,0.007093659696022755
2004,Other,2145,184,270801.07,0.003796364323619604
2004,Other,2160,106,153618.25,0.0021535765857826085
2004,Other,2200,465,616167.15,0.008638056657776016
2004,Other,2300,249,371656.11,0.005210252665025448
2004,Other,2310,1133,1599145.72,0.022418448197700933
2004,Other,2320,558,830105.55,0.011637262344859381
2004,Other,2330,177,244690.06,0.003430313676856374
2004,Other,2340,167,220583.8,0.003092367650868004
2004,Other,2400,17,18663.1,0.00026163828306935796
2004,Other,2430,96,138484.01,0.001941409444784618
2004,Other,2440,7,6137.099999999999,8.603609834512791e-05
2004,Other,2540,244,309797.32,0.0043430533461369485
2004,Other,2550,42,62813.53,0.0008805838334856273
2004,Other,2600,40,72933.01,0.0010224489776875395
2004,Other,2630,277,435852.91,0.006110228581703115
2004,Other,2700,3,10161.55,0.00014245492417248125
2004,Other,2710,48,70082.38,0.0009824859523130838
2004,Other,2720,44,62197.04,0.0008719412507887855
2004,Other,2740,6,3191.57,4.474266842569943e-05
2004,Other,2750,29,43452.74,0.0006091646236830545
2004,Other,2760,2,5848.780000000001,8.199413587509041e-05
2004,Other,2800,18,26080.65,0.0003656250294609605
2004,Other,2810,42,61490.17,0.0008620316294957936
2004,Other,2825,57,83380.3,0.0011689096952707744
2004,Other,2830,63,95908.23,0.0013445389366943913
2004,Other,2840,21,33690.41,0.00047230637076920394
2004,Other,2850,46,61165.53,0.000857480496392738
2004,Other,2860,19,23011.49,0.0003225984286891085
2004,Other,2900,34,53556.32,0.0007508068655428691
2004,Other,2910,35,44267.25,0.0006205832517750019
2004,Other,2920,12,17665.989999999998,0.00024765978279709414
2004,Other,3600,695,956286.07,0.013406188975997765
2004,Other,3610,5,6247.33,8.758141439351942e-05
2004,Other,3620,22,26161.43,0.0003667574855109384
2004,Other,3630,6,6458.41,9.054054812748002e-05
2004,Other,3640,70,107827.26,0.0015116319997467336
2004,Other,3645,304,420347.01,0.00589285113350613
2004,Other,3700,31,43901.17,0.0006154511706809697
2004,Other,3710,87,134876.7,0.00189083851096875
2004,Other,3720,30,39303.29,0.0005509934209524177
2004,Other,3730,48,61947.43,0.0008684419643981568
2004,Other,3740,182,263665.28,0.003696327574958155
2004,Other,3750,13,14363.26,0.0002013587606388428
2004,Other,3800,236,357901.52,0.0050174268583843785
2004,Other,3820,81,112771.38,0.0015809436933072287
2004,Other,3840,10,14389.95,0.00020173292815523188
2004,Other,3850,419,600350.3,0.008416319996794423
2004,Other,3900,4,4723.98,6.62255475485844e-05
2004,Other,3910,48,71429.25,0.001001367743350887
2004,Other,3930,317,480959.83,0.0067425831799931574
2004,Other,3940,5,5420.01,7.598320271652357e-05
2004,Other,3955,11,14508.630000000001,0.00020339670488228536
2004,Other,4000,135,174569.13,0.0024472872915063176
2004,Other,4010,219,253596.04,0.00355516674608121
2004,Other,4020,631,923452.23,0.012945890873100925
2004,Other,4030,156,216055.96,0.0030288917929659
2004,Other,4040,87,124793.18,0.0017494774905543744
2004,Other,4050,44,61636.7,0.0008640858357968986
2004,Other,4060,20,25802.08,0.0003617197523893791
2004,Other,4110,335,505754.17,0.007090175409978417
2004,Other,4120,43,51669.8,0.0007243597129382104
2004,Other,4130,60,83601.20999999999,0.0011720066359244092
2004,Other,4140,51,80616.45,0.0011301632400376543
2004,Other,4150,16,17258.29,0.0002419442302893448
2004,Other,4200,126,171459.35,0.0024036912383359746
2004,Other,4210,54,81510.73,0.001142700164974201
2004,Other,4220,876,1249133.05,0.017511615247584298
2004,Other,4230,476,648449.66,0.009090625657008158
2004,Other,4240,28,46024.53,0.0006452185868518177
2004,Other,4250,308,463818.77,0.006502282398858789
2004,Other,4300,52,56636.92,0.0007939938438489095
2004,Other,4320,31,43950.98,0.0006161494578293903
2004,Other,4340,4,4419.65,6.195914064477434e-05
2004,Other,4350,29,43263.3,0.0006065088614385905
2004,Other,4400,61,74213.64,0.0010404021491567548
2004,Other,4410,3,8427.43,0.00011814426948830579
2004,Other,4430,33,49734.33,0.0006972263295382259
2004,Other,4465,17,22746.34,0.0003188812868018636
2004,Other,4500,14,30584.15,0.0004287596645324574
2004,Other,4510,151,213628.19999999998,0.0029948569885601757
2004,Other,4520,35,53289.840000000004,0.0007470710783653733
2004,Other,4530,27,43525.95,0.0006101909557877696
2004,Other,4540,5,3860.5099999999998,5.412054847115898e-05
2004,Other,4600,182,248275.69,0.0034805806784221367
2004,Other,4610,201,286404.64,0.004015111009033739
2004,Other,4620,76,103700.21,0.0014537748229571652
2004,Other,4640,15,19757.8,0.0002769848990375533
2004,Other,4650,8,7978.35,0.00011184861013049345
2004,Other,4700,1377,1905200.63,0.026709036641064943
2004,Other,4710,594,883336.95,0.012383514151974931
2004,Other,4720,555,810909.93,0.011368158655801732
2004,Other,4740,41,57176.62,0.0008015599063665263
2004,Other,4750,62,89199.53,0.0012504895692459286
2004,Other,4760,12,16963.01,0.0002378046954733324
2004,Other,4800,97,160699.79,0.002252852802868033
2004,Other,4830,29,46214.03,0.0006478751902371955
2004,Other,4840,731,1052897.12,0.014760580756973484
2004,Other,4850,1104,1617349.89,0.0226736527341125
2004,Other,4900,2,1196.7,1.6776555521274638e-05
2004,Other,4920,200,324263.28,0.004545851859639529
2004,Other,4930,22,30647.72,0.0004296508533303912
2004,Other,4940,31,47480.13,0.000665624665415173
2004,Other,4950,35,49793.98,0.0006980625637964728
2004,Other,4965,74,108197.13,0.0015168172129084734
2004,Other,5000,911,1294690.0,0.018150278823296617
2004,Other,5010,20,30959.59,0.00043402296360900737
2004,Other,5020,19,24360.64,0.00034151218308162764
2004,Other,5030,4,5882.17,8.246223079349548e-05
2004,Other,5100,77,113228.14,0.0015873470187019786
2004,Other,5110,229,333071.08,0.00466932854194945
2004,Other,5120,583,829862.47,0.01163385460263818
2004,Other,5130,6,8316.119999999999,0.0001165838129034699
2004,Other,5140,81,125501.58,0.0017594085609406625
2004,Other,5150,11,18355.82,0.00025733052007063045
2004,Other,5160,120,143347.97,0.0020095973740845755
2004,Other,5200,9,19325.33,0.00027092209552264935
2004,Other,5220,60,82980.78,0.0011633088183075758
2004,Other,5230,19,29999.4,0.00042056204537889734
2004,Other,5240,754,1038453.68,0.014558097951693797
2004,Other,5250,32,37735.97,0.0005290211380079838
2004,Other,5260,109,169093.37,0.0023705225286909295
2004,Other,5300,35,45621.159999999996,0.000639563736679998
2004,Other,5310,50,68631.14,0.000962140996656115
2004,Other,5320,32,49307.91,0.0006912483410654409
2004,Other,5330,103,153697.86000000002,0.002154692639584772
2004,Other,5340,10,13891.55,0.00019474585096646002
2004,Other,5350,61,83844.34,0.0011754150790963718
2004,Other,5360,37,49633.46,0.0006958122314723522
2004,Other,5400,418,593588.24,0.008321522574693487
2004,Other,5410,73,111109.8,0.0015576499779875665
2004,Other,5420,40,56919.299999999996,0.000797952533368503
2004,Other,5500,11,18205.58,0.000255224303223036
2004,Other,5510,101,158124.99,0.0022167566424634386
2004,Other,5520,137,189227.77,0.002652786988862695
2004,Other,5530,21,26440.57,0.0003706707534211988
2004,Other,5540,88,118497.99,0.0016612251260921258
2004,Other,5550,216,310778.38,0.004356806841214831
2004,Other,5560,69,100396.93,0.0014074660903405393
2004,Other,5600,166,241079.87,0.0033797023682766545
2004,Other,5610,280,380417.25,0.005333075220084913
2004,Other,5620,467,670932.44,0.009405812092156985
2004,Other,5630,32,47575.24,0.0006669580139533434
2004,Other,5700,1602,2295316.59,0.03217807822431501
2004,Other,5800,92,145168.17,0.002035114785599428
2004,Other,5810,193,274954.24,0.0038545876770868823
2004,Other,5820,126,161043.89,0.002257676746007392
2004,Other,5840,142,197346.33,0.0027666012051180636
2004,Other,5850,59,94685.73,0.0013274006905802788
2004,Other,5860,328,486147.62,0.0068153108869938375
2004,Other,5900,20,26742.09,0.000374897766892223
2004,Other,5910,4,5932.08,8.31619198434385e-05
2004,Other,5920,10,10143.43,0.00014220089961658128
2004,Other,5940,283,412937.91,0.00578898284779319
2004,Other,6005,27,32217.31,0.0004516549594393889
2004,Other,6010,12,14757.82,0.000206890103286519
2004,Other,6040,30,38729.55,0.0005429501511564989
2004,Other,6050,292,377971.97000000003,0.005298794802532425
2004,Other,6100,4,5456.69,7.649742019502306e-05
2004,Other,6120,2,3166.73,4.4394436087478935e-05
2004,Other,6130,29,37788.25,0.000529754052124013
2004,Other,6200,457,608300.33,0.008527771588413708
2004,Other,6210,5,5140.57,7.20657291016953e-05
2004,Other,6220,65,85079.77,0.0011927345910773598
2004,Other,6230,559,754700.45,0.010580157099821135
2004,Other,6240,69,107171.97,0.0015024454792591125
2004,Other,6250,41,66004.27,0.000925314866128689
2004,Other,6260,405,656427.93,0.009202473145617434
2004,Other,6300,5,10009.02,0.00014031660378001863
2004,Other,6320,205,243309.48,0.0034109593048152935
2004,Other,6330,67,96062.88,0.0013467069773991337
2004,Other,6355,408,549256.75,0.00770003874138035
2004,Other,6360,27,38107.03,0.0005342230337978427
2004,Other,6400,29,38319.78,0.0005372055792872312
2004,Other,6420,170,289784.57,0.004062494299167458
2004,Other,6440,274,419248.14,0.005877446058244441
2004,Other,6515,70,115637.93000000001,0.0016211299014040866
2004,Other,6520,64,79123.53,0.0011092339718260546
2004,Other,6530,21,27548.21,0.000386198775446422
2004,Other,6600,37,61203.13,0.0008580076113652457
2004,Other,6660,53,85992.78,0.0012055340921690945
2004,Other,6700,15,19930.69,0.00027940864658002274
2004,Other,6710,9,13374.75,0.00018750082389752483
2004,Other,6720,15,14879.59,0.00020859719877062163
2004,Other,6730,52,72827.19,0.001020965485496296
2004,Other,6740,8,6368.59,8.928136017985666e-05
2004,Other,6765,21,30089.27,0.000421821934277282
2004,Other,6800,20,30516.4,0.00042780987625087776
2004,Other,6820,20,34071.68,0.000477651400704523
2004,Other,6830,3,5792.62,8.12068279799832e-05
2004,Other,6840,36,42516.96,0.0005960459096146177
2004,Other,6940,22,30602.82,0.0004290213995467318
2004,Other,7000,215,301702.93,0.004229577969479599
2004,Other,7010,198,279922.75,0.003924241294428746
2004,Other,7020,98,148612.72,0.0020834039844970687
2004,Other,7030,6,9997.35,0.0001401530018723281
2004,Other,7040,25,39549.01,0.0005544381733738163
2004,Other,7100,19,25838.45,0.00036222962397315845
2004,Other,7110,14,19120.579999999998,0.00026805170215507096
2004,Other,7120,23,36243.81,0.000508102524247956
2004,Other,7130,25,34497.36,0.0004836190151060407
2004,Other,7140,89,130175.96,0.0018249387653340241
2004,Other,7150,72,100069.24,0.0014028721992410437
2004,Other,7160,11,22876.88,0.0003207113290495006
2004,Other,7200,379,534064.65,0.007487060460161367
2004,Other,7210,195,256157.62,0.0035910775751045133
2004,Other,7220,136,187459.56,0.0026279984259494566
2004,Other,7240,19,28037.09,0.0003930523916102398
2004,Other,7260,33,45642.17,0.000639858276189902
2004,Other,7300,8,10273.69,0.00014402701653995492
2004,Other,7315,178,217349.83000000002,0.0030470305761967115
2004,Other,7320,11,20853.739999999998,0.0002923488985846292
2004,Other,7330,273,373795.7,0.005240247609813419
2004,Other,7340,172,245078.85,0.003435764129786195
2004,Other,7350,22,32247.46,0.00045207763274846083
2004,Other,7360,42,71658.74,0.0010045849671551632
2004,Other,7410,69,86851.67,0.0012175748841567835
2004,Other,7420,89,129245.79,0.0018118986979410064
2004,Other,7430,30,48317.01,0.0006773568988777321
2004,Other,7510,28,38580.82,0.0005408651030218961
2004,Other,7540,7,11264.03,0.00015791060807913694
2004,Other,7560,5,9365.0,0.00013128807759399765
2004,Other,7610,6,7818.73,0.00010961089492007659
2004,Other,7630,104,165770.59,0.0023239404252773915
2004,Other,7700,535,735634.08,0.01031286536848148
2004,Other,7710,3,4420.29,6.196811281451916e-05
2004,Other,7720,104,145000.08,0.0020327583293300445
2004,Other,7730,12,14435.74,0.00020237485886244268
2004,Other,7740,12,19052.73,0.0002671005119719687
2004,Other,7750,591,835611.45,0.011714449640793687
2004,Other,7800,66,92198.45999999999,0.0012925316145784398
2004,Other,7810,177,197834.52,0.0027734451481613753
2004,Other,7830,9,7134.42,0.0001000175426105893
2004,Other,7840,37,53352.62,0.0007479511921412783
2004,Other,7850,8,10638.33,0.0001491389102520612
2004,Other,7900,23,41132.0,0.0005766301342868458
2004,Other,7920,11,15196.04,0.00021303351613897407
2004,Other,7930,7,12474.09,0.00017487445764383452
2004,Other,7940,11,16290.11,0.00022837130012757684
2004,Other,7950,117,180645.21,0.0025324679495423385
2004,Other,8030,250,358024.62,0.005019152599158732
2004,Other,8040,9,15038.53,0.00021082538105068465
2004,Other,8100,48,63429.99,0.0008892259956120123
2004,Other,8130,58,79784.76,0.0011185037652641195
2004,Other,8140,298,419764.69,0.00588468758055957
2004,Other,8220,273,393769.14,0.005520255569294365
2004,Other,8250,24,33076.51,0.00046370009732179813
2004,Other,8255,143,202459.29,0.002838279869209362
2004,Other,8256,15,22324.4,0.0003129661035172922
2004,Other,8300,80,92104.54,0.0012912149486683886
2004,Other,8310,41,61946.65,0.0008684310295662803
2004,Other,8320,110,160405.63,0.0022487289693490743
2004,Other,8330,8,8860.59,0.00012421674612371594
2004,Other,8350,28,47659.56,0.0006681400973172223
2004,Other,8400,15,22401.49,0.0003140468294010852
2004,Other,8410,11,17082.92,0.00023948571558911417
2004,Other,8420,22,35372.99,0.0004958944854086175
2004,Other,8450,21,33205.69,0.00046551107370872743
2004,Other,8460,15,20657.16,0.0002895930405714495
2004,Other,8500,28,34663.98,0.0004859548634230415
2004,Other,8510,10,11245.36,0.00015764887306486252
2004,Other,8530,26,32691.02,0.0004582959071422242
2004,Other,8540,26,40577.88,0.0005688619175696663
2004,Other,8550,9,11570.77,0.00016221080080964232
2004,Other,8600,38,56263.66,0.0007887611062255529
2004,Other,8610,83,103028.25,0.0014443546054857222
2004,Other,8620,56,78877.26,0.0011057815089462815
2004,Other,8630,29,31883.89,0.00044698073938264667
2004,Other,8640,34,59688.43,0.0008367730090020178
2004,Other,8650,54,71969.75,0.0010089450210806847
2004,Other,8710,48,70106.04,0.0009828176422133372
2004,Other,8720,20,23779.92,0.00033337106055942944
2004,Other,8730,11,13178.8,0.00018475379786393766
2004,Other,8740,382,573144.12,0.008034916145125841
2004,Other,8750,21,26017.5,0.00036473972864942166
2004,Other,8760,46,68200.85,0.0009561087545944042
2004,Other,8800,165,239002.68,0.003350582210038803
2004,Other,8810,112,145507.8,0.0020398760637407253
2004,Other,8830,20,29222.14,0.0004096656256041284
2004,Other,8850,11,17300.64,0.00024253793558417721
2004,Other,8910,4,4921.33,6.899220020348836e-05
2004,Other,8920,21,28059.13,0.00039336137070582677
2004,Other,8930,34,46080.87,0.0006460084181696657
2004,Other,8940,5,7626.59,0.0001069172813345015
2004,Other,8950,18,29410.59,0.0004123075090235186
2004,Other,8965,486,691779.41,0.009698066082008534
2004,Other,9000,118,177550.36,0.0024890812002693235
2004,Other,9030,61,88298.2,0.0012378538102520366
2004,Other,9040,28,49536.51,0.0006944530879461656
2004,Other,9050,36,70146.84,0.000983389618034569
2004,Other,9110,5,5259.63,7.373483305453475e-05
2004,Other,9120,178,248820.05,0.0034882120695507073
2004,Other,9130,1484,2048675.99,0.028720419897499194
2004,Other,9140,83,139016.18,0.0019488699441175808
2004,Other,9150,10,10296.53,0.00014434721084772287
2004,Other,9200,38,48768.25,0.0006836828393084331
2004,Other,9240,32,53130.04,0.0007448308397322157
2004,Other,9260,10,24649.07,0.00034555568764334005
2004,Other,9300,14,26412.829999999998,0.0003702818659388221
2004,Other,9310,14,23053.54,0.0003231879282793731
2004,Other,9350,17,21285.39,0.00029840020650704767
2004,Other,9360,21,28480.93,0.0003992745913282665
2004,Other,9410,23,37956.58,0.0005321138729570507
2004,Other,9420,11,21613.5,0.0003029999855929384
2004,Other,9510,39,57801.5,0.0008103201086011164
2004,Other,9520,40,47688.87,0.0006685509946535043
2004,Other,9560,3,2730.15,3.827401441999495e-05
2004,Other,9600,243,368600.8,0.00516742022761448
2004,Other,9610,105,157788.95,0.002212045692586804
2004,Other,9620,684,1033104.25,0.014483104211071943
2004,Other,9630,21,30434.94,0.000426667887270546
2004,Other,9640,175,254196.3,0.0035635818001609294
2004,Other,9650,17,17050.23,0.0002390274339813675
2004,Other,9720,24,33306.0,0.0004669173211260743
2004,Other,9750,28,38542.84,0.0005403326608236024
2004,Tech,110,198,280059.18,0.1035141474196726
2004,Tech,1006,378,569204.64,0.210386722609563
2004,Tech,1010,295,431850.76,0.1596186321545955
2004,Tech,1020,448,687761.38,0.2542071032232454
2004,Tech,1030,152,212220.49,0.07843993218624419
2004,Tech,1050,176,251635.9,0.09300846931238602
2004,Tech,1060,47,74169.31,0.027414109008515264
2004,Tech,1105,106,161647.37,0.059747335146030076
2004,Tech,1400,27,36966.95,0.013663548939747899
2005,Finance,120,648,938006.89,0.26331633119570325
2005,Finance,800,820,1261758.85,0.35419964904064793
2005,Finance,820,33,50479.88,0.014170660090566452
2005,Finance,830,19,25363.9,0.007120127969224936
2005,Finance,840,51,84187.77,0.023633104366587
2005,Finance,850,145,232086.41,0.06515105875350422
2005,Finance,860,61,83353.79,0.023398990357157284
2005,Finance,900,6,12493.84,0.0035072579385276425
2005,Finance,910,232,342622.38,0.0961806027748262
2005,Finance,950,12,14342.13,0.0040261080098588945
2005,Finance,4810,185,254022.41,0.0713089101538377
2005,Finance,4820,161,263563.23,0.0739871993495584
2005,Healthcare,350,282,386129.86,0.08364338472617865
2005,Healthcare,3000,8,9064.56,0.0019635634484562524
2005,Healthcare,3010,17,21570.5,0.004672598048325081
2005,Healthcare,3030,37,61306.24,0.013280147301831158
2005,Healthcare,3040,3,4436.03,0.000960932065566932
2005,Healthcare,3050,94,137027.96,0.02968297343417942
2005,Healthcare,3060,305,443507.09,0.0960724305487743
2005,Healthcare,3110,33,51301.13,0.011112842072036867
2005,Healthcare,3140,9,10917.72,0.002364994653075251
2005,Healthcare,3150,28,41277.85,0.008941600859927004
2005,Healthcare,3160,76,118317.11,0.025629832283417812
2005,Healthcare,3200,3,5726.32,0.001240434466335267
2005,Healthcare,3210,11,12539.85,0.0027163801783124763
2005,Healthcare,3220,45,64922.03,0.014063399117836968
2005,Healthcare,3230,44,63582.79,0.013773293176378085
2005,Healthcare,3245,24,32431.36,0.0070252756978525345
2005,Healthcare,3250,19,21115.96,0.004574135670684985
2005,Healthcare,3255,1106,1601885.83,0.3470002365683504
2005,Healthcare,3300,178,269215.03,0.05831731409831845
2005,Healthcare,3310,43,74578.86,0.016155259993153124
2005,Healthcare,3320,142,188363.36000000002,0.04080323906779883
2005,Healthcare,3400,67,89773.12,0.019446638015069344
2005,Healthcare,3420,138,226057.44,0.048968524278684505
2005,Healthcare,3500,308,460489.16,0.09975108366940293
2005,Healthcare,3510,50,63539.76,0.013763972025082592
2005,Healthcare,3520,23,33032.29,0.007155449052442368
2005,Healthcare,3535,50,81792.98,0.017717981442928646
2005,Healthcare,3540,34,42480.340000000004,0.009202084039599726
2005,Other,10,686,1008611.43,0.013845694948267352
2005,Other,20,622,895561.98,0.01229381069213771
2005,Other,40,35,52860.15,0.0007256367418121114
2005,Other,50,490,761432.63,0.010452552494509134
2005,Other,60,41,56715.57,0.0007785619493099571
2005,Other,100,52,73528.1,0.001009355647224518
2005,Other,136,172,235213.1,0.0032288835259742235
2005,Other,140,195,280278.7,0.0038475207252974923
2005,Other,150,101,145451.57,0.0019966837654879195
2005,Other,160,159,216985.61,0.0029786659905526843
2005,Other,205,75,75861.62,0.0010413890003223318
2005,Other,220,267,350363.0,0.004809601671041735
2005,Other,230,391,553052.96,0.0075920243878222805
2005,Other,300,49,73267.69,0.0010057808737148838
2005,Other,310,264,364221.98,0.004999850565379704
2005,Other,330,10,9803.67,0.00013457970052300537
2005,Other,340,64,85734.53,0.0011769191916782815
2005,Other,360,8,10614.06,0.0001457043144182954
2005,Other,410,207,288088.82,0.003954734004676412
2005,Other,420,185,211186.12,0.0028990535977052954
2005,Other,430,1499,2186843.07,0.030019848225349244
2005,Other,500,10,16821.89,0.00023092218714327784
2005,Other,510,5,7600.37,0.00010433394009223426
2005,Other,520,88,132251.56,0.0018154808697661462
2005,Other,530,171,256631.98,0.0035229108092200067
2005,Other,540,162,228836.2,0.0031413447479181327
2005,Other,565,95,136698.21,0.0018765221762697944
2005,Other,600,59,90334.14,0.0012400602537828425
2005,Other,630,383,550582.8,0.007558115311624908
2005,Other,700,22,32222.46,0.00044233322999596265
2005,Other,710,180,273329.75,0.003752129141334615
2005,Other,725,18,23046.05,0.00031636422964442985
2005,Other,735,52,83718.98,0.0011492507659367844
2005,Other,740,97,149468.07,0.002051820195738086
2005,Other,810,52,66337.34,0.0009106446209116366
2005,Other,930,31,42924.31,0.0005892426800327474
2005,Other,940,12,17546.87,0.00024087433682652587
2005,Other,1200,14,14782.64,0.00020292842008547818
2005,Other,1220,51,69850.18,0.0009588670677285157
2005,Other,1240,23,29454.84,0.0004043407770919502
2005,Other,1300,93,139942.81,0.0019210623633953243
2005,Other,1310,18,27314.07,0.00037495339609191304
2005,Other,1320,46,69294.44,0.000951238157048265
2005,Other,1340,5,10077.4,0.0001383373240888906
2005,Other,1350,31,49718.590000000004,0.0006825110344010039
2005,Other,1360,164,232382.21,0.0031900225353030183
2005,Other,1410,209,329448.99,0.004522504981482097
2005,Other,1420,29,43992.77,0.0006039099451304923
2005,Other,1430,101,155390.0,0.0021331133814448877
2005,Other,1440,8,10215.33,0.0001402307556398443
2005,Other,1450,17,24606.54,0.0003377858275632852
2005,Other,1460,160,235647.92,0.0032348525095672463
2005,Other,1520,23,24445.71,0.00033557803668138943
2005,Other,1530,165,243896.98,0.003348091329763796
2005,Other,1540,85,124051.1,0.0017029092051802429
2005,Other,1550,230,324795.19,0.004458620027144184
2005,Other,1560,43,56774.29,0.0007793680270354121
2005,Other,1600,15,19445.21,0.00026693376443790427
2005,Other,1610,83,112694.52,0.0015470119610496722
2005,Other,1640,26,29627.0,0.0004067041003415129
2005,Other,1650,68,98493.16,0.0013520630515270761
2005,Other,1700,10,18166.52,0.0002493805708622574
2005,Other,1710,7,8480.36,0.00011641398671388101
2005,Other,1720,66,95219.9,0.0013071294347760092
2005,Other,1740,57,87624.45,0.0012028630338937415
2005,Other,1760,72,101587.44,0.001394539723603383
2005,Other,1800,21,12735.96,0.00017483265783864362
2005,Other,1820,67,97974.32,0.001344940684921575
2005,Other,1840,12,22310.54,0.00030626752957887526
2005,Other,1860,24,24066.600000000002,0.0003303738110939027
2005,Other,1900,9,11069.82,0.0001519607514781276
2005,Other,1910,4,6208.719999999999,8.523009018369587e-05
2005,Other,1920,40,68358.52,0.0009383903323751078
2005,Other,1930,9,9406.03,0.00012912110469960782
2005,Other,1965,54,81330.31,0.0011164603422231865
2005,Other,2000,296,395828.69,0.005433731098518568
2005,Other,2010,423,587954.03,0.008071128187576092
2005,Other,2016,168,240794.41999999998,0.0033055009941390084
2005,Other,2040,218,324517.05,0.004454801865383999
2005,Other,2050,19,27355.57,0.0003755230865824849
2005,Other,2060,23,37314.33,0.0005122317822424251
2005,Other,2100,371,521972.64,0.007165369863775759
2005,Other,2145,168,244136.52,0.0033513796107303394
2005,Other,2160,107,164287.83,0.0022552581799442878
2005,Other,2200,472,666126.56,0.00914424016263499
2005,Other,2300,254,367264.77,0.0050416204094232515
2005,Other,2310,1150,1678393.03,0.023040109605617035
2005,Other,2320,557,805205.79,0.011053447747383373
2005,Other,2330,183,245559.82,0.0033709179354347
2005,Other,2340,182,257232.95,0.0035311606138975723
2005,Other,2400,20,24150.82,0.00033152993960272104
2005,Other,2430,90,149067.36,0.0020463194565458675
2005,Other,2440,11,12260.86,0.00016831073128272328
2005,Other,2540,253,329713.68,0.004526138508613409
2005,Other,2550,30,36790.24,0.0005050373463579958
2005,Other,2600,44,81002.56,0.001111961160095839
2005,Other,2630,272,427561.97000000003,0.005869349119016267
2005,Other,2700,2,4428.09,6.078652444328653e-05
2005,Other,2710,41,63354.39,0.0008696962293730496
2005,Other,2720,44,78188.18000000001,0.00107332681014751
2005,Other,2740,4,7814.6,0.00010727477849693817
2005,Other,2750,31,47551.6,0.0006527637188307789
2005,Other,2760,5,11001.12,0.00015101767348530142
2005,Other,2800,13,14234.23,0.00019540013184609218
2005,Other,2810,36,39928.770000000004,0.0005481214594995509
2005,Other,2825,51,69005.29,0.0009472688557145575
2005,Other,2830,73,98488.1,0.0013519935904696715
2005,Other,2840,24,33710.18,0.0004627558790714707
2005,Other,2850,46,67511.61,0.0009267643908481145
2005,Other,2860,18,25278.510000000002,0.00034701028344158837
2005,Other,2900,32,49055.6,0.0006734098513083714
2005,Other,2910,26,37944.42,0.00052088133118711
2005,Other,2920,9,13305.18,0.0001826466149722176
2005,Other,3600,757,1097180.54,0.015061525785024314
2005,Other,3610,3,2864.8999999999996,3.9327862323839747e-05
2005,Other,3620,28,34598.7,0.00047495302111202285
2005,Other,3630,12,15921.1,0.00021855660890226014
2005,Other,3640,76,112686.12,0.0015468966502033875
2005,Other,3645,327,449741.09,0.006173812582950059
2005,Other,3700,32,50677.78,0.0006956782975733323
2005,Other,3710,75,97401.66,0.001337079505250951
2005,Other,3720,25,37309.04,0.0005121591638642292
2005,Other,3730,44,74990.31,0.0010294281082418456
2005,Other,3740,158,225183.42,0.0030912012773120817
2005,Other,3750,11,14185.31,0.0001947285834413024
2005,Other,3800,231,359963.34,0.004941390162710573
2005,Other,3820,86,109966.26,0.0015095598218253922
2005,Other,3840,5,2967.91,4.074193021381104e-05
2005,Other,3850,419,618950.57,0.008496632623205744
2005,Other,3900,8,11011.609999999999,0.00015116167476833992
2005,Other,3910,40,64642.69,0.0008873813440478386
2005,Other,3930,331,504525.92,0.0069258703342415405
2005,Other,3940,4,3101.59,4.2577019967537487e-05
2005,Other,3955,13,14975.09,0.00020557027393874463
2005,Other,4000,148,227712.39,0.003125917666708264
2005,Other,4010,264,364614.76,0.005005242445642038
2005,Other,4020,592,784126.82,0.010764086572442414
2005,Other,4030,144,184442.49,0.002531930906274631
2005,Other,4040,94,143337.9,0.0019676683992419664
2005,Other,4050,56,88724.84,0.0012179686174821844
2005,Other,4060,18,21908.91,0.0003007541611034926
2005,Other,4110,317,516261.11,0.007086964940218748
2005,Other,4120,53,92326.58,0.0012674114374222405
2005,Other,4130,72,114779.87,0.0015756385650138659
2005,Other,4140,74,114674.38,0.0015741904529692774
2005,Other,4150,20,30133.56,0.0004136578934717319
2005,Other,4200,120,152170.1,0.0020889122631173613
2005,Other,4210,68,90568.08,0.001243271660851864
2005,Other,4220,920,1288763.39,0.017691475852534118
2005,Other,4230,501,663482.32,0.009107941406423186
2005,Other,4240,36,56044.73,0.0007693530054859757
2005,Other,4250,354,546333.55,0.007499783810008944
2005,Other,4300,53,67027.2,0.0009201146614375621
2005,Other,4320,28,41946.8,0.0005758239293956653
2005,Other,4340,8,14596.73,0.00020037634396253323
2005,Other,4350,20,24245.69,0.00033283226579165006
2005,Other,4400,51,64217.67,0.0008815468897754806
2005,Other,4420,2,5680.09,7.797333153234632e-05
2005,Other,4430,31,40823.97,0.0005604103011178625
2005,Other,4460,3,6988.25,9.593107399370769e-05
2005,Other,4465,15,27405.14,0.00037620355785038
2005,Other,4500,20,34783.89,0.00047749521344814347
2005,Other,4510,126,192064.73,0.002636565066391656
2005,Other,4520,35,53089.87,0.0007287902189083565
2005,Other,4530,26,44941.24,0.0006169300496989913
2005,Other,4540,8,12692.84,0.0001742407288277169
2005,Other,4600,191,257491.61000000002,0.003534711364314231
2005,Other,4610,207,258126.25,0.003543423373300653
2005,Other,4620,67,101350.62,0.0013912887813870639
2005,Other,4640,22,27749.95,0.00038093693081553876
2005,Other,4650,16,20662.35,0.00028364203151488366
2005,Other,4700,1367,1997822.07,0.027425065906833936
2005,Other,4710,561,827273.85,0.011356386637199503
2005,Other,4720,556,849348.45,0.011659415304745957
2005,Other,4740,40,54464.34,0.0007476582306812797
2005,Other,4750,74,114324.93,0.0015693933844890282
2005,Other,4760,22,37302.39,0.0005120678761109207
2005,Other,4800,101,178157.97,0.0024456602729780352
2005,Other,4830,22,28154.77,0.00038649408995754605
2005,Other,4840,745,1118865.4,0.015359204303852802
2005,Other,4850,1130,1736082.03,0.023832034297438735
2005,Other,4900,8,9329.02,0.00012806395133385025
2005,Other,4920,218,332891.16,0.0045697573071671995
2005,Other,4930,26,35436.39,0.00048645239525773736
2005,Other,4940,33,52580.43,0.0007217968906308399
2005,Other,4950,28,42557.63,0.0005842090870427981
2005,Other,4965,73,122166.91,0.001677044021434927
2005,Other,5000,866,1240950.55,0.017035125966383895
2005,Other,5010,19,28375.02,0.00038951756780208717
2005,Other,5020,13,16905.260000000002,0.0002320666472926508
2005,Other,5030,3,4004.03,5.496524855336106e-05
2005,Other,5100,103,146418.13,0.0020099522002003808
2005,Other,5110,212,317654.24,0.0043605927666948065
2005,Other,5120,571,848838.64,0.011652416897300212
2005,Other,5130,15,20836.18,0.0002860282796588863
2005,Other,5140,78,108677.44,0.0014918675688601192
2005,Other,5150,17,24463.329999999998,0.00033581991490895275
2005,Other,5160,140,188944.94,0.002593738206257169
2005,Other,5200,3,2427.6,3.33248345761993e-05
2005,Other,5220,58,91383.41,0.0012544640885067545
2005,Other,5230,27,40985.72,0.0005626307212829228
2005,Other,5240,782,1148969.43,0.015772456824789918
2005,Other,5250,41,50216.1,0.0006893405938218329
2005,Other,5260,105,152856.2,0.002098330688312093
2005,Other,5300,42,52418.14,0.0007195690576256615
2005,Other,5310,57,71941.56,0.000987576448407364
2005,Other,5320,28,37761.0,0.0005183634364935994
2005,Other,5330,89,140285.22,0.0019257627904044018
2005,Other,5340,3,3798.74,5.214713383505987e-05
2005,Other,5350,48,71139.67,0.0009765685181065283
2005,Other,5360,40,55838.99,0.0007665287134009091
2005,Other,5400,419,584846.26,0.008028466331771646
2005,Other,5410,62,78864.6,0.0010826123533193804
2005,Other,5420,36,54350.16,0.0007460908268207136
2005,Other,5500,5,8113.68,0.00011138039372393177
2005,Other,5510,100,153636.78,0.00210904608597789
2005,Other,5520,160,251339.16,0.0034502537195258234
2005,Other,5530,26,41113.56,0.0005643856425435181
2005,Other,5540,89,121735.85,0.0016711266531730978
2005,Other,5550,197,302463.19,0.004152057905808016
2005,Other,5560,69,99618.79,0.0013675151167536403
2005,Other,5600,152,238374.82,0.0032722859794164136
2005,Other,5610,278,424655.56,0.005829451428927038
2005,Other,5620,459,696100.46,0.009555706326378414
2005,Other,5630,36,49615.28,0.0006810928482665223
2005,Other,5700,1537,2253322.15,0.030932438579517114
2005,Other,5800,78,116145.87,0.0015943903050167857
2005,Other,5810,195,288597.64,0.003961718821915274
2005,Other,5820,106,151861.97,0.0020846824141809777
2005,Other,5840,126,179822.8,0.0024685141963375233
2005,Other,5850,49,67602.0,0.000928005217919025
2005,Other,5860,389,585663.16,0.008039680311572806
2005,Other,5900,26,27928.48,0.0003833876981235338
2005,Other,5910,2,1818.0700000000002,2.4957522655277095e-05
2005,Other,5920,13,16090.11,0.00022087669058446622
2005,Other,5940,265,383410.39,0.0052632591125169135
2005,Other,6005,24,28496.16,0.000391180514935289
2005,Other,6010,8,7756.200000000001,0.0001064730935656274
2005,Other,6040,36,43839.880000000005,0.000601811150453299
2005,Other,6050,271,294499.94,0.0040427425371562945
2005,Other,6100,8,9971.11,0.0001368782300589416
2005,Other,6120,4,6322.63,8.679378762420291e-05
2005,Other,6130,26,39429.47,0.0005412673278864776
2005,Other,6200,401,560500.0,0.007694253493145373
2005,Other,6210,5,6006.82,8.245851162835949e-05
2005,Other,6220,76,105505.45,0.0014483241341808645
2005,Other,6230,606,870554.61,0.011950522478084404
2005,Other,6240,49,72000.55,0.0009883862325528782
2005,Other,6250,50,77603.44,0.0010652998024979438
2005,Other,6260,513,766432.54,0.010521188667538416
2005,Other,6300,7,8133.66,0.0001116546688083083
2005,Other,6320,233,306553.52999999997,0.004208207973306949
2005,Other,6330,113,180254.9,0.002474445841180321
2005,Other,6355,387,566758.29,0.007780164054596965
2005,Other,6360,11,17702.32,0.00024300827385687282
2005,Other,6400,28,41637.65,0.0005715800784279473
2005,Other,6420,163,250439.86,0.0034379085952325394
2005,Other,6440,288,401887.73,0.005516906459241328
2005,Other,6515,93,143802.48,0.0019740459126903974
2005,Other,6520,64,91699.59,0.001258804443670827
2005,Other,6530,19,25842.92,0.0003547582113881827
2005,Other,6600,34,61041.56,0.0008379468978716198
2005,Other,6660,53,75366.99,0.0010345989760488002
2005,Other,6700,17,27354.19,0.0003755041426577382
2005,Other,6710,6,9131.47,0.0001253520873239111
2005,Other,6720,14,22534.19,0.0003093376808611981
2005,Other,6730,66,84739.1,0.0011632544445691262
2005,Other,6740,5,6344.25,8.70905757785683e-05
2005,Other,6765,22,31421.21,0.00043133408528341544
2005,Other,6800,29,31960.73,0.00043874033621048373
2005,Other,6820,11,14931.52,0.00020497216756105267
2005,Other,6830,6,4843.5,6.648905761650244e-05
2005,Other,6840,46,36125.03,0.0004959056882559883
2005,Other,6940,28,32475.35,0.0004458047728432089
2005,Other,7000,217,315298.91,0.0043282600172211035
2005,Other,7010,160,234489.46,0.0032189497711164537
2005,Other,7020,118,167340.47,0.0022971632396825846
2005,Other,7030,9,14872.99,0.0002041686980571208
2005,Other,7040,18,17465.59,0.00023975856711390707
2005,Other,7100,11,15518.91,0.0002130355530371252
2005,Other,7110,12,19008.31,0.0002609362276829441
2005,Other,7120,12,12152.42,0.00016682212316711812
2005,Other,7130,30,53064.5,0.0007284419526976141
2005,Other,7140,98,137040.44,0.001881220132332166
2005,Other,7150,59,84604.09,0.0011614010972647378
2005,Other,7160,7,15595.32,0.00021408446991386245
2005,Other,7200,394,547474.72,0.007515449200301133
2005,Other,7210,188,278367.45,0.00382128407589736
2005,Other,7220,125,160545.38,0.002203883766054151
2005,Other,7240,28,44451.47,0.0006102067409865242
2005,Other,7260,22,35570.6,0.0004882947605767651
2005,Other,7300,13,15774.15,0.0002165393554663677
2005,Other,7315,149,219630.05,0.003014967492260826
2005,Other,7320,18,31904.86,0.00043797338180787533
2005,Other,7330,260,369715.52999999997,0.0050752631724756345
2005,Other,7340,253,347593.24,0.004771579841326884
2005,Other,7350,29,45116.38,0.0006193342808440215
2005,Other,7360,36,50336.44,0.0006909925589696744
2005,Other,7410,69,93412.34,0.0012823161879534047
2005,Other,7420,86,116627.76,0.0016010054411734528
2005,Other,7430,31,49969.43,0.000685954435910764
2005,Other,7510,26,36424.47,0.000500016245376394
2005,Other,7540,10,15652.15,0.0002148646026989034
2005,Other,7560,6,6289.1,8.633350516278425e-05
2005,Other,7610,14,22597.15,0.00031020196310906333
2005,Other,7630,92,122121.16,0.0016764159891471278
2005,Other,7700,509,709146.27,0.009734792444421967
2005,Other,7710,8,11358.08,0.00015591783535312152
2005,Other,7720,103,151206.1,0.002075678970758053
2005,Other,7730,8,14975.26,0.0002055726076106337
2005,Other,7740,13,21178.47,0.0002907270593701597
2005,Other,7750,570,852515.14,0.011702885983772199
2005,Other,7800,69,101906.88,0.0013989248303577992
2005,Other,7810,176,193268.06,0.0026530837569463507
2005,Other,7830,3,3115.3,4.276522374165171e-05
2005,Other,7840,25,29485.2,0.0004047575434363782
2005,Other,7850,3,2647.3,3.634076230580508e-05
2005,Other,7900,39,50404.41,0.0006919256159008593
2005,Other,7920,3,2888.39,3.965032086898513e-05
2005,Other,7930,5,10989.99,0.00015086488661397452
2005,Other,7940,6,7778.78,0.00010678306010242527
2005,Other,7950,101,157452.45,0.0021614256260781397
2005,Other,8030,208,319141.06,0.004381003061036784
2005,Other,8040,14,30618.81,0.0004203191539669126
2005,Other,8100,37,47770.11,0.000655763310857161
2005,Other,8130,50,87552.51,0.0012018754788602056
2005,Other,8140,285,383130.67,0.005259419261335642
2005,Other,8220,281,409974.51,0.005627917583707517
2005,Other,8250,20,22061.57,0.00030284979845989504
2005,Other,8255,152,238804.12,0.0032781791873104497
2005,Other,8256,19,26255.61,0.00036042340581117325
2005,Other,8300,67,85342.54,0.001171538156126492
2005,Other,8310,23,27019.04,0.00037090337716580657
2005,Other,8320,134,177739.29,0.002439912850939659
2005,Other,8330,8,8948.3,0.00012283762450082558
2005,Other,8350,22,37476.63,0.0005144597525224205
2005,Other,8400,10,17034.09,0.00023383515876012966
2005,Other,8410,5,9824.17,0.00013486111389786616
2005,Other,8420,9,14949.42,0.0002052178894834921
2005,Other,8450,30,55921.78,0.0007676652116108957
2005,Other,8460,13,18143.65,0.0002490666233557664
2005,Other,8500,53,78867.74,0.00108265545761192
2005,Other,8510,12,20604.65,0.0002828499558207633
2005,Other,8530,40,56514.729999999996,0.0007758049218852233
2005,Other,8540,10,10548.24,0.00014480077157276675
2005,Other,8550,11,16470.71,0.00022610137011968675
2005,Other,8600,31,41224.64,0.0005659104912108127
2005,Other,8610,59,66698.72,0.0009156054582485731
2005,Other,8620,49,80390.38,0.0011035574703484104
2005,Other,8630,30,29122.899999999998,0.0003997840768162772
2005,Other,8640,32,39153.3,0.0005374762092652431
2005,Other,8650,49,77132.75,0.0010588384141363226
2005,Other,8710,42,66833.98,0.0009174622374233863
2005,Other,8720,25,34363.89,0.00047172967113392214
2005,Other,8730,9,11378.01,0.00015619142406341302
2005,Other,8740,367,530200.23,0.007278313954940197
2005,Other,8750,20,20191.35,0.0002771763876339355
2005,Other,8760,43,62600.57,0.0008593481791175584
2005,Other,8800,150,192220.67,0.002638705729888036
2005,Other,8810,91,134467.88999999998,0.0018459054992834751
2005,Other,8830,12,24082.63,0.00033059386262556214
2005,Other,8850,6,7043.27,9.668636003687068e-05
2005,Other,8910,3,5551.9,7.621360565315574e-05
2005,Other,8920,15,26986.64,0.00037045860675870946
2005,Other,8930,26,30574.87,0.00041971596842099143
2005,Other,8940,12,22244.43,0.0003053600057636534
2005,Other,8950,11,12813.65,0.00017589914589195756
2005,Other,8965,529,761735.66,0.010456712333288844
2005,Other,9000,145,200142.0,0.0027474456425068713
2005,Other,9030,69,88677.79,0.0012173227394681745
2005,Other,9040,19,23636.4,0.000324468248466336
2005,Other,9050,45,76269.88,0.001046993382001389
2005,Other,9110,11,13196.06,0.0001811486721690561
2005,Other,9120,166,246918.28,0.0033895661702255976
2005,Other,9130,1574,2340802.49,0.032133323346023
2005,Other,9140,64,96489.26,0.00132455455094739
2005,Other,9150,15,20235.22,0.0002777786122561376
2005,Other,9200,28,35379.06,0.00048566539873184613
2005,Other,9240,18,25115.39,0.0003447710566265984
2005,Other,9260,10,15872.49,0.00021788931601679753
2005,Other,9300,8,14524.11,0.00019937945424144097
2005,Other,9310,17,30276.219999999998,0.000415616256011129
2005,Other,9350,15,23798.27,0.00032669031592920026
2005,Other,9360,25,31835.17,0.00043701671360816554
2005,Other,9410,32,46765.7,0.0006419752909623347
2005,Other,9420,10,16718.68,0.00022950537375696645
2005,Other,9510,27,45309.89,0.0006219906858278905
2005,Other,9520,23,25539.38,0.00035059137159280484
2005,Other,9560,6,6207.52,8.521361720565526e-05
2005,Other,9600,250,382181.05,0.005246383370163188
2005,Other,9610,111,161173.91,0.0022125119001273827
2005,Other,9620,626,943524.46,0.012952214758649603
2005,Other,9630,17,25498.53,0.0003500306039653383
2005,Other,9640,162,240078.29,0.00329567033266881
2005,Other,9650,17,17980.52,0.0002468272592659594
2005,Other,9720,31,56686.17,0.0007781583613479616
2005,Other,9750,23,30498.78,0.0004186714443383983
2005,Tech,110,258,383433.36,0.13062365320342972
2005,Tech,1006,405,624907.18,0.21288616818487896
2005,Tech,1010,283,440916.6,0.1502063801909029
2005,Tech,1020,465,698884.78,0.2380880034326572
2005,Tech,1030,156,255428.81,0.08701653996826135
2005,Tech,1050,169,253048.72,0.08620571836746753
2005,Tech,1060,40,56661.77,0.019302878065623967
2005,Tech,1105,111,157776.74,0.05374955942625258
2005,Tech,1400,45,64347.31,0.021921099160525797
2006,Finance,120,601,912374.76,0.24697788655993483
2006,Finance,800,885,1371514.49,0.3712660246394002
2006,Finance,820,30,45667.96,0.012362218617603627
2006,Finance,830,18,25516.91,0.006907372693365681
2006,Finance,840,35,47461.59,0.01284775040354485
2006,Finance,850,130,201788.8,0.05462379445422775
2006,Finance,860,65,93153.73,0.025216514495178272
2006,Finance,900,3,5306.74,0.0014365231121946736
2006,Finance,910,268,397965.23,0.10772833241215306
2006,Finance,950,28,42613.21,0.01153530435819452
2006,Finance,4810,197,289688.31,0.07841800288832983
2006,Finance,4820,163,261103.94,0.07068027536587271
2006,Healthcare,350,295,424779.77,0.08841348535543404
2006,Healthcare,3000,4,2326.61,0.00048425964156157065
2006,Healthcare,3010,17,38865.63,0.008089476127440622
2006,Healthcare,3030,37,57580.590000000004,0.011984800148844782
2006,Healthcare,3040,6,9912.82,0.0020632502482428807
2006,Healthcare,3050,112,153769.52,0.03200552419111701
2006,Healthcare,3060,348,500872.37,0.10425136759675853
2006,Healthcare,3110,42,58523.97,0.012181154871233302
2006,Healthcare,3140,3,4405.46,0.000916950619362006
2006,Healthcare,3150,32,40848.96,0.008502285612011868
2006,Healthcare,3160,95,135895.2,0.028285170631063204
2006,Healthcare,3200,5,6615.71,0.001376991138727719
2006,Healthcare,3210,10,15831.95,0.0032952555143409114
2006,Healthcare,3220,46,65295.520000000004,0.013590582483001606
2006,Healthcare,3230,41,51963.55,0.010815671770200744
2006,Healthcare,3245,41,71973.16,0.01498046370627375
2006,Healthcare,3250,22,30221.47,0.006290284246033396
2006,Healthcare,3255,1115,1608474.7,0.3347872577195382
2006,Healthcare,3300,164,253542.9,0.05277231417146885
2006,Healthcare,3310,28,44433.4,0.00924834946869561
2006,Healthcare,3320,128,165088.58,0.034361468650400656
2006,Healthcare,3400,66,104058.43,0.021658678512195762
2006,Healthcare,3420,143,236839.4,0.0492956546011826
2006,Healthcare,3500,347,492168.18,0.10243968109601977
2006,Healthcare,3510,54,64238.08,0.013370487359464413
2006,Healthcare,3520,27,43286.7,0.009009675805735915
2006,Healthcare,3535,59,87537.46,0.018220010660493304
2006,Healthcare,3540,25,35118.01,0.007309448053157019
2006,Other,10,660,989930.2,0.013242562414304479
2006,Other,20,546,770913.56,0.010312717941460582
2006,Other,40,35,67717.34,0.0009058730620408158
2006,Other,50,475,716820.55,0.009589101204540549
2006,Other,60,25,29547.69,0.00039526739261366134
2006,Other,100,62,94894.31,0.0012694266958795254
2006,Other,136,168,245352.32,0.0032821439441835447
2006,Other,140,142,217090.35,0.0029040759736577433
2006,Other,150,79,104434.59,0.0013970495862105211
2006,Other,160,130,202743.95,0.002712160324028529
2006,Other,205,51,57427.91,0.0007682285907613086
2006,Other,220,351,508627.91,0.006804052289577832
2006,Other,230,422,594172.72,0.007948408210474898
2006,Other,300,62,86368.36,0.0011553727706469794
2006,Other,310,343,498342.93,0.006666467347144645
2006,Other,330,2,1924.17,2.5740139376222942e-05
2006,Other,340,73,87863.27,0.0011753705836026484
2006,Other,360,7,9173.09,0.00012271089098709413
2006,Other,410,176,279364.38,0.0037371324144707114
2006,Other,420,208,237990.92,0.003183668517373997
2006,Other,430,1498,2271523.86,0.030386785342675502
2006,Other,500,9,11187.52,0.00014965846264845708
2006,Other,510,3,1346.8,1.801650566836457e-05
2006,Other,520,95,150824.68,0.0020176222914681263
2006,Other,530,159,236099.5,0.0031583664835521537
2006,Other,540,168,257482.34,0.0034444104827099594
2006,Other,565,98,134105.94,0.001793971211888446
2006,Other,600,56,87420.97,0.0011694538175964725
2006,Other,630,429,624479.56,0.008353830956725433
2006,Other,700,29,41608.69,0.0005566106320450136
2006,Other,710,223,348489.37,0.004661835988988564
2006,Other,725,13,20431.02,0.00027331124713429603
2006,Other,735,57,104786.32,0.001401754772978218
2006,Other,740,108,151939.49,0.00203253540453922
2006,Other,810,48,76452.19,0.0010227214987332085
2006,Other,930,34,58086.8,0.0007770427394246802
2006,Other,940,27,41752.57,0.0005585353534851414
2006,Other,1200,20,26743.29,0.00035775217988990015
2006,Other,1220,61,82074.16,0.0010979281028113013
2006,Other,1240,19,28633.68,0.00038304043512484205
2006,Other,1300,92,135161.55,0.001808092390644447
2006,Other,1310,18,23142.2,0.0003095794308571626
2006,Other,1320,71,113956.78,0.0015244304817482732
2006,Other,1340,3,5206.299999999999,6.964607474102053e-05
2006,Other,1350,44,65438.33,0.0008753861325908163
2006,Other,1360,213,332503.3,0.004447986032966977
2006,Other,1410,196,318893.71,0.004265926888788838
2006,Other,1420,19,22783.47,0.00030478060320761373
2006,Other,1430,94,139356.23,0.0018642057526855635
2006,Other,1440,6,4332.17,5.795260273338205e-05
2006,Other,1450,20,36801.64,0.0004923054318867778
2006,Other,1460,162,258925.26,0.0034637128114588436
2006,Other,1520,16,31108.44,0.0004161459649494944
2006,Other,1530,199,300667.47,0.004022109576438843
2006,Other,1540,79,108265.49,0.0014482965653944667
2006,Other,1550,213,313231.64,0.004190183856230421
2006,Other,1560,29,41774.63,0.0005588304560356643
2006,Other,1600,13,9090.460000000001,0.00012160552726317301
2006,Other,1610,61,96519.32,0.0012911648915107617
2006,Other,1640,20,31506.18,0.00042146663985633687
2006,Other,1650,82,152867.47,0.002044949242473679
2006,Other,1700,9,10966.7,0.00014670449414408505
2006,Other,1710,6,3610.53,4.82990304505497e-05
2006,Other,1720,61,95854.31,0.0012822688739621137
2006,Other,1740,60,87139.78,0.0011656922633724693
2006,Other,1760,67,94176.71,0.0012598271677627907
2006,Other,1800,21,13564.93,0.00018146171535192204
2006,Other,1820,64,102648.21,0.0013731527007072148
2006,Other,1840,15,34407.63,0.0004602801165206347
2006,Other,1860,23,27116.170000000002,0.0003627402958934789
2006,Other,1900,18,26791.66,0.0003583992383834989
2006,Other,1910,10,14937.2,0.0001998189400575403
2006,Other,1920,36,60172.1,0.0008049383581284524
2006,Other,1930,21,32511.969999999998,0.00043492136307892696
2006,Other,1965,44,58536.79,0.000783062376628205
2006,Other,2000,335,484635.44,0.006483098568347459
2006,Other,2010,388,547260.54,0.007320851366930692
2006,Other,2016,185,253212.97,0.00338729797245948
2006,Other,2040,223,309524.1,0.0041405870969300875
2006,Other,2050,17,25671.78,0.00034341830255940614
2006,Other,2060,40,62028.56,0.0008297727226317878
2006,Other,2100,359,524192.75,0.007012267338647618
2006,Other,2145,157,241971.09,0.0032369123214770965
2006,Other,2160,112,183987.41,0.002461249046014788
2006,Other,2200,509,734053.93,0.009819636761754003
2006,Other,2300,231,325901.79,0.00435967585897324
2006,Other,2310,1214,1839473.51,0.02460713166002485
2006,Other,2320,574,804651.9,0.01076404478572195
2006,Other,2330,168,229324.88,0.0030677405705502115
2006,Other,2340,199,296145.92,0.003961623586533294
2006,Other,2400,25,35220.43,0.0004711531606305595
2006,Other,2430,94,150500.29,0.002013282839230407
2006,Other,2440,7,9553.25,0.0001277963935077991
2006,Other,2540,275,367104.92,0.004910861205869113
2006,Other,2550,33,37000.42,0.0004949645653860037
2006,Other,2600,34,61773.6,0.0008263620541693538
2006,Other,2630,303,506494.53,0.006775513491788424
2006,Other,2710,46,74250.71,0.0009932717089360663
2006,Other,2720,51,81615.08,0.001091786866234057
2006,Other,2740,2,3542.0699999999997,4.738322262603511e-05
2006,Other,2750,22,44226.81,0.0005916339271299991
2006,Other,2760,6,11076.82,0.00014817759898830862
2006,Other,2800,18,25414.77,0.0003399802106958582
2006,Other,2810,38,57774.99,0.0007728715732289176
2006,Other,2825,60,93322.2,0.001248396157769715
2006,Other,2830,87,141890.08,0.0018981017453257366
2006,Other,2840,30,42014.07,0.0005620335092857632
2006,Other,2850,45,62034.19,0.0008298480366553347
2006,Other,2860,20,30704.82,0.0004107466317018962
2006,Other,2900,30,41297.43,0.0005524468233471109
2006,Other,2910,22,50193.1,0.0006714465924137138
2006,Other,2920,10,23732.07,0.0003174702804254713
2006,Other,3600,747,1107464.31,0.014814847801177946
2006,Other,3610,4,5928.360000000001,7.930526547676403e-05
2006,Other,3620,30,53856.97,0.0007204591663839774
2006,Other,3630,12,24886.56,0.00033291420352397905
2006,Other,3640,85,111223.52,0.0014878669279295071
2006,Other,3645,327,466217.2,0.0062367128203809465
2006,Other,3700,33,46586.63,0.0006232018736746384
2006,Other,3710,83,118799.55,0.001589213517949332
2006,Other,3720,38,48078.28,0.0006431560767339018
2006,Other,3730,48,61841.73,0.0008272734474951525
2006,Other,3740,180,246200.84,0.0032934948243362925
2006,Other,3750,16,17497.07,0.0002340630092328272
2006,Other,3800,253,392343.25,0.005248481131251543
2006,Other,3820,88,130195.92,0.0017416658231941937
2006,Other,3840,6,7157.85,9.575248373797397e-05
2006,Other,3850,384,554014.96,0.0074112070591021454
2006,Other,3900,4,6739.37,9.015436427547233e-05
2006,Other,3910,40,60157.06,0.0008047371640051586
2006,Other,3930,340,538612.41,0.00720516300699176
2006,Other,3940,7,6488.1,8.679305793504319e-05
2006,Other,3955,21,22301.34,0.0002983310205836988
2006,Other,4000,151,266951.49,0.0035710818479086485
2006,Other,4010,250,352577.77,0.004716527614897787
2006,Other,4020,605,841779.16,0.011260706123887116
2006,Other,4030,143,183361.81,0.0024528802266309676
2006,Other,4040,90,158701.85,0.0021229973122252332
2006,Other,4050,58,84859.45999999999,0.0011351878097002944
2006,Other,4060,15,22630.35,0.00030273227580344085
2006,Other,4110,309,484898.09,0.006486612108007242
2006,Other,4120,52,74179.47,0.0009923187123041875
2006,Other,4130,83,112180.46,0.0015006681715694573
2006,Other,4140,54,74674.15,0.0009989361796519944
2006,Other,4150,14,22772.66,0.0003046359949314962
2006,Other,4200,135,185407.63,0.0024802477107610937
2006,Other,4210,76,108663.02,0.0014536144310748535
2006,Other,4220,852,1151789.45,0.015407797115152591
2006,Other,4230,515,684942.61,0.009162661431221727
2006,Other,4240,23,29299.71,0.00039195009748770277
2006,Other,4250,310,509641.58,0.0068176124256788505
2006,Other,4300,57,78121.5,0.001045052307373881
2006,Other,4320,20,29440.75,0.00039383682748433637
2006,Other,4340,8,13322.29,0.00017821585484154785
2006,Other,4350,20,25784.05,0.00034492016853162716
2006,Other,4400,63,72926.5,0.0009755573957707075
2006,Other,4410,2,3246.8,4.343331645682068e-05
2006,Other,4420,6,11270.74,0.00015077171896099145
2006,Other,4430,23,35144.95,0.000470143444378816
2006,Other,4460,3,3438.73,4.600081566451983e-05
2006,Other,4465,11,10217.2,0.00013667823115148093
2006,Other,4500,21,39337.94,0.0005262341988355995
2006,Other,4510,140,212783.69,0.0028464646250523683
2006,Other,4520,69,111632.74,0.0014933411738825872
2006,Other,4530,28,41057.85,0.000549241897279375
2006,Other,4540,7,5646.2699999999995,7.553167171080844e-05
2006,Other,4600,175,247859.05,0.003315677145292885
2006,Other,4610,236,318510.12,0.004260795502236026
2006,Other,4620,75,100016.20999999999,0.001337943729130785
2006,Other,4640,20,28230.43,0.0003776460514667131
2006,Other,4650,20,25849.24,0.000345792232687048
2006,Other,4700,1306,1919510.6,0.025677809329808347
2006,Other,4710,540,779191.49,0.010423454036476414
2006,Other,4720,545,825979.45,0.01104934915568581
2006,Other,4740,41,59009.33,0.0007893836712439824
2006,Other,4750,79,116038.89,0.0015522834269644586
2006,Other,4760,20,41715.85,0.0005580441401734825
2006,Other,4800,97,155862.08,0.0020850089455027414
2006,Other,4830,45,59334.33,0.000793731283615692
2006,Other,4840,731,1159574.3,0.015511937146450758
2006,Other,4850,1180,1871378.94,0.025033939174463973
2006,Other,4900,10,18102.75,0.00024216535342143355
2006,Other,4920,259,446306.83,0.0059703664482661295
2006,Other,4930,14,26857.66,0.00035928213812667686
2006,Other,4940,39,56598.69,0.0007571358918970963
2006,Other,4950,33,54404.48,0.0007277833548443919
2006,Other,4965,69,112135.55,0.0015000673984260312
2006,Other,5000,852,1260618.21,0.016863628694764328
2006,Other,5010,19,24992.07,0.0003343256391588685
2006,Other,5020,20,21916.92,0.0002931885308977523
2006,Other,5030,5,10401.03,0.00013913737448160822
2006,Other,5100,96,128300.31,0.0017163077386159278
2006,Other,5110,214,300778.77,0.004023598466460294
2006,Other,5120,578,844501.54,0.011297124133020945
2006,Other,5130,9,7176.280000000001,9.5999026802622e-05
2006,Other,5140,83,114968.6,0.0015379658699019446
2006,Other,5150,9,13720.41,0.0001835416131105479
2006,Other,5160,140,210351.85,0.0028139332476061585
2006,Other,5200,5,3230.14,4.3210451158012426e-05
2006,Other,5220,46,71505.11,0.0009565430796198635
2006,Other,5230,28,35854.74,0.0004796384960259414
2006,Other,5240,813,1215886.33,0.016265238310463316
2006,Other,5250,40,51000.76,0.0006822508773618215
2006,Other,5260,139,199507.84,0.0026688700105755654
2006,Other,5300,40,59110.99,0.0007907436043938531
2006,Other,5310,53,70447.64,0.0009423970191438273
2006,Other,5320,33,49109.04,0.0006569448303593276
2006,Other,5330,80,122404.49,0.0016374377694670882
2006,Other,5340,13,20200.85,0.0002702322011663071
2006,Other,5350,51,63505.89,0.0008495353632013193
2006,Other,5360,23,35093.41,0.0004694539799430071
2006,Other,5400,437,666520.72,0.008916226856223964
2006,Other,5410,52,75809.05,0.0010141180420540044
2006,Other,5420,65,83849.79000000001,0.0011216811826746207
2006,Other,5500,12,25061.07,0.00033524867070855457
2006,Other,5510,111,164953.84,0.002206631863215401
2006,Other,5520,155,211591.43,0.0028305154425099237
2006,Other,5530,23,36314.58,0.00048578989932750123
2006,Other,5540,102,158168.66,0.0021158646862545504
2006,Other,5550,186,281862.18,0.0037705461565693456
2006,Other,5560,59,77898.13,0.001042064226833977
2006,Other,5600,146,207089.19,0.002770287767665598
2006,Other,5610,260,401508.82,0.00537109142517699
2006,Other,5620,457,712569.6900000001,0.009532236307536223
2006,Other,5630,27,46911.27,0.0006275446702295669
2006,Other,5700,1461,2186164.3,0.02924490756083031
2006,Other,5800,71,110995.63,0.0014848183821344644
2006,Other,5810,215,312113.84,0.0041752307451255076
2006,Other,5820,92,137070.93,0.001833634680214585
2006,Other,5840,117,178059.36,0.002381947927491363
2006,Other,5850,43,57131.43,0.0007642624980968026
2006,Other,5860,379,558848.49,0.00747586648933916
2006,Other,5900,17,25187.25,0.00033693661449028475
2006,Other,5910,8,13989.51,0.00018714143615432348
2006,Other,5920,17,27958.16,0.00037400382248072733
2006,Other,5940,291,449147.37,0.006008365115485624
2006,Other,6005,24,23576.68,0.0003153915866210407
2006,Other,6010,12,15408.54,0.00020612418195071447
2006,Other,6040,45,55747.8,0.000745753307617207
2006,Other,6050,281,340558.68,0.004555745016803353
2006,Other,6100,2,2019.9699999999998,2.7021681730714565e-05
2006,Other,6120,3,3060.61,4.094260277224034e-05
2006,Other,6130,22,24192.57,0.0003236305127244629
2006,Other,6200,414,580291.36,0.007762713525945193
2006,Other,6210,17,27189.16,0.0003637167027458206
2006,Other,6220,84,143749.06,0.001922969820546539
2006,Other,6230,557,829796.63,0.011100412598741326
2006,Other,6240,78,117798.27,0.0015758191262091924
2006,Other,6250,49,77954.36,0.001042816430660627
2006,Other,6260,580,924528.01,0.012367659736209397
2006,Other,6300,7,12873.58,0.00017221334054213304
2006,Other,6320,204,240774.39,0.0032209037438610203
2006,Other,6330,108,150496.18,0.0020132278586554903
2006,Other,6355,424,617948.16,0.00826645866304979
2006,Other,6360,28,41411.07,0.0005539670161776374
2006,Other,6400,23,35419.04,0.00047381001999408334
2006,Other,6420,187,303490.5,0.00405987400768102
2006,Other,6440,296,423056.16,0.005659335985058322
2006,Other,6460,1,3389.76,4.534573080961946e-05
2006,Other,6515,79,157643.65,0.0021088414863429466
2006,Other,6520,47,73984.97,0.0009897168335155798
2006,Other,6530,39,60521.55,0.000809613044723203
2006,Other,6600,38,74631.57,0.0009983665755449564
2006,Other,6660,53,72041.93,0.0009637242650764208
2006,Other,6700,17,22257.96,0.00029775071466159184
2006,Other,6710,9,15155.61,0.0002027406693440175
2006,Other,6720,9,11232.21,0.00015025629279273922
2006,Other,6730,58,68192.53,0.0009122298064190088
2006,Other,6740,13,13651.72,0.00018262272851420105
2006,Other,6765,24,27082.53,0.0003622902845698348
2006,Other,6800,33,38935.15,0.0005208459687211351
2006,Other,6820,15,24696.41,0.00033037051585480806
2006,Other,6830,2,305.45,4.086086765965219e-06
2006,Other,6840,51,44040.05,0.0005891355884021823
2006,Other,6940,24,28071.71,0.0003755228113570585
2006,Other,7000,189,286074.04,0.003826889340089065
2006,Other,7010,132,213904.6,0.002861459339463362
2006,Other,7020,104,143904.68,0.0019250515911228019
2006,Other,7030,15,13503.95,0.00018064596949830098
2006,Other,7040,10,14547.13,0.00019460086880267023
2006,Other,7100,12,20046.27,0.0002681643429496337
2006,Other,7110,12,22529.010000000002,0.0003013766233795977
2006,Other,7120,27,43611.1,0.0005833974089349674
2006,Other,7130,17,31711.32,0.0004242108527853599
2006,Other,7140,76,118486.11,0.0015850205468053667
2006,Other,7150,46,73635.8,0.0009850458925561032
2006,Other,7160,3,4736.799999999999,6.336544702250467e-05
2006,Other,7200,375,580800.64,0.007769526301418006
2006,Other,7210,208,297049.58,0.003973712089289661
2006,Other,7220,127,138992.05,0.001859334018920858
2006,Other,7240,20,28514.97,0.00038145241954131695
2006,Other,7260,34,46931.28,0.0006278123493789759
2006,Other,7300,13,20101.52,0.0002689034370528243
2006,Other,7315,179,261189.45,0.0034940014897846933
2006,Other,7320,18,24474.87,0.00032740691571687405
2006,Other,7330,253,380892.88,0.005095306453489535
2006,Other,7340,255,364085.61,0.004870471084299801
2006,Other,7350,29,49978.58,0.0006685769007030087
2006,Other,7360,34,52720.78,0.0007052600473051689
2006,Other,7410,66,67795.53,0.000906919030691105
2006,Other,7420,121,180425.52,0.0024136006859204226
2006,Other,7430,26,40256.9,0.0005385273738051572
2006,Other,7510,26,30211.94,0.00040415324343799397
2006,Other,7540,6,7647.549999999999,0.00010230333228697762
2006,Other,7560,7,6897.72,9.227265479565761e-05
2006,Other,7610,10,19998.42,0.0002675242406358296
2006,Other,7630,87,136125.27,0.0018209843321671053
2006,Other,7700,561,828728.41,0.011086122732625303
2006,Other,7710,2,3872.1,5.179812265998994e-05
2006,Other,7720,98,159011.46,0.002127139048429556
2006,Other,7730,14,20672.87,0.0002765465396022898
2006,Other,7740,13,19221.100000000002,0.0002571258220242072
2006,Other,7750,506,736679.76,0.009854763195581713
2006,Other,7800,61,96428.31,0.0012899474262739947
2006,Other,7810,149,168833.84,0.002258535666299196
2006,Other,7830,4,4738.26,6.338497783500528e-05
2006,Other,7840,43,52153.34,0.0006976692498768522
2006,Other,7850,3,7179.84,9.604664987967826e-05
2006,Other,7900,26,39861.27,0.0005332349249355588
2006,Other,7920,9,15819.7,0.00021162437980533637
2006,Other,7930,4,7597.11,0.00010162858284688829
2006,Other,7940,5,6794.13,9.08869035169333e-05
2006,Other,7950,110,161687.81,0.0021629413018788637
2006,Other,8030,193,291936.75,0.0039053163878667438
2006,Other,8040,14,22785.12,0.00030480267570119315
2006,Other,8100,37,66036.17,0.0008833835989917481
2006,Other,8130,47,78820.65,0.0010544050248805909
2006,Other,8140,282,387933.11,0.005189485502867015
2006,Other,8220,273,415054.45,0.0055522949592403765
2006,Other,8250,33,42058.47,0.0005626274600220829
2006,Other,8255,128,190565.68,0.002549248332280776
2006,Other,8256,27,33448.409999999996,0.0004474483727077384
2006,Other,8300,96,126618.45999999999,0.0016938091790240513
2006,Other,8310,31,48391.45,0.0006473454360152812
2006,Other,8320,132,201215.18,0.0026917095567500723
2006,Other,8330,7,10328.53,0.00013816752249099607
2006,Other,8350,17,22794.65,0.00030493016107320054
2006,Other,8400,13,21117.7,0.0002824971500986208
2006,Other,8410,10,17690.6,0.00023665191207066397
2006,Other,8420,10,18848.38,0.0002521398463836423
2006,Other,8450,12,18737.11,0.0002506513576802573
2006,Other,8460,4,6801.87,9.099044357772417e-05
2006,Other,8500,37,54151.46,0.0007243986382834996
2006,Other,8510,4,6077.639999999999,8.13022241686065e-05
2006,Other,8530,31,55711.43,0.0007452667763496406
2006,Other,8540,13,15172.8,0.00020297062459530884
2006,Other,8550,14,19942.63,0.0002667779228074676
2006,Other,8600,38,52337.090000000004,0.0007001273230254727
2006,Other,8610,58,83247.91,0.001113629672107591
2006,Other,8620,47,55411.78,0.0007412582777429243
2006,Other,8630,30,36738.54,0.0004914613262232243
2006,Other,8640,22,28820.37,0.0003855378374438404
2006,Other,8650,59,82656.06999999999,0.0011057124693196752
2006,Other,8710,46,67979.63,0.0009093817858838181
2006,Other,8720,8,18129.059999999998,0.00024251730936450947
2006,Other,8730,5,6237.469999999999,8.34403130466691e-05
2006,Other,8740,410,615819.38,0.008237981400697026
2006,Other,8750,16,18983.5,0.0002539473829487666
2006,Other,8760,47,66246.87,0.0008862021895354995
2006,Other,8800,138,200272.0,0.002679092384329306
2006,Other,8810,79,122308.06,0.0016361477994332298
2006,Other,8830,19,26705.05,0.00035724063312961036
2006,Other,8850,5,8424.67,0.0001126990754448329
2006,Other,8920,20,28851.21,0.0003859503924147435
2006,Other,8930,38,42352.37,0.000566559039332992
2006,Other,8940,6,10948.22,0.0001464572822159952
2006,Other,8950,10,12763.75,0.0001707441151058719
2006,Other,8965,531,762381.09,0.010198576796435224
2006,Other,9000,112,174440.75,0.002333540808708618
2006,Other,9030,57,84786.06,0.0011342059181677299
2006,Other,9040,23,35869.15,0.0004798312624698686
2006,Other,9050,47,75290.68000000001,0.0010071836672074718
2006,Other,9110,4,9856.67,0.0001318553244180272
2006,Other,9120,164,253189.02,0.0033869775868708572
2006,Other,9130,1547,2311200.99,0.0309175569773276
2006,Other,9140,112,181288.11,0.0024251397842456933
2006,Other,9150,6,8945.779999999999,0.00011967010400797623
2006,Other,9200,34,38555.79,0.000515771168015499
2006,Other,9240,33,36463.74,0.0004877852527470834
2006,Other,9260,10,8980.36,0.00012013268996432616
2006,Other,9300,7,9087.85,0.00012157061259151097
2006,Other,9310,15,20233.44,0.0002706681663576733
2006,Other,9350,25,41900.55,0.0005605149217274972
2006,Other,9360,21,32794.68,0.0004387032507515609
2006,Other,9410,23,34585.34,0.00046265739096548546
2006,Other,9420,17,25645.99,0.000343073302796125
2006,Other,9510,21,26929.27,0.00036024008434802494
2006,Other,9520,29,29316.32,0.0003921722939230692
2006,Other,9560,5,7700.8,0.0001030156718524962
2006,Other,9600,245,386000.61,0.005163633930841388
2006,Other,9610,100,150857.38999999998,0.0020180598619317525
2006,Other,9620,633,943829.05,0.012625854937104357
2006,Other,9630,10,13138.19,0.00017575309964883482
2006,Other,9640,152,208680.09,0.002791569664656837
2006,Other,9650,15,9986.34,0.00013358995486799512
2006,Other,9720,35,54641.29,0.000730951225877452
2006,Other,9750,23,35383.27,0.00047333151508781855
2006,Tech,110,251,377417.47,0.12444853041431087
2006,Tech,1006,398,622907.73,0.20539576925841388
2006,Tech,1010,282,428054.02,0.14114527800458743
2006,Tech,1020,488,774973.35,0.2555374411199232
2006,Tech,1030,185,297474.09,0.09808823459294148
2006,Tech,1050,152,252338.91,0.08320549262292774
2006,Tech,1060,54,85740.66,0.028271873937772644
2006,Tech,1105,85,140230.05,0.0462390456976603
2006,Tech,1400,34,53583.1,0.01766833435146248
2007,Finance,120,638,921176.49,0.2470717442454015
2007,Finance,800,847,1313939.77,0.35241606177693663
2007,Finance,820,29,38819.35,0.010411864196591389
2007,Finance,830,10,13079.47,0.0035080872143245876
2007,Finance,840,45,71145.72,0.019082225096729234
2007,Finance,850,173,286059.88,0.07672505136364285
2007,Finance,860,50,68499.88,0.018372575739748518
2007,Finance,900,2,5384.18,0.0014441084399919996
2007,Finance,910,260,364871.2,0.097863291983182
2007,Finance,950,25,29413.87,0.007889189796742952
2007,Finance,4810,215,344086.33,0.092288514358523
2007,Finance,4820,156,271900.38,0.07292728578818536
2007,Healthcare,350,310,453583.42,0.08856075928194662
2007,Healthcare,3000,9,10528.22,0.0020556023786922725
2007,Healthcare,3010,15,27519.82,0.005373159703462045
2007,Healthcare,3030,34,54286.27,0.01059922624549363
2007,Healthcare,3040,5,6201.21,0.0012107670647811602
2007,Healthcare,3050,101,152420.43,0.029759617339806636
2007,Healthcare,3060,331,464319.87,0.09065701792383582
2007,Healthcare,3110,57,81673.89,0.015946574308007527
2007,Healthcare,3120,5,5846.88,0.0011415852286453241
2007,Healthcare,3140,2,2531.34,0.0004942363025543632
2007,Healthcare,3150,34,62995.17,0.012299612023506736
2007,Healthcare,3160,94,145565.6,0.028421232992449613
2007,Healthcare,3200,11,15631.75,0.003052050819903358
2007,Healthcare,3210,3,6235.2,0.0012174035071096593
2007,Healthcare,3220,51,71243.47,0.013910067076703522
2007,Healthcare,3230,62,89626.29,0.017499255801774985
2007,Healthcare,3245,34,42529.38,0.008303729851039165
2007,Healthcare,3250,15,20140.739999999998,0.0039324171657338656
2007,Healthcare,3255,1217,1833715.35,0.3580272482247268
2007,Healthcare,3260,3,3214.85,0.0006276895151449013
2007,Healthcare,3300,167,250701.35,0.04894866287001639
2007,Healthcare,3310,41,72822.31,0.014218330701473379
2007,Healthcare,3320,138,193837.21,0.03784611548344103
2007,Healthcare,3400,73,106960.62,0.02088373009857319
2007,Healthcare,3420,190,313474.89,0.06120500232178835
2007,Healthcare,3500,289,419554.99,0.08191681361485727
2007,Healthcare,3510,34,54650.409999999996,0.010670323453775468
2007,Healthcare,3520,24,30594.45,0.0059734716974741975
2007,Healthcare,3535,60,92574.7,0.018074923731335735
2007,Healthcare,3540,28,36740.01,0.007173373271947004
2007,Other,10,692,1047161.75,0.01399427599867391
2007,Other,20,552,816787.35,0.01091555111531286
2007,Other,40,28,45979.68,0.0006144727232929457
2007,Other,50,522,774929.62,0.010356164156900778
2007,Other,60,40,57702.93,0.0007711423076255037
2007,Other,100,49,56760.84,0.0007585522111331607
2007,Other,136,162,258349.12,0.003452579211659064
2007,Other,140,152,225736.59,0.003016745162301328
2007,Other,150,105,167476.77,0.0022381605733273113
2007,Other,160,136,200735.61,0.002682631913457655
2007,Other,205,75,76736.05,0.001025501039116489
2007,Other,220,357,531122.29,0.007097921515284267
2007,Other,230,400,575276.14,0.0076879938353475695
2007,Other,300,59,86447.28,0.001155281975926492
2007,Other,310,323,489053.12,0.006535708871425633
2007,Other,330,9,8161.360000000001,0.00010906846469949586
2007,Other,340,69,95116.9,0.0012711428303586016
2007,Other,360,8,16230.08,0.00021689888787530432
2007,Other,410,177,262270.85,0.0035049892352416474
2007,Other,420,180,243454.85,0.003253532096751774
2007,Other,430,1443,2182237.69,0.029163437767440032
2007,Other,500,12,25182.22,0.0003365353413064659
2007,Other,510,6,2912.98,3.892908244463392e-05
2007,Other,520,77,116751.95,0.0015602737702015725
2007,Other,530,161,244046.53,0.003261439311871974
2007,Other,540,165,255813.63,0.0034186949078713466
2007,Other,565,92,136754.13,0.0018275830254290055
2007,Other,600,62,104591.81,0.0013977655852506663
2007,Other,630,424,603826.92,0.00806954663299074
2007,Other,700,21,30118.66,0.0004025059555032639
2007,Other,710,218,318984.13,0.004262905854245419
2007,Other,725,26,59364.68,0.0007933499447367678
2007,Other,735,59,109919.97,0.0014689711479109661
2007,Other,740,90,121041.75,0.0016176026835037546
2007,Other,810,49,75680.42,0.0010113935933732882
2007,Other,930,36,53639.03,0.0007168323232978571
2007,Other,940,38,51800.82,0.0006922664736728853
2007,Other,1200,14,19752.04,0.000263966382745404
2007,Other,1220,47,64018.29,0.0008555408170926277
2007,Other,1240,31,48939.35,0.0006540257711816746
2007,Other,1300,80,128696.51,0.001719900942720737
2007,Other,1310,17,19655.739999999998,0.0002626794289594465
2007,Other,1320,66,108428.56999999999,0.001449040069236232
2007,Other,1340,12,15330.51,0.00020487702892168317
2007,Other,1350,39,56109.26,0.0007498444920484864
2007,Other,1360,190,274770.3,0.003672031961097156
2007,Other,1410,209,318013.93,0.004249940095542035
2007,Other,1420,25,36353.62,0.0004858299988811775
2007,Other,1430,89,124919.45999999999,0.001669424423538489
2007,Other,1440,11,14351.63,0.00019179527064548378
2007,Other,1450,19,33633.43,0.0004494773631696145
2007,Other,1460,174,294009.51,0.003929144880602139
2007,Other,1520,20,21852.28,0.00029203400288475194
2007,Other,1530,183,265364.69,0.0035463353318267617
2007,Other,1540,88,133130.36000000002,0.0017791549410994217
2007,Other,1550,203,290903.38,0.0038876345403822438
2007,Other,1560,38,54549.93,0.000729005596440418
2007,Other,1600,23,27905.09,0.0003729237925543359
2007,Other,1610,54,74308.73,0.0009930623198669546
2007,Other,1640,27,31751.39,0.00042432576915794987
2007,Other,1650,59,86994.86,0.0011625998383783566
2007,Other,1700,10,17218.63,0.00023010987609034284
2007,Other,1710,7,9409.52,0.0001257488825341855
2007,Other,1720,72,102821.65,0.0013741091562397586
2007,Other,1740,49,61253.01,0.0008185855983467053
2007,Other,1760,64,108814.33,0.0014541953682234692
2007,Other,1800,31,15546.66,0.0002077656588368929
2007,Other,1820,55,69359.1,0.0009269154344298993
2007,Other,1840,17,29909.74,0.00039971394735204664
2007,Other,1860,22,22866.100000000002,0.0003055826995335511
2007,Other,1900,14,21249.71,0.0002839812537382892
2007,Other,1910,11,10011.22,0.00013379000499535456
2007,Other,1920,30,39348.18,0.0005258493169422019
2007,Other,1930,15,18496.31,0.0002471847993846531
2007,Other,1965,58,66192.64,0.0008845988437229135
2007,Other,2000,325,458393.1,0.006125968177588352
2007,Other,2010,399,558427.03,0.007462822226785648
2007,Other,2016,169,235517.51,0.0031474574366953745
2007,Other,2040,227,313566.37,0.0041905028766399295
2007,Other,2050,16,26297.73,0.000351443023734019
2007,Other,2060,32,46859.6,0.0006262319795270024
2007,Other,2100,385,536410.45,0.007168592517701178
2007,Other,2145,166,264285.11,0.003531907818137832
2007,Other,2160,114,183519.5,0.002452555714662646
2007,Other,2200,508,736835.0,0.009847067423426123
2007,Other,2300,249,370102.87,0.004946057006648047
2007,Other,2310,1302,1964790.79,0.02625747607273905
2007,Other,2320,577,828678.8,0.011074468525468867
2007,Other,2330,154,228143.1,0.0030489057765842402
2007,Other,2340,209,334641.79,0.004472154917757714
2007,Other,2400,16,23614.51,0.00031558445532740766
2007,Other,2430,94,132632.4,0.00177250020062948
2007,Other,2440,8,14773.380000000001,0.0001974315402117096
2007,Other,2540,275,395660.7,0.00528761200227999
2007,Other,2550,38,61799.99,0.0008258954423949191
2007,Other,2600,33,57814.2,0.000772629320582549
2007,Other,2630,279,434655.85,0.005808743424154107
2007,Other,2700,3,4590.5599999999995,6.134827177221905e-05
2007,Other,2710,51,76797.8,0.0010263262664922197
2007,Other,2720,54,78673.1,0.0010513877871028735
2007,Other,2750,16,33961.62,0.00045386329632655497
2007,Other,2760,7,11040.7,0.0001475479819794402
2007,Other,2800,11,17513.61,0.00023405199060521012
2007,Other,2810,43,70119.18,0.0009370731481747644
2007,Other,2825,73,104951.14,0.0014025676735570846
2007,Other,2830,77,138508.73,0.0018510315105052348
2007,Other,2840,29,35474.12,0.0004740763555296764
2007,Other,2850,51,71524.5,0.0009558538532057269
2007,Other,2860,37,55572.94,0.0007426771083051355
2007,Other,2900,36,63028.25,0.000842309916508523
2007,Other,2910,33,54486.71,0.0007281607239757427
2007,Other,2920,8,13478.789999999999,0.0001801306315745069
2007,Other,3600,721,1049310.33,0.014022989634867394
2007,Other,3610,2,6060.25,8.098921787485416e-05
2007,Other,3620,28,40450.04,0.0005405745806866987
2007,Other,3630,16,28834.46,0.00038534389888928133
2007,Other,3640,83,119442.62,0.0015962319004535147
2007,Other,3645,327,459574.19,0.006141752271534941
2007,Other,3700,21,28072.079999999998,0.00037515544793042133
2007,Other,3710,99,148960.81,0.0019907131712230937
2007,Other,3720,34,54989.85,0.0007348846899972029
2007,Other,3730,52,74309.41,0.0009930714073910923
2007,Other,3740,181,233387.53,0.0031189923710150673
2007,Other,3750,16,21622.74,0.000288966428928068
2007,Other,3800,216,344591.63,0.00460512464005959
2007,Other,3820,102,155403.9,0.0020768186651874175
2007,Other,3840,3,2813.3100000000004,3.759709195817103e-05
2007,Other,3850,388,572501.06,0.007650907649342017
2007,Other,3900,3,4465.370000000001,5.967523185047442e-05
2007,Other,3910,45,66496.45,0.0008886589624115087
2007,Other,3930,360,529844.57,0.007080846057429712
2007,Other,3940,7,12540.64,0.0001675931892661377
2007,Other,3955,10,12571.56,0.0001680064043342769
2007,Other,4000,166,259823.3,0.0034722801621490194
2007,Other,4010,251,382572.49,0.005112701084202049
2007,Other,4020,600,889518.64,0.011887532517421553
2007,Other,4030,160,210991.05,0.002819685676019017
2007,Other,4040,110,169559.21,0.0022659903141583515
2007,Other,4050,57,91790.55,0.0012266894687187318
2007,Other,4060,21,34199.35,0.00045704032149307264
2007,Other,4110,319,473070.49,0.0063221169068559905
2007,Other,4120,53,71534.39,0.0009559860232259046
2007,Other,4130,50,69336.84,0.0009266179516544536
2007,Other,4140,72,104667.02,0.0013987706921482971
2007,Other,4150,21,33133.22,0.0004427925536859825
2007,Other,4200,125,186532.54,0.0024928219995561155
2007,Other,4210,37,50451.409999999996,0.0006742329502221188
2007,Other,4220,915,1282184.21,0.01713511758415705
2007,Other,4230,492,687037.61,0.009181574800463525
2007,Other,4240,25,35143.29,0.00046965514139667234
2007,Other,4250,330,467505.37,0.0062477446093138584
2007,Other,4300,52,78741.26,0.001052298677757607
2007,Other,4320,36,54876.69,0.0007333724190686573
2007,Other,4340,2,3813.58,5.096470632452231e-05
2007,Other,4350,19,19003.78,0.00025396663155246
2007,Other,4400,64,89863.99,0.001200942909156176
2007,Other,4410,1,464.3,6.204908025130116e-06
2007,Other,4420,7,11570.79,0.00015463210796488327
2007,Other,4430,27,47737.62,0.0006379658441494981
2007,Other,4460,3,4888.34,6.532780550412353e-05
2007,Other,4465,11,14684.19,0.00019623960450901445
2007,Other,4500,15,27168.69,0.00036308253847355663
2007,Other,4510,166,267541.83,0.003575430644034024
2007,Other,4520,63,110247.7,0.0014733509336251078
2007,Other,4530,28,44999.16,0.0006013690480467674
2007,Other,4540,3,6442.65,8.609961380164665e-05
2007,Other,4600,197,250452.16,0.003347044190168365
2007,Other,4610,238,342532.66,0.004577608552451358
2007,Other,4620,77,123395.0,0.0016490515308225945
2007,Other,4640,17,20678.28,0.00027634465974130427
2007,Other,4650,19,26671.05,0.0003564320744855623
2007,Other,4700,1443,2132648.21,0.028500723654982504
2007,Other,4710,480,689082.21,0.00920889884730432
2007,Other,4720,554,811049.9,0.010838875798602151
2007,Other,4740,31,50438.5,0.0006740604209035653
2007,Other,4750,64,100464.25,0.0013426048482956673
2007,Other,4760,922,1450111.6,0.019379300245906252
2007,Other,4800,106,165153.45,0.002207111710710587
2007,Other,4830,35,52704.12,0.0007043381803692024
2007,Other,4840,216,364687.72,0.004873688909098437
2007,Other,4850,618,946632.83,0.012650806900104745
2007,Other,4900,12,19762.38,0.00026410456656831985
2007,Other,4920,244,415229.36,0.00554912769358958
2007,Other,4930,20,36201.57,0.00048379800175599755
2007,Other,4940,34,55003.87,0.0007350720533625106
2007,Other,4950,29,46736.36,0.0006245849994171229
2007,Other,4965,73,112720.02,0.0015063910331484542
2007,Other,5000,926,1359813.54,0.018172556422628886
2007,Other,5010,13,22708.89,0.000303481744136974
2007,Other,5020,20,30045.83,0.0004015326549401146
2007,Other,5030,4,11289.95,0.00015087896049605375
2007,Other,5100,100,160451.37,0.002144273084979801
2007,Other,5110,265,379295.95,0.005068913383705258
2007,Other,5120,588,833476.5,0.011138585017461471
2007,Other,5130,11,14135.01,0.00018890035964741426
2007,Other,5140,78,112250.48,0.00150011609773144
2007,Other,5150,11,14423.22,0.00019275199984108808
2007,Other,5160,143,219209.53,0.0029295174927460713
2007,Other,5200,4,2843.32,3.7998145780773125e-05
2007,Other,5220,54,78656.9,0.0010511712902043012
2007,Other,5230,39,56990.75,0.000761624729772096
2007,Other,5240,805,1228670.95,0.016419966051904464
2007,Other,5250,34,44353.55,0.0005927411120784188
2007,Other,5260,126,180111.36,0.0024070093109651073
2007,Other,5300,32,40152.71,0.0005366010607575323
2007,Other,5310,49,67175.61,0.0008977352607839993
2007,Other,5320,22,36998.92,0.0004944537920076398
2007,Other,5330,65,98545.15,0.0013169579842185032
2007,Other,5340,14,21021.920000000002,0.0002809370667922535
2007,Other,5350,53,85388.54000000001,0.0011411329681243678
2007,Other,5360,23,32749.88,0.0004376695955934704
2007,Other,5400,445,667086.85,0.008914952722428968
2007,Other,5410,67,90482.43000000001,0.001209207745079203
2007,Other,5420,60,79476.56,0.0010621252314316932
2007,Other,5500,6,8215.53,0.00010979239290910453
2007,Other,5510,101,162620.33,0.00217325907961729
2007,Other,5520,149,211069.06,0.002820728202133685
2007,Other,5530,26,34577.19,0.00046208977755211894
2007,Other,5540,94,152074.44,0.0020323237414886243
2007,Other,5550,216,300930.55,0.004021637701274649
2007,Other,5560,51,79586.11,0.0010635892582982732
2007,Other,5600,137,201607.5,0.0026942838567228515
2007,Other,5610,249,364425.73,0.004870187673144305
2007,Other,5620,474,738517.23,0.009869548755382002
2007,Other,5630,35,51299.71,0.000685569636583777
2007,Other,5700,1501,2200830.24,0.02941190871877028
2007,Other,5800,55,104792.93,0.0014004533541544227
2007,Other,5810,163,256255.38,0.0034245984575592666
2007,Other,5820,57,78728.99,0.0010521347014029478
2007,Other,5840,160,229347.8,0.003065005394714488
2007,Other,5850,57,91541.32,0.00122335875748224
2007,Other,5860,428,657963.11,0.008793023005553671
2007,Other,5900,21,33404.64,0.00044641981221749404
2007,Other,5910,5,7574.24,0.00010122218944704185
2007,Other,5920,9,10164.83,0.00013584284997002663
2007,Other,5940,262,398517.15,0.005325785617460656
2007,Other,6005,23,41262.76,0.000551435775711863
2007,Other,6010,17,18615.54,0.00024877818983013285
2007,Other,6040,29,37094.41,0.0004957299209486687
2007,Other,6050,285,369034.6,0.004931780639867935
2007,Other,6100,5,4142.4400000000005,5.535959336553953e-05
2007,Other,6120,4,6979.54,9.327461502846575e-05
2007,Other,6130,20,21536.0,0.0002878072350402804
2007,Other,6200,392,544233.13,0.007273134860819905
2007,Other,6210,12,15356.9,0.00020522970504225862
2007,Other,6220,70,94454.85,0.0012622951901302205
2007,Other,6230,538,754149.92,0.010078464119662364
2007,Other,6240,73,118285.69,0.001580770680893933
2007,Other,6250,39,62828.96,0.0008396466037359015
2007,Other,6260,522,838325.55,0.011203387751166527
2007,Other,6300,12,19858.81,0.0002653932576750683
2007,Other,6320,214,241561.72,0.00322823229591263
2007,Other,6330,60,77716.14,0.001038598967840051
2007,Other,6355,382,559894.52,0.007482433772074896
2007,Other,6360,24,39943.87,0.0005338101217268018
2007,Other,6400,20,33636.59,0.0004495195934288421
2007,Other,6420,174,267327.12,0.003572561258287576
2007,Other,6440,278,408190.58,0.0054550613948406565
2007,Other,6460,1,1578.99,2.110163196769374e-05
2007,Other,6515,68,102777.82,0.0013735234118530662
2007,Other,6520,59,102589.38,0.0013710050985464638
2007,Other,6530,29,54828.57,0.0007327293430958612
2007,Other,6600,34,58317.67,0.0007793576967260173
2007,Other,6660,49,76686.95,0.00102484486641773
2007,Other,6700,17,31513.96,0.00042115275319325754
2007,Other,6710,7,7949.57,0.00010623810185081546
2007,Other,6720,8,7098.25,9.486105619078149e-05
2007,Other,6730,69,91398.78,0.0012214538520549257
2007,Other,6740,10,12676.0,0.00016940214112976386
2007,Other,6765,30,41916.47,0.0005601719601294976
2007,Other,6800,26,33058.57,0.000441794930631759
2007,Other,6820,27,35349.57,0.00047241186857182595
2007,Other,6830,5,4653.42,6.218833319470382e-05
2007,Other,6840,38,28975.37,0.0003872270209866776
2007,Other,6940,30,26529.87,0.00035454534410652317
2007,Other,7000,173,249627.67,0.003336025700791584
2007,Other,7010,129,203285.76,0.002716712133574574
2007,Other,7020,114,163138.57,0.0021801848421306295
2007,Other,7030,11,19867.2,0.000265505381686119
2007,Other,7040,18,21147.87,0.0002826202633586225
2007,Other,7100,18,24107.28,0.00032216983660576944
2007,Other,7110,12,18006.54,0.00024063951012454545
2007,Other,7120,26,51158.38,0.0006836809016038251
2007,Other,7130,18,30110.71,0.00040239971165489046
2007,Other,7140,60,93026.23,0.0012432031037574842
2007,Other,7150,73,102888.83,0.0013750069501685296
2007,Other,7160,8,11872.89,0.00015866937420307367
2007,Other,7200,330,515614.12,0.006890670237041574
2007,Other,7210,183,272549.17,0.0036423487662622274
2007,Other,7220,143,180099.68,0.002406853219374038
2007,Other,7240,20,35816.01,0.0004786453755699774
2007,Other,7260,39,63863.96,0.0008534783500335747
2007,Other,7300,19,20692.83,0.00027653910602983684
2007,Other,7315,179,286754.17,0.0038321844726955105
2007,Other,7320,25,35649.29,0.0004764173284755348
2007,Other,7330,273,397140.77999999997,0.005307391800405845
2007,Other,7340,257,380949.65,0.005091013440567541
2007,Other,7350,21,22424.55,0.00029968182264684804
2007,Other,7360,32,55239.4,0.000738219677715642
2007,Other,7410,60,76149.36,0.0010176605103866514
2007,Other,7420,104,153368.0,0.00204961088519956
2007,Other,7430,36,55730.340000000004,0.0007447806028628687
2007,Other,7510,17,23675.66,0.0003164016642994876
2007,Other,7540,14,19959.5,0.0002667388794477376
2007,Other,7560,6,4881.1,6.523105010007024e-05
2007,Other,7610,11,16846.69,0.00022513926766719636
2007,Other,7630,83,125902.42,0.0016825607069595142
2007,Other,7700,521,751216.48,0.010039261609653237
2007,Other,7710,7,9519.76,0.00012722213056496376
2007,Other,7720,111,155677.7,0.0020804777300534112
2007,Other,7730,5,3174.55,4.24247055162111e-05
2007,Other,7740,14,21786.35,0.00029115291396358714
2007,Other,7750,488,748507.56,0.010003059586290249
2007,Other,7800,91,124746.89,0.0016671181970084512
2007,Other,7810,139,174416.81,0.0023309073101154313
2007,Other,7830,5,4816.85,6.437241270912772e-05
2007,Other,7840,37,46851.31,0.0006261211919165601
2007,Other,7850,1,990.63,1.3238785347694695e-05
2007,Other,7900,27,41020.56,0.0005481990134381465
2007,Other,7920,8,10564.8,0.00014118805148372743
2007,Other,7930,4,5014.8,6.701781771359575e-05
2007,Other,7940,6,7319.610000000001,9.781931257769255e-05
2007,Other,7950,91,138179.12,0.0018466266004596539
2007,Other,8030,217,331473.71,0.004429816677360872
2007,Other,8040,7,12452.56,0.0001664160876101966
2007,Other,8100,38,56706.7,0.0007578286838437346
2007,Other,8130,42,60025.62,0.0008021827509183951
2007,Other,8140,311,450960.35,0.006026636861362235
2007,Other,8220,218,328643.18,0.004391989457217922
2007,Other,8250,21,31206.11,0.00041703864392008007
2007,Other,8255,119,193508.04,0.002586042623999999
2007,Other,8256,18,25064.25,0.00033495878950865284
2007,Other,8300,112,159622.19,0.0021331919184144825
2007,Other,8310,25,43559.47,0.0005821290221266736
2007,Other,8320,107,147163.23,0.0019666903011653436
2007,Other,8330,7,8018.469999999999,0.00010715888187005186
2007,Other,8350,15,20302.46,0.00027132219897454913
2007,Other,8400,6,9499.83,0.00012695578592369553
2007,Other,8410,2,2344.2799999999997,3.1328972184260235e-05
2007,Other,8420,7,8141.67,0.00010880532741968795
2007,Other,8450,19,29608.04,0.0003956820267162901
2007,Other,8460,8,10544.81,0.00014092090500209412
2007,Other,8500,39,68958.21,0.0009215579380306006
2007,Other,8510,9,11991.259999999998,0.0001602512716033206
2007,Other,8530,21,36050.83,0.00048178351147878864
2007,Other,8540,14,20068.93,0.0002682013026335872
2007,Other,8550,8,13826.64,0.00018477930109107272
2007,Other,8600,41,52604.63,0.0007030085954038347
2007,Other,8610,71,108059.93000000001,0.0014441135620331654
2007,Other,8620,42,60303.32,0.0008058939354081185
2007,Other,8630,21,26661.6,0.0003563057846280618
2007,Other,8640,35,50150.86,0.0006702163981933597
2007,Other,8650,61,82985.52,0.0011090189942226918
2007,Other,8710,38,54680.08,0.0007307449218323428
2007,Other,8720,15,25008.25,0.0003342104051679092
2007,Other,8730,7,10413.87,0.00013917102204536242
2007,Other,8740,442,638302.63,0.008530280231205382
2007,Other,8750,20,23051.15,0.00030805570885952637
2007,Other,8760,49,80961.38,0.0010819683749463901
2007,Other,8800,157,217231.95,0.002903089101593074
2007,Other,8810,78,126931.98,0.0016963197530640865
2007,Other,8830,19,29388.61,0.00039274956286112253
2007,Other,8850,6,8795.0,0.00011753643351501049
2007,Other,8910,3,5019.32,6.707822302109863e-05
2007,Other,8920,19,27978.89,0.00037391005620338735
2007,Other,8930,15,21722.91,0.0002903051014175732
2007,Other,8940,4,5550.01,7.417036741019254e-05
2007,Other,8950,4,5469.59,7.309563404086029e-05
2007,Other,8965,528,810715.15,0.010834402197565294
2007,Other,9000,124,179287.34,0.002395997102671186
2007,Other,9030,58,93257.21,0.0012462899218829303
2007,Other,9040,23,28748.0,0.00038418844692319744
2007,Other,9050,48,82791.04000000001,0.0011064199623193377
2007,Other,9110,2,4344.84,5.80644681970845e-05
2007,Other,9120,197,299557.77,0.004003291861001684
2007,Other,9130,1561,2436288.48,0.03255857407082501
2007,Other,9140,94,140791.22,0.001881534720753521
2007,Other,9150,7,11434.82,0.00015281500405754544
2007,Other,9200,36,40889.95,0.0005464535406034227
2007,Other,9240,25,34951.83,0.00046709646879169406
2007,Other,9260,10,22534.62,0.00030115279879659187
2007,Other,9300,12,15880.630000000001,0.000212228835949003
2007,Other,9310,19,33320.86,0.0004453001757877172
2007,Other,9350,13,23238.04,0.0003105533079566975
2007,Other,9360,18,38563.88,0.0005153679269699651
2007,Other,9410,22,39508.4,0.0005279904979970939
2007,Other,9420,13,20397.63,0.00027259405143363087
2007,Other,9510,37,59020.62,0.0007887519248032631
2007,Other,9520,19,32988.58,0.0004408595838458903
2007,Other,9560,3,4920.12,6.575251361749556e-05
2007,Other,9600,273,433636.43,0.005795119889071234
2007,Other,9610,98,137963.38999999998,0.0018437435834269998
2007,Other,9620,636,962068.6900000001,0.012857091827067454
2007,Other,9630,15,28927.32,0.0003865848804943074
2007,Other,9640,144,213243.78,0.002849791173446222
2007,Other,9650,10,8981.470000000001,0.00012002841972962609
2007,Other,9720,26,40684.07,0.000543702159030703
2007,Other,9750,27,37154.81,0.000496537106916185
2007,Tech,110,282,430409.89,0.12956073952365502
2007,Tech,1006,442,703833.79,0.2118660106396182
2007,Tech,1010,275,435618.41,0.1311285931411073
2007,Tech,1020,533,801543.2,0.24127821447633765
2007,Tech,1030,188,288876.5,0.08695676804964943
2007,Tech,1050,204,318355.13,0.09583033994397602
2007,Tech,1060,52,77758.9,0.02340675905134507
2007,Tech,1105,144,207510.7,0.06246427039832035
2007,Tech,1400,41,58163.82,0.017508304775990986
2008,Finance,120,701,965141.94,0.2673542827488823
2008,Finance,800,853,1289652.5,0.35724705853400474
2008,Finance,820,41,54308.68,0.015044065112783896
2008,Finance,830,14,18436.16,0.005107006678669081
2008,Finance,840,39,58002.37,0.016067255381198426
2008,Finance,850,163,255979.18,0.07090887591885918
2008,Finance,860,67,91362.09,0.025308242269928536
2008,Finance,900,7,7806.65,0.002162522655912727
2008,Finance,910,204,287185.85,0.07955344572672708
2008,Finance,950,39,60313.98,0.016707595219238355
2008,Finance,4810,226,319850.73,0.0886019547610338
2008,Finance,4820,121,201933.61,0.05593769499276192
2008,Healthcare,350,299,442706.42,0.08504097681440279
2008,Healthcare,3000,10,15846.3,0.003043969479579878
2008,Healthcare,3010,16,25838.13,0.0049633339725625066
2008,Healthcare,3030,40,68604.34,0.013178440211703743
2008,Healthcare,3040,7,6043.62,0.0011609394512396296
2008,Healthcare,3050,116,180854.82,0.03474101539885731
2008,Healthcare,3060,333,464769.89,0.08927922355298697
2008,Healthcare,3110,45,66559.54,0.012785647648654643
2008,Healthcare,3120,2,5097.32,0.000979161476663455
2008,Healthcare,3140,3,4908.52,0.0009428942447074349
2008,Healthcare,3150,34,61464.39,0.011806903014646616
2008,Healthcare,3160,74,97632.15,0.018754490627197806
2008,Healthcare,3200,7,14188.31,0.002725480560561013
2008,Healthcare,3210,8,11990.15,0.0023032285552832318
2008,Healthcare,3220,54,74489.19,0.014308880995476968
2008,Healthcare,3230,64,90973.14,0.017475338824933732
2008,Healthcare,3245,40,59501.01,0.01142975069537855
2008,Healthcare,3250,22,36115.56,0.006937560337614198
2008,Healthcare,3255,1243,1824632.37,0.35049981672273656
2008,Healthcare,3260,1,273.6,5.255675139389351e-05
2008,Healthcare,3300,149,228481.39,0.04388976466506296
2008,Healthcare,3310,32,46071.0,0.00884993455214937
2008,Healthcare,3320,156,222805.22,0.04279940992983096
2008,Healthcare,3400,80,125072.75,0.024025648493788722
2008,Healthcare,3420,180,268060.09,0.05149257130392807
2008,Healthcare,3500,320,505647.41,0.09713152492812917
2008,Healthcare,3510,62,85029.41,0.016333587582381005
2008,Healthcare,3520,25,32909.12,0.0063216244094729855
2008,Healthcare,3535,64,96790.27,0.01859277104436341
2008,Healthcare,3540,29,42445.78,0.00815355375431249
2008,Other,10,699,1062979.52,0.014788193163461317
2008,Other,20,596,860684.35,0.011973858556153695
2008,Other,40,31,43220.04,0.0006012780942877664
2008,Other,50,517,778017.63,0.010823797430281983
2008,Other,60,37,61726.55,0.0008587410458425889
2008,Other,100,59,83739.88,0.001164990950084411
2008,Other,136,188,275028.67,0.0038262045701970425
2008,Other,140,134,185298.2,0.0025778724075904004
2008,Other,150,119,170109.98,0.0023665735754462526
2008,Other,160,133,193658.99,0.0026941878917486795
2008,Other,205,58,71641.6,0.0009966794274074353
2008,Other,220,297,416671.82,0.005796747015343235
2008,Other,230,418,615391.44,0.008561338496776132
2008,Other,300,72,113368.28,0.0015771818663537077
2008,Other,310,346,519900.19,0.007232862243141091
2008,Other,330,18,12605.12,0.00017536269128553815
2008,Other,340,64,87915.17,0.001223077671297505
2008,Other,360,5,3901.11,5.4272323357566266e-05
2008,Other,410,158,240261.55,0.0033425236745413677
2008,Other,420,217,308337.09,0.004289592001151215
2008,Other,430,1368,1987350.27,0.02764805823936947
2008,Other,500,12,17046.15,0.00023714639289883606
2008,Other,510,7,9911.85,0.00013789386309837282
2008,Other,520,73,106120.02,0.001476343922665959
2008,Other,530,144,221677.17,0.0030839773939289558
2008,Other,540,162,250605.15,0.003486424052608462
2008,Other,565,113,149940.09,0.002085969646778119
2008,Other,600,54,88484.21,0.0012309941675981448
2008,Other,630,435,606770.62,0.008441405469856262
2008,Other,700,11,19930.38,0.00027727186057280404
2008,Other,710,274,422139.14,0.005872808484755605
2008,Other,725,22,34050.51,0.0004737114024495705
2008,Other,735,46,63227.299999999996,0.0008796195110175949
2008,Other,740,197,281263.03,0.0039129371160230965
2008,Other,810,39,68312.13,0.0009503597716045186
2008,Other,930,43,72391.7,0.0010071148341892257
2008,Other,940,25,42400.36,0.0005898746891005941
2008,Other,1200,12,14232.869999999999,0.00019800798309870888
2008,Other,1220,64,89050.98,0.00123887908361163
2008,Other,1240,26,33281.53,0.0004630133367155867
2008,Other,1300,80,98513.72,0.001370524919060663
2008,Other,1310,27,37198.33,0.0005175039396790806
2008,Other,1320,62,102413.82,0.0014247831912772488
2008,Other,1340,14,16454.59,0.00022891659789038923
2008,Other,1350,41,61121.06,0.0008503174563847749
2008,Other,1360,194,268027.44,0.003728803313000836
2008,Other,1410,171,254334.73,0.0035383100470428443
2008,Other,1420,23,24435.26,0.0003399438447124548
2008,Other,1430,98,161197.99,0.0022425897854379223
2008,Other,1440,4,5966.26,8.30027330568257e-05
2008,Other,1450,14,19190.81,0.0002669829473697528
2008,Other,1460,169,265674.96,0.003696075562372885
2008,Other,1520,18,22390.74,0.0003115004400017414
2008,Other,1530,204,282975.43,0.003936760060394697
2008,Other,1540,84,121486.2,0.0016901185380268607
2008,Other,1550,223,323918.12,0.004506355614175184
2008,Other,1560,32,46181.14,0.0006424729789985511
2008,Other,1600,22,25066.93,0.0003487316508741047
2008,Other,1610,51,72161.99,0.0010039191038974712
2008,Other,1640,15,21938.5,0.0003052088677273821
2008,Other,1650,82,106485.66,0.0014814307139413808
2008,Other,1700,6,7893.47,0.0001098141186106643
2008,Other,1710,7,7994.889999999999,0.00011122507575745697
2008,Other,1720,80,129907.58,0.0018072769515237736
2008,Other,1740,61,88063.3,0.001225138458934602
2008,Other,1760,65,102722.65,0.001429079640652559
2008,Other,1800,19,10698.85,0.00014884262344668514
2008,Other,1820,47,83759.64,0.0011652658516148845
2008,Other,1840,15,23965.94,0.00033341465512329353
2008,Other,1860,20,17314.14,0.0002408746753457791
2008,Other,1900,15,18807.13,0.00026164518323958704
2008,Other,1910,13,12765.56,0.00017759473589835036
2008,Other,1920,35,50910.29,0.0007082650120369516
2008,Other,1930,11,15202.380000000001,0.00021149582635829247
2008,Other,1965,60,84435.57,0.0011746694038159452
2008,Other,2000,324,455476.32,0.006336596025427206
2008,Other,2010,379,535587.7,0.0074511072081369645
2008,Other,2016,167,212162.83,0.0029516136982080383
2008,Other,2040,223,319985.2,0.004451640749436831
2008,Other,2050,13,22880.66,0.00031831621721882547
2008,Other,2060,22,42333.16,0.0005889398013046518
2008,Other,2100,436,629590.21,0.008758872079966484
2008,Other,2145,160,235526.23,0.0032766458043347983
2008,Other,2160,123,160664.7,0.002235170643879916
2008,Other,2200,499,677909.42,0.00943108993321906
2008,Other,2300,241,359328.31,0.0049989829130293205
2008,Other,2310,1290,1896937.83,0.026390238495956297
2008,Other,2320,611,923236.81,0.012844089679072872
2008,Other,2330,197,287099.27,0.003994131008139023
2008,Other,2340,184,261636.94,0.0036398985442512937
2008,Other,2400,20,17224.03,0.0002396210631539285
2008,Other,2430,90,132421.44,0.001842249824064064
2008,Other,2440,17,24991.81,0.00034768657987364063
2008,Other,2540,294,398527.85,0.005544327727799438
2008,Other,2550,48,66884.89,0.0009305039790765321
2008,Other,2600,35,58307.06,0.0008111690299296913
2008,Other,2630,266,431034.0,0.005996553961848094
2008,Other,2700,3,6033.65,8.394026413671486e-05
2008,Other,2710,39,67450.95,0.0009383790175552687
2008,Other,2720,47,65647.69,0.0009132920269762374
2008,Other,2750,11,17868.43,0.00024858596934001804
2008,Other,2760,1,1495.98,2.0812104835919005e-05
2008,Other,2800,6,10192.68,0.00014180077589204062
2008,Other,2810,36,43569.03,0.0006061332504173185
2008,Other,2825,62,93919.35,0.001306607948182041
2008,Other,2830,69,109938.62,0.0015294683651895491
2008,Other,2840,27,32057.19,0.00044598029320243207
2008,Other,2850,42,61607.33,0.0008570824547260378
2008,Other,2860,25,36201.49,0.0005036358808917722
2008,Other,2900,32,53530.66,0.0007447196539097689
2008,Other,2910,23,37943.4,0.0005278693689963831
2008,Other,2920,15,30073.96,0.0004183895562448928
2008,Other,3600,778,1095972.32,0.015247189682419131
2008,Other,3610,6,6707.15,9.331001012729725e-05
2008,Other,3620,25,37047.56,0.0005154064243071427
2008,Other,3630,14,21612.28,0.00030067048831083004
2008,Other,3640,86,113467.61,0.001578563747377085
2008,Other,3645,317,443526.52,0.006170350159594599
2008,Other,3700,39,56652.69,0.0007881534001235446
2008,Other,3710,73,96834.41,0.001347162323456439
2008,Other,3720,34,42673.89,0.0005936800441426193
2008,Other,3730,44,61874.25,0.0008607958513107538
2008,Other,3740,157,216520.96,0.003012244093299259
2008,Other,3750,14,18192.52,0.0002530947161523237
2008,Other,3800,239,351022.1,0.004883426746964828
2008,Other,3820,79,119225.87,0.0016586727801131368
2008,Other,3840,12,15483.13,0.0002154016261902984
2008,Other,3850,409,623013.12,0.008667371467260918
2008,Other,3900,1,1547.25,2.1525374140948195e-05
2008,Other,3910,36,54255.37,0.0007548018344841341
2008,Other,3930,364,538538.65,0.007492160885836904
2008,Other,3940,7,14509.66,0.00020185869132845395
2008,Other,3955,6,5166.37,7.187464676075006e-05
2008,Other,4000,146,223607.53,0.003110832602348229
2008,Other,4010,202,286647.43,0.003987845000672973
2008,Other,4020,608,899570.52,0.012514843760974193
2008,Other,4030,134,204515.81,0.002845228197116868
2008,Other,4040,110,169231.96,0.0023543585429671864
2008,Other,4050,64,84824.47,0.0011800797886945458
2008,Other,4060,13,18751.82,0.0002608757093706351
2008,Other,4110,320,522475.66,0.007268692235281202
2008,Other,4120,39,53473.31,0.0007439217995184401
2008,Other,4130,67,108465.45,0.001508973593547461
2008,Other,4140,48,76721.42,0.0010673499887702863
2008,Other,4150,15,23594.71,0.000328250095651751
2008,Other,4200,126,173431.03,0.002412776092034261
2008,Other,4210,50,75137.6,0.0010453158520296714
2008,Other,4220,854,1296562.48,0.01803780415518866
2008,Other,4230,458,612044.69,0.00851477844125426
2008,Other,4240,27,38389.0,0.00053406856545281
2008,Other,4250,257,406706.16,0.0056581045464070695
2008,Other,4300,66,88571.47,0.0012322081305307926
2008,Other,4320,33,46305.3,0.0006442002954977207
2008,Other,4340,5,3376.23,4.6970181894259826e-05
2008,Other,4350,36,56963.26,0.0007924740564149999
2008,Other,4400,54,68770.37,0.0009567348160035155
2008,Other,4410,2,1931.9,2.6876632931263737e-05
2008,Other,4420,5,12491.39,0.00017378047716303045
2008,Other,4430,34,58553.8,0.0008146016819352091
2008,Other,4465,10,18829.21,0.0002619523606582537
2008,Other,4500,10,22171.95,0.00030845662897682747
2008,Other,4510,157,248864.71,0.0034622110151743875
2008,Other,4520,60,93060.48,0.0012946593309007765
2008,Other,4530,31,52703.46,0.0007332116303263839
2008,Other,4540,8,4308.19,5.993562877381909e-05
2008,Other,4600,172,225830.26,0.00314175526828089
2008,Other,4610,269,399494.68,0.00555777828684335
2008,Other,4620,68,84560.44,0.0011764065978498634
2008,Other,4640,22,37085.02,0.0005159275686052975
2008,Other,4650,17,20466.95,0.0002847366335589463
2008,Other,4700,1416,2054659.0,0.02858445868933041
2008,Other,4710,517,754351.39,0.010494552207784344
2008,Other,4720,565,826217.54,0.011494355579456345
2008,Other,4740,39,56823.24,0.0007905260952663713
2008,Other,4750,47,76374.19,0.0010625193177972946
2008,Other,4760,816,1286332.27,0.017895481261157014
2008,Other,4800,95,143536.77,0.0019968865259222673
2008,Other,4830,23,32651.899999999998,0.0004542539110763136
2008,Other,4840,222,349298.6,0.0048594493791626475
2008,Other,4850,645,981198.53,0.013650454331748833
2008,Other,4900,13,27421.12,0.00038148319105757786
2008,Other,4920,228,361713.57,0.005032166699698209
2008,Other,4930,22,32498.3,0.0004521170246855884
2008,Other,4940,25,35184.659999999996,0.0004894897208092126
2008,Other,4950,22,35327.14,0.0004914719055289427
2008,Other,4965,80,114887.21,0.0015983132520663661
2008,Other,5000,867,1307486.89,0.018189784774040894
2008,Other,5010,16,22266.06,0.0003097658892517699
2008,Other,5020,17,22612.06,0.0003145794484392109
2008,Other,5030,8,12532.1,0.00017434683552869728
2008,Other,5100,90,151945.53,0.0021138693697170256
2008,Other,5110,252,384870.64,0.0053543283385788865
2008,Other,5120,564,818056.66,0.011380821247370786
2008,Other,5130,10,9567.4,0.0001331018675431299
2008,Other,5140,81,134129.81,0.0018660167029919499
2008,Other,5150,14,17320.91,0.000240968859726412
2008,Other,5160,139,203652.74,0.002833221149348357
2008,Other,5200,2,4586.59,6.380873535700861e-05
2008,Other,5220,52,71703.48,0.0009975403032528654
2008,Other,5230,36,49102.71,0.0006831179215281811
2008,Other,5240,789,1186392.83,0.01650512169583994
2008,Other,5250,36,48567.05,0.0006756658084809423
2008,Other,5260,119,198488.16,0.0027613714051047907
2008,Other,5300,31,52234.090000000004,0.0007266817451361841
2008,Other,5310,49,65540.01,0.000911793980579406
2008,Other,5320,20,32020.14,0.00044546485283279426
2008,Other,5330,51,80016.18000000001,0.001113186758332174
2008,Other,5340,9,11527.84,0.00016037554954725366
2008,Other,5350,55,80262.57,0.0011166145411304212
2008,Other,5360,19,29290.16,0.0004074853143630539
2008,Other,5400,433,663805.04,0.009234869505669466
2008,Other,5410,48,84669.26,0.0011779205039503758
2008,Other,5420,55,80753.22,0.0011234404741226696
2008,Other,5500,13,23911.64,0.0003326592323953223
2008,Other,5510,92,137648.16,0.0019149640612784616
2008,Other,5520,139,192699.02,0.00268083276916727
2008,Other,5530,22,36372.81,0.0005060192882905941
2008,Other,5540,94,138901.13,0.0019323954059463457
2008,Other,5550,188,251801.42,0.0035030665856985205
2008,Other,5560,46,66144.32,0.0009202011538527081
2008,Other,5600,156,231842.1,0.003225392111244547
2008,Other,5610,216,324916.59,0.004520246349556353
2008,Other,5620,443,724997.35,0.010086178193534313
2008,Other,5630,18,22833.84,0.0003176648564062359
2008,Other,5700,1426,2106706.16,0.029308539860423508
2008,Other,5800,62,106366.63,0.0014797747661087766
2008,Other,5810,148,218459.7,0.0030392158844526097
2008,Other,5820,73,108774.46,0.0015132725470865108
2008,Other,5840,120,195488.43,0.0027196390990315467
2008,Other,5850,36,54744.74,0.0007616099600897929
2008,Other,5860,360,528559.36,0.007353328796057604
2008,Other,5900,11,13025.94,0.00018121714786721132
2008,Other,5910,3,6040.67,8.403792652254098e-05
2008,Other,5920,11,16761.2,0.0002331821625795837
2008,Other,5940,236,333028.43,0.004633098436143206
2008,Other,6005,28,33719.64,0.0004691083321364242
2008,Other,6010,15,21249.2,0.0002956193118085871
2008,Other,6040,36,50799.26,0.0007067203603705309
2008,Other,6050,233,330788.54,0.004601937039934081
2008,Other,6100,4,2454.15,3.414218577993732e-05
2008,Other,6120,5,8613.380000000001,0.00011982952148531936
2008,Other,6130,21,33638.9,0.00046798507557921614
2008,Other,6200,364,526536.46,0.007325186169236001
2008,Other,6210,11,24323.79,0.00033839307175689403
2008,Other,6220,60,87072.3,0.0012113516463486077
2008,Other,6230,390,564993.35,0.007860199221779086
2008,Other,6240,52,75425.26,0.0010493177839252183
2008,Other,6250,24,38280.66,0.0005325613371222685
2008,Other,6260,445,713743.08,0.009929608555509915
2008,Other,6300,3,5464.97,7.602877616355317e-05
2008,Other,6320,219,290344.52,0.004039278993552442
2008,Other,6330,75,114067.74,0.001586912768403556
2008,Other,6355,350,527653.49,0.00734072631380001
2008,Other,6360,26,37968.18,0.0005282141088711368
2008,Other,6400,20,21128.25,0.0002939366528960987
2008,Other,6420,126,223938.59,0.0031154383159453223
2008,Other,6440,265,404275.51,0.005624289293115297
2008,Other,6460,11,17894.19,0.00024894434299512923
2008,Other,6515,45,71974.46,0.0010013101826419196
2008,Other,6520,60,96401.42,0.0013411385575819589
2008,Other,6530,26,33544.17,0.0004666671898513945
2008,Other,6600,15,29234.19,0.0004067066585603918
2008,Other,6660,51,79112.47,0.0011006143260394504
2008,Other,6700,15,21154.25,0.0002942983654361954
2008,Other,6710,8,11812.08,0.0001643299023317572
2008,Other,6720,14,20497.49,0.00028516150667335223
2008,Other,6730,70,89815.49,0.0012495149626127588
2008,Other,6740,11,19915.72,0.0002770679103482726
2008,Other,6765,18,24660.55,0.00034307808387239294
2008,Other,6800,21,20138.72,0.0002801702909806406
2008,Other,6820,17,15687.87,0.00021824997332335237
2008,Other,6830,2,1623.6100000000001,2.2587696047170722e-05
2008,Other,6840,55,59229.01,0.0008239952174813133
2008,Other,6940,50,54945.21,0.0007643989028941464
2008,Other,7000,214,327878.05,0.004561446242594616
2008,Other,7010,149,237681.24,0.003306626348220715
2008,Other,7020,103,160927.84,0.00223883145302611
2008,Other,7030,9,12506.78,0.00017399458316272616
2008,Other,7040,20,31469.76,0.0004378079548397775
2008,Other,7100,7,8215.99,0.0001143010235503564
2008,Other,7110,13,19733.93,0.00027453884409195785
2008,Other,7120,24,36605.729999999996,0.0005092596761690298
2008,Other,7130,34,51577.32,0.000717544747253133
2008,Other,7140,72,111639.83,0.0015531356340487009
2008,Other,7150,80,100812.4,0.0014025042029710297
2008,Other,7160,15,19759.82,0.0002748990263097695
2008,Other,7200,335,511203.19,0.007111869398478737
2008,Other,7210,173,248626.44,0.003458896197984817
2008,Other,7220,156,204348.16,0.0028428958468342826
2008,Other,7240,18,19164.86,0.0002666219304306947
2008,Other,7260,27,46922.36,0.0006527848470358777
2008,Other,7300,7,7374.379999999999,0.00010259252774763323
2008,Other,7315,178,274982.13,0.0038255571047502695
2008,Other,7320,14,19316.8,0.00026873572286693686
2008,Other,7330,231,334123.15,0.004648328203523771
2008,Other,7340,228,325980.97,0.004535054026226665
2008,Other,7350,18,24859.07,0.00034583989823623915
2008,Other,7360,29,39360.38,0.0005475824241912389
2008,Other,7410,85,110110.58,0.0015318606762816658
2008,Other,7420,106,170511.5,0.002372159530027008
2008,Other,7430,34,49083.94,0.0006828567928982729
2008,Other,7510,21,28316.34,0.0003939375102939389
2008,Other,7540,12,16310.9,0.0002269175796255239
2008,Other,7560,8,6666.3,9.274170407872222e-05
2008,Other,7610,3,4114.639999999999,5.724295715321445e-05
2008,Other,7630,77,130035.23,0.0018090528209754406
2008,Other,7700,452,670392.14,0.009326509377702972
2008,Other,7710,8,15174.88,0.00021111324578703628
2008,Other,7720,92,130245.47,0.001811977684222746
2008,Other,7730,9,17164.7,0.00023879566296146937
2008,Other,7740,10,14969.66,0.00020825822088401134
2008,Other,7750,443,642366.17,0.008936611500880874
2008,Other,7800,67,99605.51,0.001385713924220363
2008,Other,7810,153,196035.69,0.002727252591519752
2008,Other,7830,9,11548.59,0.00016066422397829238
2008,Other,7840,32,43328.59,0.0006027882441426702
2008,Other,7850,8,6570.28,9.140587184410347e-05
2008,Other,7900,39,60474.89,0.0008413279259219173
2008,Other,7920,4,5046.23,7.020325658508774e-05
2008,Other,7930,7,10464.83,0.0001455869323453992
2008,Other,7940,5,8210.300000000001,0.00011422186415215834
2008,Other,7950,89,126079.56,0.0017540214577645022
2008,Other,8030,213,311377.76,0.004331893865354902
2008,Other,8040,12,24023.81,0.0003342197437654242
2008,Other,8100,23,34319.2,0.0004774494233110546
2008,Other,8130,24,33199.01,0.0004618653167614028
2008,Other,8140,317,467370.62,0.006502069774106915
2008,Other,8220,183,294172.44,0.004092533096109636
2008,Other,8250,27,45064.08,0.0006269324170739187
2008,Other,8255,121,171779.08,0.0023897941293183848
2008,Other,8256,22,26130.47,0.0003635276414469689
2008,Other,8300,66,79668.91,0.0011083555308783514
2008,Other,8310,24,35690.04,0.0004965205778674466
2008,Other,8320,84,120883.74,0.0016817371019919888
2008,Other,8330,6,7925.37,0.00011025791207332143
2008,Other,8350,14,22798.99,0.0003171800224822986
2008,Other,8400,6,7093.01,9.867810246274806e-05
2008,Other,8410,2,1034.15,1.4387116282347117e-05
2008,Other,8420,5,9171.36,0.00012759215083621046
2008,Other,8450,13,22790.28,0.00031705884878136615
2008,Other,8460,3,5745.01,7.992469846081034e-05
2008,Other,8500,30,43774.73,0.0006089949530903145
2008,Other,8510,9,12671.54,0.00017628672770527755
2008,Other,8530,20,27532.99,0.0003830395288214479
2008,Other,8540,17,28842.239999999998,0.0004012538420184337
2008,Other,8550,7,7630.2,0.00010615150090176953
2008,Other,8600,22,19962.59,0.0002777199667619008
2008,Other,8610,53,77852.01,0.0010830787803359767
2008,Other,8620,31,47150.54,0.0006559592919358497
2008,Other,8630,22,28312.62,0.0003938857575766635
2008,Other,8640,27,40507.78,0.0005635450768261228
2008,Other,8650,62,95196.31,0.0013243730422282682
2008,Other,8710,35,55083.04,0.0007663163967172822
2008,Other,8720,17,19523.92,0.00027161718060943045
2008,Other,8730,5,8876.84,0.00012349478247816097
2008,Other,8740,367,537940.04,0.007483833011082008
2008,Other,8750,12,12966.75,0.00018039369535766036
2008,Other,8760,41,70841.48,0.0009855481413465817
2008,Other,8800,131,159025.02,0.0022123593816589233
2008,Other,8810,84,143261.08,0.0019930511209153724
2008,Other,8830,22,30960.76,0.00043072673626634556
2008,Other,8850,5,9464.89,0.00013167574629369472
2008,Other,8910,6,9178.03,0.00012768494401476605
2008,Other,8920,19,26998.8,0.00037560786644474524
2008,Other,8930,18,32525.64,0.00045249737933352087
2008,Other,8940,12,23264.489999999998,0.00032365606815210713
2008,Other,8950,13,19545.82,0.00027192185386435807
2008,Other,8965,421,615564.76,0.008563749728216502
2008,Other,9000,128,191078.24,0.0026582844441388866
2008,Other,9030,55,90007.51,0.0012521863488415808
2008,Other,9040,22,31672.5,0.0004406284779312856
2008,Other,9050,39,67036.05,0.0009326069201365714
2008,Other,9110,4,7858.23,0.00010932385899862551
2008,Other,9120,211,307091.64,0.004272265274879543
2008,Other,9130,1498,2224015.41,0.030940548583282792
2008,Other,9140,99,142696.47,0.001985196254866757
2008,Other,9150,11,13884.46,0.00019316089594120507
2008,Other,9200,44,65627.34,0.0009130089173535078
2008,Other,9240,41,50784.91,0.0007065207228724391
2008,Other,9260,9,12420.44,0.0001727934192891896
2008,Other,9300,13,20386.739999999998,0.0002836207503727479
2008,Other,9310,19,29995.33,0.0004172956540515157
2008,Other,9350,23,30941.53,0.0004304592081068817
2008,Other,9360,23,42756.24,0.0005948256990532718
2008,Other,9410,26,45632.92,0.000634846130970404
2008,Other,9420,9,15091.1,0.0002099476966866785
2008,Other,9510,38,53621.52,0.0007459837001171991
2008,Other,9520,20,35584.71,0.0004950552247194316
2008,Other,9560,6,7789.01,0.00010836086892072186
2008,Other,9600,270,442657.84,0.006158265065389552
2008,Other,9610,109,169272.74,0.002354925875174307
2008,Other,9620,606,913674.57,0.01271105959755693
2008,Other,9630,18,26211.82,0.0003646593843368484
2008,Other,9640,153,207900.68,0.002892318578870606
2008,Other,9650,13,15375.75,0.00021390775339969893
2008,Other,9720,25,29891.75,0.0004158546469398534
2008,Other,9750,25,36888.14,0.0005131885699555189
2008,Tech,110,297,453677.64,0.13963157582488903
2008,Tech,1006,424,629988.97,0.19389616079249297
2008,Tech,1010,271,414576.09,0.1275970152419701
2008,Tech,1020,554,812289.31,0.25000402572410624
2008,Tech,1030,236,328798.64,0.10119668280826094
2008,Tech,1050,189,281223.8,0.08655423783606224
2008,Tech,1060,62,99951.54,0.03076279235697935
2008,Tech,1105,130,186167.79,0.05729817737003089
2008,Tech,1400,36,42431.14,0.013059332045208316
2009,Finance,120,668,980188.56,0.2726599996077233
2009,Finance,800,826,1286484.67,0.3578626847241943
2009,Finance,820,44,57368.63,0.015958287284331928
2009,Finance,830,10,9309.119999999999,0.0025895269126057223
2009,Finance,840,53,81181.86,0.022582436501558688
2009,Finance,850,157,231476.05,0.06438991667296885
2009,Finance,860,67,99996.55,0.02781613701324333
2009,Finance,900,8,11940.4,0.003321472614734515
2009,Finance,910,189,261575.86,0.07276280992811207
2009,Finance,950,41,57063.51,0.01587341175887149
2009,Finance,4810,209,319244.72000000003,0.08880461248187567
2009,Finance,4820,125,199081.54,0.05537870449978007
2009,Healthcare,350,301,447492.97,0.08294655503977043
2009,Healthcare,3000,4,4886.6,0.0009057720747151452
2009,Healthcare,3010,18,30753.22,0.005700365874753672
2009,Healthcare,3030,39,63854.33,0.01183593274744107
2009,Healthcare,3040,10,8800.26,0.0016312016040258468
2009,Healthcare,3050,124,187733.12,0.034797899888500655
2009,Healthcare,3060,301,415036.66,0.07693050722609672
2009,Healthcare,3110,51,73046.14,0.01353971141033294
2009,Healthcare,3120,1,1082.99,0.0002007412309572617
2009,Healthcare,3140,5,7811.52,0.0014479303968155468
2009,Healthcare,3150,42,69607.41,0.012902314118456134
2009,Healthcare,3160,87,119927.19,0.022229505116247987
2009,Healthcare,3200,8,11474.36,0.0021268683467499843
2009,Healthcare,3210,8,14491.85,0.0026861852905825474
2009,Healthcare,3220,75,108055.39,0.020028967949996757
2009,Healthcare,3230,56,74269.0,0.01376637871260572
2009,Healthcare,3245,41,49131.64,0.009106959337158271
2009,Healthcare,3250,21,34666.0,0.006425632288723288
2009,Healthcare,3255,1257,1870625.18,0.3467359821354299
2009,Healthcare,3260,3,5482.02,0.001016138138793828
2009,Healthcare,3300,155,246011.05,0.045600200376816453
2009,Healthcare,3310,30,47729.28,0.008847020212470856
2009,Healthcare,3320,172,245305.62,0.04546944304151864
2009,Healthcare,3400,94,145365.74,0.02694475257076543
2009,Healthcare,3420,211,303810.02,0.05631372163357953
2009,Healthcare,3500,326,505683.97,0.09373274232740375
2009,Healthcare,3510,62,106439.74,0.019729493744513694
2009,Healthcare,3520,25,38290.23,0.007097413553067592
2009,Healthcare,3535,71,113592.08,0.021055239629355533
2009,Healthcare,3540,35,44499.88,0.008248423982354805
2009,Other,10,657,957775.1900000001,0.014067099846601117
2009,Other,20,553,801683.95,0.0117745461438269
2009,Other,40,33,61540.14,0.000903856461299453
2009,Other,50,493,762806.17,0.011203537812451987
2009,Other,60,51,66287.23,0.0009735782391321004
2009,Other,100,69,93055.31,0.0013667281745170486
2009,Other,136,176,248800.21,0.0036541950892728025
2009,Other,140,148,231847.81,0.0034052106658617924
2009,Other,150,120,180529.24,0.0026514811312986883
2009,Other,160,141,206719.91,0.0030361504919023813
2009,Other,205,63,90234.63,0.0013253000945149859
2009,Other,220,292,423887.01,0.006225741651699295
2009,Other,230,419,616544.43,0.00905535259968028
2009,Other,300,58,88961.03,0.001306594391389985
2009,Other,310,312,469956.31,0.006902373756737452
2009,Other,330,19,19570.32,0.00028743451317624416
2009,Other,340,38,40226.67,0.0005908198388248851
2009,Other,360,10,15433.22,0.00022667182128048366
2009,Other,410,175,283775.92,0.004167892677091678
2009,Other,420,182,244332.26,0.003588573115122876
2009,Other,430,1228,1758634.93,0.025829540598175618
2009,Other,500,10,16203.97,0.00023799203224436112
2009,Other,510,4,2968.72,4.360238299407366e-05
2009,Other,520,73,119303.38,0.0017522405842408538
2009,Other,530,142,230150.38999999998,0.003380280205278847
2009,Other,540,148,214236.65,0.003146550858507138
2009,Other,565,111,155568.64,0.0022848781370918
2009,Other,600,73,98501.3,0.0014467148831867431
2009,Other,630,451,640638.85,0.009409233777042936
2009,Other,700,37,55447.98,0.0008143792813763967
2009,Other,710,227,310887.08,0.004566081520004991
2009,Other,725,20,33260.38,0.0004885040782857351
2009,Other,735,70,111629.53,0.0016395327011332948
2009,Other,740,109,151277.41,0.0022218516967486015
2009,Other,810,33,50608.27,0.0007432971688833867
2009,Other,930,60,100653.87,0.0014783302532996377
2009,Other,940,20,32225.0,0.0004732971758818695
2009,Other,1200,13,21037.68,0.0003089860211359655
2009,Other,1220,76,93449.77,0.001372521713818782
2009,Other,1240,24,36085.07,0.0005299910542280705
2009,Other,1300,81,94681.74,0.001390615986022698
2009,Other,1310,14,12530.31,0.00018403600732115898
2009,Other,1320,61,91695.12,0.0013467507009510978
2009,Other,1340,13,15507.130000000001,0.00022775735717713003
2009,Other,1350,36,59316.57,0.0008711982952365934
2009,Other,1360,165,210609.63,0.0030932798477121943
2009,Other,1410,209,315729.91,0.004637209456770731
2009,Other,1420,17,23318.46,0.00034248444573822616
2009,Other,1430,86,122751.85,0.0018028891835306397
2009,Other,1440,9,10471.45,0.00015379698098954856
2009,Other,1450,19,27107.57,0.00039813611562513853
2009,Other,1460,140,223436.27,0.0032816681328341002
2009,Other,1520,17,23052.48,0.00033857792648792176
2009,Other,1530,172,261030.93,0.003833830938303118
2009,Other,1540,54,65446.23,0.000961226247668434
2009,Other,1550,212,321225.39,0.0047179230382793525
2009,Other,1560,38,48403.35,0.0007109129203482292
2009,Other,1600,14,12658.85,0.00018592390860860215
2009,Other,1610,61,81428.56999999999,0.001195963140949546
2009,Other,1640,10,9673.83,0.00014208212316404363
2009,Other,1650,78,115136.01000000001,0.0016910333087760028
2009,Other,1700,7,8132.22,0.00011944008563692962
2009,Other,1710,2,3654.7799999999997,5.367872932411292e-05
2009,Other,1720,60,101711.09,0.0014938579256126192
2009,Other,1740,63,91930.73,0.0013502111679056215
2009,Other,1760,67,109689.76,0.001611042781416914
2009,Other,1800,14,17504.7,0.0002570962009203836
2009,Other,1820,56,83975.16,0.0012333655879667382
2009,Other,1840,12,13283.23,0.0001950943443161932
2009,Other,1860,26,25546.29,0.0003752051795580836
2009,Other,1900,14,20811.67,0.0003056665519436905
2009,Other,1910,9,13943.48,0.00020479161228751993
2009,Other,1920,31,53456.59,0.0007851312049425907
2009,Other,1930,14,23056.42,0.0003386357943195113
2009,Other,1965,53,64927.2,0.0009536031155288539
2009,Other,2000,312,434718.78,0.00638483074869858
2009,Other,2010,433,602029.74,0.00884217147366629
2009,Other,2016,191,257659.57,0.003784314874164061
2009,Other,2040,206,315081.08,0.004627679917387413
2009,Other,2050,18,31229.77,0.0004586799672440755
2009,Other,2060,27,42948.97,0.0006308029855092363
2009,Other,2100,417,601699.38,0.008837319388172905
2009,Other,2145,174,252601.63,0.0037100275594152653
2009,Other,2160,112,157435.6,0.0023122986769051252
2009,Other,2200,521,738717.16,0.010849736093203263
2009,Other,2300,265,404159.94,0.005936004909436333
2009,Other,2310,1261,1905451.87,0.027985880181530712
2009,Other,2320,586,853736.9,0.012539061713456697
2009,Other,2330,185,255849.35,0.003757727689874693
2009,Other,2340,176,259479.61000000002,0.003811046287414396
2009,Other,2400,17,21572.48,0.0003168407714745729
2009,Other,2430,78,135342.57,0.0019878124486452826
2009,Other,2440,9,12457.67,0.0001829691242534768
2009,Other,2540,286,389300.48,0.005717760054412916
2009,Other,2550,51,69096.28,0.0010148355062201055
2009,Other,2600,44,63447.61,0.0009318719822949344
2009,Other,2630,262,402641.54,0.005913703763373988
2009,Other,2700,1,3846.5,5.649457213435566e-05
2009,Other,2710,35,48954.79,0.0007190120668080679
2009,Other,2720,61,77627.19,0.0011401312582977597
2009,Other,2740,2,4562.3,6.700771778202803e-05
2009,Other,2750,18,27894.95,0.0004097005758375782
2009,Other,2760,1,638.4,9.37635118954183e-06
2009,Other,2800,13,17529.87,0.0002574658794282795
2009,Other,2810,49,69407.55,0.0010194072117883522
2009,Other,2825,59,91306.69,0.0013410457258687769
2009,Other,2830,73,105984.47,0.0015566221982416361
2009,Other,2840,21,30435.72,0.0004470175429614068
2009,Other,2850,58,74361.72,0.0010921704288508404
2009,Other,2860,27,42008.92,0.0006169962202590344
2009,Other,2900,44,74433.08,0.0010932185122168895
2009,Other,2910,21,40778.03,0.0005989178103033716
2009,Other,2920,19,36921.82,0.0005422806248074081
2009,Other,3600,758,1051193.74,0.015439163023947253
2009,Other,3610,3,4471.84,6.567910761817158e-05
2009,Other,3620,28,43095.58,0.0006329562857095789
2009,Other,3630,27,45949.05,0.0006748659611933225
2009,Other,3640,111,163458.5,0.002400758616722624
2009,Other,3645,362,521775.34,0.007663453680893786
2009,Other,3700,25,43934.020000000004,0.000645270677769979
2009,Other,3710,62,80266.02,0.0011788884588138917
2009,Other,3720,29,33061.37,0.00048558116529978483
2009,Other,3730,55,73189.14,0.0010749484334281697
2009,Other,3740,173,262491.05,0.0038552761104504764
2009,Other,3750,14,24170.66,0.0003550009345911829
2009,Other,3800,232,354806.34,0.005211135413715513
2009,Other,3820,93,126888.87,0.001863650700445048
2009,Other,3840,11,12981.85,0.00019066789581759653
2009,Other,3850,444,666036.83,0.009782260688046945
2009,Other,3900,4,6034.85,8.86354526569651e-05
2009,Other,3910,47,70091.72,0.001029455799183949
2009,Other,3930,382,575498.32,0.00845249742686611
2009,Other,3940,4,6266.780000000001,9.204187046929348e-05
2009,Other,3955,11,13303.220000000001,0.00019538794278154241
2009,Other,4000,135,189410.77,0.0027819265328971397
2009,Other,4010,235,325096.59,0.0047747803859061605
2009,Other,4020,624,863088.61,0.012676412774206619
2009,Other,4030,116,157352.26,0.0023110746400816034
2009,Other,4040,104,153939.92,0.0022609566917449475
2009,Other,4050,56,90438.27,0.0013282910095466875
2009,Other,4060,23,34066.5,0.0005003437778798979
2009,Other,4110,316,485149.49,0.007125520046471041
2009,Other,4120,40,62285.56,0.0009148046437927304
2009,Other,4130,57,101329.12,0.0014882478302744781
2009,Other,4140,49,58516.85,0.0008594525941505966
2009,Other,4150,6,8576.960000000001,0.00012597210071844096
2009,Other,4200,123,165264.11,0.0024272780927115786
2009,Other,4210,64,103305.34,0.0015172731008693972
2009,Other,4220,853,1205425.01,0.01770439885090378
2009,Other,4230,465,625964.8,0.009193712088175618
2009,Other,4240,25,37677.0,0.0005533721550256384
2009,Other,4250,253,376201.93,0.005525378154547983
2009,Other,4300,65,93334.99,0.0013708359093238956
2009,Other,4320,40,59301.78,0.000870981070559129
2009,Other,4340,5,2579.26,3.788228002684471e-05
2009,Other,4350,38,58239.8,0.0008553834868556991
2009,Other,4400,70,92917.07,0.0013646978067406667
2009,Other,4420,5,7103.6900000000005,0.00010433379101133523
2009,Other,4430,26,38601.01,0.0005669433365147495
2009,Other,4460,4,6718.120000000001,9.867082151235084e-05
2009,Other,4465,15,19062.29,0.0002799729409725742
2009,Other,4500,7,11216.07,0.0001647334136693052
2009,Other,4510,154,224206.86000000002,0.003292985993835274
2009,Other,4520,65,111155.45,0.0016325697616409109
2009,Other,4530,25,44562.69,0.000654504121852575
2009,Other,4540,12,10625.84,0.00015606454812638028
2009,Other,4600,174,246109.11000000002,0.0036146701853157605
2009,Other,4610,248,334091.56,0.004906891911061851
2009,Other,4620,93,140960.84,0.002070329479656666
2009,Other,4640,23,40465.31,0.0005943248081981186
2009,Other,4650,18,20158.18,0.0002960685698966139
2009,Other,4700,1265,1870623.68,0.027474349259325057
2009,Other,4710,422,623587.06,0.009158789586174646
2009,Other,4720,562,851486.27,0.012506006109951498
2009,Other,4740,46,67275.51,0.000988093371264933
2009,Other,4750,60,90049.6,0.0013225825095203104
2009,Other,4760,819,1267506.21,0.01861620200483264
2009,Other,4800,89,149478.99,0.002195437822208664
2009,Other,4830,26,48050.45,0.0007057297838588976
2009,Other,4840,222,349124.82,0.005127689413072647
2009,Other,4850,594,887099.96,0.013029073880307817
2009,Other,4900,7,7732.9800000000005,0.00011357634119940976
2009,Other,4920,194,301480.8,0.004427928975100286
2009,Other,4930,13,21405.84,0.00031439328531820504
2009,Other,4940,19,29335.11,0.00043085259013759473
2009,Other,4950,18,26861.08,0.00039451585120673293
2009,Other,4965,90,139603.63,0.00205039577414608
2009,Other,5000,832,1264599.5,0.01857351037925909
2009,Other,5010,16,21070.4,0.00030946658850896334
2009,Other,5020,17,19884.02,0.0002920419088030601
2009,Other,5030,4,6077.17,8.925701779221166e-05
2009,Other,5100,93,141062.75,0.002071826259026538
2009,Other,5110,244,349236.84,0.005129334680710887
2009,Other,5120,546,822927.5,0.012086555832599757
2009,Other,5130,3,2764.84,4.0607943018315846e-05
2009,Other,5140,83,138055.63,0.0020276598849834696
2009,Other,5150,14,25635.129999999997,0.00037650999634956055
2009,Other,5160,151,221742.88999999998,0.0032567970088094346
2009,Other,5200,2,3527.3999999999996,5.180786526627483e-05
2009,Other,5220,59,82151.36,0.0012065789505928558
2009,Other,5230,17,21821.32,0.0003204955509701957
2009,Other,5240,752,1114389.43,0.016367334989964507
2009,Other,5250,45,63666.22,0.0009350827657121427
2009,Other,5260,114,155764.34,0.0022877524352243076
2009,Other,5300,29,42649.42,0.0006264034147090682
2009,Other,5310,67,90950.81,0.0013358188213240805
2009,Other,5320,16,24096.19,0.000353907173825072
2009,Other,5330,52,80744.46,0.0011859154347899636
2009,Other,5340,14,15482.48,0.00022739531604802255
2009,Other,5350,51,69072.63,0.001014488152357899
2009,Other,5360,18,34728.22,0.0005100626361335689
2009,Other,5400,437,640735.84,0.009410658295059654
2009,Other,5410,46,63477.64,0.0009323130409199688
2009,Other,5420,61,92987.08,0.0013657260622963994
2009,Other,5500,7,11434.54,0.00016794214086914732
2009,Other,5510,93,141309.02,0.002075443292246225
2009,Other,5520,143,219778.5,0.003227945488581954
2009,Other,5530,20,30683.33,0.0004506542571187415
2009,Other,5540,71,99487.68,0.001461202109512464
2009,Other,5550,200,274298.66,0.004028697629982346
2009,Other,5560,50,78144.52,0.0011477294220836082
2009,Other,5600,150,219753.45,0.003227577572546086
2009,Other,5610,245,379908.34,0.005579815187462191
2009,Other,5620,433,681723.37,0.010012653087778768
2009,Other,5630,38,66781.41,0.000980836392689193
2009,Other,5700,1440,2126496.77,0.031232425624915978
2009,Other,5800,50,75387.04,0.0011072295773496828
2009,Other,5810,143,207067.69,0.00304125842958518
2009,Other,5820,71,119048.78,0.0017485012060878817
2009,Other,5840,123,194982.41999999998,0.0028637588435256028
2009,Other,5850,43,65133.82,0.0009566377986159202
2009,Other,5860,377,544887.07,0.008002901827945587
2009,Other,5900,21,20612.14,0.00030273600157895166
2009,Other,5910,2,5272.549999999999,7.743934909840034e-05
2009,Other,5920,5,3252.98,4.777738548332673e-05
2009,Other,5940,243,334503.59,0.004912943505643034
2009,Other,6005,16,17541.95,0.00025764330161244254
2009,Other,6010,14,29774.350000000002,0.00043730382525115105
2009,Other,6040,48,69192.28,0.001016245483842593
2009,Other,6050,231,296583.78,0.004356005135341186
2009,Other,6100,2,2159.2000000000003,3.1712746692447874e-05
2009,Other,6120,5,4844.6900000000005,7.11552550821764e-05
2009,Other,6130,21,26789.15,0.00039345939609855036
2009,Other,6200,319,431178.98,0.006332840761322733
2009,Other,6210,7,9813.119999999999,0.00014412791257067156
2009,Other,6220,49,65730.52,0.0009654016907756941
2009,Other,6230,313,435945.85,0.006402853053294681
2009,Other,6240,39,63722.8,0.0009359137712733963
2009,Other,6250,22,31577.94,0.00046379363296096575
2009,Other,6260,339,499347.98,0.007334057058690962
2009,Other,6300,3,8232.220000000001,0.00012090881232702077
2009,Other,6320,196,265716.9,0.003902655030382782
2009,Other,6330,47,64095.17,0.0009413828688492886
2009,Other,6355,334,470536.69,0.006910897952701403
2009,Other,6360,27,40673.62,0.0005973843127662475
2009,Other,6400,13,24325.99,0.0003572823077589015
2009,Other,6420,105,157648.9,0.0023154314709350893
2009,Other,6440,219,344842.14,0.005064788548861452
2009,Other,6460,14,17921.73,0.00026322123183607064
2009,Other,6515,55,86158.88,0.0012654384664435962
2009,Other,6520,41,61633.63,0.0009052295738820192
2009,Other,6530,29,45365.95,0.000666301815863401
2009,Other,6600,16,23974.47,0.0003521194396978931
2009,Other,6660,43,59115.89,0.0008682508545149186
2009,Other,6700,26,38874.78,0.000570964269574212
2009,Other,6710,13,22260.92,0.00032695207349983635
2009,Other,6720,14,19202.59,0.000282033564518772
2009,Other,6730,67,95641.85,0.0014047173778469321
2009,Other,6740,8,6052.93,8.890099844253357e-05
2009,Other,6765,9,21720.0,0.0003190074370877954
2009,Other,6800,24,25419.35,0.00037334077789768187
2009,Other,6820,8,7431.549999999999,0.00010914915833746802
2009,Other,6830,3,3919.6000000000004,5.7568211344812285e-05
2009,Other,6840,46,42372.74,0.000622339741702924
2009,Other,6940,34,32040.22,0.0004705832627039191
2009,Other,7000,243,335542.28,0.004928199022900342
2009,Other,7010,140,204248.63999999998,0.002999854289828166
2009,Other,7020,83,133390.27,0.001959138497474633
2009,Other,7030,6,11732.29,0.0001723152745888937
2009,Other,7040,14,23569.58,0.00034617271220238307
2009,Other,7100,14,16286.39,0.00023920255678233423
2009,Other,7110,5,10260.02,0.00015069165214868886
2009,Other,7120,23,29232.38,0.0004293437672088641
2009,Other,7130,30,43871.73,0.0006443558079147212
2009,Other,7140,67,86614.73,0.0012721336570603768
2009,Other,7150,57,83168.42,0.0012215167822670968
2009,Other,7160,7,9338.35,0.00013715483886412588
2009,Other,7200,336,479755.27,0.007046293697608807
2009,Other,7210,166,220670.19,0.0032410419776048274
2009,Other,7220,141,190539.07,0.002798498176141438
2009,Other,7240,19,25600.600000000002,0.00037600284502347216
2009,Other,7260,32,42278.39,0.0006209539980708231
2009,Other,7300,16,27565.0,0.00040485451212362244
2009,Other,7315,160,218154.05,0.003204086757864768
2009,Other,7320,12,14382.86,0.00021124490361844239
2009,Other,7330,277,417540.87,0.006132534199728745
2009,Other,7340,189,250426.98,0.0036780878944491988
2009,Other,7350,17,23891.62,0.00035090259963515256
2009,Other,7360,19,31269.91,0.00045926951413747803
2009,Other,7410,68,100352.78,0.0014739080641084424
2009,Other,7420,93,132799.5,0.001950461700807582
2009,Other,7430,26,37880.76,0.0005563648325293681
2009,Other,7510,27,39930.61,0.0005864715265862014
2009,Other,7540,12,13260.529999999999,0.00019476094335754249
2009,Other,7560,5,5435.33,7.98301424045307e-05
2009,Other,7610,4,7510.89,0.00011031444609338635
2009,Other,7630,78,117156.25,0.0017207051128599
2009,Other,7700,419,582971.26,0.008562254491180608
2009,Other,7710,9,14023.15,0.00020596174684151553
2009,Other,7720,59,87014.93000000001,0.0012780115012741215
2009,Other,7730,12,20151.78,0.00029597457138844807
2009,Other,7740,14,27930.55,0.0004102234425392506
2009,Other,7750,295,433190.4,0.006362383023712565
2009,Other,7800,68,109779.6,0.001612362285475292
2009,Other,7810,192,225164.1,0.0033070452332035023
2009,Other,7830,6,6488.9,9.530420619332391e-05
2009,Other,7840,34,52667.6,0.0007735430982304406
2009,Other,7850,5,6307.94,9.264639837493498e-05
2009,Other,7900,21,35757.62,0.0005251817086813672
2009,Other,7920,6,4975.28,7.307326526676641e-05
2009,Other,7930,4,9318.710000000001,0.000136866380942192
2009,Other,7940,3,5103.07,7.495015110403387e-05
2009,Other,7950,60,90131.23,0.0013237814311174315
2009,Other,8030,176,262127.71,0.003849939638894699
2009,Other,8040,12,16625.99,0.00024419035262188376
2009,Other,8100,19,27405.54,0.0004025124805436031
2009,Other,8130,20,30307.4,0.00044513287287268184
2009,Other,8140,243,364927.79,0.005359791851289742
2009,Other,8220,175,251202.55,0.003689478898039538
2009,Other,8250,23,34348.770000000004,0.0005044895527080181
2009,Other,8255,89,132262.63,0.0019425765478264898
2009,Other,8256,9,10988.16,0.0001613860386699185
2009,Other,8300,76,98180.39,0.0014420015923655716
2009,Other,8310,26,38076.96,0.0005592464742953269
2009,Other,8320,83,114929.78,0.0016880043537230278
2009,Other,8330,5,6337.97,9.308745699996936e-05
2009,Other,8350,14,23721.22,0.0003483998893552373
2009,Other,8400,7,11259.949999999999,0.00016537789094091718
2009,Other,8410,5,7442.91,0.00010931600568946238
2009,Other,8420,2,4852.33,7.126746580129935e-05
2009,Other,8450,12,16392.62,0.00024076278514521804
2009,Other,8460,7,9084.42,0.00013342530117997745
2009,Other,8500,27,38924.86,0.0005716998079006097
2009,Other,8510,9,14277.0,0.0002096901095443119
2009,Other,8530,7,9500.72,0.00013953961039082685
2009,Other,8540,6,7593.070000000001,0.00011152144568730324
2009,Other,8550,6,4720.83,6.933609020382951e-05
2009,Other,8600,21,25331.62,0.0003720522639724649
2009,Other,8610,54,61644.69,0.0009053920150539433
2009,Other,8620,34,44235.81,0.000649703148048005
2009,Other,8630,21,25211.75,0.00037029170128905273
2009,Other,8640,24,30915.78,0.0004540683123098583
2009,Other,8650,50,61791.08,0.0009075420840555677
2009,Other,8710,39,58048.45,0.0008525730783342097
2009,Other,8720,20,24610.57,0.0003614620101735628
2009,Other,8730,5,8602.33,0.00012634471667971706
2009,Other,8740,308,474140.34,0.0069638257220688725
2009,Other,8750,9,12879.0,0.0001891573104168378
2009,Other,8760,35,62497.43,0.0009179164350310265
2009,Other,8800,122,149980.52,0.0022028039271774786
2009,Other,8810,67,93032.82,0.0013663978578844472
2009,Other,8830,16,15490.28,0.00022750987672984967
2009,Other,8850,2,4345.35,6.382131522787531e-05
2009,Other,8910,7,4794.58,7.041927613777172e-05
2009,Other,8920,8,10514.32,0.00015442662412159063
2009,Other,8930,20,31388.08,0.00046100510846715877
2009,Other,8940,9,15227.380000000001,0.0002236485942616001
2009,Other,8950,11,17483.68,0.00025678747457012643
2009,Other,8965,454,657890.78,0.009662617477508777
2009,Other,9000,126,183359.32,0.00269304727160962
2009,Other,9030,43,55873.159999999996,0.0008206240135173261
2009,Other,9040,30,45037.22,0.0006614736706150644
2009,Other,9050,41,69638.79,0.001022803495386519
2009,Other,9110,2,4359.23,6.402517449245995e-05
2009,Other,9120,192,279507.41,0.0041051999314524685
2009,Other,9130,1338,1936939.19,0.028448342854365115
2009,Other,9140,113,183960.85,0.002701882103268525
2009,Other,9150,9,13378.460000000001,0.00019649301274316699
2009,Other,9200,39,62381.66,0.000916216090141908
2009,Other,9240,35,43681.19,0.0006415572960794216
2009,Other,9260,8,10051.93,0.00014763537877927823
2009,Other,9300,7,15256.43,0.00022407525936507156
2009,Other,9310,13,25398.96,0.0003730413045255723
2009,Other,9350,27,45065.76,0.0006618928452124165
2009,Other,9360,23,30249.8,0.0004442868862991893
2009,Other,9410,24,33308.76,0.0004892146482584012
2009,Other,9420,4,5669.71,8.327254402076631e-05
2009,Other,9510,29,39012.1,0.0005729811250650452
2009,Other,9520,18,24824.01,0.0003645968604208933
2009,Other,9560,5,5951.49,8.741112208810512e-05
2009,Other,9600,233,359234.26,0.005276169456571396
2009,Other,9610,107,145901.58,0.0021428954467246747
2009,Other,9620,494,733702.74,0.010776087968309995
2009,Other,9630,10,14963.800000000001,0.00021977732445185787
2009,Other,9640,174,252398.69,0.0037070469254703946
2009,Other,9650,11,12860.32,0.00018888295227112876
2009,Other,9720,29,38997.51,0.0005727668378409609
2009,Other,9750,25,35324.4,0.0005188188909145543
2009,Tech,110,328,496813.11,0.1505788430778723
2009,Tech,1006,402,639881.27,0.19394130187868763
2009,Tech,1010,260,396836.24,0.12027690233571507
2009,Tech,1020,568,862415.97,0.261389235510474
2009,Tech,1030,185,263568.88,0.07988496322436128
2009,Tech,1050,204,327804.15,0.09935399986350062
2009,Tech,1060,57,76344.92,0.023139344548441392
2009,Tech,1105,128,191168.95,0.057941303769966174
2009,Tech,1400,34,44521.85,0.01349410579098158
2010,Finance,120,642,986836.87,0.27397182808640247
2010,Finance,800,805,1259134.55,0.34956881421571706
2010,Finance,820,41,55394.35,0.015378926139188545
2010,Finance,830,11,8610.42,0.002390478689747092
2010,Finance,840,39,61599.49,0.017101635941602047
2010,Finance,850,135,232262.73,0.06448223274677457
2010,Finance,860,74,115687.67,0.032117934990568864
2010,Finance,900,3,5297.75,0.0014707945116042723
2010,Finance,910,212,290341.33,0.08060637717066393
2010,Finance,950,40,63207.86,0.017548161687178748
2010,Finance,4810,206,312143.3,0.08665917653231009
2010,Finance,4820,133,211448.44,0.05870363928824223
2010,Healthcare,350,280,412756.24,0.0768931330839018
2010,Healthcare,3000,4,5451.389999999999,0.0010155496541063836
2010,Healthcare,3010,16,27978.39,0.005212146679462211
2010,Healthcare,3030,49,65334.52,0.01217129010898259
2010,Healthcare,3040,6,8708.29,0.0016222836556104188
2010,Healthcare,3050,126,191364.35,0.035649623206336904
2010,Healthcare,3060,312,445372.0,0.08296918410692838
2010,Healthcare,3110,38,41592.8,0.0077484006195329995
2010,Healthcare,3140,10,16522.73,0.0030780503204491274
2010,Healthcare,3150,44,62923.2,0.01172208078953566
2010,Healthcare,3160,85,128028.53,0.023850674664122135
2010,Healthcare,3200,9,9427.32,0.001756233101126537
2010,Healthcare,3210,9,8184.34,0.0015246760286989265
2010,Healthcare,3220,52,77270.44,0.014394855002971366
2010,Healthcare,3230,41,63802.65,0.01188591517733471
2010,Healthcare,3245,62,95421.23,0.017776199670342
2010,Healthcare,3250,17,30871.72,0.005751150544662761
2010,Healthcare,3255,1258,1935802.76,0.3606243221153106
2010,Healthcare,3256,17,26912.88,0.005013650825753911
2010,Healthcare,3258,37,54734.97,0.01019668008545037
2010,Healthcare,3260,1,2276.36,0.00042406736825316253
2010,Healthcare,3300,164,255184.37,0.04753877427350739
2010,Healthcare,3310,42,55193.04,0.01028201480376194
2010,Healthcare,3320,154,261543.74,0.0487234732225524
2010,Healthcare,3400,70,112114.8,0.020886076094391776
2010,Healthcare,3420,203,319348.27,0.059491987389999994
2010,Healthcare,3500,239,374147.57,0.06970065163164697
2010,Healthcare,3510,57,102371.62,0.01907100084222742
2010,Healthcare,3520,17,31507.170000000002,0.005869529715425062
2010,Healthcare,3535,59,93137.66,0.01735078913768378
2010,Healthcare,3540,43,52635.34,0.009805536079930422
2010,Other,10,636,962712.83,0.013987903692060764
2010,Other,20,529,771773.59,0.011213618757938429
2010,Other,40,31,49132.0,0.0007138719489157837
2010,Other,50,513,816908.79,0.011869418505327172
2010,Other,60,44,59926.58,0.0008707136785894655
2010,Other,100,65,103519.21,0.0015041003865692885
2010,Other,135,15,27489.02,0.0003994065025072245
2010,Other,136,129,196597.54,0.002856498189201513
2010,Other,137,21,31214.690000000002,0.0004535392734898238
2010,Other,140,164,234048.13,0.0034006430575428373
2010,Other,150,113,190809.86,0.002772405084884552
2010,Other,160,130,181562.96,0.002638050641254548
2010,Other,205,66,98329.0,0.001428688326649436
2010,Other,220,277,423422.04,0.006152184256873257
2010,Other,230,441,655939.9,0.009530592989998865
2010,Other,300,50,71869.91,0.001044246371409712
2010,Other,310,333,525146.91,0.007630213467980169
2010,Other,330,14,16841.04,0.0002446948230596896
2010,Other,340,53,81097.86,0.001178325477715122
2010,Other,360,8,8270.48,0.00012016737922472136
2010,Other,410,164,253178.7,0.003678604005392911
2010,Other,420,197,279263.97,0.004057614477852701
2010,Other,430,1286,1938195.25,0.02816134536548104
2010,Other,500,5,8200.470000000001,0.00011915015673950616
2010,Other,510,6,5942.16,8.633764837518141e-05
2010,Other,520,39,54243.25,0.0007881367457670374
2010,Other,530,182,290244.85,0.004217163085815136
2010,Other,540,154,220277.5,0.0032005602912011833
2010,Other,565,106,153475.32,0.0022299463852249765
2010,Other,600,49,75584.11,0.0010982124870301427
2010,Other,630,290,433500.53,0.0062986214322055915
2010,Other,640,37,50580.05,0.0007349116435267806
2010,Other,650,73,104053.53,0.0015118638820456516
2010,Other,700,32,50530.5,0.0007341916981740822
2010,Other,710,288,423578.95,0.006154464108039593
2010,Other,725,41,69218.84,0.0010057271882376007
2010,Other,726,34,36893.01,0.0005360434126449055
2010,Other,735,75,126387.89,0.0018363748545480274
2010,Other,740,129,198117.57,0.0028785837297557433
2010,Other,810,20,29560.7,0.00042950733779033637
2010,Other,930,47,78923.69,0.001146735496131343
2010,Other,940,27,40419.48,0.0005872818725425902
2010,Other,1200,9,8149.09,0.00011840362208316623
2010,Other,1220,81,96703.47,0.0014050699054754339
2010,Other,1240,25,43964.55,0.0006387905843789265
2010,Other,1300,68,89181.48,0.0012957778420335825
2010,Other,1310,15,16249.109999999999,0.00023609427305721216
2010,Other,1320,73,115357.83,0.0016761116772123189
2010,Other,1340,8,15183.32,0.0002206086916757306
2010,Other,1350,44,70064.19,0.0010180098482558365
2010,Other,1360,201,303818.15,0.004414378711562483
2010,Other,1410,187,302713.99,0.0043983356265849755
2010,Other,1420,24,36690.07,0.000533094760578778
2010,Other,1430,92,133916.56,0.0019457639762130072
2010,Other,1440,7,6806.63,9.889811576261175e-05
2010,Other,1450,18,29226.62,0.00042465326425997354
2010,Other,1460,165,267942.49,0.0038931170628846343
2010,Other,1520,15,23288.89,0.0003383799823411484
2010,Other,1530,172,268010.35,0.003894103046570489
2010,Other,1540,67,108330.79000000001,0.001574011075976685
2010,Other,1550,219,328326.99,0.0047704841698476145
2010,Other,1560,30,36148.39,0.0005252243267008838
2010,Other,1600,14,14525.22,0.00021104671313666284
2010,Other,1610,68,92853.81999999999,0.0013491357454953057
2010,Other,1640,19,22252.83,0.0003233263681712859
2010,Other,1650,80,117959.46,0.0017139125132958851
2010,Other,1700,8,9528.12,0.00013844047858632778
2010,Other,1710,3,4211.25,6.118809014230224e-05
2010,Other,1720,53,77703.8,0.0011290108919678064
2010,Other,1740,63,88501.53,0.0012858983901149698
2010,Other,1760,111,161450.18,0.002345818502186031
2010,Other,1800,23,18002.04,0.000261563774714237
2010,Other,1820,52,64359.27,0.0009351192197691346
2010,Other,1840,15,20669.55,0.0003003218257288984
2010,Other,1860,40,67573.57,0.000981821951296449
2010,Other,1900,3,5334.92,7.751464906191061e-05
2010,Other,1910,9,15055.02,0.00021874453448599896
2010,Other,1920,32,47848.02,0.0006952161379378285
2010,Other,1930,15,18670.0,0.0002712690158401384
2010,Other,1965,57,75668.25,0.0010994350138106884
2010,Other,2000,314,451365.04,0.006558186940837959
2010,Other,2010,438,655567.64,0.00952518417351056
2010,Other,2015,59,92980.44,0.001350975492832514
2010,Other,2016,61,91159.83,0.001324522622830976
2010,Other,2025,35,52285.86,0.0007596965069392212
2010,Other,2040,186,300198.82,0.004361791026125917
2010,Other,2050,24,41517.65,0.0006032379247721116
2010,Other,2060,23,53755.22,0.0007810458289057378
2010,Other,2100,452,641713.0,0.009323880769245995
2010,Other,2105,2,1180.8899999999999,1.7157946872815264e-05
2010,Other,2145,181,307427.55,0.004466822117335026
2010,Other,2160,84,112762.92,0.0016384084805388462
2010,Other,2200,539,795521.72,0.011558671347822931
2010,Other,2300,254,383083.42,0.005566077253780096
2010,Other,2310,1254,1897244.4,0.02756634286000074
2010,Other,2320,533,803512.75,0.011674778409614525
2010,Other,2330,184,251191.74,0.003649734124101335
2010,Other,2340,192,307078.5,0.004461750534583071
2010,Other,2400,15,19380.55,0.0002815930757868556
2010,Other,2430,70,119486.1,0.0017360940949960558
2010,Other,2440,5,6196.52,9.003341628461352e-05
2010,Other,2540,265,384619.33,0.005588393525559369
2010,Other,2550,60,98948.25,0.0014376858273489007
2010,Other,2600,27,37930.06,0.0005511114111921478
2010,Other,2630,225,373014.95,0.005419785665782455
2010,Other,2700,1,3028.71,4.400616930718723e-05
2010,Other,2710,44,66443.54000000001,0.0009654029836494308
2010,Other,2720,47,83047.63,0.0012066550004261357
2010,Other,2750,19,31761.84,0.0004614891846851602
2010,Other,2760,4,10416.34,0.00015134602573413323
2010,Other,2800,23,25924.89,0.0003766802033242553
2010,Other,2810,47,58142.37,0.000844789688725934
2010,Other,2825,74,120405.47,0.0017494522414927321
2010,Other,2830,73,113606.34,0.0016506630982860283
2010,Other,2840,20,33915.8,0.0004927855215549527
2010,Other,2850,43,53747.840000000004,0.0007809385999107244
2010,Other,2860,27,44933.88,0.0006528746333946908
2010,Other,2900,37,70341.52,0.0010220393627798294
2010,Other,2910,15,32775.82,0.00047622198365042986
2010,Other,2920,11,26748.67,0.00038864945827169975
2010,Other,3600,730,1049813.77,0.015253451965898522
2010,Other,3610,4,6447.45,9.36793474118104e-05
2010,Other,3620,27,37775.83,0.0005488704995524573
2010,Other,3630,18,25183.33,0.0003659055781830441
2010,Other,3640,104,166033.22,0.002412408579869801
2010,Other,3645,157,247071.96,0.003589875063250886
2010,Other,3646,20,22010.54,0.0003198059734284949
2010,Other,3647,10,17873.33,0.00025969366035811576
2010,Other,3648,20,28195.77,0.0004096753496922817
2010,Other,3649,42,63084.0,0.000916589962252774
2010,Other,3655,40,65188.99,0.0009471747809808583
2010,Other,3700,22,34383.36,0.0004995790159869942
2010,Other,3710,74,106655.62,0.0015496714017793135
2010,Other,3720,33,49416.39,0.0007180040429390711
2010,Other,3730,53,78659.47,0.0011428964656350772
2010,Other,3740,167,266879.6,0.0038776736175581035
2010,Other,3750,8,9906.279999999999,0.00014393502015194674
2010,Other,3800,256,387532.93,0.005630727184078481
2010,Other,3820,99,146397.93,0.002127114214897347
2010,Other,3840,9,10358.45,0.00015050490289926524
2010,Other,3850,416,616407.07,0.00895619385301571
2010,Other,3910,52,66041.16,0.0009595565333765997
2010,Other,3930,352,552455.8,0.008027002740287966
2010,Other,3940,11,13365.42,0.00019419519709106066
2010,Other,3945,11,16591.03,0.00024106225923268404
2010,Other,3955,15,15292.45,0.00022219431501256158
2010,Other,4000,147,257749.54,0.0037450168210524043
2010,Other,4010,182,262409.13,0.0038127191452901415
2010,Other,4020,610,865300.35,0.01257253210233676
2010,Other,4030,137,198549.94,0.002884865924955465
2010,Other,4040,122,189537.08,0.0027539120062567528
2010,Other,4050,65,93721.15,0.0013617377677507224
2010,Other,4060,20,33628.25,0.0004886075137614426
2010,Other,4110,329,506184.92,0.007354701932593422
2010,Other,4120,30,47609.11,0.0006917448534935668
2010,Other,4130,41,50990.6,0.0007408768012371806
2010,Other,4140,57,78666.44,0.001142997737463701
2010,Other,4150,8,13243.960000000001,0.00019243042287231708
2010,Other,4200,125,188826.63,0.002743589399277448
2010,Other,4210,53,79960.74,0.0011618034946785855
2010,Other,4220,819,1172329.75,0.017033569229920487
2010,Other,4230,497,666419.93,0.009682864410677769
2010,Other,4240,19,30992.28,0.0004503077286685594
2010,Other,4250,290,407755.69,0.005924557296706832
2010,Other,4300,47,63990.04,0.0009297544281934167
2010,Other,4320,44,59115.54,0.0008589295316903233
2010,Other,4340,7,12115.9,0.00017604007868331724
2010,Other,4350,23,43942.04,0.0006384635214144614
2010,Other,4400,48,51086.33,0.0007422677269407894
2010,Other,4410,1,1701.69,2.472500115506187e-05
2010,Other,4420,3,5378.5,7.814785226010629e-05
2010,Other,4430,28,44094.14,0.0006406734848482743
2010,Other,4465,10,15150.279999999999,0.00022012863124277085
2010,Other,4500,21,33264.74,0.0004833258319216971
2010,Other,4510,160,235113.59,0.003416123844131859
2010,Other,4520,70,111728.73,0.00162338203685959
2010,Other,4530,35,58003.74,0.0008427754400025318
2010,Other,4540,6,5890.72,8.559024193839423e-05
2010,Other,4600,176,233568.14,0.0033936689592614713
2010,Other,4610,288,394120.59,0.005726443737098806
2010,Other,4620,74,111774.05,0.0016240405216907566
2010,Other,4640,25,35750.99,0.0005194502342051756
2010,Other,4650,14,21851.72,0.0003174983705845886
2010,Other,4700,1274,1990841.25,0.02892627458925822
2010,Other,4710,423,662848.52,0.009630972987225083
2010,Other,4720,535,832546.45,0.012096628609143062
2010,Other,4740,43,65406.81,0.0009503396345979069
2010,Other,4750,48,77747.47,0.001129645402836673
2010,Other,4760,772,1238573.64,0.017996071364131647
2010,Other,4800,109,177646.91,0.002581151710912782
2010,Other,4830,30,44798.8,0.0006509119650144185
2010,Other,4840,176,291439.6,0.004234522413971269
2010,Other,4850,633,986330.98,0.014331067714903011
2010,Other,4920,174,269670.04,0.003918217801412467
2010,Other,4930,14,22317.850000000002,0.00032427108758263705
2010,Other,4940,22,34951.36,0.0005078318708877546
2010,Other,4950,19,24182.07,0.0003513575966725943
2010,Other,4965,52,86539.2,0.0012573863746969955
2010,Other,5000,789,1219717.04,0.01772209111110052
2010,Other,5010,19,26043.94,0.0003784099610283671
2010,Other,5020,13,15884.93,0.00023080285633580557
2010,Other,5030,7,4864.75,7.068323218041313e-05
2010,Other,5100,67,108728.22,0.0015797856043626166
2010,Other,5110,213,323415.97000000003,0.004699128649645621
2010,Other,5120,468,741640.79,0.010775798993583437
2010,Other,5130,5,3615.54,5.253261797164724e-05
2010,Other,5140,51,92075.14,0.001337821778850721
2010,Other,5150,10,16060.41,0.0002333525235505687
2010,Other,5160,145,230824.42,0.003353803601782044
2010,Other,5165,22,41972.38,0.0006098450034851798
2010,Other,5200,2,4699.84,6.82871436211096e-05
2010,Other,5220,51,84006.55,0.0012205877955342999
2010,Other,5230,31,42727.38,0.0006208149074465781
2010,Other,5240,760,1165780.82,0.016938415411178874
2010,Other,5250,58,76907.15,0.0011174358270792661
2010,Other,5260,119,183729.71,0.002669532812656349
2010,Other,5300,42,49836.08,0.0007241020018709377
2010,Other,5310,56,81539.85,0.0011847474483798882
2010,Other,5320,13,25204.72,0.0003662163679124935
2010,Other,5330,56,80990.76,0.0011767693496167566
2010,Other,5340,16,14021.43,0.00020372680861121541
2010,Other,5350,45,60214.65,0.0008748992418135185
2010,Other,5360,18,23128.63,0.0003360514567665078
2010,Other,5400,405,576823.46,0.008381056899180688
2010,Other,5410,38,56330.19,0.0008184593038772365
2010,Other,5420,50,74932.24,0.001088741028360849
2010,Other,5500,2,2423.31,3.520990459429919e-05
2010,Other,5510,86,136684.81,0.001985985746598624
2010,Other,5520,137,199855.11,0.002903829619728045
2010,Other,5530,11,16027.83,0.00023287914676770464
2010,Other,5540,74,118737.85,0.001725222266334975
2010,Other,5550,204,309702.24,0.004499872621761454
2010,Other,5560,33,45493.47,0.0006610052937360933
2010,Other,5600,124,176963.56,0.0025712228581021577
2010,Other,5610,262,407331.12,0.005918388432965255
2010,Other,5620,474,785175.61,0.01140834574110232
2010,Other,5630,36,61432.31,0.000892591444803765
2010,Other,5700,1285,1929997.66,0.028042237054203
2010,Other,5800,47,79437.92,0.0011542070904546143
2010,Other,5810,142,207811.33,0.0030194309035634827
2010,Other,5820,51,77050.51,0.001119518801161261
2010,Other,5840,139,222104.33,0.003227103535775754
2010,Other,5850,43,68606.31999999999,0.0009968274722449706
2010,Other,5860,405,600165.09,0.00872020317653498
2010,Other,5900,20,32098.49,0.0004663805994780142
2010,Other,5910,2,4632.27,6.730537354074976e-05
2010,Other,5920,8,12396.22,0.000180113036932932
2010,Other,5940,220,303161.15,0.004404832715664948
2010,Other,6005,15,22803.61,0.0003313290220836818
2010,Other,6010,7,11133.51,0.00016176627212353183
2010,Other,6040,56,80946.58,0.0011761274286140884
2010,Other,6050,245,284281.37,0.004130515664787694
2010,Other,6100,4,4343.73,6.31129813698599e-05
2010,Other,6120,3,6439.2,9.355947760031169e-05
2010,Other,6130,16,21695.670000000002,0.00031523101493799763
2010,Other,6200,286,400276.61,0.005815888701581516
2010,Other,6210,10,17976.6,0.0002611941398045973
2010,Other,6220,31,49458.01,0.0007186087679759895
2010,Other,6230,329,474561.73,0.006895227287225146
2010,Other,6240,31,51788.82,0.0007524746777140908
2010,Other,6250,15,24138.77,0.00035072846178315254
2010,Other,6260,343,504469.19,0.0073297729348137
2010,Other,6300,6,10127.02,0.00014714230041742895
2010,Other,6320,175,227609.55,0.0033070925883404807
2010,Other,6330,51,78864.3,0.0011458725787852934
2010,Other,6355,301,420091.31,0.006103789835388029
2010,Other,6360,19,27928.440000000002,0.0004057911319094995
2010,Other,6400,13,17790.93,0.00025849641521054063
2010,Other,6420,105,168586.01,0.0024494997866692948
2010,Other,6440,213,302349.02,0.004393032731421014
2010,Other,6460,6,8769.78,0.00012742204551336524
2010,Other,6515,41,54809.92,0.0007963702762012169
2010,Other,6520,57,88891.36,0.0012915624929775815
2010,Other,6530,32,47347.95,0.0006879502838001114
2010,Other,6600,13,19227.19,0.00027936480496365025
2010,Other,6660,39,51092.88,0.0007423628963062822
2010,Other,6700,22,34351.48,0.0004991158099760149
2010,Other,6710,10,14048.17,0.0002041153320972125
2010,Other,6720,13,23100.12,0.00033563721575731643
2010,Other,6730,59,86777.94,0.0012608551890966567
2010,Other,6740,7,5178.51,7.524206273263606e-05
2010,Other,6765,14,21352.6,0.0003102463196372865
2010,Other,6800,30,45691.93,0.0006638888528621582
2010,Other,6820,8,9042.869999999999,0.00013138995421908473
2010,Other,6830,5,9162.710000000001,0.00013313119036575228
2010,Other,6840,62,59737.03,0.0008679595788598191
2010,Other,6940,35,35280.36,0.0005126121336735825
2010,Other,7000,178,275450.1,0.004002200189612624
2010,Other,7010,139,225063.97,0.0032701061404914
2010,Other,7020,92,142882.83,0.002076040957394419
2010,Other,7030,7,13270.24,0.00019281226270821843
2010,Other,7040,22,30861.78,0.00044841160619576146
2010,Other,7100,12,12632.86,0.00018355133901693898
2010,Other,7110,11,21839.06,0.000317314424910216
2010,Other,7120,9,17016.11,0.00024723853310806306
2010,Other,7130,23,38649.0,0.0005615573751047407
2010,Other,7140,75,109179.71,0.0015863456069315329
2010,Other,7150,50,68328.84,0.0009927957782698597
2010,Other,7160,5,4321.27,6.278664488910096e-05
2010,Other,7200,330,513294.68,0.0074580044284723495
2010,Other,7210,156,220327.56,0.003201287646687683
2010,Other,7220,107,127407.12,0.0018511839343024325
2010,Other,7240,19,31296.46,0.0004547273649427026
2010,Other,7260,33,46905.79,0.0006815258430907448
2010,Other,7300,14,19349.26,0.0002811384422836077
2010,Other,7315,150,221563.34,0.0032192431273730033
2010,Other,7320,9,9773.199999999999,0.00014200141111991646
2010,Other,7330,231,354773.58,0.005154744504160825
2010,Other,7340,227,325153.43,0.004724373377243992
2010,Other,7350,17,23234.88,0.0003375952346418701
2010,Other,7360,30,43329.59,0.00062956482249902
2010,Other,7410,62,83829.04,0.0012180086330810709
2010,Other,7420,97,136581.55,0.0019844854124488834
2010,Other,7430,30,37553.13,0.0005456347411256977
2010,Other,7510,18,30195.84,0.0004387357150115846
2010,Other,7540,9,15122.41,0.000219723689225017
2010,Other,7560,7,10810.36,0.0001570710079313122
2010,Other,7610,2,1508.6100000000001,2.1919611675768143e-05
2010,Other,7630,53,81917.32,0.0011902319644703635
2010,Other,7700,423,625577.55,0.009089437938949384
2010,Other,7710,9,13033.24,0.00018936872994152788
2010,Other,7720,70,117121.17,0.001701732432776944
2010,Other,7730,11,18899.170000000002,0.0002745987812584611
2010,Other,7740,13,26282.85,0.00038188124547262886
2010,Other,7750,334,492382.66,0.0071541595926593185
2010,Other,7800,63,109657.36,0.0015932857057754557
2010,Other,7810,175,223249.71,0.0032437455339205303
2010,Other,7830,9,11574.79,0.000168177926719672
2010,Other,7840,40,55416.97,0.0008051905148764046
2010,Other,7850,6,9989.91,0.0001451501367986908
2010,Other,7855,59,75851.73,0.00110210091841842
2010,Other,7900,31,64277.16,0.0009339261882270547
2010,Other,7920,5,9325.86,0.00013550170669860274
2010,Other,7930,2,2914.54,4.234731641278613e-05
2010,Other,7940,5,4384.21,6.37011425782803e-05
2010,Other,7950,75,119421.81,0.001735159982246813
2010,Other,8030,240,379303.65,0.005511158427427548
2010,Other,8040,6,11440.0,0.00016621947194489465
2010,Other,8100,22,28107.12,0.00040838729408144997
2010,Other,8130,36,61526.9,0.0008939658066788759
2010,Other,8140,257,366350.69,0.005322956139724458
2010,Other,8220,203,302029.24,0.004388386432230581
2010,Other,8250,11,19857.440000000002,0.00028852213207844664
2010,Other,8255,110,167731.65,0.0024370862142872284
2010,Other,8256,8,8253.49,0.0001199205200614046
2010,Other,8300,67,90262.54,0.0013114852915388927
2010,Other,8310,24,37648.47,0.0005470200002563993
2010,Other,8320,72,95867.51,0.0013929236790971948
2010,Other,8330,11,20582.329999999998,0.0002990545475520597
2010,Other,8350,27,41708.55,0.0006060116395618214
2010,Other,8400,2,2854.04,4.146827112846217e-05
2010,Other,8410,6,11585.75,0.00016833717194803875
2010,Other,8420,12,18771.22,0.00027273970945467185
2010,Other,8450,12,20207.45,0.00029360766331755787
2010,Other,8460,8,18571.850000000002,0.00026984292832515666
2010,Other,8500,29,39223.46,0.0005699040917003232
2010,Other,8510,7,15114.01,0.00021960163996240012
2010,Other,8530,10,11997.83,0.00017432456005984402
2010,Other,8540,12,16776.12,0.00024375155661575054
2010,Other,8550,6,9733.67,0.0001414270531019111
2010,Other,8600,30,37681.81,0.0005475044195915954
2010,Other,8610,48,72443.98,0.0010525874214323873
2010,Other,8620,34,50041.1,0.0007270808756592367
2010,Other,8630,21,22337.03,0.0003245497667322789
2010,Other,8640,26,42551.62,0.0006182611719230611
2010,Other,8650,47,75159.98,0.0010920500163451787
2010,Other,8710,35,47684.41,0.0006928389379548825
2010,Other,8720,22,34948.21,0.0005077861024142733
2010,Other,8730,8,11139.74,0.00016185679199330602
2010,Other,8740,300,435499.46,0.006327665233696397
2010,Other,8750,8,13816.26,0.0002007457553717981
2010,Other,8760,35,64074.03,0.0009309747755228443
2010,Other,8800,152,193924.09,0.0028176538319225723
2010,Other,8810,53,75256.87,0.0010934577964707677
2010,Other,8830,13,14589.59,0.0002119819882598353
2010,Other,8850,5,6593.16,9.579646622798966e-05
2010,Other,8910,5,5326.97,7.739913815264821e-05
2010,Other,8920,12,17861.89,0.00025952744088617084
2010,Other,8930,23,33474.87,0.0004863789523447549
2010,Other,8940,10,14411.73,0.00020939774042066404
2010,Other,8950,14,20318.03,0.0002952143546818643
2010,Other,8965,354,518519.92,0.007533925462876663
2010,Other,9000,113,152908.4,0.0022217092223722665
2010,Other,9030,46,68097.52,0.000989434774052177
2010,Other,9040,22,26879.76,0.00039055415325222915
2010,Other,9050,24,38131.76,0.0005540420464623651
2010,Other,9110,3,4853.01,7.051265380623192e-05
2010,Other,9120,181,270942.37,0.0039367043416869115
2010,Other,9130,1229,1837112.57,0.02669264696579793
2010,Other,9140,96,147774.32,0.002147112713060829
2010,Other,9150,22,32880.46,0.0004777423687504573
2010,Other,9200,22,31744.21,0.000461233026530406
2010,Other,9240,29,39370.72,0.0005720437315113901
2010,Other,9260,9,14871.25,0.00021607441627277227
2010,Other,9300,11,16921.53,0.00024586431652969345
2010,Other,9310,15,28601.72,0.0004155736709017249
2010,Other,9350,30,45111.78,0.0006554594624208269
2010,Other,9360,16,23986.46,0.0003485154471177743
2010,Other,9410,25,31744.38,0.0004612354965750066
2010,Other,9415,6,9265.89,0.00013463036214156292
2010,Other,9420,10,14694.66,0.00021350862111973478
2010,Other,9510,30,52299.590000000004,0.0007598959993649033
2010,Other,9520,20,16478.09,0.00023942127783745185
2010,Other,9560,3,2611.89,3.794991054004816e-05
2010,Other,9600,240,381102.04,0.005537288448070115
2010,Other,9610,100,160747.63999999998,0.002335610824929023
2010,Other,9620,560,842208.04,0.01223700836333433
2010,Other,9630,15,22340.2,0.00032459582579924263
2010,Other,9640,137,204048.91,0.002964764167056935
2010,Other,9650,13,11803.859999999999,0.00017150623917058252
2010,Other,9720,20,32915.1,0.0004782456766620107
2010,Other,9750,33,51783.08,0.000752391277384636
2010,Tech,110,351,533887.89,0.16196961767553036
2010,Tech,1005,5,10366.4,0.0031449333766900346
2010,Tech,1006,247,374440.42,0.11359682960717653
2010,Tech,1007,24,37585.13,0.011402485897151753
2010,Tech,1010,237,360973.17,0.10951116785215755
2010,Tech,1020,545,830878.28,0.25206984437594615
2010,Tech,1030,67,102553.95999999999,0.031112572514637168
2010,Tech,1050,254,391352.82,0.11872767264236064
2010,Tech,1060,80,129442.14,0.03926984357502935
2010,Tech,1105,139,196216.98,0.05952783314123718
2010,Tech,1106,45,69688.89,0.02114204701202736
2010,Tech,1107,138,191656.52,0.05814429180894632
2010,Tech,1400,45,67179.85,0.020380860521109552
2011,Finance,120,666,1058082.3,0.29323435583091406
2011,Finance,800,815,1233087.76,0.34173494347895694
2011,Finance,820,40,55263.18,0.015315503329436521
2011,Finance,830,18,26994.17,0.00748109863584353
2011,Finance,840,38,58402.79,0.01618560721068498
2011,Finance,850,161,256954.72,0.07121180629986239
2011,Finance,860,58,96079.53,0.026627247321013667
2011,Finance,900,11,12793.59,0.0035455844242123923
2011,Finance,910,183,271562.68,0.07526022081412442
2011,Finance,950,38,55809.54,0.015466920211329147
2011,Finance,4810,191,314906.79,0.0872725020657003
2011,Finance,4820,117,168379.23,0.046664210377921754
2011,Healthcare,350,310,456643.81,0.08240153256910182
2011,Healthcare,3000,4,2916.1800000000003,0.0005262256839687882
2011,Healthcare,3010,26,44506.74,0.008031256540309934
2011,Healthcare,3030,52,78758.21,0.014211946082000238
2011,Healthcare,3040,5,11410.46,0.0020590214314269
2011,Healthcare,3050,136,220115.78,0.03971996820594864
2011,Healthcare,3060,358,545241.97,0.09838910101287968
2011,Healthcare,3110,55,75851.45,0.013687420240271291
2011,Healthcare,3120,3,1812.06,0.0003269868502261459
2011,Healthcare,3140,2,2054.41,0.00037071899107816325
2011,Healthcare,3150,57,81113.79000000001,0.014637011303160523
2011,Healthcare,3160,81,130527.61,0.02355375211717426
2011,Healthcare,3200,9,19021.85,0.0034324993747305355
2011,Healthcare,3210,5,4400.83,0.0007941312870880269
2011,Healthcare,3220,49,73807.64,0.013318614022838812
2011,Healthcare,3230,41,72618.6,0.013104051345889432
2011,Healthcare,3245,56,80655.25,0.01455426760245376
2011,Healthcare,3250,22,35215.4,0.0063546310417170624
2011,Healthcare,3255,1246,1927209.59,0.3477656333453209
2011,Healthcare,3256,7,9952.86,0.0017959970101110335
2011,Healthcare,3258,47,67217.79,0.012129473323875881
2011,Healthcare,3260,2,3463.8900000000003,0.0006250601418440034
2011,Healthcare,3300,161,261388.86000000002,0.04716770968709813
2011,Healthcare,3310,36,53806.48,0.00970939782179184
2011,Healthcare,3320,133,205106.23,0.03701148974617808
2011,Healthcare,3400,69,116842.44,0.02108425848390089
2011,Healthcare,3420,206,336451.52,0.06071279250057898
2011,Healthcare,3500,234,405734.02,0.07321484345407553
2011,Healthcare,3510,46,66212.52,0.011948072006630958
2011,Healthcare,3520,25,38855.57,0.007011500970189469
2011,Healthcare,3535,47,76452.95,0.01379596112214663
2011,Healthcare,3540,26,36323.979999999996,0.006554674683993642
2011,Other,10,615,955482.76,0.013646765657468115
2011,Other,20,577,867070.39,0.012384008290070544
2011,Other,40,27,43835.18,0.0006260797725046688
2011,Other,50,507,824937.89,0.011782247192818224
2011,Other,60,33,42413.48,0.0006057742185507468
2011,Other,100,78,124510.55,0.0017783327641960453
2011,Other,135,13,23320.170000000002,0.0003330723571426011
2011,Other,136,110,146631.36,0.0020942751577808097
2011,Other,137,17,24938.97,0.00035619300899644447
2011,Other,140,132,190838.87,0.0027256727659073846
2011,Other,150,103,160056.77,0.00228602474426778
2011,Other,160,163,245322.61,0.0035038415231567793
2011,Other,205,58,77869.13,0.001112172624716871
2011,Other,220,247,353619.71,0.0050506042769749545
2011,Other,230,422,619729.94,0.008851346791538943
2011,Other,300,62,101208.07,0.0014455130660176736
2011,Other,310,298,468560.49,0.006692255968468161
2011,Other,330,6,4277.53,6.109419441831643e-05
2011,Other,340,48,67071.42,0.0009579533921194141
2011,Other,360,6,12743.59,0.00018201143301094632
2011,Other,410,174,257044.5,0.0036712604370183117
2011,Other,420,168,218076.79,0.0031147007283133877
2011,Other,425,5,8886.98,0.00012692906511741349
2011,Other,430,1348,2084744.05,0.029775538290351768
2011,Other,500,11,16017.14,0.0002287661957216882
2011,Other,510,6,11567.4,0.000165212396994161
2011,Other,520,24,40123.880000000005,0.0005730728073297437
2011,Other,530,181,281285.08,0.004017478630071956
2011,Other,540,171,275619.28,0.003936556348583504
2011,Other,565,112,161676.08,0.002309152680240999
2011,Other,600,48,79815.82,0.0011399763940258395
2011,Other,630,326,461772.1,0.006595300197626728
2011,Other,640,45,66084.01,0.0009438506228786162
2011,Other,650,71,117216.27,0.001674151575411481
2011,Other,700,49,83119.52,0.0011871617767349712
2011,Other,710,265,417867.52,0.0059682292135834775
2011,Other,725,35,59253.58,0.0008462944120792295
2011,Other,726,32,38374.92,0.0005480931339505134
2011,Other,735,97,168267.32,0.0024032926390531607
2011,Other,740,152,214695.77,0.0030664110159765445
2011,Other,810,13,24950.29,0.000356354687881412
2011,Other,930,38,68266.33,0.0009750197981650504
2011,Other,940,27,45572.79,0.0006508973385213212
2011,Other,1200,13,19628.02,0.0002803389035089417
2011,Other,1220,80,106751.38,0.0015246858734231149
2011,Other,1240,28,43428.78,0.0006202753291432889
2011,Other,1300,63,101626.86,0.0014514944706321231
2011,Other,1310,31,46346.55,0.0006619486330471612
2011,Other,1320,73,107142.89,0.001530277649063897
2011,Other,1340,4,5440.13,7.769913007761857e-05
2011,Other,1350,34,50163.11,0.0007164589833308927
2011,Other,1360,166,241939.05,0.0034555155330489276
2011,Other,1410,195,336330.18,0.004803665060365996
2011,Other,1420,19,25851.690000000002,0.00036922901181337054
2011,Other,1430,91,153225.41,0.0021884552506624727
2011,Other,1440,8,7631.18,0.00010899299234866104
2011,Other,1450,19,33402.19,0.00047706968504196233
2011,Other,1460,140,232175.81,0.003316071208237019
2011,Other,1520,22,26397.83,0.0003770293038837054
2011,Other,1530,206,335924.99,0.0047978778989349
2011,Other,1540,76,111207.92,0.0015883367937423187
2011,Other,1550,218,331619.66,0.00473638664859767
2011,Other,1560,30,44498.43,0.0006355526983398935
2011,Other,1600,17,18824.77,0.0002688664154921393
2011,Other,1610,55,66018.06,0.000942908686265223
2011,Other,1640,18,21235.34,0.0003032955912638957
2011,Other,1650,76,114788.74,0.0016394801669640136
2011,Other,1700,9,18973.510000000002,0.0002709908074841956
2011,Other,1710,8,11701.09,0.00016712183605169765
2011,Other,1720,52,95724.79,0.0013671976423105185
2011,Other,1740,50,87245.86,0.0012460965868230538
2011,Other,1760,65,92917.68,0.0013271048494853132
2011,Other,1800,26,24820.1,0.0003544952378784148
2011,Other,1820,72,112950.08,0.0016132193455298724
2011,Other,1840,17,23141.39,0.00033051891623672627
2011,Other,1860,27,49328.79,0.0007045427353356502
2011,Other,1900,15,26216.05,0.00037443301521679676
2011,Other,1910,9,12789.14,0.00018266200484930964
2011,Other,1920,28,42334.38,0.0006046444659181553
2011,Other,1930,10,16903.32,0.00024142313867933516
2011,Other,1965,59,86432.61,0.0012344812729361387
2011,Other,2000,305,413605.26,0.005907353114268823
2011,Other,2010,396,591292.4,0.008445185152102483
2011,Other,2015,59,90071.27,0.0012864507509905653
2011,Other,2016,77,113943.63,0.0016274098098549195
2011,Other,2025,46,72518.74,0.0010357552139976438
2011,Other,2040,189,292969.84,0.004184367231477759
2011,Other,2050,24,43936.2,0.0006275225994445473
2011,Other,2060,7,15098.92,0.00021565163867620014
2011,Other,2100,420,611232.43,0.00872998036558481
2011,Other,2105,7,13176.66,0.00018819679296791687
2011,Other,2145,167,282081.3,0.004028850711502069
2011,Other,2160,84,127192.12,0.0018166325210478556
2011,Other,2200,508,731890.62,0.01045329146288212
2011,Other,2300,255,382007.0,0.0054560482164141
2011,Other,2310,1259,1931894.52,0.027592451578495093
2011,Other,2320,546,809753.69,0.011565377535121702
2011,Other,2330,172,250352.6,0.003575682792997596
2011,Other,2340,162,242534.02,0.0034640132438430228
2011,Other,2400,23,42876.52,0.000612387627640445
2011,Other,2430,80,142291.25,0.002032287159067328
2011,Other,2440,9,14983.76,0.00021400685595598232
2011,Other,2540,240,330982.67,0.004727288783497362
2011,Other,2550,60,79460.28,0.0011348983630398526
2011,Other,2600,33,59976.74,0.0008566230077022992
2011,Other,2630,239,376743.22,0.0053808678205559185
2011,Other,2700,2,2207.16,3.1523954747794004e-05
2011,Other,2710,46,76390.83,0.001091058676338111
2011,Other,2720,36,57832.25,0.0008259941426825015
2011,Other,2750,15,29206.39,0.00041714280646007695
2011,Other,2760,2,2424.7799999999997,3.463213133318652e-05
2011,Other,2800,11,16475.64,0.00023531476186635535
2011,Other,2810,41,49884.24,0.0007124759982910599
2011,Other,2825,78,116111.74,0.0016583760295799234
2011,Other,2830,74,124676.62,0.0017807046734210068
2011,Other,2840,32,52382.75,0.0007481611847645873
2011,Other,2850,51,66545.88,0.0009504473213415114
2011,Other,2860,30,44211.6,0.000631456023907451
2011,Other,2900,42,83979.97,0.0011994512287288183
2011,Other,2910,16,26393.100000000002,0.0003769617472471421
2011,Other,2920,13,24696.350000000002,0.00035272776773577025
2011,Other,3600,703,1104468.72,0.01577467059462566
2011,Other,3610,10,11984.97,0.0001711763768524569
2011,Other,3620,23,35148.26,0.00050200808174473
2011,Other,3630,22,33516.19,0.0004786978999612471
2011,Other,3640,87,140207.64,0.0020025278179447766
2011,Other,3645,164,259979.11,0.0037131742596874535
2011,Other,3646,23,35981.71,0.0005139119038892727
2011,Other,3647,20,33942.6,0.00048478813788872257
2011,Other,3648,13,28498.96,0.00040703887593069443
2011,Other,3649,47,64078.8,0.0009152110365777482
2011,Other,3655,60,80553.55,0.0011505130869416636
2011,Other,3700,36,48268.82,0.0006894036215813146
2011,Other,3710,83,127642.99,0.001823072111053627
2011,Other,3720,36,56973.68,0.0008137315419522357
2011,Other,3730,44,67852.96,0.0009691158051722019
2011,Other,3740,158,270646.93,0.003865538327058017
2011,Other,3750,12,17706.75,0.0002528981975617996
2011,Other,3800,221,326186.64,0.004658789067713703
2011,Other,3820,113,177317.1,0.002532546909336009
2011,Other,3840,10,8612.3,0.00012300592411715794
2011,Other,3850,371,560685.29,0.00800803644036398
2011,Other,3900,1,2696.53,3.851342435349906e-05
2011,Other,3910,52,77320.37,0.0011043349122685665
2011,Other,3930,362,572465.47,0.008176287886222398
2011,Other,3940,8,11077.8,0.00015821964239344337
2011,Other,3945,9,10999.86,0.00015710645756178502
2011,Other,3955,12,17683.05,0.0002525597002496325
2011,Other,4000,148,238815.43,0.0034109021586087858
2011,Other,4010,195,288545.97,0.0041211829232762134
2011,Other,4020,594,947520.89,0.013533049556420696
2011,Other,4030,162,265984.09,0.0037989409090383886
2011,Other,4040,123,195752.29,0.0027958491145802975
2011,Other,4050,70,109962.15,0.0015705439753212892
2011,Other,4060,16,20963.16,0.0002994081567311683
2011,Other,4110,352,585306.05,0.008359684587347567
2011,Other,4120,47,79609.99,0.00113703660914131
2011,Other,4130,64,100475.03,0.0014350433584349323
2011,Other,4140,49,67487.94,0.0009639023752613481
2011,Other,4150,14,22303.87,0.0003185569639630477
2011,Other,4200,109,164412.28,0.0023482326948212353
2011,Other,4210,46,63861.22,0.0009121034312958361
2011,Other,4220,875,1258167.57,0.01796988779328275
2011,Other,4230,461,625611.29,0.008935347684657676
2011,Other,4240,23,44927.42,0.0006416797853418581
2011,Other,4250,299,487248.87,0.0069591743819178336
2011,Other,4300,51,75709.43,0.0010813265215486316
2011,Other,4320,47,68619.81,0.0009800684070217938
2011,Other,4340,6,8615.45,0.00012305091426624345
2011,Other,4350,36,54721.6,0.0007815660133958954
2011,Other,4400,48,55349.28,0.0007905309076111292
2011,Other,4420,1,2749.24,3.9266259514863077e-05
2011,Other,4430,23,30609.829999999998,0.00043718756037517325
2011,Other,4460,3,3166.5,4.522581177118547e-05
2011,Other,4465,14,25084.01,0.000358264555416559
2011,Other,4500,18,28679.829999999998,0.00040962216744342274
2011,Other,4510,143,225013.68,0.003213777463325994
2011,Other,4520,62,92786.05,0.00132522483255702
2011,Other,4530,30,41253.74,0.0005892101310902968
2011,Other,4540,4,4332.46,6.187873692284548e-05
2011,Other,4600,167,236311.51,0.0033751397033395273
2011,Other,4610,277,404388.98,0.005775720793248598
2011,Other,4620,79,119588.3,0.001708030300279823
2011,Other,4640,13,26336.16,0.00037614849674272034
2011,Other,4650,12,19548.54,0.000279203723493286
2011,Other,4700,1269,2004475.05,0.028629089313544163
2011,Other,4710,431,703525.58,0.010048165311003974
2011,Other,4720,530,812297.12,0.011601704295403777
2011,Other,4740,42,62941.34,0.0008989651651559093
2011,Other,4750,52,74419.75,0.0010629065547319374
2011,Other,4760,827,1341806.31,0.019164465374845712
2011,Other,4800,77,122114.66,0.0017441132568016143
2011,Other,4830,23,33142.92,0.0004733666387075504
2011,Other,4840,204,322664.23,0.004608479940399335
2011,Other,4850,588,927151.15,0.013242116972473756
2011,Other,4900,10,19331.78,0.0002761078299327231
2011,Other,4920,151,241901.46,0.0034549786506031742
2011,Other,4930,12,12689.42,0.00018123774527254582
2011,Other,4940,17,25338.41,0.00036189804555222604
2011,Other,4950,16,25173.83,0.00035954741738191125
2011,Other,4965,70,113993.54,0.0016281226537726518
2011,Other,5000,745,1207494.0,0.017246138120586084
2011,Other,5010,13,23505.940000000002,0.00033572563333168466
2011,Other,5020,8,10922.0,0.00015599441533708754
2011,Other,5030,7,12920.54,0.0001845387367825905
2011,Other,5100,104,161178.4,0.0023020445223372304
2011,Other,5110,219,351109.15,0.005014746985327941
2011,Other,5120,494,754765.59,0.010780005212287303
2011,Other,5130,5,6551.91,9.357822466500798e-05
2011,Other,5140,85,133810.76,0.0019111638227441259
2011,Other,5150,8,14314.22,0.0002044440926484568
2011,Other,5160,126,184951.82,0.0026415904620426898
2011,Other,5165,23,27206.2,0.0003885749187460054
2011,Other,5200,2,4076.1499999999996,5.821796704598694e-05
2011,Other,5220,43,64217.96,0.0009171986013862364
2011,Other,5230,24,38666.99,0.000552264649138895
2011,Other,5240,793,1246532.56,0.017803709750580755
2011,Other,5250,52,82538.88,0.0011788687354127476
2011,Other,5260,120,191762.1,0.0027388588787137995
2011,Other,5300,31,43794.69,0.0006255014705565826
2011,Other,5310,56,95474.42,0.0013636217110005071
2011,Other,5320,14,21933.62,0.00031326883612212505
2011,Other,5330,60,85758.76,0.0012248569516785945
2011,Other,5340,7,11621.52,0.00016598537060321094
2011,Other,5350,45,59668.4,0.0008522191148232443
2011,Other,5360,37,59794.5,0.0008540201490453655
2011,Other,5400,446,676137.38,0.009656990961421918
2011,Other,5410,45,79917.63,0.0011414305042094569
2011,Other,5420,38,62520.41,0.0008929531958052556
2011,Other,5500,7,12729.84,0.00018181504743954136
2011,Other,5510,68,107775.92,0.0015393189551196412
2011,Other,5520,143,208584.86,0.0029791314121835064
2011,Other,5530,17,24394.33,0.0003484141408066266
2011,Other,5540,81,153204.6,0.0021881580300267683
2011,Other,5550,165,254332.29,0.0036325230617004762
2011,Other,5560,32,48412.4,0.0006914543154243928
2011,Other,5600,132,209773.11,0.0029961026961996475
2011,Other,5610,206,329313.8,0.004703453002511864
2011,Other,5620,404,647465.74,0.009247485768366117
2011,Other,5630,24,33649.03,0.0004805951988198241
2011,Other,5700,1253,1946788.46,0.02780517557248572
2011,Other,5800,48,65637.14,0.0009374681632208901
2011,Other,5810,131,207552.36000000002,0.0029643846410943708
2011,Other,5820,44,67379.45,0.0009623528573964955
2011,Other,5840,110,169969.9,0.002427609886046808
2011,Other,5850,37,57218.03,0.0008172214920884395
2011,Other,5860,357,547927.72,0.007825825336786616
2011,Other,5900,10,13477.25,0.00019248999579763443
2011,Other,5910,5,6959.74,9.940309212581411e-05
2011,Other,5920,10,17122.3,0.000244550739583063
2011,Other,5940,282,437625.37,0.006250422425364092
2011,Other,6005,26,30409.15,0.0004343213308137517
2011,Other,6010,6,6637.01,9.479367281966704e-05
2011,Other,6040,45,67793.64,0.0009682685621106933
2011,Other,6050,279,323501.46,0.0046204377507227815
2011,Other,6100,5,9401.64,0.00013427974134863356
2011,Other,6120,2,3548.5,5.068176000949049e-05
2011,Other,6130,12,17154.59,0.0002450119243176569
2011,Other,6200,295,438601.21,0.00626435994507317
2011,Other,6210,8,14600.73,0.00020853619665305568
2011,Other,6220,24,46622.54,0.0006658904842364016
2011,Other,6230,356,541463.22,0.007733495553052262
2011,Other,6240,42,83895.06,0.0011982384942656912
2011,Other,6250,22,28567.53,0.0004080182329220572
2011,Other,6260,361,560122.45,0.007999997629090556
2011,Other,6300,13,15973.06,0.0002281366192862314
2011,Other,6320,178,244490.26,0.0034919534118579496
2011,Other,6330,30,41015.69,0.0005858101612522641
2011,Other,6355,287,413013.15,0.00589889625167358
2011,Other,6360,22,30296.05,0.0004327059702227771
2011,Other,6400,30,41443.97,0.0005919271076174507
2011,Other,6420,138,238815.9,0.003410908871424681
2011,Other,6440,212,303846.77,0.004339717930618249
2011,Other,6460,7,6584.65,9.404583656375696e-05
2011,Other,6515,42,63616.39,0.000908606625517867
2011,Other,6520,45,60092.11,0.0008582707897657894
2011,Other,6530,34,45183.04,0.0006453307002336788
2011,Other,6600,16,26504.43,0.0003785518276591067
2011,Other,6660,39,60150.29,0.0008591017506781051
2011,Other,6700,12,15994.41,0.00022844155251892204
2011,Other,6710,8,13461.39,0.00019226347396763567
2011,Other,6720,16,27069.46,0.0003866219177980844
2011,Other,6730,45,64758.94,0.0009249251953075932
2011,Other,6740,6,8590.18,0.00012268999329246867
2011,Other,6765,13,22606.66,0.00032288158848419005
2011,Other,6800,33,28883.41,0.00041252981650717705
2011,Other,6820,21,20996.39,0.0002998827670975528
2011,Other,6830,4,900.56,1.286232655886903e-05
2011,Other,6840,57,60752.11,0.0008676972971932274
2011,Other,6940,31,31225.350000000002,0.00044597877833235005
2011,Other,7000,160,254488.8,0.0036347584293936097
2011,Other,7010,120,171758.34,0.0024531534359612433
2011,Other,7020,79,127553.08,0.0018217879636554437
2011,Other,7030,6,8554.61,0.0001221819616724778
2011,Other,7040,14,24259.32,0.000346485848734235
2011,Other,7100,16,21031.5,0.0003003842287275185
2011,Other,7110,13,17106.3,0.0002443222181908827
2011,Other,7120,24,36785.77,0.0005253959608015542
2011,Other,7130,16,28634.17,0.00040897002452048816
2011,Other,7140,69,114856.36,0.0016404459554977156
2011,Other,7150,59,103794.04,0.0014824474075512066
2011,Other,7160,10,17166.26,0.0002451786021080784
2011,Other,7200,312,485439.04,0.006933325327467227
2011,Other,7210,156,252752.35,0.0036099574311778907
2011,Other,7220,109,133702.08,0.0019096115911877408
2011,Other,7240,21,32945.43,0.0004705459705986948
2011,Other,7260,26,44812.88,0.0006400438578255872
2011,Other,7300,12,16660.27,0.00023795175590624607
2011,Other,7315,143,216046.39,0.003085701363645706
2011,Other,7320,13,21047.68,0.0003006153209853608
2011,Other,7330,248,370292.09,0.005288728995009907
2011,Other,7340,198,277002.42,0.003956311165982271
2011,Other,7350,10,10579.52,0.0001511029149374679
2011,Other,7360,33,49666.22,0.000709362108670863
2011,Other,7410,64,86168.66,0.001230711384094514
2011,Other,7420,121,177558.01,0.0025359877273728937
2011,Other,7430,28,45928.3,0.0006559749410296978
2011,Other,7510,3,2398.61,3.425835603110159e-05
2011,Other,7540,11,13269.84,0.00018952764442562697
2011,Other,7560,3,3385.0,4.83465570331479e-05
2011,Other,7610,4,7311.37,0.00010442527819658686
2011,Other,7630,76,110087.7,0.0015723371541205542
2011,Other,7700,451,751012.55,0.010726402091930529
2011,Other,7710,9,15379.48,0.00021965876128808196
2011,Other,7720,87,145179.67,0.0020735412690424198
2011,Other,7730,14,20761.47,0.0002965275017568653
2011,Other,7740,7,12523.439999999999,0.00017886712148041525
2011,Other,7750,344,549573.52,0.007849331618489764
2011,Other,7800,56,92884.75,0.0013266345238950323
2011,Other,7810,144,181994.94,0.0025993585661608066
2011,Other,7830,6,8567.02,0.00012235920857728766
2011,Other,7840,41,57167.41,0.000816498507533929
2011,Other,7850,6,4884.14,6.975815452522274e-05
2011,Other,7855,41,47178.31,0.0006738283176196549
2011,Other,7900,42,80120.42,0.0011443268700294723
2011,Other,7920,4,9523.84,0.00013602507348141072
2011,Other,7930,5,7909.96,0.00011297469195566279
2011,Other,7940,3,4631.469999999999,6.614937326508522e-05
2011,Other,7950,75,121731.92,0.0017386467394489209
2011,Other,8030,224,369275.54,0.0052742100311836005
2011,Other,8040,7,14566.53,0.00020804773217727028
2011,Other,8100,21,33998.76,0.0004855902479752755
2011,Other,8130,26,46780.48,0.0006681462760289615
2011,Other,8140,254,362062.43,0.005171188159986741
2011,Other,8220,185,313725.67,0.00448081417944388
2011,Other,8250,18,26583.59,0.0003796824372469188
2011,Other,8255,101,159186.53,0.0022735954657470926
2011,Other,8256,6,9447.91,0.000134940596649645
2011,Other,8300,77,100414.72,0.0014341819756122827
2011,Other,8310,24,35798.32,0.000511292620257276
2011,Other,8320,69,107068.32,0.0015292125965504669
2011,Other,8330,9,11812.16,0.00016870820299103937
2011,Other,8350,20,31608.31,0.00045144843785418587
2011,Other,8400,8,14021.79,0.00020026743572875124
2011,Other,8410,5,8424.54,0.00012032422557992197
2011,Other,8420,3,6886.74,9.836046327399142e-05
2011,Other,8450,11,15701.38,0.00022425632604700967
2011,Other,8460,8,17391.6,0.0002483970402651979
2011,Other,8500,24,37297.27,0.0005327015040578186
2011,Other,8510,5,5237.62,7.480676338196635e-05
2011,Other,8530,6,11894.93,0.00016989037271796217
2011,Other,8540,9,15907.35,0.0002271981104937209
2011,Other,8550,9,11815.68,0.00016875847769731904
2011,Other,8600,26,34946.64,0.0004991284265515178
2011,Other,8610,76,113589.39,0.0016223503462320472
2011,Other,8620,39,54908.15,0.0007842304300028478
2011,Other,8630,27,32271.579999999998,0.00046092164934115066
2011,Other,8640,25,37902.38,0.0005413440402842081
2011,Other,8650,39,49248.52,0.0007033962720762555
2011,Other,8710,31,54137.63,0.0007732254110589242
2011,Other,8720,26,37433.82,0.0005346517913142075
2011,Other,8730,4,8212.64,0.0001172977453922339
2011,Other,8740,334,515208.17,0.007358505516942026
2011,Other,8750,16,22035.85,0.0003147289449922872
2011,Other,8760,30,45377.33,0.0006481056640640985
2011,Other,8800,118,148890.98,0.0021265483770432155
2011,Other,8810,78,110296.45,0.0015753186441591566
2011,Other,8830,14,24495.42,0.00034985796752759577
2011,Other,8850,3,3723.09,5.317535687578807e-05
2011,Other,8910,2,2764.7799999999997,3.948821091701821e-05
2011,Other,8920,12,20855.8,0.0002978747781896384
2011,Other,8930,12,10142.38,0.00014485942485136145
2011,Other,8940,7,12639.07,0.0001805186170165284
2011,Other,8950,9,9886.88,0.00014121022386998205
2011,Other,8965,413,638315.34,0.009116794384178195
2011,Other,9000,113,157489.2,0.0022493532023352544
2011,Other,9030,47,79209.86,0.0011313217176004906
2011,Other,9040,24,44851.71,0.0006405984506792349
2011,Other,9050,20,42997.01,0.000614108536549433
2011,Other,9110,3,4147.8,5.924131440534442e-05
2011,Other,9120,154,230985.01,0.0032990635036239994
2011,Other,9130,1261,1956575.65,0.02794496196525655
2011,Other,9140,82,120428.34,0.0017200282446727699
2011,Other,9150,17,20354.68,0.00029071748818655093
2011,Other,9200,17,20481.31,0.00029252609217978804
2011,Other,9240,23,32037.87,0.0004575836659307468
2011,Other,9260,7,11515.92,0.00016447712941482085
2011,Other,9300,12,17262.18,0.0002465485878541994
2011,Other,9310,12,24105.85,0.00034429390010561544
2011,Other,9350,21,29026.62,0.000414575225793061
2011,Other,9360,22,39469.37,0.0005637247113049976
2011,Other,9410,19,22352.66,0.0003192538113833275
2011,Other,9415,12,15262.14,0.00021798284252817958
2011,Other,9420,12,12571.09,0.00017954768675150227
2011,Other,9510,30,54078.74,0.0007723843095098306
2011,Other,9520,13,13877.0,0.00019819945995538948
2011,Other,9560,4,5481.58,7.829114330923571e-05
2011,Other,9600,251,421290.68,0.006017120794136975
2011,Other,9610,86,120425.7,0.0017199905386430603
2011,Other,9620,578,891713.52,0.012735975938525575
2011,Other,9630,8,11750.79,0.00016783168062615777
2011,Other,9640,161,228013.07,0.0032566165119817265
2011,Other,9650,16,18703.45,0.0002671336520359321
2011,Other,9720,39,60973.76,0.0008708630326042753
2011,Other,9750,21,31231.24,0.0004460629027698464
2011,Tech,110,358,549848.11,0.16189702484685184
2011,Tech,1005,12,20733.6,0.006104791656671671
2011,Tech,1006,254,405923.0,0.11951978159369983
2011,Tech,1007,23,30032.45,0.00884274077774285
2011,Tech,1010,218,365123.39,0.10750676317319119
2011,Tech,1020,546,833834.75,0.24551392063331542
2011,Tech,1030,62,98425.81,0.02898045026860512
2011,Tech,1050,209,337767.46,0.09945209571435652
2011,Tech,1060,59,86771.9,0.025549078363311172
2011,Tech,1105,126,201274.62,0.059263206624790725
2011,Tech,1106,68,96199.35,0.028324892409289173
2011,Tech,1107,186,282048.82,0.08304632495611423
2011,Tech,1400,45,88299.72,0.025998928982060264
2012,Finance,120,634,1026467.79,0.2744248559607274
2012,Finance,800,809,1277587.65,0.34156143061094413
2012,Finance,820,41,55547.4,0.014850526623921546
2012,Finance,830,19,23733.81,0.0063452038671854205
2012,Finance,840,49,82797.06,0.022135688509496928
2012,Finance,850,176,286058.98,0.07647750387060133
2012,Finance,860,55,86321.97,0.023078068707344662
2012,Finance,900,5,6814.37,0.0018218131381532215
2012,Finance,910,216,330647.42,0.08839816649997964
2012,Finance,950,45,64836.45,0.01733394230739077
2012,Finance,4810,204,334424.59,0.0894079880874541
2012,Finance,4820,102,165195.52,0.044164811816800854
2012,Healthcare,350,296,439520.56,0.07790807899599005
2012,Healthcare,3000,4,5801.219999999999,0.0010283066303726893
2012,Healthcare,3010,38,62355.38,0.011052925193908967
2012,Healthcare,3030,44,66972.4,0.011871324130436683
2012,Healthcare,3040,7,11245.64,0.0019933679768711285
2012,Healthcare,3050,133,187604.29,0.0332541664155748
2012,Healthcare,3060,342,533396.3099999999,0.09454820920243093
2012,Healthcare,3110,61,88647.05,0.015713306731683904
2012,Healthcare,3140,8,10460.06,0.0018541184530316299
2012,Healthcare,3150,56,90740.89,0.01608445444801591
2012,Healthcare,3160,73,111305.12,0.019729607374039913
2012,Healthcare,3200,8,8881.19,0.0015742527541792286
2012,Healthcare,3210,2,3463.4300000000003,0.0006139170782752047
2012,Healthcare,3220,54,76147.71,0.013497711702141401
2012,Healthcare,3230,57,93448.36,0.016564372353652164
2012,Healthcare,3245,52,68027.34,0.012058319589434163
2012,Healthcare,3250,18,24610.27,0.004362341682656766
2012,Healthcare,3255,1238,1913801.39,0.33923461936514543
2012,Healthcare,3256,17,23200.22,0.004112400504050023
2012,Healthcare,3258,73,116851.7,0.020712777291728355
2012,Healthcare,3260,4,6111.47,0.0010833006026876725
2012,Healthcare,3300,180,304736.99,0.05401675291349335
2012,Healthcare,3310,54,80549.22,0.014277909990889577
2012,Healthcare,3320,159,245923.5,0.04359165237906131
2012,Healthcare,3400,61,104302.43,0.01848833182209661
2012,Healthcare,3420,215,322775.06,0.05721412639357628
2012,Healthcare,3500,218,385753.85,0.06837755534987326
2012,Healthcare,3510,43,58322.82,0.010338125861117643
2012,Healthcare,3520,13,21148.5,0.0037487188509377025
2012,Healthcare,3535,53,95792.55,0.016979896350303447
2012,Healthcare,3540,50,79630.45,0.014115051612343768
2012,Other,10,602,927727.08,0.013145295125624862
2012,Other,20,613,959456.36,0.01359487858472103
2012,Other,40,16,21734.329999999998,0.0003079614558709682
2012,Other,50,487,790375.53,0.01119911213750726
2012,Other,60,26,39222.65,0.0005557596851210703
2012,Other,100,61,103724.49,0.001469709208881695
2012,Other,135,13,27443.0,0.00038884963251533316
2012,Other,136,130,175260.4,0.0024833269735265932
2012,Other,137,18,23041.11,0.000326477686705002
2012,Other,140,169,245919.64,0.003484522888980907
2012,Other,150,101,166431.53,0.002358227572767724
2012,Other,160,143,218943.2,0.0031022841111296544
2012,Other,205,56,74149.41,0.0010506493761516151
2012,Other,220,262,391968.86,0.005553946258370224
2012,Other,230,433,675267.91,0.009568111309000368
2012,Other,300,61,90186.09,0.0012778788016796546
2012,Other,310,354,555269.52,0.007867811419996555
2012,Other,330,6,7221.54,0.00010232457002495278
2012,Other,340,48,59883.05,0.0008485042446670307
2012,Other,360,5,7644.700000000001,0.00010832047464526356
2012,Other,410,194,313223.07,0.004438169138389552
2012,Other,420,171,237254.87,0.003361748679516567
2012,Other,425,6,7077.97,0.00010029027560596702
2012,Other,430,1446,2283646.4,0.03235779847082912
2012,Other,500,17,25414.73,0.00036011035313108673
2012,Other,510,6,8281.75,0.00011734706278773679
2012,Other,520,31,47430.1,0.0006720539647693584
2012,Other,530,168,261858.65,0.0037103683935233484
2012,Other,540,156,252936.13,0.0035839420325893866
2012,Other,565,120,175345.11,0.0024845272596604115
2012,Other,600,45,72842.77,0.0010321351290274
2012,Other,630,284,435132.09,0.006165541423755744
2012,Other,640,36,52622.44,0.000745626077909127
2012,Other,650,66,97890.28,0.0013870422113042694
2012,Other,700,44,55720.33,0.0007895211836946798
2012,Other,710,303,450600.65,0.00638472095483986
2012,Other,725,30,56461.909999999996,0.000800028894603863
2012,Other,726,42,60786.31,0.000861302857029593
2012,Other,735,81,140063.21,0.001984605463594284
2012,Other,740,105,148640.83,0.0021061448136965384
2012,Other,810,29,43508.34,0.0006164851517819543
2012,Other,930,28,44819.08,0.000635057493265143
2012,Other,940,18,28931.26,0.00040993731804852087
2012,Other,1200,19,26680.489999999998,0.0003780453569882674
2012,Other,1220,94,131145.34,0.001858244990165012
2012,Other,1240,41,66917.18,0.0009481733357126553
2012,Other,1300,75,114450.53,0.0016216902864732397
2012,Other,1310,23,39367.17,0.0005578074404281109
2012,Other,1320,64,109652.06,0.0015536990575210168
2012,Other,1340,5,9174.6,0.0001299981721559296
2012,Other,1350,27,49058.39,0.0006951257852018327
2012,Other,1360,168,266873.85,0.0037814305469683397
2012,Other,1410,139,223185.97,0.003162401429037575
2012,Other,1420,19,26536.0,0.00037599802676190216
2012,Other,1430,98,151355.59,0.002144611214176345
2012,Other,1440,9,10984.24,0.00015563960527129771
2012,Other,1450,21,34713.76,0.0004918716182350863
2012,Other,1460,149,232211.94,0.003290293609833932
2012,Other,1520,21,30967.45,0.0004387888187310773
2012,Other,1530,236,365602.66,0.0051803541882311805
2012,Other,1540,57,88150.95,0.0012490421788207379
2012,Other,1550,200,303154.12,0.004295498602831659
2012,Other,1560,33,52057.76,0.0007376249260493172
2012,Other,1600,30,39349.9,0.0005575627356526295
2012,Other,1610,70,78007.68,0.0011053185767362788
2012,Other,1640,16,16052.11,0.00022744805868876234
2012,Other,1650,84,130497.01,0.001849058571688582
2012,Other,1700,8,7904.11,0.00011199614724559159
2012,Other,1710,8,10548.55,0.00014946615862222124
2012,Other,1720,46,75685.94,0.0010724210164915482
2012,Other,1740,50,73468.7,0.001041004153932852
2012,Other,1760,82,109714.84,0.0015545886096811055
2012,Other,1800,39,37219.67,0.0005273787487462001
2012,Other,1820,67,97678.76,0.001384045109155465
2012,Other,1840,16,23600.239999999998,0.00033440019863985955
2012,Other,1860,35,46342.01,0.0006566364303655539
2012,Other,1900,10,13869.63,0.00019652372293931569
2012,Other,1910,11,16827.15,0.00023842987624459386
2012,Other,1920,33,52120.78,0.0007385178788548091
2012,Other,1930,17,26486.48,0.0003752963602603477
2012,Other,1965,58,82638.93,0.0011709404060037292
2012,Other,2000,327,480293.23,0.006805445686881988
2012,Other,2010,388,562112.61,0.007964773597301125
2012,Other,2015,62,89323.16,0.0012656516394384109
2012,Other,2016,69,100047.63,0.0014176104711412757
2012,Other,2025,52,64958.06,0.0009204138672852444
2012,Other,2040,191,309322.46,0.004382900007278317
2012,Other,2050,18,27577.58,0.00039075654442525246
2012,Other,2060,19,28268.35,0.00040054431036383844
2012,Other,2100,429,652646.66,0.009247582768041381
2012,Other,2105,5,7452.66,0.0001055993915483629
2012,Other,2145,162,268953.13,0.003810892605194353
2012,Other,2160,109,163132.49,0.002311482301053502
2012,Other,2200,493,705772.98,0.010000348500974806
2012,Other,2300,236,327304.44,0.004637693080735959
2012,Other,2310,1285,1960249.89,0.027775478240889197
2012,Other,2320,481,714672.06,0.010126442732207709
2012,Other,2330,165,249125.24,0.003529944176084764
2012,Other,2340,136,218475.16,0.00309565228581892
2012,Other,2400,20,31891.0,0.00045187492732377983
2012,Other,2430,73,121004.88,0.001714561203970484
2012,Other,2440,11,16517.77,0.00023404616093258008
2012,Other,2540,254,379996.38,0.005384303928876468
2012,Other,2550,64,95053.12,0.0013468414816687631
2012,Other,2600,33,57896.21,0.0008203520016955347
2012,Other,2630,247,411658.95,0.005832942150244067
2012,Other,2700,4,10705.0,0.00015168295434451925
2012,Other,2710,57,90173.05,0.001277694033279407
2012,Other,2720,54,86796.06999999999,0.0012298444019704527
2012,Other,2740,2,1912.58,2.7100026606281233e-05
2012,Other,2750,19,40911.07,0.0005796835089206382
2012,Other,2760,3,5165.59,7.319308287085523e-05
2012,Other,2800,6,7830.11,0.00011094761491289711
2012,Other,2810,42,52767.39,0.0007476799260391819
2012,Other,2825,69,109915.66,0.0015574340997223449
2012,Other,2830,57,94511.24,0.0013391633911222702
2012,Other,2840,33,47671.3,0.0006754716133997086
2012,Other,2850,47,65734.3,0.0009314126880680927
2012,Other,2860,31,33868.35,0.00047989270310828567
2012,Other,2900,31,53837.34,0.0007628404283279177
2012,Other,2910,11,17283.87,0.0002449013044471374
2012,Other,2920,15,20520.8,0.00029076651746968806
2012,Other,3600,689,1040529.93,0.01474363884785575
2012,Other,3610,4,4146.61,5.875479264965221e-05
2012,Other,3620,26,38546.5,0.0005461790751649706
2012,Other,3630,20,28525.7,0.0004041907940911212
2012,Other,3640,90,125521.76000000001,0.0017785624840096874
2012,Other,3645,168,259822.66,0.0036815197267119613
2012,Other,3646,15,26686.38,0.0003781288144942075
2012,Other,3647,8,13581.6,0.00019244252337464015
2012,Other,3648,10,12679.93,0.00017966644028787483
2012,Other,3649,45,70889.06,0.0010044523168151224
2012,Other,3655,55,86710.48,0.0012286316468034888
2012,Other,3700,22,34468.74,0.0004883998426653997
2012,Other,3710,74,113654.22,0.0016104070867185376
2012,Other,3720,37,61243.5,0.0008677809448293848
2012,Other,3730,43,65171.21,0.00092343406548408
2012,Other,3740,173,274375.19,0.0038877197027593455
2012,Other,3750,13,13326.26,0.00018882452005261028
2012,Other,3800,214,318732.42,0.004516233079026448
2012,Other,3820,109,159007.22,0.0022530298824576297
2012,Other,3840,7,6787.99,9.618144579738937e-05
2012,Other,3850,418,662671.25,0.00938962475097389
2012,Other,3900,6,5964.04,8.45066050470702e-05
2012,Other,3910,43,67227.0,0.0009525632855412419
2012,Other,3930,326,503711.95,0.00713727386404846
2012,Other,3940,4,4891.49,6.930926243313147e-05
2012,Other,3945,20,31798.74,0.0004505676625533151
2012,Other,3955,14,20107.32,0.0002849077722139784
2012,Other,4000,174,294941.22,0.004179127100194003
2012,Other,4010,211,312599.7,0.004429336387035069
2012,Other,4020,607,857335.68,0.012147894330440669
2012,Other,4030,143,204331.91,0.002895251543732687
2012,Other,4040,117,195505.38999999998,0.0027701854409600585
2012,Other,4050,60,107797.66,0.001527423404037927
2012,Other,4060,10,17141.9,0.0002428896809975072
2012,Other,4110,320,509120.08,0.007213903582486501
2012,Other,4120,52,73309.3,0.0010387455586108047
2012,Other,4130,42,69582.56,0.000985940053400726
2012,Other,4140,53,75278.27,0.001066644595193311
2012,Other,4150,9,11022.84,0.00015618654240700052
2012,Other,4200,118,188517.85,0.002671176500203356
2012,Other,4210,56,78296.59,0.0011094122453341002
2012,Other,4220,869,1267876.91,0.017964999108267175
2012,Other,4230,396,549168.22,0.007781359929165894
2012,Other,4240,26,50091.33,0.000709761879630663
2012,Other,4250,304,484906.87,0.0068708179937929685
2012,Other,4300,55,90316.3,0.0012797237935045216
2012,Other,4320,35,55816.38,0.0007908821503238054
2012,Other,4340,4,2847.21,4.034313166177101e-05
2012,Other,4350,23,37567.31,0.0005323045836129286
2012,Other,4400,49,68556.7,0.000971404278011294
2012,Other,4410,2,1825.74,2.5869559744508413e-05
2012,Other,4420,4,6233.6900000000005,8.832737185127382e-05
2012,Other,4430,20,23260.97,0.0003295929612815723
2012,Other,4460,1,381.55,5.40631772350783e-06
2012,Other,4465,12,20790.22,0.0002945840253220468
2012,Other,4500,23,61027.44,0.0008647195138050339
2012,Other,4510,125,213482.08,0.003024903558525269
2012,Other,4520,71,117060.12,0.0016586664957985934
2012,Other,4530,30,47428.2,0.0006720270429932487
2012,Other,4540,12,10743.96,0.00015223499244832703
2012,Other,4600,161,256617.91,0.0036361104835605745
2012,Other,4610,321,526940.98,0.007466414256104272
2012,Other,4620,84,124820.32,0.0017686235310442114
2012,Other,4640,25,43616.84,0.0006180225268913779
2012,Other,4650,21,35926.51,0.0005090555045388056
2012,Other,4700,1266,1985114.91,0.028127799557417506
2012,Other,4710,452,730118.84,0.010345313654721472
2012,Other,4720,504,782434.93,0.011086598950466802
2012,Other,4740,27,40038.96,0.0005673262719927167
2012,Other,4750,54,72776.75,0.0010311996681543663
2012,Other,4760,807,1266101.92,0.017939848643331913
2012,Other,4800,92,162996.86,0.0023095605113199434
2012,Other,4830,23,34526.88,0.0004892236490143572
2012,Other,4840,176,273216.67,0.003871304220623221
2012,Other,4850,593,944761.9,0.013386667551998249
2012,Other,4900,4,8490.99,0.00012031185880520967
2012,Other,4920,162,272035.27,0.0038545645436253123
2012,Other,4930,15,27700.760000000002,0.00039250192567851335
2012,Other,4940,14,27201.98,0.00038543453436903555
2012,Other,4950,27,40243.7,0.0005702273059088771
2012,Other,4965,68,116178.06,0.0016461682737799923
2012,Other,5000,724,1157525.31,0.016401388019556797
2012,Other,5010,14,14940.42,0.0002116961274869633
2012,Other,5020,10,12842.460000000001,0.00018196938569372395
2012,Other,5030,4,4123.610000000001,5.84288974651661e-05
2012,Other,5100,80,129215.96,0.0018309069183804975
2012,Other,5110,228,374610.75,0.005307993020944989
2012,Other,5120,450,708758.93,0.010042657489066822
2012,Other,5130,2,4046.36,5.733431472596814e-05
2012,Other,5140,84,126716.39,0.001795489621585455
2012,Other,5150,18,33366.2,0.00047277756106960274
2012,Other,5160,100,153022.74,0.0021682336557770424
2012,Other,5165,28,44678.7,0.0006330683990913098
2012,Other,5200,5,3493.6400000000003,4.9502628362091195e-05
2012,Other,5220,56,91427.91,0.001295474591157853
2012,Other,5230,25,40667.97,0.0005762389385141782
2012,Other,5240,744,1209126.31,0.017132540950629334
2012,Other,5250,38,57997.83,0.0008217918916367295
2012,Other,5260,102,182820.56,0.0025904495708285328
2012,Other,5300,40,64599.0,0.0009153262183747407
2012,Other,5310,64,104077.83,0.0014747158090767526
2012,Other,5320,14,24859.33,0.0003522406928935393
2012,Other,5330,90,139225.53,0.0019727360775881825
2012,Other,5340,13,19141.23,0.000271218899223535
2012,Other,5350,36,55625.04,0.0007881709857759979
2012,Other,5360,78,106912.4,0.0015148798400806145
2012,Other,5400,411,643161.6,0.009113185577669122
2012,Other,5410,59,80139.16,0.0011355202753375174
2012,Other,5420,44,77501.42,0.001098145198645064
2012,Other,5500,9,11537.32,0.00016347639260327966
2012,Other,5510,77,126041.64,0.0017859288487275414
2012,Other,5520,123,188075.34,0.0026649064185474015
2012,Other,5530,11,11835.99,0.00016770835411416968
2012,Other,5540,69,109071.86,0.0015454779972584583
2012,Other,5550,183,274029.47,0.0038828210730558433
2012,Other,5560,37,68329.57,0.0009681859922177144
2012,Other,5600,130,223556.05,0.003167645224249515
2012,Other,5610,215,364155.2,0.00515984461241656
2012,Other,5620,430,727951.89,0.010314609369068332
2012,Other,5630,32,59354.630000000005,0.0008410168736502413
2012,Other,5700,1275,2011517.23,0.028501903424689754
2012,Other,5800,44,76329.48,0.0010815395637534698
2012,Other,5810,114,170352.62,0.0024137868922867105
2012,Other,5820,41,66013.83,0.0009353734481080668
2012,Other,5840,150,240871.11000000002,0.0034129884709055277
2012,Other,5850,35,51288.41,0.0007267237321282564
2012,Other,5860,401,630589.04,0.008935040501118563
2012,Other,5900,11,14986.43,0.00021234805954949403
2012,Other,5920,11,20205.01,0.00028629197658669355
2012,Other,5940,212,345825.61,0.0049001261291728646
2012,Other,6005,15,24877.78,0.0003525021175089205
2012,Other,6010,10,13012.25,0.00018437520062302389
2012,Other,6040,38,49540.57,0.0007019579652042466
2012,Other,6050,239,286024.58,0.004052784055072423
2012,Other,6100,3,7452.6,0.00010559854138701207
2012,Other,6120,3,2120.9900000000002,3.0053062058400927e-05
2012,Other,6130,13,17196.93,0.00024366942064977986
2012,Other,6200,292,409525.53,0.005802712963092485
2012,Other,6210,5,8917.65,0.0001263573561709857
2012,Other,6220,50,82801.75,0.001173247460522774
2012,Other,6230,318,452045.72,0.006405196665894005
2012,Other,6240,25,40033.04,0.0005672423894061011
2012,Other,6250,17,20723.64,0.0002936406296097387
2012,Other,6260,379,594017.65,0.008416847462381001
2012,Other,6300,3,6528.3,9.25018057774241e-05
2012,Other,6320,207,282674.24,0.0040053118954032395
2012,Other,6330,30,40830.13,0.0005785366412583638
2012,Other,6355,332,516307.56,0.007315745544251297
2012,Other,6360,14,20002.04,0.0002834160224303828
2012,Other,6400,23,29383.399999999998,0.00041634385060128413
2012,Other,6420,144,215674.78,0.0030559727050914745
2012,Other,6440,244,360848.41,0.005112989528194522
2012,Other,6460,7,8416.79,0.00011926049260134575
2012,Other,6515,52,82618.08,0.0011706449749343147
2012,Other,6520,42,68680.56999999999,0.0009731594361200894
2012,Other,6530,23,30349.07,0.00043002677246227174
2012,Other,6600,12,20266.5,0.0002871632502777393
2012,Other,6660,35,55536.3,0.0007869135971381153
2012,Other,6700,14,23906.1,0.0003387340378192911
2012,Other,6710,8,12759.59,0.0001807951711746646
2012,Other,6720,15,24555.23,0.0003479317917803988
2012,Other,6730,46,52228.5,0.000740044201866672
2012,Other,6740,4,3074.62,4.3565384874987926e-05
2012,Other,6765,23,28345.07,0.00040163138334443736
2012,Other,6800,24,26272.42,0.00037226326794769117
2012,Other,6820,18,28721.5,0.00040696515396600744
2012,Other,6830,11,13491.84,0.00019117068199379342
2012,Other,6840,39,47055.64,0.0006667481077788075
2012,Other,6940,55,63751.61,0.0009033192479233626
2012,Other,7000,161,230866.69,0.003271232283880456
2012,Other,7010,147,226250.93,0.003205829937935079
2012,Other,7020,92,143158.05,0.0020284573528445028
2012,Other,7030,3,3572.19,5.061563126389054e-05
2012,Other,7040,9,17234.5,0.00024420176334896004
2012,Other,7100,8,15425.67,0.00021857180741182813
2012,Other,7110,8,13318.8,0.00018871881665798998
2012,Other,7120,17,31618.26,0.0004480103772100083
2012,Other,7130,22,43520.65,0.0006166595765524336
2012,Other,7140,86,157946.77,0.0022380039890494423
2012,Other,7150,53,90778.55,0.0012862735782449004
2012,Other,7160,13,17968.49,0.000254601928847263
2012,Other,7200,339,512545.2,0.00726243532658594
2012,Other,7210,180,285485.31,0.004045142946544691
2012,Other,7220,125,174191.17,0.0024681766731740676
2012,Other,7240,14,19097.06,0.00027059303877576316
2012,Other,7260,26,44254.07,0.0006270516655179037
2012,Other,7300,16,25050.95,0.0003549558248609841
2012,Other,7315,155,224261.75,0.0031776445386709003
2012,Other,7320,15,24544.01,0.00034777281160779295
2012,Other,7330,232,344607.38,0.004882864594799103
2012,Other,7340,241,366771.67,0.005196918306910142
2012,Other,7350,10,20385.35,0.0002888472782201817
2012,Other,7360,29,48034.35,0.0006806157980400428
2012,Other,7410,67,94238.9,0.0013353045087508373
2012,Other,7420,102,154391.16,0.002187623285705499
2012,Other,7430,27,39256.82,0.0005562438520103699
2012,Other,7510,17,21089.73,0.0002988278890918485
2012,Other,7540,6,15190.41,0.00021523832475521052
2012,Other,7560,9,12435.37,0.00017620118262187803
2012,Other,7610,4,6854.91,9.712965909068551e-05
2012,Other,7630,85,130789.13,0.0018531977239186728
2012,Other,7700,414,634150.15,0.008985499135919667
2012,Other,7710,5,14447.47,0.00020471134352207485
2012,Other,7720,74,116297.71,0.0016478636372071127
2012,Other,7730,11,16594.04,0.00023512685770304777
2012,Other,7740,7,11464.84,0.00016244939769147296
2012,Other,7750,391,617410.35,0.008748306952908328
2012,Other,7800,47,68990.48,0.0009775506611907022
2012,Other,7810,174,219872.92,0.0031154576446479343
2012,Other,7830,2,2440.54,3.4580879719380944e-05
2012,Other,7840,32,38124.01,0.0005401926640130776
2012,Other,7850,3,3531.37,5.00372381582069e-05
2012,Other,7855,43,49360.91,0.0006994122987327346
2012,Other,7900,42,67154.23,0.0009515321815162395
2012,Other,7920,5,7226.39,0.00010239329140081181
2012,Other,7940,3,3078.44,4.361951181432432e-05
2012,Other,7950,63,93129.78,0.0013195889927935657
2012,Other,8030,169,283480.8,0.004016740331055375
2012,Other,8040,10,14207.2,0.00020130687239266267
2012,Other,8100,24,38549.47,0.000546221158151837
2012,Other,8130,28,43351.12,0.000614257445655654
2012,Other,8140,251,370753.36,0.005253336289393471
2012,Other,8220,205,325987.97,0.004619039548843765
2012,Other,8250,25,40173.11,0.0005692270910796217
2012,Other,8255,76,133112.3,0.001886115546342265
2012,Other,8256,10,16079.32,0.00022783360686136526
2012,Other,8300,77,110579.53,0.0015668407099886405
2012,Other,8310,16,25623.16,0.00036306367197032336
2012,Other,8320,62,94977.97,0.0013457766545768443
2012,Other,8330,1,643.15,9.113021213141294e-06
2012,Other,8350,23,31000.94,0.00043926335045840076
2012,Other,8400,1,1166.04,1.6522035692095582e-05
2012,Other,8410,6,10416.880000000001,0.00014760047953781745
2012,Other,8420,3,5379.87,7.62292924417981e-05
2012,Other,8450,11,20343.29,0.00028825131511324756
2012,Other,8460,4,7010.35,9.933214376357781e-05
2012,Other,8500,16,18639.4,0.0002641082913787232
2012,Other,8510,1,1987.69,2.8164286923966133e-05
2012,Other,8530,10,17205.3,0.0002437880181582211
2012,Other,8540,12,13318.45,0.00018871385738344348
2012,Other,8550,12,15327.83,0.00021718547763573587
2012,Other,8600,23,35624.55,0.0005047769258471783
2012,Other,8610,49,74857.17,0.0010606778794460454
2012,Other,8620,45,79655.33,0.0011286647158979556
2012,Other,8630,21,34613.32,0.0004904484481337912
2012,Other,8640,22,32326.81,0.000458050074295558
2012,Other,8650,39,72702.75,0.0010301511358216718
2012,Other,8710,25,41135.97,0.0005828701970506785
2012,Other,8720,10,16438.15,0.00023291799682002422
2012,Other,8730,4,6583.73,9.328721317203565e-05
2012,Other,8740,320,531913.88,0.007536877045796926
2012,Other,8750,11,15979.16,0.00022641440417970745
2012,Other,8760,30,52870.37,0.0007491390863043288
2012,Other,8800,143,188168.18,0.0026662219015442575
2012,Other,8810,64,99775.0,0.0014137474796566472
2012,Other,8830,7,13576.8,0.00019237451046657346
2012,Other,8850,5,10497.53,0.00014874323808689596
2012,Other,8910,1,1715.4,2.430611302032586e-05
2012,Other,8920,11,13538.53,0.00019183224921830026
2012,Other,8930,18,28688.920000000002,0.0004065035163525049
2012,Other,8940,4,6377.72,9.036818417394931e-05
2012,Other,8950,2,4255.24,6.029400977533601e-05
2012,Other,8965,448,703258.72,0.009964723056342367
2012,Other,9000,106,180422.52,0.0025564708887326586
2012,Other,9030,48,61113.59,0.000865940203811272
2012,Other,9040,22,41273.73,0.000584822167512192
2012,Other,9050,37,57401.25,0.0008133387373253933
2012,Other,9110,3,2077.92,2.9442787902061042e-05
2012,Other,9120,152,223564.77,0.003167768781032503
2012,Other,9130,1346,2057059.6,0.029147209471345636
2012,Other,9140,95,149965.99,0.002124921477291044
2012,Other,9150,6,8807.45,0.00012479589315662177
2012,Other,9200,32,36411.56,0.000515928350592501
2012,Other,9240,28,37773.409999999996,0.0005352248878530412
2012,Other,9260,7,11607.81,0.00016447519049695038
2012,Other,9300,18,31765.93,0.0004501027659879677
2012,Other,9310,13,25082.83,0.00035540754392539357
2012,Other,9350,20,25970.79,0.00036798936514349345
2012,Other,9360,25,34825.74,0.0004934583027028582
2012,Other,9410,15,23281.99,0.00032989080114148096
2012,Other,9415,6,10207.9,0.00014463936755286483
2012,Other,9420,12,19234.27,0.0002725372160915606
2012,Other,9510,33,53272.64,0.0007548389930809911
2012,Other,9520,15,17130.95,0.0002427345265509801
2012,Other,9560,5,7087.35,0.00010042318416381397
2012,Other,9600,248,404103.03,0.005725879631010919
2012,Other,9610,94,155082.6,0.0021974205451125027
2012,Other,9620,579,904391.92,0.012814650939832986
2012,Other,9630,8,9553.18,0.0001353624068925712
2012,Other,9640,178,268779.35,0.0038084302545352226
2012,Other,9650,13,19150.4,0.0002713488322166541
2012,Other,9720,39,70454.55,0.0009982955900059457
2012,Other,9750,29,36872.26,0.0005224561728313166
2012,Tech,110,353,553158.8,0.1509667056449231
2012,Tech,1005,7,10918.17,0.0029797594408174106
2012,Tech,1006,252,414232.2,0.11305120809078499
2012,Tech,1007,26,37690.659999999996,0.01028643994054307
2012,Tech,1010,218,339635.82,0.09269255205632106
2012,Tech,1020,636,1010453.73,0.27577048548215194
2012,Tech,1030,56,94590.96,0.025815526418436614
2012,Tech,1050,256,379820.47,0.10365964546239947
2012,Tech,1060,58,104527.70999999999,0.028527439186193698
2012,Tech,1105,146,222062.02,0.06060460686561801
2012,Tech,1106,72,113961.64,0.03110212358673982
2012,Tech,1107,210,321611.47,0.087773391878645
2012,Tech,1400,39,61447.57,0.016770115946425884
2013,Finance,120,445,960496.39,0.26647704065139316
2013,Finance,800,517,1195320.18,0.331625800485612
2013,Finance,820,20,41219.58,0.011435828192226057
2013,Finance,830,12,29176.86,0.00809473454481178
2013,Finance,840,64,164851.76,0.045735944047612415
2013,Finance,850,106,232923.07,0.0646214301680377
2013,Finance,860,38,86297.06,0.02394197979829546
2013,Finance,900,8,15681.359999999999,0.004350586269448791
2013,Finance,910,118,267904.15,0.07432646891075452
2013,Finance,950,23,36494.87,0.010125019789566633
2013,Finance,4810,134,311750.47,0.08649105143152169
2013,Finance,4820,95,262308.81,0.07277411571071972
2013,Healthcare,350,202,458785.07,0.08020437403857822
2013,Healthcare,3000,8,15371.49,0.002687229411127665
2013,Healthcare,3010,24,52809.34,0.009232079104253436
2013,Healthcare,3030,22,56403.340000000004,0.009860378800873142
2013,Healthcare,3040,6,14830.93,0.002592729220809149
2013,Healthcare,3050,79,186463.81,0.03259742772775579
2013,Healthcare,3060,248,544897.78,0.09525851693454389
2013,Healthcare,3110,32,73499.74,0.012849155354375958
2013,Healthcare,3140,3,6985.5,0.001221198533872273
2013,Healthcare,3150,31,77208.8,0.013497569731878541
2013,Healthcare,3160,68,141671.33,0.024766848541655565
2013,Healthcare,3200,3,7125.950000000001,0.0012457518706530848
2013,Healthcare,3210,3,6141.97,0.0010737334133687616
2013,Healthcare,3220,26,54330.06,0.009497929943052411
2013,Healthcare,3230,41,88861.55,0.015534692517016346
2013,Healthcare,3245,36,75497.09,0.01319833020107695
2013,Healthcare,3250,10,22352.09,0.003907571331612783
2013,Healthcare,3255,919,2135691.17,0.3733595198064504
2013,Healthcare,3256,10,16426.73,0.0028717054745280484
2013,Healthcare,3258,41,100881.84999999999,0.017636070047143734
2013,Healthcare,3260,3,9035.869999999999,0.0015796422870604043
2013,Healthcare,3300,90,213965.69,0.037405280499172466
2013,Healthcare,3310,34,54977.34,0.009611086823305056
2013,Healthcare,3320,97,188858.4,0.0330160476972963
2013,Healthcare,3400,67,177518.65,0.031033643277501275
2013,Healthcare,3420,147,341550.25,0.059709493170669
2013,Healthcare,3500,148,336098.13,0.05875635868487762
2013,Healthcare,3510,49,98511.27,0.017221647483200292
2013,Healthcare,3520,10,21779.44,0.0038074611977036914
2013,Healthcare,3535,32,69264.96,0.012108835101384531
2013,Healthcare,3540,30,72404.53,0.012657691773203207
2013,Other,10,402,954132.4,0.013162244385293958
2013,Other,20,369,812194.18,0.011204208436348489
2013,Other,40,21,46582.76,0.0006426085847849795
2013,Other,50,317,732234.5,0.010101165662484084
2013,Other,60,38,78035.31,0.0010764961140635968
2013,Other,100,54,114343.24,0.0015773635490067411
2013,Other,135,3,7140.58,9.850421074972649e-05
2013,Other,136,103,210127.24,0.0028987026170448835
2013,Other,137,16,35616.09,0.0004913235108970456
2013,Other,140,116,219266.36000000002,0.00302477666180694
2013,Other,150,60,134331.26,0.001853098031996883
2013,Other,160,80,171668.05,0.002368158577621787
2013,Other,205,48,97346.04,0.001342887390073538
2013,Other,220,174,391051.01,0.005394543734953379
2013,Other,230,294,662240.59,0.009135600559672072
2013,Other,300,41,101124.13,0.001395006093819093
2013,Other,310,242,532545.12,0.007346453192068204
2013,Other,330,6,13889.47,0.00019160506290553475
2013,Other,340,37,68290.17,0.0009420620310695558
2013,Other,360,7,17200.52,0.00023728095576058044
2013,Other,410,142,347207.77999999997,0.0047897269318549285
2013,Other,420,125,262891.48,0.003626584640215151
2013,Other,425,3,6019.83,8.304347868065703e-05
2013,Other,430,1053,2391643.48,0.03299269154496263
2013,Other,500,10,19917.91,0.00027476731642724886
2013,Other,510,2,4849.150000000001,6.689396289335547e-05
2013,Other,520,21,61997.770000000004,0.0008552584526877467
2013,Other,530,112,252870.88,0.0034883505900065253
2013,Other,540,133,338429.31,0.0046686280492795424
2013,Other,565,80,189162.54,0.0026094948458127445
2013,Other,600,34,88934.37,0.001226848508857005
2013,Other,630,230,529811.8,0.0073087470772531
2013,Other,640,29,65151.700000000004,0.0008987668771308431
2013,Other,650,36,73460.43,0.0010133857023498832
2013,Other,700,26,59243.11,0.0008172579528426582
2013,Other,710,229,483710.75,0.0066727836758230085
2013,Other,725,41,107857.41,0.0014878916062224157
2013,Other,726,31,79071.1,0.0010907848240076714
2013,Other,735,63,169283.23,0.002335260015897087
2013,Other,740,73,173167.31,0.0023888408503515424
2013,Other,810,20,39265.68,0.0005416695587685202
2013,Other,930,24,67267.81,0.0009279585878055505
2013,Other,940,17,42671.8,0.0005886569410706383
2013,Other,1200,9,16794.63,0.00023168170834633587
2013,Other,1220,58,138392.71,0.0019091256833570632
2013,Other,1240,33,69256.11,0.0009553871611474474
2013,Other,1300,42,85104.28,0.00117401246576941
2013,Other,1310,16,29500.67,0.0004069613693758957
2013,Other,1320,46,125249.89,0.0017278206477541122
2013,Other,1340,6,13161.439999999999,0.00018156189826735083
2013,Other,1350,24,63418.4,0.0008748560255624129
2013,Other,1360,107,232372.68,0.0032055781803717277
2013,Other,1410,92,219268.34,0.0030248039758818865
2013,Other,1420,12,30349.760000000002,0.0004186745551822988
2013,Other,1430,62,159619.14,0.0022019440166275144
2013,Other,1440,4,10219.77,0.00014098159783851343
2013,Other,1450,14,28452.87,0.00039250698163378466
2013,Other,1460,101,247254.27,0.0034108695261238966
2013,Other,1520,19,42915.98,0.0005920254010810112
2013,Other,1530,141,298994.29,0.004124622447353694
2013,Other,1540,46,84080.19,0.0011598851571772944
2013,Other,1550,142,312402.29,0.004309585637701303
2013,Other,1560,14,38399.22,0.0005297167540319011
2013,Other,1600,12,24959.94,0.00034432205648007977
2013,Other,1610,41,69306.01,0.000956075531016059
2013,Other,1640,12,13445.9,0.00018548602036805794
2013,Other,1650,57,131704.66,0.0018168641182314423
2013,Other,1700,5,10400.02,0.0001434681443077972
2013,Other,1710,3,3400.98,4.691647606715488e-05
2013,Other,1720,36,94303.73,0.0013009187621181057
2013,Other,1740,36,72725.76,0.0010032509389957156
2013,Other,1760,86,158205.13,0.002182437766569085
2013,Other,1800,26,26595.62,0.0003668862413837028
2013,Other,1820,48,118319.64,0.0016322179366930652
2013,Other,1840,7,13187.23,0.00018191767099102812
2013,Other,1860,22,28501.23,0.0003931741072218821
2013,Other,1900,10,22060.79,0.00030432831891323374
2013,Other,1910,5,14248.759999999998,0.00019656146390941248
2013,Other,1920,17,47904.12,0.0006608367292657162
2013,Other,1930,5,12114.23,0.00016711564956777448
2013,Other,1965,42,108722.31,0.0014998228907787735
2013,Other,2000,237,499323.06,0.006888155294729324
2013,Other,2010,287,608665.04,0.008396526525317369
2013,Other,2015,41,78828.31999999999,0.001087435676979584
2013,Other,2016,50,100871.41,0.0013915198246167773
2013,Other,2025,35,54060.71,0.000745766810415939
2013,Other,2040,143,332713.49,0.004589778384702225
2013,Other,2050,17,49867.28,0.0006879184966257111
2013,Other,2060,11,32759.34,0.0004519146807937093
2013,Other,2100,305,671211.2,0.009259350011116297
2013,Other,2105,1,5464.96,7.538905405146714e-05
2013,Other,2145,117,270937.39,0.0037375778668596723
2013,Other,2160,65,159768.53,0.0022040048497872717
2013,Other,2200,317,717305.49,0.009895220158431924
2013,Other,2300,161,348895.0,0.0048130021104064126
2013,Other,2310,943,2061700.15,0.02844112748240937
2013,Other,2320,313,705846.31,0.009737140915325754
2013,Other,2330,120,241556.72,0.0033322718959654077
2013,Other,2340,123,267203.3,0.0036860661425573817
2013,Other,2400,13,28972.29,0.000399672373961526
2013,Other,2430,65,155049.11,0.002138900510602433
2013,Other,2440,6,15951.12,0.0002200454985693287
2013,Other,2540,196,403915.91,0.005572014867672871
2013,Other,2550,55,107070.39,0.0014770346752806364
2013,Other,2600,25,53988.15,0.000744765846134046
2013,Other,2630,183,445419.15,0.006144551538329384
2013,Other,2710,41,103509.71,0.0014279151397341772
2013,Other,2720,35,105167.17,0.0014507797794622163
2013,Other,2740,1,2616.02,3.6087962799310345e-05
2013,Other,2750,12,28406.53,0.000391867721920128
2013,Other,2760,2,8250.85,0.00011382037135140013
2013,Other,2800,14,28420.1,0.0003920549198984258
2013,Other,2810,31,69581.63,0.0009598777054286194
2013,Other,2825,57,116584.67,0.0016082840474957658
2013,Other,2830,31,69096.97,0.0009531918268610573
2013,Other,2840,19,36980.28,0.0005101424946858512
2013,Other,2850,40,88195.26,0.0012166524957590169
2013,Other,2860,7,10564.06,0.00014573107403218722
2013,Other,2900,30,66301.62,0.0009146300089808223
2013,Other,2910,14,28931.24,0.0003991060897309346
2013,Other,2920,16,49256.28,0.0006794897593567382
2013,Other,3600,483,1094098.34,0.01509307275659483
2013,Other,3610,5,8734.92,0.00012049811087642753
2013,Other,3620,17,42310.6,0.0005836741916409279
2013,Other,3630,15,30933.4,0.00042672586159745975
2013,Other,3640,84,179476.41,0.0024758748050220454
2013,Other,3645,155,360577.93,0.004974167981931457
2013,Other,3646,12,27746.839999999997,0.0003827673067172331
2013,Other,3647,17,44950.44,0.0006200907510388421
2013,Other,3648,5,3024.7999999999997,4.1727077726987534e-05
2013,Other,3649,41,93917.28,0.0012955876892578855
2013,Other,3655,38,80838.01,0.0011151593251008316
2013,Other,3700,22,52615.28,0.000725827121855069
2013,Other,3710,44,112114.84,0.0015466227992028468
2013,Other,3720,28,53488.68,0.0007378756638038758
2013,Other,3730,30,88321.75,0.00121839742370853
2013,Other,3740,121,276165.87,0.0038097046823033377
2013,Other,3750,3,3430.3799999999997,4.732204869515455e-05
2013,Other,3800,135,289793.75,0.00399770111446879
2013,Other,3820,59,151973.80000000002,0.002096476648064553
2013,Other,3840,6,16541.879999999997,0.0002281950252943998
2013,Other,3850,262,595930.03,0.00822084722350437
2013,Other,3900,4,9152.98,0.0001262652432866842
2013,Other,3910,31,76173.35,0.001050810399423111
2013,Other,3930,242,560642.35,0.007734054124401928
2013,Other,3940,1,5306.76,7.320668705318315e-05
2013,Other,3945,13,21066.93,0.000290618032788616
2013,Other,3955,3,6054.0,8.351485339830156e-05
2013,Other,4000,111,261191.5,0.0036031334376251207
2013,Other,4010,122,260313.91,0.0035910270946793305
2013,Other,4020,423,886331.05,0.012226925619939327
2013,Other,4030,108,207330.71,0.0028601245210795796
2013,Other,4040,63,164684.54,0.002271821145534643
2013,Other,4050,48,117353.73,0.001618893220464794
2013,Other,4060,9,21840.47,0.0003012890073009586
2013,Other,4110,202,472433.21,0.006517210154218535
2013,Other,4120,34,70253.08,0.000969140349682714
2013,Other,4130,31,80917.65,0.001116257957893141
2013,Other,4140,28,59803.16,0.0008249838355063053
2013,Other,4150,13,27101.41,0.0003738636080339055
2013,Other,4200,72,145610.86,0.0020086999712752907
2013,Other,4210,25,57263.46,0.0007899487061413124
2013,Other,4220,613,1276556.05,0.01761007455739427
2013,Other,4230,357,708589.41,0.009774981945117112
2013,Other,4240,16,42900.04,0.0005918055089827012
2013,Other,4250,239,522507.31,0.007207981730127338
2013,Other,4300,27,51334.52,0.0007081590538606176
2013,Other,4320,28,67982.67,0.0009378200724603755
2013,Other,4340,5,10045.03,0.00013857106174951125
2013,Other,4350,15,34650.23,0.00047799948441814183
2013,Other,4400,33,57648.99,0.0007952670876131734
2013,Other,4420,2,3685.8,5.0845564363306886e-05
2013,Other,4430,10,11933.85,0.00016462730975013562
2013,Other,4460,2,5183.13,7.150121276748244e-05
2013,Other,4465,6,16398.72,0.00022622013490581364
2013,Other,4500,19,44703.24,0.0006166806301666815
2013,Other,4510,95,226476.41,0.003124239210327657
2013,Other,4520,48,120536.87,0.001662804596488294
2013,Other,4530,20,43836.2,0.0006047198243374012
2013,Other,4540,5,11533.94,0.00015911055636022567
2013,Other,4600,115,276378.53,0.0038126383243125357
2013,Other,4610,209,460933.06,0.006358565730480762
2013,Other,4620,54,104762.03,0.001445190878288482
2013,Other,4640,7,11645.15,0.00016064469690307753
2013,Other,4650,22,53144.64,0.0007331296363570388
2013,Other,4700,895,2009815.02,0.02772537277056566
2013,Other,4710,320,756785.71,0.010439849293785853
2013,Other,4720,408,950724.39,0.013115230930465753
2013,Other,4740,33,65280.71,0.0009005465684484702
2013,Other,4750,24,55748.18,0.0007690454377142595
2013,Other,4760,579,1470130.89,0.020280437025877864
2013,Other,4800,58,156105.54,0.0021534739490853484
2013,Other,4830,19,33848.5,0.0004669396292124893
2013,Other,4840,121,306004.27,0.004221325032755911
2013,Other,4850,420,1050409.41,0.014490384520044008
2013,Other,4900,3,10543.43,0.0001454464834432201
2013,Other,4920,107,265155.08,0.0036578109735736575
2013,Other,4930,17,38258.51,0.0005277756613623148
2013,Other,4940,14,31115.309999999998,0.00042923530774573935
2013,Other,4950,15,27641.75,0.0003813175914969445
2013,Other,4965,58,146411.7,0.0020197475489422047
2013,Other,5000,467,1039768.58,0.014343594404833198
2013,Other,5010,2,1921.58,2.650817178610973e-05
2013,Other,5020,8,16959.37,0.00023395429456186874
2013,Other,5030,3,10021.8,0.0001382506041934421
2013,Other,5100,55,139607.25,0.0019258802472894012
2013,Other,5110,145,341259.77,0.004707674209165528
2013,Other,5120,306,749537.69,0.010339862949595572
2013,Other,5130,1,3723.94,5.1371705180718716e-05
2013,Other,5140,52,127625.42,0.00176059105404636
2013,Other,5150,8,17941.77,0.0002475064901314907
2013,Other,5160,90,212854.27,0.0029363219613895764
2013,Other,5165,16,44624.11,0.0006155890328179191
2013,Other,5200,1,1836.55,2.5335184012000448e-05
2013,Other,5220,20,50513.07,0.0006968271615044837
2013,Other,5230,14,34484.72,0.0004757162760623518
2013,Other,5240,516,1249526.14,0.01723719729095567
2013,Other,5250,27,50174.26,0.0006921532818414711
2013,Other,5260,41,116392.91,0.0016056387207221189
2013,Other,5300,28,40263.89,0.0005554398530880971
2013,Other,5310,39,83434.13,0.0011509727676519382
2013,Other,5320,10,27257.44,0.0003760160399096466
2013,Other,5330,35,78060.95,0.001076849817539172
2013,Other,5340,10,23553.15,0.00032491540623029506
2013,Other,5350,29,82788.93,0.0011420722418157001
2013,Other,5360,39,97561.99,0.0013458664175911071
2013,Other,5400,278,593879.98,0.008192566809693798
2013,Other,5410,31,61451.44,0.0008477218372504996
2013,Other,5420,41,88679.99,0.0012233393399756936
2013,Other,5500,4,12387.58,0.00017088650935905721
2013,Other,5510,56,125758.79000000001,0.001734840916814964
2013,Other,5520,72,163559.12,0.0022562959908746633
2013,Other,5530,3,2160.1800000000003,2.979965576708673e-05
2013,Other,5540,39,88292.75,0.0012179973690754691
2013,Other,5550,113,265732.61,0.0036657779926161285
2013,Other,5560,24,47955.23,0.0006615417910690177
2013,Other,5600,86,189042.24,0.002607835308834909
2013,Other,5610,179,441320.89,0.006088016093484964
2013,Other,5620,283,663169.31,0.009148412240320912
2013,Other,5630,30,57622.4,0.0007949002788996188
2013,Other,5700,913,2153711.64,0.029710424822731354
2013,Other,5800,21,59458.07,0.0008202233233227538
2013,Other,5810,89,243310.92,0.003356471062769389
2013,Other,5820,26,57742.88,0.0007965622989751765
2013,Other,5840,95,233220.22,0.003217269983947743
2013,Other,5850,25,46431.7,0.0006405247139963526
2013,Other,5860,276,595562.53,0.008215777565654373
2013,Other,5900,14,35295.7,0.00048690373490096334
2013,Other,5910,5,9005.68,0.00012423324165048173
2013,Other,5920,5,17945.41,0.00024755670388543357
2013,Other,5940,143,355094.7,0.004898526893461161
2013,Other,6005,11,24434.31,0.00033707099728091407
2013,Other,6010,9,26144.95,0.0003606692544360628
2013,Other,6040,34,63951.12,0.0008822048912218683
2013,Other,6050,178,335113.69,0.004622889113332322
2013,Other,6100,1,284.64,3.9266051984295594e-06
2013,Other,6120,9,20423.75,0.00028174537282681886
2013,Other,6130,15,34441.83,0.0004751246090550421
2013,Other,6200,203,460394.39,0.006351134784646593
2013,Other,6210,4,4565.27,6.297784188530957e-05
2013,Other,6220,21,42801.270000000004,0.0005904429780824452
2013,Other,6230,232,493262.02,0.006804543324620101
2013,Other,6240,20,38547.69,0.0005317648958032995
2013,Other,6250,12,27170.82,0.00037482111810565574
2013,Other,6260,334,693393.1,0.009565349040947118
2013,Other,6320,113,224841.22,0.003101681784967834
2013,Other,6330,34,79978.99,0.0011033091550700738
2013,Other,6355,217,478274.71,0.006597793572805615
2013,Other,6360,10,22807.45,0.00031462848416569095
2013,Other,6400,20,36151.8,0.0004987136235686684
2013,Other,6420,96,218643.52,0.0030161845918877787
2013,Other,6440,170,378455.52,0.005220789109775022
2013,Other,6460,7,20024.64,0.0002762396554267865
2013,Other,6515,38,73566.82,0.001014853351053723
2013,Other,6520,42,86217.22,0.0011893654589872997
2013,Other,6530,12,23133.2,0.00031912220129395267
2013,Other,6600,6,16775.38,0.0002314161548399075
2013,Other,6660,17,26479.73,0.00036528754030006733
2013,Other,6700,7,18745.18,0.0002585895209158861
2013,Other,6710,9,15526.04,0.0002141815253478966
2013,Other,6720,3,2278.0299999999997,3.142539502592218e-05
2013,Other,6730,43,97181.68,0.0013406200459531968
2013,Other,6740,9,17115.57,0.0002361090715854589
2013,Other,6765,15,22433.89,0.0003094752286923725
2013,Other,6800,22,49961.58,0.0006892193639325265
2013,Other,6820,13,25931.16,0.0003577200240911631
2013,Other,6830,3,9337.41,0.00012880945280307812
2013,Other,6840,31,57870.24,0.0007983192285636812
2013,Other,6940,36,64399.57,0.000888391253297598
2013,Other,7000,116,254028.08,0.0035043141493643903
2013,Other,7010,85,181308.79,0.0025011524639368095
2013,Other,7020,40,78548.94,0.0010835816334145995
2013,Other,7030,5,8530.939999999999,0.00011768420935740115
2013,Other,7040,13,32705.46,0.0004511714068754568
2013,Other,7100,8,28910.260000000002,0.000398816670896396
2013,Other,7110,11,32206.379999999997,0.000444286604590352
2013,Other,7120,9,14534.08,0.00020049744969923797
2013,Other,7130,13,31919.88,0.0004403343407154572
2013,Other,7140,45,91347.17,0.0012601330543276727
2013,Other,7150,43,91084.79,0.0012565135255475856
2013,Other,7160,3,14455.08,0.00019940764569883066
2013,Other,7200,253,572929.67,0.007903557548329582
2013,Other,7210,103,212658.82,0.0029336257311126197
2013,Other,7220,66,127065.99,0.0017528737242748682
2013,Other,7240,9,21107.07,0.0002911717635807216
2013,Other,7260,18,39632.49,0.0005467296980772469
2013,Other,7300,9,10470.05,0.00014443420727170252
2013,Other,7315,104,273201.38,0.0037688095802632434
2013,Other,7320,11,33698.630000000005,0.0004648721744588053
2013,Other,7330,165,414680.25,0.005720508801770901
2013,Other,7340,168,394523.24,0.005442443103869002
2013,Other,7350,11,19269.02,0.0002658158870877008
2013,Other,7360,11,29088.9,0.00040128100743605125
2013,Other,7410,40,80927.29,0.0011163909415711653
2013,Other,7420,71,176441.73,0.0024340114328200704
2013,Other,7430,23,60018.45,0.0008279537583322252
2013,Other,7510,13,30162.68,0.0004160937889494355
2013,Other,7540,1,4835.11,6.67002812710046e-05
2013,Other,7560,2,4026.46,5.554496475291134e-05
2013,Other,7610,1,2225.57,3.070170998970235e-05
2013,Other,7630,82,165635.22,0.0022849357641056204
2013,Other,7700,297,624899.62,0.008620482351000058
2013,Other,7710,6,10439.09,0.00014400711446344166
2013,Other,7720,60,139671.49,0.0019267664372765677
2013,Other,7730,8,21513.5,0.00029677846028813355
2013,Other,7740,9,24066.24,0.00033199347628813035
2013,Other,7750,273,631750.62,0.00871499180931386
2013,Other,7800,56,122184.86,0.0016855385976861578
2013,Other,7810,119,248749.19,0.003431491928608566
2013,Other,7830,1,3034.94,4.1866958898685385e-05
2013,Other,7840,20,56850.299999999996,0.0007842491691690556
2013,Other,7850,4,10123.970000000001,0.00013966003805067776
2013,Other,7855,63,113521.08,0.0015660218622095907
2013,Other,7900,23,65968.96,0.0009100409684899934
2013,Other,7920,4,11445.95,0.0001578967354235695
2013,Other,7940,6,16841.03,0.0002323217957592333
2013,Other,7950,47,114816.35,0.0015838900954704461
2013,Other,8030,119,269208.93,0.003713733783030001
2013,Other,8040,5,10168.18,0.0001402699144412854
2013,Other,8100,14,29922.71,0.00041278340583579315
2013,Other,8130,29,87431.05,0.0012061102284786213
2013,Other,8140,211,414361.97000000003,0.005716118133198122
2013,Other,8220,162,371575.97000000003,0.005125885804572464
2013,Other,8250,5,14496.25,0.00019997558532790368
2013,Other,8255,52,112438.48,0.0015510874089078065
2013,Other,8256,11,27751.05,0.0003828253836139637
2013,Other,8300,43,71978.4,0.0009929411172521156
2013,Other,8310,9,15588.57,0.00021504412590669998
2013,Other,8320,30,49695.11,0.0006855434136541906
2013,Other,8350,21,44521.7,0.0006141762881637202
2013,Other,8400,2,2985.0299999999997,4.117845108020021e-05
2013,Other,8410,2,5832.17,8.045471135513254e-05
2013,Other,8420,6,17705.02,0.00024424052687710554
2013,Other,8450,6,12377.06,0.00017074138609216754
2013,Other,8460,3,5826.17,8.037194143105097e-05
2013,Other,8500,16,20542.940000000002,0.0002833895973686992
2013,Other,8510,3,4424.6900000000005,6.103854256407846e-05
2013,Other,8530,12,35124.89,0.0004845474131122346
2013,Other,8540,3,8885.630000000001,0.00012257715341948305
2013,Other,8550,5,13147.01,0.0001813628365999347
2013,Other,8600,17,30879.56,0.00042598313947870116
2013,Other,8610,42,90929.31,0.0012543686809148853
2013,Other,8620,27,65632.27,0.0009053963342001562
2013,Other,8630,22,48171.79,0.0006645292335288683
2013,Other,8640,11,18701.62,0.0002579886112670539
2013,Other,8650,24,54771.91,0.0007555778054170742
2013,Other,8710,15,27747.05,0.000382770203664576
2013,Other,8720,13,34734.67,0.0004791643331497164
2013,Other,8730,2,2793.22,3.853243455718597e-05
2013,Other,8740,223,506003.19,0.006980307603555158
2013,Other,8750,9,15744.05,0.00021718897053940033
2013,Other,8760,20,55409.37,0.0007643715580512468
2013,Other,8800,81,143969.45,0.0019860567410941703
2013,Other,8810,53,109529.79000000001,0.001510962067161671
2013,Other,8830,4,12228.58,0.00016869310637089569
2013,Other,8850,1,340.63,4.698986539984053e-06
2013,Other,8910,1,3310.67,4.5670650759853815e-05
2013,Other,8920,7,13035.39,0.00017982304011227056
2013,Other,8930,14,42380.1,0.0005846329432615394
2013,Other,8940,8,17686.78,0.00024398890630789757
2013,Other,8950,4,7873.799999999999,0.00010861897137224095
2013,Other,8965,303,732601.85,0.010106233251085978
2013,Other,9000,81,176630.37,0.0024366137192331945
2013,Other,9030,40,90832.84,0.0012530378784855272
2013,Other,9040,17,45371.590000000004,0.0006259005099600009
2013,Other,9050,17,33119.020000000004,0.0004568764618426524
2013,Other,9120,99,209631.63999999998,0.0028918658213157463
2013,Other,9130,953,2170370.3,0.029940230826648127
2013,Other,9140,64,178399.8,0.0024610229836944694
2013,Other,9150,4,7215.23,9.953400655517464e-05
2013,Other,9200,15,28764.47,0.0003968054996910874
2013,Other,9240,22,43008.54,0.0005933022651098428
2013,Other,9260,5,9326.75,0.00012866239823795987
2013,Other,9300,6,12588.8,0.00017366233671300605
2013,Other,9310,7,11060.03,0.0001525729739066431
2013,Other,9350,14,31498.87,0.00043452651309252704
2013,Other,9360,23,49748.93,0.0006862858598732022
2013,Other,9410,12,36652.61,0.0005056222911818834
2013,Other,9415,4,11305.6,0.00015596060894942817
2013,Other,9420,4,15105.98,0.00020838680296294605
2013,Other,9510,26,53059.24,0.0007319515444376111
2013,Other,9520,15,38121.0,0.0005258787126522388
2013,Other,9600,170,387317.73,0.00534304318459084
2013,Other,9610,65,147488.25,0.00203459854257054
2013,Other,9620,439,998196.3,0.013770105328250255
2013,Other,9630,6,11586.220000000001,0.00015983175829872308
2013,Other,9640,106,246138.07,0.003395471561247256
2013,Other,9650,11,15347.210000000001,0.00021171456776064546
2013,Other,9720,16,42687.97,0.0005888800060160381
2013,Other,9750,13,27542.21,0.00037994443845643127
2013,Tech,110,229,564000.04,0.15835842612266038
2013,Tech,1005,7,15415.59,0.00432834822166364
2013,Tech,1006,147,314396.58,0.08827543272363435
2013,Tech,1007,20,42632.52,0.011970245195094029
2013,Tech,1010,160,376851.79,0.10581143991746403
2013,Tech,1020,397,925948.55,0.2599853628530939
2013,Tech,1030,42,103583.0,0.029083758315094316
2013,Tech,1050,180,406594.56,0.11416253550555705
2013,Tech,1060,35,94850.43,0.026631850614509827
2013,Tech,1105,89,204044.22,0.057290991572670556
2013,Tech,1106,44,101395.59,0.02846958317268658
2013,Tech,1107,140,335632.06,0.09423787412835345
2013,Tech,1400,31,76196.15,0.021394151657517874
2014,Finance,120,607,998735.49,0.2586706047087623
2014,Finance,800,748,1258692.51,0.32599898167640945
2014,Finance,820,34,53200.81,0.013778909262247173
2014,Finance,830,14,21935.07,0.005681141681696953
2014,Finance,840,152,278269.13,0.07207117885525545
2014,Finance,850,193,323228.42,0.0837155500106017
2014,Finance,860,42,73592.06,0.019060204481131954
2014,Finance,900,9,18089.35,0.0046851074685334846
2014,Finance,910,151,238816.04,0.06185290309544519
2014,Finance,950,40,66891.51,0.017324774692428543
2014,Finance,4810,210,343299.49,0.08891391921449561
2014,Finance,4820,111,186282.15,0.04824672485299222
2014,Healthcare,350,321,518190.87,0.08446459917069754
2014,Healthcare,3000,18,26694.760000000002,0.004351219471230687
2014,Healthcare,3010,28,38695.23,0.006307284209326094
2014,Healthcare,3030,40,58983.619999999995,0.009614271708293005
2014,Healthcare,3040,13,16637.48,0.0027118927807633832
2014,Healthcare,3050,117,185785.47,0.030282847814917413
2014,Healthcare,3060,365,589928.92,0.0961578303512034
2014,Healthcare,3110,25,36904.37,0.006015375800999958
2014,Healthcare,3140,9,14223.19,0.0023183658991882154
2014,Healthcare,3150,34,56349.05,0.009184839404637898
2014,Healthcare,3160,94,169889.1,0.02769175523098381
2014,Healthcare,3200,7,8819.47,0.0014375648850161943
2014,Healthcare,3210,7,12366.38,0.0020157077061055332
2014,Healthcare,3220,43,67705.66,0.011035955599695398
2014,Healthcare,3230,61,99554.92,0.01622735347164812
2014,Healthcare,3245,62,109824.47,0.01790127996211955
2014,Healthcare,3250,30,46473.89,0.007575198094001711
2014,Healthcare,3255,1317,2134681.62,0.34795099224800174
2014,Healthcare,3256,11,17301.39,0.002820109453966093
2014,Healthcare,3258,52,93750.51,0.015281240383873362
2014,Healthcare,3300,161,240398.69,0.03918474864678873
2014,Healthcare,3310,49,67117.65,0.01094011055140583
2014,Healthcare,3320,133,198368.77,0.032333913266426886
2014,Healthcare,3400,105,174131.9,0.02838332743363847
2014,Healthcare,3420,238,409374.55,0.06672764666122867
2014,Healthcare,3500,263,448612.04,0.07312331871410419
2014,Healthcare,3510,88,125684.68,0.020486478501825757
2014,Healthcare,3520,20,38202.93,0.006227039796351905
2014,Healthcare,3535,42,67114.49,0.010939595474531978
2014,Healthcare,3540,36,63240.49,0.010308137307028405
2014,Other,10,560,883707.81,0.012012406722688452
2014,Other,20,489,768029.5,0.010439969664886237
2014,Other,40,22,39673.05,0.0005392832417420359
2014,Other,50,482,820863.79,0.011158156121091114
2014,Other,60,30,59126.97,0.000803724040777911
2014,Other,100,99,155514.06,0.002113931911291556
2014,Other,135,13,23931.19,0.0003253011735156382
2014,Other,136,156,241587.46,0.003283943850876714
2014,Other,137,28,43687.33,0.0005938501059397777
2014,Other,140,144,237355.91,0.0032264235946424815
2014,Other,150,109,169155.72,0.002299365565309653
2014,Other,160,141,210800.36000000002,0.0028654490013041143
2014,Other,205,89,134479.14,0.001828000281447509
2014,Other,220,266,438459.62,0.0059600642059680605
2014,Other,230,417,658312.4,0.008948564457509061
2014,Other,300,55,85745.72,0.0011655577236210706
2014,Other,310,380,631123.14,0.008578975724770663
2014,Other,330,10,18439.33,0.00025064928605063574
2014,Other,340,68,97158.3,0.0013206910733141325
2014,Other,360,9,13113.18,0.00017824992582992307
2014,Other,410,193,311988.2,0.004240914370870468
2014,Other,420,201,298528.87,0.00405795916288732
2014,Other,425,5,7633.08,0.0001037578942601161
2014,Other,430,1530,2451251.76,0.03332032690853541
2014,Other,500,8,8508.89,0.00011566294456378804
2014,Other,510,12,14181.27,0.00019276867439279514
2014,Other,520,35,74145.34,0.0010078715731526929
2014,Other,530,182,317306.37,0.004313205257448012
2014,Other,540,181,295034.75,0.004010462931550539
2014,Other,565,112,168146.1,0.0022856416104705974
2014,Other,600,52,83220.74,0.0011312351948582506
2014,Other,630,310,513158.91,0.0069754657258166335
2014,Other,640,42,64708.28,0.0008795918389423385
2014,Other,650,71,113345.96,0.0015407329849145234
2014,Other,700,42,67474.25,0.0009171901901697138
2014,Other,710,262,391202.12,0.0053176841067161945
2014,Other,725,58,103580.04,0.0014079829947778086
2014,Other,726,40,68698.11,0.000933826349684508
2014,Other,735,88,129849.69,0.0017650712955620607
2014,Other,740,121,197860.98,0.00268956157161237
2014,Other,810,25,33071.99,0.00044955378974039536
2014,Other,930,28,42069.13,0.0005718536085243543
2014,Other,940,25,45322.72,0.0006160802702632292
2014,Other,1200,12,15050.63,0.00020458604863150015
2014,Other,1220,74,101136.72,0.001374770485777035
2014,Other,1240,43,77139.25,0.0010485683557364342
2014,Other,1300,76,137768.32,0.001872710724760364
2014,Other,1310,24,27026.34,0.0003673741304896511
2014,Other,1320,67,121616.52,0.0016531562648948125
2014,Other,1340,12,21304.6,0.0002895974408828506
2014,Other,1350,30,49690.93,0.000675458171619691
2014,Other,1360,143,227910.6,0.0030980317166281
2014,Other,1410,134,241388.9,0.0032812447873945693
2014,Other,1420,14,16029.5,0.00021789201292827157
2014,Other,1430,93,164090.67,0.0022305153865715553
2014,Other,1440,6,6711.29,9.122782915533108e-05
2014,Other,1450,17,27386.83,0.0003722743389640585
2014,Other,1460,137,255630.61,0.0034748350340922636
2014,Other,1520,19,33418.04,0.00045425771257478375
2014,Other,1530,189,315680.94,0.004291110481280696
2014,Other,1540,44,85596.31,0.0011635267653471624
2014,Other,1550,189,283086.9,0.003848053555920292
2014,Other,1560,22,37494.84,0.0005096744229092281
2014,Other,1600,18,24618.690000000002,0.00033464649051792697
2014,Other,1610,36,45162.98,0.0006139088943534902
2014,Other,1640,20,31228.25,0.0004244914846206866
2014,Other,1650,72,121850.8,0.0016563408770654251
2014,Other,1700,11,14293.96,0.00019430049078986844
2014,Other,1710,5,10128.15,0.0001376738507588804
2014,Other,1720,53,86208.38,0.001171846748150931
2014,Other,1740,47,72370.49,0.0009837457027795844
2014,Other,1760,109,179869.21,0.002444996052947253
2014,Other,1800,35,32238.21,0.00043822006114378694
2014,Other,1820,64,92759.98,0.0012609038810559412
2014,Other,1840,15,23356.09,0.00031748373088579646
2014,Other,1860,22,20298.99,0.0002759279947291466
2014,Other,1900,15,23584.96,0.0003205948039073438
2014,Other,1910,10,15515.77,0.00021090878426851043
2014,Other,1920,41,56298.02,0.0007652695905471842
2014,Other,1930,7,12848.21,0.00017464813870832826
2014,Other,1965,61,111350.28,0.0015136053307543377
2014,Other,2000,380,579646.16,0.007879239439068153
2014,Other,2010,360,494182.04,0.00671750955729122
2014,Other,2015,50,67672.43,0.0009198840882402788
2014,Other,2016,81,121546.76,0.001652208004074333
2014,Other,2025,51,83595.5,0.0011363293781306543
2014,Other,2040,194,295556.25,0.004017551779283911
2014,Other,2050,26,44694.55,0.0006075414371267525
2014,Other,2060,29,47897.69,0.0006510823225125141
2014,Other,2100,469,695622.24,0.0094557241405704
2014,Other,2105,6,7364.4,0.00010010567640967983
2014,Other,2145,172,289323.27,0.0039328257080563835
2014,Other,2160,72,104372.62,0.001418756684013698
2014,Other,2200,468,721624.33,0.009809175447875186
2014,Other,2300,214,341020.9,0.004635561330772064
2014,Other,2310,1327,2053444.85,0.02791286264722497
2014,Other,2320,512,829296.68,0.011272785983339011
2014,Other,2330,171,239302.36,0.0032528820561393613
2014,Other,2340,188,336436.6,0.004573246077341385
2014,Other,2400,24,39817.27,0.0005412436513683196
2014,Other,2430,63,84983.05,0.0011551906066492373
2014,Other,2440,13,19912.73,0.0002706774897905225
2014,Other,2540,241,375020.93,0.005097730143044538
2014,Other,2550,61,88876.31,0.001208112423190809
2014,Other,2600,28,46304.3,0.000629423072100475
2014,Other,2630,269,497252.56,0.0067592477140357545
2014,Other,2700,1,819.21,1.1135675842101709e-05
2014,Other,2710,57,112960.16,0.0015354887328425481
2014,Other,2720,59,91761.18000000001,0.0012473270045150163
2014,Other,2740,1,3478.38,4.728227455188504e-05
2014,Other,2750,25,49750.93,0.0006762737629217089
2014,Other,2760,5,8532.94,0.00011598986074401357
2014,Other,2800,7,9854.49,0.00013395393883037666
2014,Other,2810,39,63516.74,0.0008633950112755646
2014,Other,2825,82,120314.13,0.0016354526322975604
2014,Other,2830,67,104665.47,0.0014227374492269639
2014,Other,2840,18,30868.17,0.0004195968493535097
2014,Other,2850,44,73309.87,0.0009965148720677442
2014,Other,2860,20,32396.25,0.00044036832863330217
2014,Other,2900,43,65268.03,0.0008872006261307474
2014,Other,2910,21,36769.75,0.0004998181379562253
2014,Other,2920,11,25042.23,0.0003404037495188714
2014,Other,3600,672,1012207.79,0.013759131155979737
2014,Other,3610,9,14596.869999999999,0.00019841800347810592
2014,Other,3620,29,41544.9,0.00056472765138674
2014,Other,3630,24,52358.89,0.00071172425445522
2014,Other,3640,84,128762.06,0.0017502869360984982
2014,Other,3645,206,326944.43,0.004444217222520127
2014,Other,3646,13,22196.39,0.0003017197103366267
2014,Other,3647,8,16142.25,0.0002194246449166469
2014,Other,3648,13,21962.04,0.00029853414664282834
2014,Other,3649,41,62861.94,0.0008544941915328757
2014,Other,3655,63,94604.88,0.0012859819542741558
2014,Other,3700,46,58135.8,0.0007902508802642259
2014,Other,3710,67,105770.76,0.001437761864397087
2014,Other,3720,31,38912.31,0.0005289423596237506
2014,Other,3730,48,70175.47,0.000953908382450328
2014,Other,3740,155,258637.16,0.0035157036345769637
2014,Other,3750,10,17627.86,0.00023961882148649434
2014,Other,3800,210,345465.69,0.004695980198493668
2014,Other,3820,96,137842.46,0.0018737185237458905
2014,Other,3840,6,7377.03,0.00010027735837875461
2014,Other,3850,353,564716.53,0.007676298166229056
2014,Other,3900,3,5676.599999999999,7.716309308391566e-05
2014,Other,3910,28,52398.42,0.0007122615931913661
2014,Other,3930,320,536578.9,0.00729381806143908
2014,Other,3940,8,8330.21,0.00011323411366637866
2014,Other,3945,20,35563.99,0.00048342801515087306
2014,Other,3955,4,10066.35,0.00013683379171780196
2014,Other,4000,153,271177.86,0.0036861717319305663
2014,Other,4010,188,290660.58,0.00395100401479141
2014,Other,4020,609,892446.86,0.01213119827548678
2014,Other,4030,142,210619.29,0.002862987682686508
2014,Other,4040,117,194353.31,0.0026418811525732162
2014,Other,4050,61,88480.78,0.001202735909396023
2014,Other,4060,7,8635.89,0.00011738927948639264
2014,Other,4110,317,535399.58,0.0072777873425341495
2014,Other,4120,47,60313.26,0.0008198495042057584
2014,Other,4130,58,79615.52,0.0010822287602938996
2014,Other,4140,52,80235.18,0.0010906519153973731
2014,Other,4150,15,15684.130000000001,0.00021319733346197273
2014,Other,4200,100,163063.51,0.002216553007208543
2014,Other,4210,34,57515.09,0.0007818134523129668
2014,Other,4220,842,1328548.8,0.018059214093105815
2014,Other,4230,472,686704.22,0.009334499814850034
2014,Other,4240,26,51541.05,0.0007006072012811811
2014,Other,4250,333,541925.0599999999,0.007366489421359015
2014,Other,4300,63,97350.97,0.0013233100729167957
2014,Other,4320,33,58555.93,0.000795961786492839
2014,Other,4340,6,10529.44,0.00014312866131865995
2014,Other,4350,31,53862.9,0.0007321685456910196
2014,Other,4400,32,44393.65,0.0006034512467471327
2014,Other,4420,7,15905.07,0.00021620061249977006
2014,Other,4430,18,31429.129999999997,0.0004272220842998426
2014,Other,4460,3,4462.26,6.065634072237494e-05
2014,Other,4465,5,9096.39,0.0001236489427293802
2014,Other,4500,21,34463.74,0.0004684721096501194
2014,Other,4510,121,193031.5,0.002623913540257878
2014,Other,4520,86,135860.99,0.0018467840287923996
2014,Other,4530,30,41444.13,0.0005633578657950009
2014,Other,4540,5,7110.67,9.665667672532972e-05
2014,Other,4600,185,283090.65,0.003848104530376668
2014,Other,4610,353,545087.89,0.0074094823653217045
2014,Other,4620,111,177796.98,0.0024168278402175764
2014,Other,4640,10,19320.41,0.0002626259724570016
2014,Other,4650,12,23062.18,0.00031348855689286164
2014,Other,4700,1302,2107979.75,0.02865416581549859
2014,Other,4710,439,698298.89,0.009492108348212838
2014,Other,4720,531,825671.51,0.01122350836466674
2014,Other,4740,42,66221.87,0.0009001663529226936
2014,Other,4750,40,59330.78,0.0008064944684989822
2014,Other,4760,826,1403894.58,0.019083403473301747
2014,Other,4800,86,139853.98,0.001901061494009809
2014,Other,4830,27,50302.94,0.0006837773388321575
2014,Other,4840,209,363933.98,0.004947023143279411
2014,Other,4850,565,972875.32,0.01322447748233172
2014,Other,4900,11,10376.94,0.00014105570009269775
2014,Other,4920,199,352722.68,0.0047946258305408525
2014,Other,4930,24,37932.42,0.0005156225302748448
2014,Other,4940,10,17659.2,0.00024004483200991503
2014,Other,4950,22,36352.97,0.0004941527689086415
2014,Other,4965,85,152840.49,0.002077589570669288
2014,Other,5000,721,1161643.43,0.015790437959237763
2014,Other,5010,8,11538.34,0.00015684282906209133
2014,Other,5020,11,16741.260000000002,0.00022756710068034286
2014,Other,5030,2,4643.58,6.31210576370731e-05
2014,Other,5100,71,117855.26,0.0016020287492176802
2014,Other,5110,207,344380.01,0.004681222345747422
2014,Other,5120,431,706292.13,0.009600761965195199
2014,Other,5130,2,2647.5099999999998,3.598810213342451e-05
2014,Other,5140,65,112120.37,0.001524073309183854
2014,Other,5150,12,22759.86,0.0003093790641857607
2014,Other,5160,127,210421.44,0.0028602982703681036
2014,Other,5165,27,42426.1,0.0005767059689757098
2014,Other,5220,41,46899.31,0.000637511155110703
2014,Other,5230,18,28040.01,0.0003811531377415929
2014,Other,5240,800,1287389.08,0.017499722266014265
2014,Other,5250,42,60097.62,0.0008169182690663059
2014,Other,5260,91,144672.54,0.0019665610877473336
2014,Other,5300,52,76595.72,0.0010411800500633374
2014,Other,5310,58,84988.67,0.0011552670003678596
2014,Other,5320,15,24617.85,0.00033463507223969866
2014,Other,5330,74,116723.67,0.0015866468331935059
2014,Other,5340,9,18775.82,0.00025522325800423593
2014,Other,5350,29,55700.75,0.0007571507869312469
2014,Other,5360,22,40132.23,0.000545524961976379
2014,Other,5400,392,655421.14,0.008909263015711188
2014,Other,5410,42,73067.69,0.0009932228737090326
2014,Other,5420,40,61385.45,0.000834423984840935
2014,Other,5500,7,12456.01,0.00016931689023080444
2014,Other,5510,89,147505.52,0.002005070318527179
2014,Other,5520,134,203991.39,0.002772893389509098
2014,Other,5530,17,25993.67,0.00035333685265873696
2014,Other,5540,58,87463.21,0.00118890388870945
2014,Other,5550,160,277018.45,0.003765563971974781
2014,Other,5560,30,49500.16,0.000672864999074925
2014,Other,5600,130,201330.86,0.0027367283040631353
2014,Other,5610,239,398488.77,0.005416732912730343
2014,Other,5620,438,720381.23,0.00979227775541621
2014,Other,5630,31,41861.1,0.0005690258175483744
2014,Other,5700,1176,1874699.31,0.025483140852250025
2014,Other,5800,36,57195.5,0.0007774692052427683
2014,Other,5810,97,153953.11000000002,0.002092713623910142
2014,Other,5820,30,54870.98,0.00074587156701999
2014,Other,5840,116,202030.53,0.00274623905016785
2014,Other,5850,31,46681.7,0.0006345531413901677
2014,Other,5860,416,711729.95,0.00967467927676085
2014,Other,5900,15,19595.41,0.00026636409925791704
2014,Other,5910,1,496.11,6.743716680735195e-06
2014,Other,5920,9,14597.32,0.00019842412041287108
2014,Other,5940,196,332662.22,0.004521940219032877
2014,Other,6005,30,42139.07,0.0005728043161187398
2014,Other,6010,11,14408.57,0.00019585840610860636
2014,Other,6040,38,52441.99,0.0007128538484085147
2014,Other,6050,299,396323.69,0.005387302572460793
2014,Other,6100,5,7851.860000000001,0.0001067318120110408
2014,Other,6120,3,6633.85,9.017517264819329e-05
2014,Other,6130,13,15289.37,0.00020783128642222948
2014,Other,6200,321,473580.55,0.006437469623081066
2014,Other,6210,12,11209.07,0.00015236699992850062
2014,Other,6220,55,83657.49,0.0011371720198775227
2014,Other,6230,384,625207.26,0.0084985600535743
2014,Other,6240,52,71452.98,0.0009712738165210099
2014,Other,6250,21,23218.31,0.00031561086139259595
2014,Other,6260,516,825953.82,0.011227345857674617
2014,Other,6300,2,2786.9700000000003,3.788380818308151e-05
2014,Other,6320,153,225768.28,0.0030689107573257826
2014,Other,6330,51,69726.14,0.0009478005551213994
2014,Other,6355,333,505601.06,0.006872730447117365
2014,Other,6360,11,18940.92,0.0002574674934036219
2014,Other,6400,24,32502.47,0.00044181219710164125
2014,Other,6420,154,261658.34,0.003556771103407472
2014,Other,6440,246,418037.98,0.005682469006685706
2014,Other,6460,4,6566.16,8.92550497276334e-05
2014,Other,6515,70,102029.36,0.0013869043094409228
2014,Other,6520,37,63092.08,0.0008576225279036491
2014,Other,6530,17,28361.39,0.00038552171661896827
2014,Other,6600,12,22346.73,0.0003037633102757163
2014,Other,6660,34,47331.99,0.0006433926558533216
2014,Other,6700,7,15653.83,0.00021278545985445367
2014,Other,6710,6,8435.14,0.00011466044692172435
2014,Other,6720,10,18376.0,0.0002497884294313558
2014,Other,6730,55,79291.26,0.0010778210330340272
2014,Other,6740,4,5043.360000000001,6.855534248241852e-05
2014,Other,6765,27,39296.14,0.0005341598331146429
2014,Other,6800,32,35641.32,0.00048447917640729053
2014,Other,6820,23,30571.43,0.0004155632066374964
2014,Other,6830,3,6649.2699999999995,9.038477961281188e-05
2014,Other,6840,58,60673.17,0.0008247418286309128
2014,Other,6940,43,51207.24,0.0006960696590724042
2014,Other,7000,152,236846.29,0.003219496233986909
2014,Other,7010,114,201374.55,0.002737322190462888
2014,Other,7020,61,107729.58,0.0014643884736340663
2014,Other,7030,3,3119.15,4.2399193494820066e-05
2014,Other,7040,7,12732.65,0.00017307730986064173
2014,Other,7100,8,13362.51,0.00018163911548545856
2014,Other,7110,6,12851.44,0.00017469204470675357
2014,Other,7120,12,21701.02,0.00029498605261528307
2014,Other,7130,23,42660.04,0.0005798859594622778
2014,Other,7140,71,109995.89,0.0014951948523620035
2014,Other,7150,47,82755.13,0.0011249060704227078
2014,Other,7160,9,10280.87,0.00013974980248628336
2014,Other,7200,368,616723.96,0.008383244958700822
2014,Other,7210,165,257553.44,0.003500972424479916
2014,Other,7220,108,163326.71,0.002220130734386728
2014,Other,7240,20,35467.96,0.0004821226612719934
2014,Other,7260,34,57312.49,0.0007790594723498197
2014,Other,7300,16,18765.17,0.0002550784905481277
2014,Other,7315,152,240745.32,0.003272496483225358
2014,Other,7320,12,22161.12,0.0003012402785829238
2014,Other,7330,193,304486.37,0.004138940582583516
2014,Other,7340,239,391258.77,0.005318454160837183
2014,Other,7350,14,26308.420000000002,0.00035761530869723936
2014,Other,7360,38,72951.26,0.0009916402187874667
2014,Other,7410,63,95896.24,0.0013035356540037203
2014,Other,7420,87,155614.81,0.002115301425019528
2014,Other,7430,28,40307.03,0.0005479010513029245
2014,Other,7510,24,34807.21,0.000473140962058521
2014,Other,7540,9,21527.89,0.0002926326639133103
2014,Other,7560,5,6457.92,8.778372301879307e-05
2014,Other,7610,6,7152.969999999999,9.723166859325234e-05
2014,Other,7630,70,95643.49,0.0013000999756439698
2014,Other,7700,452,697268.12,0.00947809689743982
2014,Other,7710,4,7423.200000000001,0.00010090495588565742
2014,Other,7720,74,112667.70999999999,0.001531513404904629
2014,Other,7730,7,9665.7,0.00013138768079857727
2014,Other,7740,13,15776.25,0.00021444953797433757
2014,Other,7750,429,704458.01,0.00957583042654758
2014,Other,7800,51,78600.83,0.0010684358879898236
2014,Other,7810,138,190110.49,0.002584207701106088
2014,Other,7830,3,3674.48,4.994789879064695e-05
2014,Other,7840,34,63434.26,0.0008622738450990573
2014,Other,7850,5,8628.96,0.00011729507869100957
2014,Other,7855,67,104866.27,0.0014254669614510507
2014,Other,7900,38,56526.29,0.0007683725076557114
2014,Other,7920,5,5818.02,7.908544178277192e-05
2014,Other,7940,8,17359.11,0.0002359656521128724
2014,Other,7950,52,100875.22,0.0013712158670190734
2014,Other,8030,185,309448.97,0.0042063981391734185
2014,Other,8040,13,27889.96,0.00037911347982712973
2014,Other,8100,21,32188.25,0.0004375409454529734
2014,Other,8130,26,47988.12,0.0006523115545365387
2014,Other,8140,338,502667.31,0.00683285143074578
2014,Other,8220,208,345954.33,0.0047026223740573025
2014,Other,8250,11,19284.41,0.00026213661767579083
2014,Other,8255,76,127683.41,0.0017356246434664711
2014,Other,8256,5,11559.84,0.00015713508261198106
2014,Other,8300,61,87103.01,0.001184007622259669
2014,Other,8310,15,22346.17,0.00030375569809023076
2014,Other,8320,103,144625.35,0.0019659196251882965
2014,Other,8330,1,1520.59,2.0669666298923887e-05
2014,Other,8350,19,36985.95,0.0005027569852811631
2014,Other,8400,7,16323.61,0.00022188990555887974
2014,Other,8410,4,6360.74,8.646273697329137e-05
2014,Other,8420,6,6706.15,9.115796016712488e-05
2014,Other,8450,11,15164.36,0.00020613200194447514
2014,Other,8460,11,18394.83,0.0002500443891683058
2014,Other,8500,13,18722.78,0.00025450227529325205
2014,Other,8510,3,3094.7299999999996,4.2067247834898764e-05
2014,Other,8530,21,21294.95,0.00028946626661510944
2014,Other,8540,15,17231.11,0.00023422572400190085
2014,Other,8550,7,15687.529999999999,0.0002132435503024204
2014,Other,8600,18,25624.48,0.000348318383445537
2014,Other,8610,49,77170.06999999999,0.001048987297801904
2014,Other,8620,37,58323.32,0.0007927998749467992
2014,Other,8630,22,26701.63,0.0003629602862950138
2014,Other,8640,27,36674.4,0.0004985220274454352
2014,Other,8650,34,47930.700000000004,0.0006515310336605075
2014,Other,8710,26,43116.95,0.0005860968231590278
2014,Other,8720,19,28929.77,0.00039324781302298406
2014,Other,8730,4,5475.4,7.442814358448223e-05
2014,Other,8740,338,581393.89,0.00790299666217275
2014,Other,8750,6,9206.34,0.00012514351379032805
2014,Other,8760,37,60090.46,0.0008168209418375985
2014,Other,8800,118,160274.04,0.002178635216054544
2014,Other,8810,84,139578.98,0.0018973233672088935
2014,Other,8830,7,7976.09,0.0001084204938018689
2014,Other,8850,4,7987.94,0.00010858157308401743
2014,Other,8910,2,3779.67,5.137776627496804e-05
2014,Other,8920,7,12669.18,0.00017221455019499047
2014,Other,8930,18,30123.6,0.0004094757690911183
2014,Other,8940,2,3867.1099999999997,5.2566354665775486e-05
2014,Other,8950,11,16849.48,0.00022903815552541583
2014,Other,8965,410,633328.83,0.008608958084419794
2014,Other,9000,94,152775.57,0.002076707100880505
2014,Other,9030,61,91674.47,0.0012461483391517168
2014,Other,9040,15,22445.48,0.00030510563762695407
2014,Other,9050,32,55535.79,0.0007549084545782323
2014,Other,9110,6,13949.74,0.00018962144349019163
2014,Other,9120,165,256180.41,0.0034823085690564213
2014,Other,9130,1350,2208602.24,0.030021946276021682
2014,Other,9140,113,188073.93,0.0025565243574054613
2014,Other,9150,10,15159.39,0.0002060644437982913
2014,Other,9200,31,36951.82,0.0005022930497621986
2014,Other,9240,44,53601.28,0.0007286122957504541
2014,Other,9260,7,9795.369999999999,0.00013315030953412165
2014,Other,9300,10,11921.19,0.00016204698122838403
2014,Other,9310,19,29728.690000000002,0.00040410768307312005
2014,Other,9350,12,21409.18,0.0002910190165222679
2014,Other,9360,18,41777.36,0.0005678875239545248
2014,Other,9410,23,39632.58,0.0005387331254088248
2014,Other,9415,4,9498.630000000001,0.00012911666681810838
2014,Other,9420,19,22282.38,0.00030288858860430204
2014,Other,9510,38,62721.85,0.0008525899217745475
2014,Other,9520,18,21772.24,0.00029595415949077835
2014,Other,9560,5,9048.72,0.00012300095543992697
2014,Other,9600,247,432086.84,0.005873437807006832
2014,Other,9610,87,152793.33,0.002076948515905902
2014,Other,9620,589,983047.94,0.01336275582217728
2014,Other,9630,7,14954.54,0.00020327987916131846
2014,Other,9640,133,215992.35,0.002936024699373515
2014,Other,9650,14,11850.7,0.00016108879738039664
2014,Other,9720,28,40670.0,0.000552834970884482
2014,Other,9750,18,32311.64,0.0004392182089655732
2014,Tech,110,350,609211.32,0.15717176450468484
2014,Tech,1005,20,35518.67,0.009163539569093389
2014,Tech,1006,256,426409.74,0.11001038397937828
2014,Tech,1007,32,56605.59,0.014603800305497842
2014,Tech,1010,214,355991.88,0.09184312584496958
2014,Tech,1020,611,1076389.62,0.2777001186877605
2014,Tech,1030,71,120499.9,0.031088033468646106
2014,Tech,1050,216,354378.49,0.09142688382055313
2014,Tech,1060,55,96150.83,0.024806163499539024
2014,Tech,1105,115,187140.78,0.04828086024958144
2014,Tech,1106,57,95005.70999999999,0.024510731479382854
2014,Tech,1107,245,392713.92,0.10131712547946688
2014,Tech,1400,40,70069.83,0.018077469111446094
2015,Finance,120,611,1093706.61,0.27153286216596306
2015,Finance,800,693,1270260.27,0.3153655684761831
2015,Finance,820,30,40575.74,0.010073676720946171
2015,Finance,830,11,16833.829999999998,0.004179309148652995
2015,Finance,840,113,230927.04,0.057331901946458784
2015,Finance,850,237,425425.11,0.10561963939814689
2015,Finance,860,49,91955.92,0.02282975518517194
2015,Finance,900,6,11564.17,0.002871018744847638
2015,Finance,910,190,312029.1,0.07746698596076831
2015,Finance,950,22,36527.99,0.009068748038260166
2015,Finance,4810,198,338337.04,0.08399841786451298
2015,Finance,4820,71,159754.95,0.039662116350088004
2015,Healthcare,350,299,516107.73,0.08298696495621011
2015,Healthcare,3000,3,4397.38,0.0007070717967334829
2015,Healthcare,3010,18,36714.909999999996,0.005903532871984708
2015,Healthcare,3030,25,43178.9,0.006942902911273391
2015,Healthcare,3040,8,14099.56,0.0022671229737597264
2015,Healthcare,3050,104,181931.56,0.029253481621266626
2015,Healthcare,3060,370,665437.3,0.10699824607481674
2015,Healthcare,3110,30,60044.33,0.009654760856864352
2015,Healthcare,3140,6,4384.82,0.0007050522255872611
2015,Healthcare,3150,35,59664.24,0.009593644710608983
2015,Healthcare,3160,105,195393.68,0.03141810814347798
2015,Healthcare,3200,5,8298.66,0.0013343737490688283
2015,Healthcare,3210,5,8178.74,0.0013150913468510806
2015,Healthcare,3220,27,44671.95,0.007182976215402878
2015,Healthcare,3230,51,99623.36,0.016018826699495288
2015,Healthcare,3245,59,97872.92,0.01573736665831755
2015,Healthcare,3250,37,69748.14,0.011215074127916738
2015,Healthcare,3255,1275,2192215.95,0.3524949107410092
2015,Healthcare,3256,14,14742.58,0.0023705166551644635
2015,Healthcare,3258,58,105905.63,0.01702897727471618
2015,Healthcare,3260,2,5750.67,0.0009246725480448216
2015,Healthcare,3300,142,245076.82,0.039406853047753064
2015,Healthcare,3310,47,68622.41,0.011034063632181372
2015,Healthcare,3320,137,223598.39,0.0359532529287926
2015,Healthcare,3400,80,145379.06,0.02337606328350627
2015,Healthcare,3420,189,370316.88,0.0595446883604186
2015,Healthcare,3500,260,447884.41,0.07201707255402441
2015,Healthcare,3510,82,146039.11,0.023482195284705604
2015,Healthcare,3520,11,20050.72,0.0032240330870199935
2015,Healthcare,3535,40,65859.17,0.010589751548257345
2015,Healthcare,3540,38,57952.15,0.009318351114770229
2015,Other,10,538,1007923.61,0.013439312183052774
2015,Other,20,448,758953.13,0.010119624091725598
2015,Other,40,17,35827.07,0.00047770602212015314
2015,Other,50,456,837424.96,0.011165940906295947
2015,Other,60,38,62093.27,0.0008279306404942587
2015,Other,100,100,189261.84,0.0025235532999360786
2015,Other,135,11,15635.45,0.00020847779691609024
2015,Other,136,150,223611.78,0.0029815637707188117
2015,Other,137,19,29309.48,0.0003908026835912115
2015,Other,140,124,229071.04,0.0030543556953255314
2015,Other,150,93,158360.81,0.0021115294274643547
2015,Other,160,142,256501.92,0.003420109762517051
2015,Other,205,77,104478.71,0.0013930837478572785
2015,Other,220,262,453459.62,0.006046277054258588
2015,Other,230,456,727673.36,0.009702550228316358
2015,Other,300,62,116552.25,0.0015540682427185259
2015,Other,310,327,557863.92,0.007438368644367384
2015,Other,330,5,3106.9,4.142635275854553e-05
2015,Other,340,52,94536.34,0.0012605155522681121
2015,Other,360,10,20501.079999999998,0.00027335446007633414
2015,Other,410,180,317137.9,0.004228609391517054
2015,Other,420,210,321339.11,0.004284626903336787
2015,Other,425,2,2053.36,2.7378807074668335e-05
2015,Other,430,1601,2809376.08,0.037459269536032645
2015,Other,500,9,15459.77,0.0002061353392725802
2015,Other,510,9,13872.05,0.000184965218315421
2015,Other,520,31,57174.94,0.0007623512933756075
2015,Other,530,154,283273.38,0.0037770713466753086
2015,Other,540,150,277037.05,0.003693918233765752
2015,Other,565,128,194773.01,0.00259703737490866
2015,Other,600,59,97328.22,0.0012977415349967253
2015,Other,630,317,583775.59,0.007783866079747672
2015,Other,640,36,56482.99,0.0007531250663353824
2015,Other,650,56,122050.34,0.0016273779133993433
2015,Other,700,49,97051.17,0.001294047444092044
2015,Other,710,286,498893.27,0.0066520739617896615
2015,Other,725,36,73350.05,0.000978024734029725
2015,Other,726,28,50002.69,0.0006667189400419058
2015,Other,735,99,190609.56,0.0025415233421452734
2015,Other,740,118,207915.29,0.002772272087107823
2015,Other,810,20,27758.66,0.0003701245747415518
2015,Other,930,30,58632.72,0.000781788838363973
2015,Other,940,23,41717.31,0.00055624448813853
2015,Other,1200,7,10407.42,0.00013876901484641987
2015,Other,1220,60,99352.98,0.001324738999353928
2015,Other,1240,32,64436.58,0.0008591755427063116
2015,Other,1300,85,150453.09,0.00200609056614413
2015,Other,1310,13,19241.55,0.0002565603134704019
2015,Other,1320,55,111644.31,0.0014886274323423388
2015,Other,1340,3,4197.95,5.5974044083406674e-05
2015,Other,1350,34,63708.99,0.0008494741039720137
2015,Other,1360,158,290167.18,0.003868990941978299
2015,Other,1410,137,242395.11000000002,0.0032320143338396626
2015,Other,1420,26,45646.32,0.0006086325773116135
2015,Other,1430,99,177561.98,0.002367551327685412
2015,Other,1440,8,12273.41,0.00016364949377522942
2015,Other,1450,19,30145.85,0.0004019545580180243
2015,Other,1460,142,272671.67,0.0036357117347457966
2015,Other,1520,30,49652.2,0.0006620456250403471
2015,Other,1530,204,384882.22,0.0051318892195475
2015,Other,1540,44,72850.83,0.0009713683035607298
2015,Other,1550,163,290228.23,0.003869804962009812
2015,Other,1560,25,47776.54,0.0006370362096053175
2015,Other,1600,21,37917.63,0.000505580841400756
2015,Other,1610,41,65396.65,0.0008719767910544712
2015,Other,1640,17,33018.92,0.0004402631007197509
2015,Other,1650,50,90199.7,0.0012026922626782255
2015,Other,1700,18,33342.52,0.000444577873564923
2015,Other,1710,3,4112.5,5.483468271251681e-05
2015,Other,1720,40,67168.05,0.0008955960389467392
2015,Other,1740,43,64311.46,0.0008575072349857061
2015,Other,1760,120,209305.42,0.0027908076098991054
2015,Other,1800,36,31482.79,0.0004197808633567896
2015,Other,1820,47,80124.53,0.001068353356848519
2015,Other,1840,9,14451.34,0.00019268927505670583
2015,Other,1860,14,24564.32,0.00032753232662583126
2015,Other,1900,5,5339.57,7.119601866778684e-05
2015,Other,1910,10,18439.56,0.00024586685032423504
2015,Other,1920,38,66466.08,0.0008862362086187865
2015,Other,1930,14,21404.69,0.000285402889899035
2015,Other,1965,57,99997.68000000001,0.0013333352108906478
2015,Other,2000,300,506851.75,0.006758189639765081
2015,Other,2010,368,620867.04,0.008278430916731791
2015,Other,2015,46,71755.61,0.0009567650108676227
2015,Other,2016,82,151408.5,0.0020188296796299337
2015,Other,2025,36,56034.39,0.0007471435858089787
2015,Other,2040,184,311786.81,0.0041572597690693654
2015,Other,2050,21,42239.43,0.0005632062594547268
2015,Other,2060,21,41248.89,0.0005499987344421903
2015,Other,2100,409,684216.08,0.009123105569264928
2015,Other,2105,7,14578.18,0.00019438051667500507
2015,Other,2145,131,256935.56,0.0034258917714681644
2015,Other,2160,66,116158.06,0.0015488122467116087
2015,Other,2200,452,772642.94,0.010302159383578398
2015,Other,2300,242,419569.65,0.0055943996677329435
2015,Other,2310,1223,2022034.79,0.026961127329682814
2015,Other,2320,441,762450.3099999999,0.010166254305874792
2015,Other,2330,127,208843.78,0.0027846522584273957
2015,Other,2340,148,263958.11,0.0035195280756828234
2015,Other,2400,20,37392.68,0.0004985813358226561
2015,Other,2430,60,91969.47,0.0012262897767023305
2015,Other,2440,7,10453.15,0.0001393787631845216
2015,Other,2540,245,399444.77,0.005326061331094044
2015,Other,2550,33,60843.85,0.0008112712972055845
2015,Other,2600,30,61182.61,0.0008157882083583364
2015,Other,2630,243,483365.09,0.006445026466737298
2015,Other,2700,3,10600.42,0.00014134241150624133
2015,Other,2710,52,123864.8,0.001651571308753642
2015,Other,2720,55,96069.08,0.0012809525885187586
2015,Other,2740,4,6872.96,9.164172179837557e-05
2015,Other,2750,21,45957.770000000004,0.00061278534617017
2015,Other,2760,1,2436.9,3.249279958714462e-05
2015,Other,2800,11,14346.0,0.0001912847071595784
2015,Other,2810,34,62169.31,0.0008289445321109054
2015,Other,2825,44,74463.92,0.0009928766995088718
2015,Other,2830,64,116785.32,0.001557175919192643
2015,Other,2840,21,38359.11,0.0005114673862576367
2015,Other,2850,44,79725.11,0.0010630276257922193
2015,Other,2860,18,34379.64,0.0004584064805277937
2015,Other,2900,40,71234.52,0.0009498169732227193
2015,Other,2910,20,37835.32,0.0005044833477268186
2015,Other,2920,13,24983.829999999998,0.0003331259309406587
2015,Other,3600,667,1131193.94,0.015082957030084323
2015,Other,3610,5,7092.13,9.456406037833967e-05
2015,Other,3620,23,43903.79,0.0005853982722254027
2015,Other,3630,16,30853.62,0.0004113917235823861
2015,Other,3640,94,172823.28,0.002304367106172998
2015,Other,3645,223,366058.19,0.00488089597640564
2015,Other,3646,6,9845.46,0.00013127603045806098
2015,Other,3647,14,30902.34,0.0004120413395682229
2015,Other,3648,5,8127.400000000001,0.00010836800006752807
2015,Other,3649,41,65428.84,0.0008724060016165419
2015,Other,3655,36,46699.78,0.0006226790563025747
2015,Other,3700,44,62726.39,0.000836372448231389
2015,Other,3710,66,109042.39,0.0014539343119427395
2015,Other,3720,28,44417.89,0.0005922531075767717
2015,Other,3730,24,43061.12,0.0005741623957314559
2015,Other,3740,136,237396.21,0.0031653606936179967
2015,Other,3750,16,21682.47,0.00028910671437657495
2015,Other,3800,174,284330.7,0.0037911692935994664
2015,Other,3820,66,104604.12,0.0013947559223397043
2015,Other,3840,8,10165.23,0.00013553973537988018
2015,Other,3850,345,614965.07,0.008199736046864605
2015,Other,3900,1,407.99,5.440000534925163e-06
2015,Other,3910,35,63823.56,0.0008510017415643233
2015,Other,3930,306,545736.34,0.007276663598441385
2015,Other,3940,7,7172.639999999999,9.563755346166725e-05
2015,Other,3945,23,48307.86,0.0006441206506068529
2015,Other,3955,9,13547.53,0.000180638178501715
2015,Other,4000,162,315846.6,0.00421139163448686
2015,Other,4010,164,287214.71,0.0038296237065574544
2015,Other,4020,667,1082139.77,0.014428885334600832
2015,Other,4030,167,296669.24,0.003955687208744924
2015,Other,4040,106,221969.4,0.0029596648318268035
2015,Other,4050,55,93420.65,0.0012456393195251266
2015,Other,4060,10,17514.73,0.00023353548020556828
2015,Other,4110,300,516435.56,0.006885976917704787
2015,Other,4120,49,80041.5,0.001067246262938338
2015,Other,4130,54,92588.86,0.0012345485132677543
2015,Other,4140,38,74115.31,0.0009882284517908387
2015,Other,4150,10,17967.03,0.00023956629527933639
2015,Other,4200,103,175763.13,0.0023435660707863456
2015,Other,4210,53,87214.49,0.0011628884831815128
2015,Other,4220,758,1289661.23,0.01719590622581986
2015,Other,4230,388,607217.42,0.00809643150473266
2015,Other,4240,24,44067.55,0.0005875817926244305
2015,Other,4250,327,545667.1,0.007275740375722597
2015,Other,4300,71,126641.43,0.0016885939531451448
2015,Other,4320,31,51319.28,0.0006842739053701665
2015,Other,4340,9,16367.37,0.00021823697040446597
2015,Other,4350,29,56585.5,0.0007544918999706068
2015,Other,4400,32,56550.53,0.0007540256218297054
2015,Other,4410,3,8861.49,0.00011815610760125
2015,Other,4420,1,3271.39,4.36196067304317e-05
2015,Other,4430,19,28840.09,0.0003845439962432654
2015,Other,4460,1,826.92,1.1025871326111708e-05
2015,Other,4465,11,17429.59,0.00023240025226972788
2015,Other,4500,24,46708.84,0.0006227998592753104
2015,Other,4510,114,198602.61,0.0026480999647970137
2015,Other,4520,65,103079.43,0.0013744262220637294
2015,Other,4530,19,37392.04,0.0004985728022793282
2015,Other,4540,6,6483.34,8.64466606242842e-05
2015,Other,4600,176,270064.68,0.003600951012682647
2015,Other,4610,317,558889.84,0.007452047914322015
2015,Other,4620,55,110525.8,0.0014737135986740647
2015,Other,4640,9,12132.480000000001,0.0001617703808671018
2015,Other,4650,18,38044.01,0.0005072659495347883
2015,Other,4700,1141,2000332.96,0.02667176247562057
2015,Other,4710,384,719012.74,0.00958707245329054
2015,Other,4720,542,928447.95,0.012379610639109221
2015,Other,4740,29,55942.3,0.0007459156889260619
2015,Other,4750,42,77082.76,0.0010277954254602024
2015,Other,4760,761,1417498.12,0.018900440037881844
2015,Other,4800,73,139292.62,0.0018572806375428993
2015,Other,4830,38,66833.42,0.0008911341958157752
2015,Other,4840,172,340784.79,0.004543909017118947
2015,Other,4850,486,914470.01,0.012193233519382876
2015,Other,4900,6,14890.93,0.00019855061929344633
2015,Other,4920,202,392686.4,0.005235947513561207
2015,Other,4930,23,44726.56,0.0005963688088564975
2015,Other,4940,14,24277.17,0.0003237035657405062
2015,Other,4950,14,22945.0,0.0003059408619668567
2015,Other,4965,64,129825.62,0.0017310508645971493
2015,Other,5000,691,1168080.54,0.015574790466520438
2015,Other,5010,13,22751.56,0.0003033615984959974
2015,Other,5020,17,30141.59,0.0004018977566202479
2015,Other,5030,4,9888.710000000001,0.0001318527113157671
2015,Other,5100,77,147615.65,0.001968257101799862
2015,Other,5110,175,318338.11,0.004244612585325781
2015,Other,5120,384,664030.23,0.008853954279287432
2015,Other,5130,3,5052.51,6.73684578119923e-05
2015,Other,5140,42,63518.9,0.0008469395082670114
2015,Other,5150,9,17129.16,0.0002283944203603488
2015,Other,5160,103,157860.39,0.0021048569966016202
2015,Other,5165,23,39898.2,0.0005319890912584896
2015,Other,5200,3,6376.27,8.501902549284853e-05
2015,Other,5220,36,62911.99,0.0008388471757964816
2015,Other,5230,18,16720.11,0.00022294028614428682
2015,Other,5240,808,1461178.98,0.019482865836960232
2015,Other,5250,38,49770.07,0.0006636172637154411
2015,Other,5260,63,104205.79,0.0013894447249743847
2015,Other,5300,41,55353.86,0.0007380696291825108
2015,Other,5310,54,94870.08,0.001264965528440386
2015,Other,5320,19,31503.29,0.00042005420341651155
2015,Other,5330,61,109741.95,0.001463262008146598
2015,Other,5340,9,11545.789999999999,0.000153947655031088
2015,Other,5350,27,42215.02,0.0005628807847787359
2015,Other,5360,16,24304.47,0.0003240675746980872
2015,Other,5400,384,659475.9,0.008793228384936527
2015,Other,5410,39,68280.58,0.0009104301373195432
2015,Other,5420,36,69555.22,0.0009274257555499827
2015,Other,5500,18,29029.36,0.00038706765834587895
2015,Other,5510,76,127891.61,0.001705263430016521
2015,Other,5520,128,227186.87,0.003029232810431563
2015,Other,5530,19,28353.89,0.0003780611700463473
2015,Other,5540,42,65671.42,0.000875640481211047
2015,Other,5550,139,230503.21,0.003073451765244166
2015,Other,5560,28,57146.1,0.0007619667505793938
2015,Other,5600,110,209523.93,0.0027937211482625124
2015,Other,5610,177,307125.17,0.004095103039508276
2015,Other,5620,376,695512.45,0.009273727542457194
2015,Other,5630,19,27009.14,0.0003601307288116587
2015,Other,5700,1032,1816521.55,0.024220883364060607
2015,Other,5800,42,80229.5,0.00106975299129091
2015,Other,5810,90,169923.41,0.002265701221344415
2015,Other,5820,33,52218.03,0.0006962575335982211
2015,Other,5840,106,188912.74,0.0025188985187239352
2015,Other,5850,35,53509.99,0.0007134840908449721
2015,Other,5860,434,798212.8,0.010643099240138515
2015,Other,5900,15,27698.510000000002,0.0003693225550053433
2015,Other,5910,1,3940.52,5.2541559616371245e-05
2015,Other,5920,5,9369.89,0.0001249349410823548
2015,Other,5940,206,343045.85,0.00457405722567675
2015,Other,6005,14,20127.95,0.0002683792709795508
2015,Other,6010,10,16624.3,0.00022166278804077648
2015,Other,6040,60,90338.53,0.0012045433748973085
2015,Other,6050,284,439250.19,0.005856813325243216
2015,Other,6100,4,4042.3599999999997,5.3899459698424184e-05
2015,Other,6120,7,13457.97,0.00017944401578226624
2015,Other,6130,24,39400.4,0.0005253515945887532
2015,Other,6200,307,451548.71,0.006020797627257451
2015,Other,6210,8,12081.93,0.00016109636428081174
2015,Other,6220,35,49371.79,0.000658306733033194
2015,Other,6230,356,630141.93,0.008402099159976409
2015,Other,6240,43,76845.11,0.001024626680816645
2015,Other,6250,16,24773.89,0.00033032666205587674
2015,Other,6260,492,856514.31,0.011420471836493683
2015,Other,6300,1,1726.77,2.3024166581761133e-05
2015,Other,6320,189,280987.96,0.0037465983301245877
2015,Other,6330,54,94141.67,0.0012552531561036992
2015,Other,6355,287,454570.29,0.006061086352021095
2015,Other,6360,22,49940.58,0.0006658907863292554
2015,Other,6400,14,17620.79,0.0002349496483389396
2015,Other,6420,173,286131.7,0.00381518321787065
2015,Other,6440,235,402792.6,0.005370700162905702
2015,Other,6460,4,8632.3,0.00011510016573355838
2015,Other,6515,64,105788.49,0.0014105479109510657
2015,Other,6520,44,71001.58,0.0009467110301245908
2015,Other,6530,18,38654.85,0.0005154106832948159
2015,Other,6600,6,10274.47,0.00013699630455666202
2015,Other,6660,36,65145.5,0.0008686280419813408
2015,Other,6700,15,28779.27,0.00038373304295388544
2015,Other,6710,17,19534.95,0.0002604724097397885
2015,Other,6720,14,20599.05,0.00027466075888857614
2015,Other,6730,30,48835.81,0.0006511601571693022
2015,Other,6765,19,28734.02,0.0003831296947732796
2015,Other,6800,29,37490.7,0.0004998883013179706
2015,Other,6820,16,18899.29,0.00025199673450257556
2015,Other,6830,5,7957.72,0.00010610554439271716
2015,Other,6840,56,53451.04,0.0007126980715025032
2015,Other,6940,30,32495.81,0.0004332881290787188
2015,Other,7000,141,238727.63,0.0031831133971455586
2015,Other,7010,63,111393.03,0.0014852769498932199
2015,Other,7020,66,116937.4,0.0015592037024259363
2015,Other,7030,4,8126.539999999999,0.00010835653311868118
2015,Other,7040,10,27952.22,0.00037270543825178526
2015,Other,7100,5,6194.879999999999,8.260043264245985e-05
2015,Other,7110,5,8501.11,0.0001133509226879523
2015,Other,7120,14,23345.31,0.00031127845998184706
2015,Other,7130,25,42004.07,0.0005600680488958897
2015,Other,7140,66,108562.77,0.0014475392212381615
2015,Other,7150,47,82630.93000000001,0.0011017728459064284
2015,Other,7160,9,13647.53,0.0001819715446467002
2015,Other,7200,314,512339.43,0.006831360507030205
2015,Other,7210,143,243356.86000000002,0.0032448379827390576
2015,Other,7220,107,156768.5,0.002090298105001141
2015,Other,7240,15,34644.25,0.00046193470068403906
2015,Other,7260,31,52257.81,0.0006967879466506962
2015,Other,7300,18,24509.12,0.0003267963085137994
2015,Other,7315,177,318090.49,0.004241310904077569
2015,Other,7320,13,23334.44,0.0003111335230818871
2015,Other,7330,232,368516.95,0.004913680249832079
2015,Other,7340,271,461413.77,0.006152334997479929
2015,Other,7350,6,13860.98,0.00018481761468317113
2015,Other,7360,17,33997.35,0.0004533091550921297
2015,Other,7410,55,91342.4,0.0012179286376169714
2015,Other,7420,71,117614.9,0.0015682372580582112
2015,Other,7430,33,56292.16,0.0007505806037209072
2015,Other,7510,18,25923.780000000002,0.00034565890602044724
2015,Other,7540,5,5427.75,7.237178093443481e-05
2015,Other,7560,5,15223.14,0.0002029801949637017
2015,Other,7610,7,13569.47,0.00018093071903392473
2015,Other,7630,75,139601.97,0.0018614054057124112
2015,Other,7700,379,656371.76,0.008751838833083583
2015,Other,7710,4,5822.66,7.763737717759591e-05
2015,Other,7720,49,79954.38,0.001066084634352827
2015,Other,7730,4,6651.79,8.869271589551179e-05
2015,Other,7740,7,14237.48,0.00018983773821904044
2015,Other,7750,422,804353.68,0.010724979655062684
2015,Other,7800,65,104965.03,0.0013995681740935704
2015,Other,7810,123,204737.85,0.0027299051778706044
2015,Other,7830,5,9056.42,0.00012075523822766967
2015,Other,7840,30,54237.01,0.0007231779293922436
2015,Other,7850,7,14677.2,0.00019570081583176945
2015,Other,7855,56,89245.57,0.0011899702162790782
2015,Other,7900,44,72724.33,0.0009696815953873236
2015,Other,7920,11,20997.26,0.00027997035621452174
2015,Other,7940,5,8575.04,0.00011433668027893987
2015,Other,7950,58,101884.97,0.001358499696808339
2015,Other,8030,149,287939.21,0.0038392839442778722
2015,Other,8040,11,23260.95,0.0003101536323019375
2015,Other,8100,17,33434.58,0.0004458053704379965
2015,Other,8130,17,32723.03,0.0004363178036333542
2015,Other,8140,291,486616.95,0.0064883856670596134
2015,Other,8220,168,300475.21,0.004006434724213219
2015,Other,8250,8,16845.48,0.00022461192728025477
2015,Other,8255,79,171661.41,0.002288875124944258
2015,Other,8256,4,3592.8,4.790517885702867e-05
2015,Other,8300,67,101739.88,0.00135656511586858
2015,Other,8310,15,22673.67,0.0003023230396056683
2015,Other,8320,85,151135.1,0.002015184256589544
2015,Other,8330,3,2740.4700000000003,3.654049919347622e-05
2015,Other,8350,19,41777.71,0.0005570498412901011
2015,Other,8400,1,1466.35,1.9551814466990643e-05
2015,Other,8410,6,12522.87,0.00016697570896050953
2015,Other,8450,11,14855.26,0.0001980750075895301
2015,Other,8460,5,8578.66,0.00011438494813338832
2015,Other,8500,17,30505.34,0.00040674787597263167
2015,Other,8510,3,5890.92,7.854753290816281e-05
2015,Other,8530,15,16828.57,0.00022438645506513776
2015,Other,8540,9,16033.65,0.00021378726090542132
2015,Other,8550,7,8322.72,0.00011097233082191317
2015,Other,8600,30,47517.21,0.0006335783911815273
2015,Other,8610,36,59199.79,0.0007893499577623406
2015,Other,8620,53,86582.0,0.0011544550756510956
2015,Other,8630,19,28351.41,0.0003780281025659517
2015,Other,8640,33,54123.89,0.0007216696256090362
2015,Other,8650,39,54377.22,0.0007250474420641273
2015,Other,8710,27,48990.21,0.0006532188744971595
2015,Other,8720,13,24960.95,0.0003328208567666861
2015,Other,8730,7,11940.49,0.00015921045120534464
2015,Other,8740,332,606533.01,0.008087305813499765
2015,Other,8750,10,15737.57,0.0002098394304233491
2015,Other,8760,33,50086.75,0.0006678397676233803
2015,Other,8800,102,150622.29,0.0020083466216614457
2015,Other,8810,72,127136.95,0.0016952010490667755
2015,Other,8830,12,34455.96,0.0004594241055696464
2015,Other,8850,5,7383.29,9.84462892460786e-05
2015,Other,8910,1,4041.54,5.388852609603531e-05
2015,Other,8920,9,13262.72,0.0001768406183841826
2015,Other,8930,15,28396.510000000002,0.00037862945069734
2015,Other,8940,3,4757.58,6.343596104058741e-05
2015,Other,8950,6,7692.6,0.00010257052406913237
2015,Other,8965,379,672523.67,0.008967202932792065
2015,Other,9000,77,145358.99,0.0019381675613524387
2015,Other,9030,59,88475.26,0.0011796991635276426
2015,Other,9040,15,25011.69,0.00033349740674865156
2015,Other,9050,29,54986.44,0.0007331705752926062
2015,Other,9110,3,4475.280000000001,5.9671868413294175e-05
2015,Other,9120,140,235018.82,0.003133661380223733
2015,Other,9130,1277,2225402.28,0.029672760591248994
2015,Other,9140,114,203293.65,0.0027106487040047277
2015,Other,9150,6,7868.95,0.00010492191526581378
2015,Other,9200,40,64659.21,0.0008621440157548922
2015,Other,9240,40,67711.1,0.0009028368837970815
2015,Other,9260,5,6725.31,8.967300668530492e-05
2015,Other,9300,10,17302.25,0.0002307023438207037
2015,Other,9310,15,18388.92,0.0002451916337084145
2015,Other,9350,20,28062.92,0.0003741814745742838
2015,Other,9360,24,42281.72,0.000563770139997441
2015,Other,9410,13,25059.47,0.00033413448909272556
2015,Other,9415,2,2714.15,3.6189557224116114e-05
2015,Other,9420,25,47700.09,0.0006360168511874762
2015,Other,9510,34,51618.0,0.0006882569367184664
2015,Other,9520,18,16821.46,0.00022429165273222932
2015,Other,9560,3,5965.48,7.954169070586378e-05
2015,Other,9600,240,442604.13,0.005901533625726333
2015,Other,9610,97,192412.99,0.00256556966721378
2015,Other,9620,537,1019724.55,0.013596661921802793
2015,Other,9630,10,20575.66,0.0002743488845472641
2015,Other,9640,134,229493.32,0.003059986233882575
2015,Other,9650,8,5711.95,7.616120751848278e-05
2015,Other,9720,19,38439.56,0.0005125400793212772
2015,Other,9750,15,18076.63,0.0002410276645742402
2015,Tech,110,325,583554.28,0.13892502964511738
2015,Tech,1005,8,10857.34,0.002584774601202683
2015,Tech,1006,214,412633.96,0.09823453805459567
2015,Tech,1007,31,61307.14,0.01459520825030597
2015,Tech,1010,195,356347.34,0.08483455004984064
2015,Tech,1020,660,1307966.1,0.3113835943715614
2015,Tech,1030,67,120698.17,0.028734253898988482
2015,Tech,1050,239,456308.11,0.10863191288573443
2015,Tech,1060,41,75751.1,0.018033838794139685
2015,Tech,1105,98,189533.28,0.045121623549288906
2015,Tech,1106,53,96844.89,0.023055574563223373
2015,Tech,1107,256,469825.91,0.11185005527642475
2015,Tech,1400,28,58870.17,0.014015046059576666
2016,Finance,120,597,1016807.64,0.26103484690441797
2016,Finance,800,698,1246429.66,0.31998340952200727
2016,Finance,820,35,50164.61,0.012878258164316935
2016,Finance,830,12,16469.760000000002,0.004228116618156515
2016,Finance,840,120,221529.28,0.05687099448785214
2016,Finance,850,189,362547.73,0.09307324952445702
2016,Finance,860,37,66994.24,0.017198760605179792
2016,Finance,900,7,13727.21,0.003524049210305693
2016,Finance,910,178,320227.45,0.0822087876772269
2016,Finance,950,27,44631.72,0.011457854700305803
2016,Finance,4810,202,367960.69,0.0944628645600991
2016,Finance,4820,80,167804.65,0.04307880802567479
2016,Healthcare,350,292,539165.56,0.08242421353945889
2016,Healthcare,3000,3,5481.97,0.0008380488284468827
2016,Healthcare,3010,23,44199.57,0.006756950121280485
2016,Healthcare,3030,46,83743.04000000001,0.012802105185285661
2016,Healthcare,3040,18,37203.97,0.005687507131938513
2016,Healthcare,3050,115,196490.15,0.03003816876211512
2016,Healthcare,3060,318,567145.68,0.08670163694487759
2016,Healthcare,3110,41,87047.99,0.013307344994254977
2016,Healthcare,3140,5,9188.49,0.0014046781138342414
2016,Healthcare,3150,39,63703.93,0.009738653057926662
2016,Healthcare,3160,111,194911.17,0.029796784307413428
2016,Healthcare,3200,5,9594.27,0.0014667111883689757
2016,Healthcare,3210,1,3573.38,0.0005462756860390556
2016,Healthcare,3220,38,61957.76,0.009471709655688216
2016,Healthcare,3230,50,77344.18,0.011823888024959059
2016,Healthcare,3245,51,99601.68,0.015226473555189338
2016,Healthcare,3250,18,45159.37,0.00690367826199328
2016,Healthcare,3255,1283,2198643.62,0.33611470145097716
2016,Healthcare,3256,9,12007.23,0.0018355892196404327
2016,Healthcare,3258,79,141123.54,0.021574072343204503
2016,Healthcare,3260,3,4498.1900000000005,0.0006876547773211972
2016,Healthcare,3300,152,297101.62,0.04541901261237674
2016,Healthcare,3310,55,97213.79,0.014861428066622268
2016,Healthcare,3320,145,226183.13999999998,0.03457744487683027
2016,Healthcare,3400,104,190387.91,0.029105296987387844
2016,Healthcare,3420,225,380152.92,0.05811536897076443
2016,Healthcare,3500,273,469090.93,0.07171164824352534
2016,Healthcare,3510,83,138831.95,0.021223748588280526
2016,Healthcare,3520,21,43584.94,0.006662989382453329
2016,Healthcare,3535,61,116633.0,0.01783011381095578
2016,Healthcare,3540,54,100384.22,0.01534610331058983
2016,Other,10,579,1050349.94,0.013668149526572946
2016,Other,20,510,889214.78,0.01157130601090782
2016,Other,40,18,35049.03,0.0004560912173721274
2016,Other,50,474,897757.15,0.011682467430568881
2016,Other,60,36,50357.66,0.0006553016289869274
2016,Other,100,79,140083.56,0.0018229001320213842
2016,Other,135,5,10564.28,0.00013747243007467021
2016,Other,136,163,305936.76,0.003981139258555355
2016,Other,137,33,56506.28,0.00073531330351711
2016,Other,140,126,224916.42,0.0029268257582244278
2016,Other,150,92,174703.96,0.002273413609339016
2016,Other,160,135,239665.37,0.0031187530829024754
2016,Other,205,84,113055.94,0.0014711911087339706
2016,Other,220,291,502012.27,0.006532659744365112
2016,Other,230,386,640388.09,0.008333337143958378
2016,Other,300,69,117106.48,0.0015239005765741503
2016,Other,310,346,593772.72,0.007726733741480416
2016,Other,330,9,11469.46,0.0001492514906689549
2016,Other,340,61,102150.22,0.0013292755375720995
2016,Other,360,8,10926.37,0.00014218428854545454
2016,Other,410,201,355526.13,0.004626443169448662
2016,Other,420,214,336499.96,0.004378856601796746
2016,Other,425,4,7460.8,9.708700510598919e-05
2016,Other,430,1633,2882135.5,0.03750508042095388
2016,Other,500,12,18356.15,0.00023886763199339263
2016,Other,510,11,16557.35,0.0002154599404878364
2016,Other,520,44,86486.75,0.0011254476113621073
2016,Other,530,179,309657.8,0.004029560959911723
2016,Other,540,130,236461.68,0.0030770636303788846
2016,Other,565,158,254595.71,0.0033130408262830985
2016,Other,600,62,132190.54,0.001720188670376296
2016,Other,630,297,533786.89,0.006946141233505803
2016,Other,640,34,44027.87,0.0005729323986028078
2016,Other,650,58,107536.31999999999,0.001399364578720685
2016,Other,700,31,63901.65,0.000831548871412065
2016,Other,710,306,570851.78,0.007428464732953975
2016,Other,725,47,92154.29,0.001199199016696441
2016,Other,726,28,42728.08,0.0005560182984571514
2016,Other,735,106,220146.82,0.00286475919973827
2016,Other,740,135,226993.28,0.002953851830150283
2016,Other,810,23,27744.32,0.0003610354033752678
2016,Other,930,28,44593.12,0.0005802879676619114
2016,Other,940,21,38729.06,0.0005039792577163524
2016,Other,1200,7,10515.61,0.00013683908987810838
2016,Other,1220,83,130938.08,0.001703890473076402
2016,Other,1240,50,73325.33,0.0009541787325901167
2016,Other,1300,113,204512.67,0.0026613128131741212
2016,Other,1310,20,30851.190000000002,0.0004014649422388809
2016,Other,1320,61,118601.48,0.0015433549343686836
2016,Other,1340,4,9331.84,0.00012143475200089457
2016,Other,1350,39,68944.08,0.0008971657525986123
2016,Other,1360,195,338005.75,0.004398451369304056
2016,Other,1410,146,255621.65,0.003326391330521041
2016,Other,1420,20,33332.31,0.0004337516286677587
2016,Other,1430,69,125604.62,0.0016344864335293577
2016,Other,1440,7,11336.86,0.00014752597371674414
2016,Other,1450,11,24843.9,0.0003232923877000704
2016,Other,1460,132,253691.27,0.0033012713952705985
2016,Other,1520,26,38136.69,0.0004962707774977921
2016,Other,1530,260,492191.8,0.006404866475408269
2016,Other,1540,56,102352.89,0.0013319128718157235
2016,Other,1550,190,309101.22,0.004022318213114879
2016,Other,1560,33,53832.979999999996,0.0007005257886728788
2016,Other,1600,12,11628.400000000001,0.0001513197686809035
2016,Other,1610,51,67086.12,0.0008729882150682236
2016,Other,1640,17,18430.39,0.0002398337132794569
2016,Other,1650,75,142421.35,0.0018533216725621748
2016,Other,1700,5,12909.130000000001,0.0001679858420308651
2016,Other,1710,3,6299.0199999999995,8.196882196315784e-05
2016,Other,1720,44,84029.92,0.0010934770094488343
2016,Other,1740,44,79752.35,0.0010378132119430407
2016,Other,1760,140,250563.33,0.003260567673585092
2016,Other,1800,35,43746.08,0.0005692654798851346
2016,Other,1820,43,85095.22,0.0011073397033341296
2016,Other,1840,24,36390.69,0.00047355016966551443
2016,Other,1860,25,29497.16,0.00038384501977431105
2016,Other,1900,19,27265.2,0.00035480063955819975
2016,Other,1910,6,11400.15,0.0001483495632182933
2016,Other,1920,22,35629.74,0.00046364796661283874
2016,Other,1930,7,12766.81,0.00016613383922061895
2016,Other,1965,58,102232.89,0.001330351318012818
2016,Other,2000,286,467396.43,0.00608220560609199
2016,Other,2010,393,679562.06,0.008843105992528487
2016,Other,2015,44,86977.85,0.001131838270300499
2016,Other,2016,80,131739.7,0.0017143219127387793
2016,Other,2025,22,40477.78,0.0005267352607681626
2016,Other,2040,163,284646.46,0.003704089684138665
2016,Other,2050,22,39329.98,0.0005117989986433698
2016,Other,2060,16,33812.05,0.0004399944605128086
2016,Other,2100,415,667192.81,0.008682145581056894
2016,Other,2105,5,3148.26,4.096814479613199e-05
2016,Other,2145,182,303672.06,0.003951668834410017
2016,Other,2160,86,137429.58,0.0017883640273394204
2016,Other,2200,459,787810.51,0.010251737482163032
2016,Other,2300,243,396234.05,0.00515617323015183
2016,Other,2310,1329,2239506.03,0.02914257631480586
2016,Other,2320,430,742984.35,0.009668416977015877
2016,Other,2330,160,270975.86,0.0035261948723219775
2016,Other,2340,193,338010.69,0.004398515653268943
2016,Other,2400,15,31757.64,0.0004132605292775797
2016,Other,2430,75,125124.77,0.0016282421702599886
2016,Other,2440,3,2451.38,3.1899681344724395e-05
2016,Other,2540,236,410341.68,0.005339755090789215
2016,Other,2550,54,89420.75,0.0011636276018431512
2016,Other,2600,31,59176.51,0.0007700608686098837
2016,Other,2630,275,520903.66,0.006778492426837398
2016,Other,2710,50,88579.41,0.0011526792878720125
2016,Other,2720,48,89916.98,0.001170085017206617
2016,Other,2750,15,35389.57,0.0004605226468058066
2016,Other,2760,4,13895.77,0.0001808249373983556
2016,Other,2800,9,16468.8,0.00021430764391077562
2016,Other,2810,31,43723.99,0.0005689780238559163
2016,Other,2825,55,87364.97,0.0011368758428686725
2016,Other,2830,68,138381.46,0.0018007507926220028
2016,Other,2840,26,56862.69,0.0007399512484412235
2016,Other,2850,49,100340.74,0.0013057288677780848
2016,Other,2860,23,47786.42,0.0006218422156520673
2016,Other,2900,41,72104.02,0.0009382858886315606
2016,Other,2910,27,69275.67,0.0009014807161444914
2016,Other,2920,17,38514.81,0.0005011912335307478
2016,Other,3600,625,1089394.25,0.014176231116259016
2016,Other,3610,9,15109.57,0.00019662005411474654
2016,Other,3620,13,24905.05,0.00032408812949213435
2016,Other,3630,28,59730.67,0.0007772721240717021
2016,Other,3640,100,164808.29,0.002144641766665686
2016,Other,3645,210,338069.63,0.004399282636445137
2016,Other,3646,9,14614.35,0.00019017578182912195
2016,Other,3647,15,24876.19,0.0003237125758025355
2016,Other,3648,19,36012.47,0.00046862841233772284
2016,Other,3649,49,79476.55,0.001034224240786029
2016,Other,3655,45,98963.13,0.0012878020999912438
2016,Other,3700,31,43884.11,0.0005710616571469268
2016,Other,3710,55,85226.75,0.0011090512964315978
2016,Other,3720,22,36629.39,0.0004766563604384609
2016,Other,3730,47,68493.34,0.0008913002962559314
2016,Other,3740,138,227722.79,0.002963344906106598
2016,Other,3750,10,12559.15,0.00016343157036469066
2016,Other,3800,184,326501.17,0.004248742863888784
2016,Other,3820,78,125101.58,0.0016279403999875772
2016,Other,3840,13,16921.96,0.00022020459158848176
2016,Other,3850,340,595263.43,0.0077461322737264965
2016,Other,3900,5,9880.25,0.0001285711830096571
2016,Other,3910,38,76938.58,0.0010011977682430246
2016,Other,3930,319,568337.03,0.007395740421071833
2016,Other,3940,4,6125.51,7.97109452936398e-05
2016,Other,3945,17,32083.45,0.0004175002779819522
2016,Other,3955,7,11799.43,0.00015354537323849482
2016,Other,4000,190,367454.8,0.004781670336132886
2016,Other,4010,187,298069.35,0.003878761058517703
2016,Other,4020,654,1059979.44,0.013793457712781948
2016,Other,4030,191,341398.42,0.004442600008808257
2016,Other,4040,103,211384.62,0.0027507371436397685
2016,Other,4050,45,71511.41,0.0009305742853053944
2016,Other,4060,22,36354.23,0.00047307571756839825
2016,Other,4110,329,603938.09,0.007859015176325777
2016,Other,4120,37,52655.44,0.0006852025214639325
2016,Other,4130,39,60039.409999999996,0.0007812897417476113
2016,Other,4140,43,72738.56,0.0009465431248823586
2016,Other,4150,18,36787.33,0.000478711625502052
2016,Other,4200,102,168276.59,0.002189774575454167
2016,Other,4210,48,76098.25,0.0009902625973497268
2016,Other,4220,809,1315706.78,0.0171212243818149
2016,Other,4230,394,637029.85,0.008289636540266128
2016,Other,4240,36,53275.14,0.0006932666455611046
2016,Other,4250,341,608005.4,0.007911942871309913
2016,Other,4300,45,81411.62,0.001059405206764268
2016,Other,4320,34,68957.6,0.0008973416876604064
2016,Other,4340,6,12205.89,0.00015883461622790348
2016,Other,4350,17,23053.67,0.00029999621716193835
2016,Other,4400,42,56144.48,0.0007306052188013495
2016,Other,4420,5,5974.42,7.774481892629798e-05
2016,Other,4430,23,39122.92,0.000509104537556456
2016,Other,4465,11,16895.41,0.0002198590978095889
2016,Other,4500,26,48146.26,0.0006265247949890472
2016,Other,4510,128,261130.86,0.0033980823957419242
2016,Other,4520,66,126579.6,0.0016471737979189994
2016,Other,4530,21,40640.91,0.0005288580630337293
2016,Other,4540,5,4979.49,6.47978462169234e-05
2016,Other,4600,166,275890.38,0.003590147267284111
2016,Other,4610,365,655500.11,0.0085299890797966
2016,Other,4620,75,132637.65,0.0017260068897164387
2016,Other,4640,9,8709.5,0.00011333627372005856
2016,Other,4650,32,53680.4,0.0006985402730124842
2016,Other,4700,1226,2121362.4,0.027605179358842682
2016,Other,4710,397,685843.83,0.008924850341132476
2016,Other,4720,475,795549.65,0.010352446511314862
2016,Other,4740,39,62828.35,0.0008175820739399094
2016,Other,4750,47,70442.39,0.0009166631832522092
2016,Other,4760,760,1385549.68,0.01803008643265624
2016,Other,4800,89,176025.43,0.002290609830205064
2016,Other,4830,19,33689.27,0.0004383967307134688
2016,Other,4840,177,345674.23,0.004498240903524941
2016,Other,4850,505,878291.32,0.011429159590042084
2016,Other,4900,4,6941.48,9.03291207649477e-05
2016,Other,4920,193,368733.86,0.004798314677859091
2016,Other,4930,15,25615.89,0.0003333382537026133
2016,Other,4940,9,13708.35,0.00017838605061718408
2016,Other,4950,10,20457.47,0.000266212000636074
2016,Other,4965,71,137513.28,0.0017894532111169474
2016,Other,5000,620,1119884.02,0.014572992918702512
2016,Other,5010,4,4072.76,5.2998615552684504e-05
2016,Other,5020,9,16614.71,0.00021620636320562533
2016,Other,5030,7,8048.42,0.00010473367381985115
2016,Other,5100,45,87675.49,0.0011409166235926583
2016,Other,5110,188,332530.9,0.004327207428988739
2016,Other,5120,344,592783.48,0.007713860812447196
2016,Other,5130,10,12211.24,0.00015890423550161636
2016,Other,5140,44,70855.34,0.0009220368802764583
2016,Other,5150,10,12594.06,0.00016388585239185264
2016,Other,5160,85,152061.08,0.0019787629812328743
2016,Other,5165,30,54212.27,0.0007054614698554128
2016,Other,5220,49,89049.11,0.0011587914697155524
2016,Other,5230,12,18406.02,0.0002395165877279835
2016,Other,5240,817,1497090.73,0.019481564356052847
2016,Other,5250,40,65113.09,0.000847313277570332
2016,Other,5260,50,69991.44,0.0009107949941903732
2016,Other,5300,32,42166.14,0.0005487058022571111
2016,Other,5310,59,110053.31,0.001432118039607148
2016,Other,5320,24,47803.79,0.0006220682505650379
2016,Other,5330,70,130860.19,0.0017028768945288328
2016,Other,5340,19,34767.98,0.00045243392823623876
2016,Other,5350,38,73255.81,0.0009532740724203
2016,Other,5360,23,36336.58,0.0004728460390298875
2016,Other,5400,333,602399.25,0.00783899033087525
2016,Other,5410,44,84490.13,0.0010994656984124613
2016,Other,5420,45,79544.91,0.001035113805935751
2016,Other,5500,10,18075.89,0.00023522062308670638
2016,Other,5510,65,111056.25,0.0014451692460328667
2016,Other,5520,107,192849.19,0.0025095365502648347
2016,Other,5530,11,17887.8,0.00023277301763013528
2016,Other,5540,54,103519.94,0.0013470996331963992
2016,Other,5550,138,246491.35,0.0032075792081321264
2016,Other,5560,20,46899.61,0.0006103022029191108
2016,Other,5600,99,156821.9,0.002040715286032453
2016,Other,5610,218,432196.67,0.005624152947013929
2016,Other,5620,353,647786.73,0.008429615264194461
2016,Other,5630,20,32610.78,0.0004243623960393376
2016,Other,5700,988,1820855.04,0.023694692602099797
2016,Other,5800,29,61167.26,0.0007959663955526711
2016,Other,5810,81,160683.23,0.0020909625739139017
2016,Other,5820,30,45968.01,0.0005981793402292197
2016,Other,5840,107,200205.14,0.002605259147735535
2016,Other,5850,23,46491.79,0.0006049952623199358
2016,Other,5860,422,783472.74,0.010195290305166114
2016,Other,5900,9,21105.58,0.000274645822596084
2016,Other,5920,9,14467.22,0.000188261186737276
2016,Other,5940,204,367593.07,0.004783469636502284
2016,Other,6005,23,32687.42,0.00042535970840146004
2016,Other,6010,13,21265.0,0.00027672034682324416
2016,Other,6040,43,73746.95,0.0009596652518766257
2016,Other,6050,290,430591.62,0.005603266514252648
2016,Other,6100,3,2118.04,2.7561945139219566e-05
2016,Other,6120,17,21886.52,0.000284808154486427
2016,Other,6130,20,28787.14,0.0003746055661814853
2016,Other,6200,308,500447.89,0.006512302548213532
2016,Other,6210,6,8694.880000000001,0.00011314602441507122
2016,Other,6220,62,96479.72,0.0012554856139106272
2016,Other,6230,364,602182.68,0.007836172116649456
2016,Other,6240,46,86199.45,0.001121708991298984
2016,Other,6250,15,26291.43,0.00034212902083607087
2016,Other,6260,532,929584.12,0.01209663014755609
2016,Other,6300,3,6410.700000000001,8.342210803572873e-05
2016,Other,6320,183,261175.19,0.003398659259742614
2016,Other,6330,43,68200.39,0.000887488153034588
2016,Other,6355,356,583939.01,0.007598768181087319
2016,Other,6360,19,38466.9,0.0005005677831749378
2016,Other,6400,18,29883.35,0.00038887049030051225
2016,Other,6420,155,258140.13,0.003359164180700557
2016,Other,6440,217,354703.29,0.004615735595022138
2016,Other,6460,14,22571.32,0.00029371942152167543
2016,Other,6515,90,149627.52,0.0019470951906278816
2016,Other,6520,57,110714.24,0.001440718687565102
2016,Other,6530,22,34272.18,0.0004459821084405668
2016,Other,6600,12,25336.84,0.00032970699046343976
2016,Other,6660,30,57889.8,0.000753316977828744
2016,Other,6700,19,32716.03,0.0004257320088539695
2016,Other,6710,7,12518.02,0.00016289634779874474
2016,Other,6720,11,19577.77,0.0002547645099659396
2016,Other,6730,51,85403.73,0.0011113543280319165
2016,Other,6740,6,7369.32,9.589658059024075e-05
2016,Other,6765,17,31146.25,0.00040530454278125884
2016,Other,6800,19,15591.2,0.0002028874804321921
2016,Other,6820,6,6947.57,9.040836962044516e-05
2016,Other,6830,3,4005.64,5.212518645892592e-05
2016,Other,6840,43,36242.4,0.00047162047955357373
2016,Other,6940,27,28154.84,0.0003663774789350081
2016,Other,7000,112,207748.66,0.0027034225839296607
2016,Other,7010,89,185233.21,0.0024104301958327214
2016,Other,7020,53,96678.15,0.0012580677732532152
2016,Other,7030,4,5829.53,7.585937283877294e-05
2016,Other,7040,17,32054.43,0.0004171226422206162
2016,Other,7100,17,22120.05,0.000287847068316365
2016,Other,7110,6,12081.57,0.0001572168464880932
2016,Other,7120,22,38103.37,0.0004958371860585186
2016,Other,7130,22,33536.59,0.00043640991375823847
2016,Other,7140,79,160613.14,0.002090050496363521
2016,Other,7150,57,102266.97,0.001330794799292843
2016,Other,7160,12,23051.77,0.00029997149256005904
2016,Other,7200,327,588797.14,0.0076619867758915714
2016,Other,7210,163,265444.57,0.00345421648120136
2016,Other,7220,105,151282.15,0.0019686268053687303
2016,Other,7240,16,18726.05,0.00024368112159084935
2016,Other,7260,35,64200.55,0.0008354384416761359
2016,Other,7300,11,26650.64,0.0003468034020155854
2016,Other,7315,145,261827.77,0.0034071512495817825
2016,Other,7320,15,24382.81,0.0003172922473418889
2016,Other,7330,191,315181.53,0.004101440973142758
2016,Other,7340,291,504198.05,0.006561103186626071
2016,Other,7350,11,12227.43,0.00015911491513552508
2016,Other,7360,14,21315.73,0.00027738049369342255
2016,Other,7410,70,106839.02,0.0013902906498309674
2016,Other,7420,79,142883.53,0.001859335997034066
2016,Other,7430,11,16099.619999999999,0.00020950352363613629
2016,Other,7510,19,28473.68,0.00037052652738932853
2016,Other,7540,10,18646.0,0.00024263943507482768
2016,Other,7560,8,15345.2,0.00019968629513623544
2016,Other,7610,5,7579.51,9.863177220551364e-05
2016,Other,7630,67,121697.68,0.0015836456250733215
2016,Other,7700,377,624315.74,0.008124188483423951
2016,Other,7710,2,3967.56,5.162965338547052e-05
2016,Other,7720,51,85896.48,0.0011177664583350978
2016,Other,7730,5,5381.57,7.003009249252603e-05
2016,Other,7740,17,26328.08,0.00034260594539337497
2016,Other,7750,390,742957.18,0.009668063415209004
2016,Other,7800,75,113034.94,0.0014709178368184622
2016,Other,7810,120,170439.97,0.0022179265276719177
2016,Other,7830,2,8218.26,0.000106943792968897
2016,Other,7840,31,52875.26,0.0006880630277718886
2016,Other,7850,2,4708.03,6.126535125578359e-05
2016,Other,7855,54,85339.36,0.001110516684546141
2016,Other,7900,35,71460.48,0.0009299115358455444
2016,Other,7920,9,15021.43,0.00019547309284651234
2016,Other,7940,3,3923.7200000000003,5.105916572947565e-05
2016,Other,7950,51,107470.91,0.001398513401768618
2016,Other,8030,148,282004.95,0.00366971585092272
2016,Other,8040,9,11257.3,0.00014649066354541766
2016,Other,8100,15,21382.13,0.0002782445534643637
2016,Other,8130,24,47935.1,0.0006237769808138674
2016,Other,8140,234,429656.75,0.005591101099221628
2016,Other,8220,193,365906.34,0.004761520306119159
2016,Other,8250,7,14900.82,0.00019390360114510854
2016,Other,8255,63,106477.33,0.0013855839965395262
2016,Other,8256,4,7515.12,9.779386846077116e-05
2016,Other,8300,52,73419.69,0.0009554066343971349
2016,Other,8310,14,21141.93,0.0002751188432688808
2016,Other,8320,78,151446.56,0.0019707662642081945
2016,Other,8330,2,3511.96,4.570095411377196e-05
2016,Other,8350,13,26748.03,0.00034807073305612694
2016,Other,8400,5,10436.89,0.00013581471058340226
2016,Other,8410,6,11706.15,0.00015233152541570277
2016,Other,8420,3,6712.3,8.7346813260365e-05
2016,Other,8450,16,33799.83,0.0004398354422838793
2016,Other,8460,10,15918.47,0.00020714622804116658
2016,Other,8500,27,46327.03,0.0006028512489485463
2016,Other,8510,2,4291.43,5.5844156970029385e-05
2016,Other,8530,9,15962.74,0.00020772231126495522
2016,Other,8540,8,15416.86,0.0002006188030155373
2016,Other,8550,10,23149.06,0.0003012375223057648
2016,Other,8600,26,38077.93,0.0004955061366523026
2016,Other,8610,42,57045.55,0.0007423307961778847
2016,Other,8620,55,105175.53,0.001368643740367671
2016,Other,8630,25,38514.07,0.0005011816039489633
2016,Other,8640,24,47015.7,0.0006118128760939384
2016,Other,8650,43,67713.58,0.0008811533196446503
2016,Other,8710,25,45368.2,0.0005903740436748792
2016,Other,8720,10,13484.02,0.00017546685591213548
2016,Other,8730,4,5996.22,7.80285012004925e-05
2016,Other,8740,348,606057.64,0.007886596771017017
2016,Other,8750,16,36613.38,0.00047644802313525654
2016,Other,8760,25,37387.979999999996,0.00048652785293301274
2016,Other,8800,124,176168.69,0.002292474065186766
2016,Other,8810,49,82195.87,0.0010696106115136745
2016,Other,8830,8,16861.98,0.00021942407494599607
2016,Other,8850,3,4443.38,5.78214744729587e-05
2016,Other,8910,1,3300.66,4.2951318125822197e-05
2016,Other,8920,12,19974.420000000002,0.00025992609593196073
2016,Other,8930,6,16322.92,0.0002124093150043766
2016,Other,8940,4,2636.3,3.4306035755002054e-05
2016,Other,8950,13,27033.72,0.00035178840227239466
2016,Other,8965,420,713630.88,0.009286441787791063
2016,Other,9000,89,150279.05,0.0019555735168712745
2016,Other,9030,54,100589.18000000001,0.0013089618046680338
2016,Other,9040,12,23300.91,0.0003032135385138584
2016,Other,9050,33,67341.49,0.0008763113316902906
2016,Other,9110,3,3570.55,4.6463382758040654e-05
2016,Other,9120,121,228364.33000000002,0.0029716932329958987
2016,Other,9130,1322,2304079.47,0.029982867154795048
2016,Other,9140,126,253149.81,0.003294225404252921
2016,Other,9150,5,10289.21,0.00013389295836995966
2016,Other,9200,28,40212.77,0.0005232866993239289
2016,Other,9240,27,48010.93,0.0006247637526878202
2016,Other,9260,2,3522.1400000000003,4.583342592805179e-05
2016,Other,9300,10,23127.73,0.00030095995611729835
2016,Other,9310,16,27645.34,0.00035974738174683775
2016,Other,9350,12,22538.93,0.00029329793212437447
2016,Other,9360,23,45654.94,0.0005941053764869223
2016,Other,9410,11,19747.92,0.00025697866312897626
2016,Other,9415,10,25896.66,0.0003369918992129619
2016,Other,9420,17,27739.56,0.0003609734617410859
2016,Other,9510,26,42930.14,0.0005586476948022774
2016,Other,9520,6,4286.63,5.578169481791315e-05
2016,Other,9560,5,5024.17,6.537926474953862e-05
2016,Other,9600,234,438631.27,0.005707886064515404
2016,Other,9610,90,173793.94,0.002261571566074681
2016,Other,9620,573,1011794.35,0.013166427625008177
2016,Other,9630,4,7239.99,9.421361597915916e-05
2016,Other,9640,138,230650.41,0.0030014418739771204
2016,Other,9650,13,14341.42,0.00018662415783389657
2016,Other,9720,26,43565.29,0.0005669128689515735
2016,Other,9750,18,27642.55,0.0003597110756209202
2016,Tech,110,279,528247.12,0.12575691673716868
2016,Tech,1005,10,20378.4,0.004851374773300645
2016,Tech,1006,261,487370.19,0.11602556849530592
2016,Tech,1007,49,79045.07,0.018817829591713953
2016,Tech,1010,198,377112.37,0.08977708939453631
2016,Tech,1020,691,1313496.39,0.31269693652433284
2016,Tech,1030,62,114646.64,0.027293301590884497
2016,Tech,1050,205,361561.71,0.08607502840681523
2016,Tech,1060,39,75146.24,0.017889656354002074
2016,Tech,1105,94,160058.13,0.03810416785143461
2016,Tech,1106,59,97586.85,0.02323197023789277
2016,Tech,1107,273,518549.9,0.12344835235139029
2016,Tech,1400,37,67342.27,0.016031807691222116
2017,Finance,120,562,1021366.58,0.25288118441122226
2017,Finance,800,701,1374260.47,0.3402545395044383
2017,Finance,820,33,57842.56,0.014321297924372256
2017,Finance,830,12,21127.55,0.005230991469984576
2017,Finance,840,124,249611.16,0.06180147952663491
2017,Finance,850,204,378925.68,0.09381859230427121
2017,Finance,860,52,105148.05,0.026033712031707974
2017,Finance,900,4,5276.32,0.0013063694045409439
2017,Finance,910,162,294600.56,0.07294045056869725
2017,Finance,950,21,33037.06,0.008179679094517283
2017,Finance,4810,185,346679.24,0.08583466361507774
2017,Finance,4820,69,151043.61,0.037397040144535314
2017,Healthcare,350,295,529926.87,0.08198547679029783
2017,Healthcare,3000,2,3673.38,0.0005683120214907091
2017,Healthcare,3010,19,32798.32,0.005074258459701734
2017,Healthcare,3030,28,55526.4,0.008590540763575157
2017,Healthcare,3040,14,21357.77,0.003304280374813829
2017,Healthcare,3050,111,199804.46,0.030911933033190012
2017,Healthcare,3060,369,643903.09,0.09961884333284712
2017,Healthcare,3110,44,83438.48,0.012908844508031323
2017,Healthcare,3140,3,7570.62,0.0011712576308843606
2017,Healthcare,3150,40,72266.54000000001,0.011180423324986578
2017,Healthcare,3160,63,115008.46,0.017793065348843125
2017,Healthcare,3200,6,8788.01,0.0013596011651341726
2017,Healthcare,3210,4,11476.64,0.0017755616022086284
2017,Healthcare,3220,29,46161.76,0.007141728637159498
2017,Healthcare,3230,26,42982.29,0.006649829889148385
2017,Healthcare,3245,68,156701.22,0.02424339085753729
2017,Healthcare,3250,18,36719.49,0.005680906301555482
2017,Healthcare,3255,1246,2283195.19,0.35323524217117847
2017,Healthcare,3256,7,14090.91,0.002180017734822874
2017,Healthcare,3258,65,129715.98,0.020068479387770496
2017,Healthcare,3260,3,6149.650000000001,0.0009514180463116638
2017,Healthcare,3300,134,280447.13,0.043388235187094094
2017,Healthcare,3310,34,58845.02,0.009103967536944505
2017,Healthcare,3320,142,264525.21,0.040924940199585765
2017,Healthcare,3400,93,205538.56,0.03179906095418644
2017,Healthcare,3420,219,426612.65,0.06600163814116927
2017,Healthcare,3500,204,355572.86,0.05501100644470022
2017,Healthcare,3510,79,141603.35,0.021907585408630855
2017,Healthcare,3520,22,33535.56,0.005188317542814238
2017,Healthcare,3535,49,115474.94,0.01786523490162149
2017,Healthcare,3540,48,80256.79000000001,0.012416602301764406
2017,Other,10,515,918949.74,0.011769301969668388
2017,Other,20,456,817457.91,0.01046946157282117
2017,Other,40,14,23390.46,0.00029956957923449616
2017,Other,50,441,871276.34,0.01115873251619557
2017,Other,60,34,70179.57,0.0008988136298199298
2017,Other,100,71,129507.68,0.0016586489194840878
2017,Other,135,10,29850.53,0.000382305893600498
2017,Other,136,139,264743.38,0.0033906585399226153
2017,Other,137,31,50906.01,0.0006519705895568986
2017,Other,140,130,225718.57,0.00289085452104457
2017,Other,150,95,172477.8,0.0022089818658244252
2017,Other,160,118,221953.5,0.002842633988584395
2017,Other,205,91,132528.46,0.0016973370766883487
2017,Other,220,248,447190.75,0.005727324080631966
2017,Other,230,403,722689.22,0.009255726717332888
2017,Other,300,65,134532.83,0.0017230077252147244
2017,Other,310,362,653245.38,0.008366335831936548
2017,Other,330,11,17082.3,0.00021877882792204316
2017,Other,340,57,98073.72,0.00125606349915144
2017,Other,360,5,6413.17,8.21356501094589e-05
2017,Other,410,179,337834.4,0.004326760100440029
2017,Other,420,193,329305.38,0.004217526039515934
2017,Other,425,5,4910.8,6.289428637593121e-05
2017,Other,430,1636,3040749.03,0.03894390736543028
2017,Other,500,20,44897.73,0.0005750205034310577
2017,Other,510,3,3869.85,4.956248556892917e-05
2017,Other,520,28,51578.43,0.0006605825012708564
2017,Other,530,108,216987.97,0.0027790387564779607
2017,Other,540,154,313108.84,0.004010091441271407
2017,Other,565,139,268448.39,0.003438109863528889
2017,Other,600,52,96801.68000000001,0.00123977205009189
2017,Other,630,293,520891.06,0.006671229025474946
2017,Other,640,23,47613.93,0.0006098078009496502
2017,Other,650,50,93660.64,0.0011995436821521947
2017,Other,700,55,105674.84,0.0013534136290809461
2017,Other,710,313,640204.96,0.008199322736322305
2017,Other,725,26,49554.7,0.0006346639026377287
2017,Other,726,34,56142.46,0.0007190355862770349
2017,Other,735,142,280447.19,0.0035917825774181783
2017,Other,740,101,171780.96,0.0022000571988621776
2017,Other,810,22,32590.559999999998,0.0004173983900366475
2017,Other,930,33,58308.12,0.000746771930708268
2017,Other,940,15,32325.54,0.0004140041887302719
2017,Other,1200,14,25613.32,0.00032803850352658756
2017,Other,1220,77,148563.62,0.0019027048263673984
2017,Other,1240,43,71476.56,0.0009154246220180886
2017,Other,1300,80,159582.07,0.002043821864267309
2017,Other,1310,15,18806.92,0.0002408666230205319
2017,Other,1320,52,108854.22,0.00139413303044486
2017,Other,1340,4,10115.46,0.00012955213775032114
2017,Other,1350,36,75963.94,0.0009728960243960364
2017,Other,1360,184,360975.55,0.0046231366816830806
2017,Other,1410,161,320024.57,0.00409866354828424
2017,Other,1420,18,36048.12,0.0004616805373042953
2017,Other,1430,88,187457.73,0.0024008349258780627
2017,Other,1440,5,14825.79,0.0001898789366313874
2017,Other,1450,24,52666.67,0.000674519961197089
2017,Other,1460,126,253651.67,0.0032486032362778364
2017,Other,1520,12,18681.6,0.0002392616071435604
2017,Other,1530,259,502965.28,0.006441647462220092
2017,Other,1540,47,73437.84,0.0009405434022541776
2017,Other,1550,183,318991.84,0.004085437023813886
2017,Other,1560,26,53826.93,0.0006893798057663116
2017,Other,1600,19,30392.09,0.0003892418367726389
2017,Other,1610,70,120250.12,0.0015400841989126196
2017,Other,1640,12,15151.03,0.00019404439596610023
2017,Other,1650,69,129121.05,0.0016536972175329747
2017,Other,1700,8,16439.84,0.00021055062412122036
2017,Other,1710,7,5657.08,7.245214823889242e-05
2017,Other,1720,49,101569.5,0.0013008351429624795
2017,Other,1740,44,68983.42,0.0008834941298100391
2017,Other,1760,128,240805.62,0.003084079503383088
2017,Other,1800,27,27122.47,0.0003473667010268394
2017,Other,1820,60,122588.93000000001,0.0015700381343037764
2017,Other,1840,13,21394.72,0.0002740094580542606
2017,Other,1860,19,25147.03,0.00032206656885316713
2017,Other,1900,22,41596.36,0.0005327387346331209
2017,Other,1910,3,2240.6800000000003,2.8697151094897278e-05
2017,Other,1920,19,29833.46,0.00038208727230286074
2017,Other,1930,2,2229.0099999999998,2.8547689434473896e-05
2017,Other,1965,61,108485.57,0.0013894116044709888
2017,Other,2000,329,573728.54,0.007347936608455833
2017,Other,2010,384,689962.97,0.008836590499301139
2017,Other,2015,47,81276.84,0.0010409401422763582
2017,Other,2016,77,138347.43,0.0017718626052362337
2017,Other,2025,20,40601.44,0.0005199964556966662
2017,Other,2040,153,269726.49,0.0034544789250702014
2017,Other,2050,27,54542.1,0.0006985392312748793
2017,Other,2060,29,60359.22,0.0007730410662433482
2017,Other,2100,415,700301.35,0.00896899764933437
2017,Other,2105,10,15239.81,0.00019518143163125767
2017,Other,2145,153,295592.11,0.0037857487205355048
2017,Other,2160,59,100952.91,0.0012929382650532723
2017,Other,2200,438,760591.1,0.009741148989652303
2017,Other,2300,213,373675.88,0.0047857941289602725
2017,Other,2310,1333,2470844.52,0.03164494641021428
2017,Other,2320,413,735747.51,0.009422968680116947
2017,Other,2330,170,281793.24,0.003609021897727766
2017,Other,2340,177,321527.61,0.004117913492935717
2017,Other,2400,24,32352.23,0.00041434601664087174
2017,Other,2430,73,134124.82,0.0017177822023296053
2017,Other,2440,3,4258.64,5.454185137492785e-05
2017,Other,2540,225,404617.7,0.005182076544874689
2017,Other,2550,62,117830.75,0.0015090985041929534
2017,Other,2600,22,47581.16,0.0006093881044104836
2017,Other,2630,281,589978.64,0.0075560571678428
2017,Other,2700,2,8531.43,0.00010926492661403657
2017,Other,2710,57,128806.93,0.0016496741758215616
2017,Other,2720,54,91536.77,0.0011723425564689558
2017,Other,2740,2,3735.49,4.78416913363255e-05
2017,Other,2750,22,47094.36,0.0006031534911890526
2017,Other,2760,4,13122.630000000001,0.0001680659870541228
2017,Other,2800,10,20240.35,0.0002592250487189621
2017,Other,2810,33,52927.58,0.0006778615243351407
2017,Other,2825,75,124336.58,0.001592420882447642
2017,Other,2830,54,119917.3,0.001535821659939003
2017,Other,2840,18,26780.4,0.00034298569415614323
2017,Other,2850,47,96816.25,0.0012399586530389651
2017,Other,2860,21,40291.92,0.0005160323277502871
2017,Other,2900,24,45239.12,0.0005793928013104009
2017,Other,2910,27,59167.229999999996,0.0007577748447687928
2017,Other,2920,14,29444.57,0.0003771066257628396
2017,Other,3600,609,1169229.82,0.014974724105717704
2017,Other,3610,8,23221.36,0.0002974038580024831
2017,Other,3620,33,64371.59,0.0008244288539411154
2017,Other,3630,13,27387.0,0.0003507546267365048
2017,Other,3640,108,175397.85,0.0022463799396478428
2017,Other,3645,208,374485.34,0.0047961611585786365
2017,Other,3646,5,8314.83,0.00010649085672134562
2017,Other,3647,12,19003.05,0.00024337852665882128
2017,Other,3648,18,28070.690000000002,0.0003595108771747961
2017,Other,3649,45,78924.87,0.0010108176622878433
2017,Other,3655,72,124714.69,0.00159726346586004
2017,Other,3700,23,33036.9,0.00042311481827258325
2017,Other,3710,52,85317.29,0.0010926875600876377
2017,Other,3720,36,58538.81,0.0007497264560247262
2017,Other,3730,42,74276.97,0.0009512904256570113
2017,Other,3740,129,241917.43,0.0030983188323184187
2017,Other,3750,18,24041.12,0.0003079028032251623
2017,Other,3800,158,277482.15,0.0035538083013580478
2017,Other,3820,82,153122.08,0.001961086574488525
2017,Other,3840,5,6044.99,7.742024358549328e-05
2017,Other,3850,353,577295.74,0.007393622952505727
2017,Other,3900,2,3585.33,4.591854112817004e-05
2017,Other,3910,43,80888.99,0.0010359728153701711
2017,Other,3930,297,586160.32,0.007507154644515654
2017,Other,3940,4,11911.55,0.00015255527345467608
2017,Other,3945,26,40387.4,0.0005172551725949507
2017,Other,3955,7,11554.9,0.00014798753556350238
2017,Other,4000,161,310948.39,0.003982421823082745
2017,Other,4010,164,286917.05,0.0036746442756449807
2017,Other,4020,586,1010429.76,0.012940917709579587
2017,Other,4030,163,286617.45,0.003670807196513632
2017,Other,4040,120,232815.09,0.0029817420670966437
2017,Other,4050,54,98650.12,0.0012634456500570128
2017,Other,4060,4,6827.05,8.743635208169772e-05
2017,Other,4110,316,622849.91,0.00797705070635395
2017,Other,4120,43,69510.16,0.0008902402682000486
2017,Other,4130,39,68461.6,0.0008768110035339359
2017,Other,4140,52,94696.99,0.0012128165691941627
2017,Other,4150,18,29893.72,0.000382859042624807
2017,Other,4200,102,167779.67,0.002148811316494102
2017,Other,4210,36,72661.12,0.0009305956849547736
2017,Other,4220,728,1318379.76,0.016884938131805704
2017,Other,4230,378,592391.09,0.00758695423576811
2017,Other,4240,32,46323.049999999996,0.0005932750616002647
2017,Other,4250,287,554610.5,0.007103085365744562
2017,Other,4300,40,69623.46,0.0008916913398475181
2017,Other,4320,28,58237.53,0.0007458678605617994
2017,Other,4340,3,9577.41,0.00012266114834236932
2017,Other,4350,23,50475.770000000004,0.0006464603594985822
2017,Other,4400,41,75178.55,0.0009628372674568835
2017,Other,4430,18,39422.5,0.0005048973700120445
2017,Other,4460,1,2463.11,3.154588778109879e-05
2017,Other,4465,14,34546.69,0.0004424512124705789
2017,Other,4500,21,35396.270000000004,0.00045333207257876166
2017,Other,4510,139,263522.04,0.0033750164230124616
2017,Other,4520,63,125064.56,0.0016017443699844894
2017,Other,4530,25,48893.87,0.0006262004279969764
2017,Other,4540,15,27294.649999999998,0.00034957186886674485
2017,Other,4600,175,289968.74,0.0037137283077355904
2017,Other,4610,363,623400.06,0.007984096664578623
2017,Other,4620,86,169296.32,0.0021682355690460396
2017,Other,4640,13,25898.72,0.00033169371842674456
2017,Other,4650,29,48814.81,0.0006251878796788039
2017,Other,4700,1147,2093945.64,0.026817874223709487
2017,Other,4710,426,751492.91,0.00962462537489246
2017,Other,4720,465,827375.66,0.010596481571335647
2017,Other,4740,33,64667.340000000004,0.000828216624812599
2017,Other,4750,54,103284.22,0.0013227961453927428
2017,Other,4760,740,1400724.18,0.01793955113435925
2017,Other,4800,59,106531.8,0.0013643890073599878
2017,Other,4830,25,49514.98,0.0006341551950839998
2017,Other,4840,161,324614.83,0.004157452569824515
2017,Other,4850,504,947322.58,0.012132682584692106
2017,Other,4900,8,11150.73,0.00014281119286484634
2017,Other,4920,183,399938.2,0.0051221445962927525
2017,Other,4930,18,34902.229999999996,0.000447004734214103
2017,Other,4940,11,20248.46,0.0002593289162481852
2017,Other,4950,18,27728.34,0.0003551262842488369
2017,Other,4965,91,185997.04,0.002382127372085105
2017,Other,5000,660,1194980.26,0.015304518751735914
2017,Other,5010,6,12831.21,0.00016433367196581254
2017,Other,5020,13,24255.14,0.0003106438301800733
2017,Other,5030,4,8595.0,0.00011007908923212688
2017,Other,5100,40,72960.48,0.0009344296903244688
2017,Other,5110,166,298563.34,0.003823802274031628
2017,Other,5120,317,572412.23,0.00733107817844453
2017,Other,5130,2,2926.7799999999997,3.748426722313023e-05
2017,Other,5140,49,87103.81,0.0011155681295460414
2017,Other,5150,14,21092.54,0.00027013933598513156
2017,Other,5160,97,162182.8,0.002077130298210144
2017,Other,5165,29,52590.85,0.0006735489086612449
2017,Other,5200,1,1759.52,2.2534771272334137e-05
2017,Other,5220,47,72525.7,0.0009288613149415316
2017,Other,5230,18,20481.64,0.0002623153318418033
2017,Other,5240,796,1508944.24,0.019325562261927155
2017,Other,5250,38,72844.26,0.0009329412212435429
2017,Other,5260,46,79281.3,0.0010153825825641677
2017,Other,5300,48,64619.23,0.0008276004636743841
2017,Other,5310,41,67813.02,0.0008685044188109373
2017,Other,5320,13,20670.8,0.0002647379683187258
2017,Other,5330,53,111576.73,0.001429001142280271
2017,Other,5340,12,19003.81,0.00024338826023739214
2017,Other,5350,27,50287.47,0.0006440487373342529
2017,Other,5360,10,11214.65,0.00014362983805201533
2017,Other,5400,388,701929.26,0.008989846846559721
2017,Other,5410,38,76345.4,0.0009777815123981873
2017,Other,5420,35,61120.85,0.00078279552077876
2017,Other,5500,4,8106.13,0.00010381796481643056
2017,Other,5510,92,172024.29,0.0022031736089590777
2017,Other,5520,127,226958.26,0.002906731652647848
2017,Other,5530,9,17154.63,0.00021970518284050272
2017,Other,5540,56,101859.5,0.0013045492716276706
2017,Other,5550,126,222661.65,0.0028517035065645847
2017,Other,5560,29,57216.83,0.0007327954083943496
2017,Other,5600,106,181049.72,0.002318765361644164
2017,Other,5610,179,360458.21,0.004616510932291185
2017,Other,5620,360,678233.05,0.008686361423051493
2017,Other,5630,13,19013.19,0.0002435083930887007
2017,Other,5700,916,1663464.54,0.021304556315664795
2017,Other,5800,28,60212.04,0.0007711560819090627
2017,Other,5810,76,131032.04,0.0016781719166291586
2017,Other,5820,31,55951.31,0.0007165874631930649
2017,Other,5840,87,164379.92,0.002105269561564849
2017,Other,5850,12,31258.99,0.0004003445200135151
2017,Other,5860,381,672402.69,0.008611690018898447
2017,Other,5900,5,6664.41,8.535336626753679e-05
2017,Other,5910,1,1652.5,2.1164129721476402e-05
2017,Other,5920,10,23461.87,0.0003004841513999489
2017,Other,5940,216,394327.04,0.005050280561116983
2017,Other,6005,30,50340.27,0.0006447249648981222
2017,Other,6010,12,23934.77,0.0003065407425922552
2017,Other,6040,29,50709.13,0.0006494490804134406
2017,Other,6050,278,438932.44,0.005621557094780126
2017,Other,6100,2,2045.87,2.6202153145704645e-05
2017,Other,6120,12,24775.02,0.00031730211021614057
2017,Other,6130,21,28496.56,0.0003649651391563302
2017,Other,6200,287,477502.01,0.006115530700094234
2017,Other,6210,7,11530.81,0.000147679006737487
2017,Other,6220,49,79108.99,0.001013175749770033
2017,Other,6230,374,650424.74,0.008330210935804879
2017,Other,6240,33,64240.05,0.0008227441764079457
2017,Other,6250,12,24884.0,0.0003186978541538389
2017,Other,6260,578,1069492.03,0.013697348295918387
2017,Other,6300,7,11458.24,0.00014674957805737353
2017,Other,6320,132,198271.75,0.0025393337592158178
2017,Other,6330,68,116610.06,0.0014934647120539465
2017,Other,6355,343,633834.86,0.008117738698356329
2017,Other,6360,16,29443.41,0.00037709176924817885
2017,Other,6400,28,42898.91,0.0005494209356429297
2017,Other,6420,168,292895.76,0.0037512156487203747
2017,Other,6440,259,479146.12,0.006136587376231225
2017,Other,6460,12,23232.98,0.0002975526792958952
2017,Other,6515,56,102307.28,0.00131028414243353
2017,Other,6520,49,104196.1,0.0013344749027969305
2017,Other,6530,23,32949.45,0.0004219948163699247
2017,Other,6600,19,40019.36,0.0005125415590986166
2017,Other,6660,28,56629.33,0.0007252710960122816
2017,Other,6700,12,19834.21,0.0002540234755600632
2017,Other,6710,14,19197.52,0.0002458691701123375
2017,Other,6720,8,10354.7,0.00013261616582570148
2017,Other,6730,50,78482.58,0.0010051531037798182
2017,Other,6740,2,2903.01,3.717983674598682e-05
2017,Other,6765,20,40468.66,0.0005182958970616177
2017,Other,6800,22,27026.87,0.00034614231930134884
2017,Other,6820,10,6014.49,7.702961970863698e-05
2017,Other,6830,9,13185.08,0.0001688658054511613
2017,Other,6840,37,25219.989999999998,0.0003230009923959683
2017,Other,6940,25,27665.91,0.00035432672199860285
2017,Other,7000,130,231505.0,0.00296496329874154
2017,Other,7010,85,158595.35,0.0020311846055206975
2017,Other,7020,41,76610.85,0.0009811812208608596
2017,Other,7030,8,18958.09,0.00024280270864231442
2017,Other,7040,4,6813.64,8.72646056492832e-05
2017,Other,7100,7,9537.84,0.00012215436188967412
2017,Other,7110,1,1875.46,2.4019654297997057e-05
2017,Other,7120,11,17043.93,0.00021828741027761774
2017,Other,7130,21,36617.54,0.00046897329297509896
2017,Other,7140,64,112415.84,0.0014397479095363001
2017,Other,7150,56,88224.72,0.0011299240052774183
2017,Other,7160,9,16331.81,0.00020916704715673556
2017,Other,7200,332,643567.35,0.00824238600902076
2017,Other,7210,179,313047.99,0.004009312114618728
2017,Other,7220,104,161751.29,0.0020716038028297423
2017,Other,7240,23,37006.34,0.00047395278685449983
2017,Other,7260,29,47828.75,0.000612559073776741
2017,Other,7300,7,11003.42,0.00014092454357633155
2017,Other,7315,158,284989.96,0.003649963378371178
2017,Other,7320,8,13502.25,0.00017292790955026005
2017,Other,7330,181,325614.04,0.004170249792250533
2017,Other,7340,246,413469.5,0.005295444559076543
2017,Other,7350,14,19087.97,0.000244466125990711
2017,Other,7360,15,28496.66,0.0003649664198903526
2017,Other,7410,63,114249.11,0.001463227222150213
2017,Other,7420,88,156027.89,0.0019983022717871414
2017,Other,7430,29,54761.62,0.0007013506986010267
2017,Other,7510,11,22449.68,0.00028752068969781203
2017,Other,7540,8,18656.620000000003,0.00023894167978474502
2017,Other,7560,4,6442.34,8.250924022381621e-05
2017,Other,7610,4,6828.45,8.745428235801243e-05
2017,Other,7630,52,89548.44,0.001146877337679786
2017,Other,7700,407,704145.49,0.009018230858186121
2017,Other,7710,6,5594.459999999999,7.165015259401565e-05
2017,Other,7720,57,100266.13,0.0012841424399336865
2017,Other,7730,3,3031.3,3.882289042342597e-05
2017,Other,7740,13,21762.78,0.0002787233276973992
2017,Other,7750,399,785535.06,0.010060614771926022
2017,Other,7800,63,102630.85,0.0013144282135100676
2017,Other,7810,96,162874.99,0.002085995411040346
2017,Other,7830,4,5434.76,6.960482036011565e-05
2017,Other,7840,16,21034.41,0.0002693948452978641
2017,Other,7850,11,21837.469999999998,0.0002796799079387893
2017,Other,7855,79,129663.77,0.0016606480172197764
2017,Other,7900,33,67833.9,0.0008687718360748308
2017,Other,7920,2,1921.01,2.460302864523654e-05
2017,Other,7940,5,8191.04,0.00010490543607491805
2017,Other,7950,43,93401.81999999999,0.0011962288863552127
2017,Other,8030,150,260509.85,0.003336438280860732
2017,Other,8040,12,21404.18,0.0002741306154927872
2017,Other,8100,24,42270.29,0.000541369985430818
2017,Other,8130,15,26574.67,0.0003403508400516958
2017,Other,8140,253,401400.23,0.005140869311921612
2017,Other,8220,187,390592.53,0.005002451420974078
2017,Other,8250,7,13764.66,0.00017628868369864894
2017,Other,8255,53,101210.34,0.0012962352586473416
2017,Other,8256,4,8537.56,0.00010934343560961457
2017,Other,8300,61,86396.62,0.0011065109066124674
2017,Other,8310,13,19149.41,0.0002452530089741225
2017,Other,8320,63,117461.49,0.001504369265741545
2017,Other,8330,1,246.49,3.156881292010117e-06
2017,Other,8350,11,28788.67,0.0003687062913093955
2017,Other,8400,3,9409.42,0.00012050964325800575
2017,Other,8410,3,5446.35,6.975325743332103e-05
2017,Other,8420,6,8372.97,0.00010723547548201529
2017,Other,8450,9,19556.85,0.00025047123167531364
2017,Other,8460,10,22251.36,0.00028498073798443035
2017,Other,8500,27,42473.11,0.0005439675701752113
2017,Other,8510,3,6283.6,8.0476203036532e-05
2017,Other,8530,12,28581.83,0.0003660572210572986
2017,Other,8540,5,12902.289999999999,0.00016524401770899109
2017,Other,8550,2,2864.15,3.6682143504851217e-05
2017,Other,8600,12,14545.3,0.00018628660577173415
2017,Other,8610,39,68685.3,0.0008796760055422228
2017,Other,8620,47,83316.85,0.0010670672444083457
2017,Other,8630,22,26800.92,0.000343248500777556
2017,Other,8640,20,46698.08,0.0005980781984047702
2017,Other,8650,37,59999.34,0.0007684319606432484
2017,Other,8710,18,34551.36,0.00044251102274942873
2017,Other,8720,6,13059.839999999998,0.00016726181416140776
2017,Other,8730,6,11535.41,0.0001477379205025211
2017,Other,8740,323,608047.8,0.007787475047539087
2017,Other,8750,10,14018.66,0.0001795417481157473
2017,Other,8760,24,36373.840000000004,0.0004658521441623161
2017,Other,8800,112,197978.13,0.0025355732679790133
2017,Other,8810,55,93661.75,0.0011995578982998442
2017,Other,8830,5,10294.529999999999,0.00013184554816437547
2017,Other,8850,4,8527.44,0.00010921382532653964
2017,Other,8910,2,2072.19,2.6539242340421295e-05
2017,Other,8920,13,27056.7,0.0003465243622602545
2017,Other,8930,4,8947.19,0.00011458970638589801
2017,Other,8940,4,7765.98,9.946154803896599e-05
2017,Other,8950,8,13919.31,0.00017826933886441374
2017,Other,8965,462,803411.59,0.010289565573674804
2017,Other,9000,82,144948.48,0.0018564044984271276
2017,Other,9030,57,92097.11,0.0011795190214905183
2017,Other,9040,21,38395.78,0.0004917478176564413
2017,Other,9050,32,68525.46,0.0008776288802806914
2017,Other,9110,5,9426.88,0.00012073325941833069
2017,Other,9120,161,325464.11,0.004168329587730629
2017,Other,9130,1320,2356811.58,0.030184487750800463
2017,Other,9140,143,318858.54,0.00408372980536192
2017,Other,9150,18,31618.74,0.00040495196065938566
2017,Other,9200,18,24231.99,0.0003103473402538693
2017,Other,9240,28,50417.14,0.0006457094651412023
2017,Other,9260,4,7921.93,0.00010145885274702304
2017,Other,9300,5,10241.55,0.00013116701527926574
2017,Other,9310,12,24761.05,0.00031712319167320014
2017,Other,9350,20,42824.7,0.0005484705029248475
2017,Other,9360,21,39290.37,0.0005032051361481421
2017,Other,9410,9,14579.76,0.00018672794671588066
2017,Other,9415,6,11376.6,0.00014570398680142116
2017,Other,9420,7,13921.33,0.00017829520969166784
2017,Other,9510,18,38795.92,0.0004968725467739914
2017,Other,9520,11,7355.16,9.420003652781505e-05
2017,Other,9560,8,7238.49,9.270580414378803e-05
2017,Other,9600,266,502699.37,0.006438241862380916
2017,Other,9610,61,106250.49,0.0013607861744813503
2017,Other,9620,590,1117638.86,0.014313981128473832
2017,Other,9630,7,13232.150000000001,0.0001694686469555425
2017,Other,9640,156,275384.23,0.0035269395261536417
2017,Other,9650,11,24178.22,0.000309658689569982
2017,Other,9720,32,59432.259999999995,0.0007611691741485707
2017,Other,9750,15,18556.27,0.00023765646319318665
2017,Tech,110,294,537160.48,0.12347820279388055
2017,Tech,1005,5,12691.89,0.0029175112943111985
2017,Tech,1006,260,521847.68,0.11995821743728446
2017,Tech,1007,45,82995.46,0.019078339942006535
2017,Tech,1010,181,345677.55,0.07946162126482534
2017,Tech,1020,635,1317969.46,0.30296439577613987
2017,Tech,1030,75,137569.71,0.031623436909720797
2017,Tech,1050,257,478998.89,0.11010847647887963
2017,Tech,1060,42,89844.95999999999,0.020652848829995994
2017,Tech,1105,97,169559.35,0.03897696235005705
2017,Tech,1106,47,105150.39,0.024171140029280693
2017,Tech,1107,280,511772.88,0.11764230209387017
2017,Tech,1400,22,39006.67,0.008966544799747697
2018,Finance,120,534,968798.38,0.23146276637555221
2018,Finance,800,748,1496754.99,0.3576007740349566
2018,Finance,820,18,27307.52,0.00652424101086515
2018,Finance,830,10,11926.77,0.002849512587051338
2018,Finance,840,158,324678.5,0.07757133511377748
2018,Finance,850,174,335009.02,0.08003947584012548
2018,Finance,860,49,98904.29,0.02362995339629889
2018,Finance,900,9,16545.65,0.003953043274578613
2018,Finance,910,176,340521.66,0.08135654132121403
2018,Finance,950,13,16336.96,0.003903183607477483
2018,Finance,4810,193,367396.98,0.08777752224237145
2018,Finance,4820,95,181366.68,0.04333165119573129
2018,Healthcare,350,273,510301.91,0.07623459010288071
2018,Healthcare,3000,11,25003.95,0.0037353688901594043
2018,Healthcare,3010,24,47852.59,0.007148753536923285
2018,Healthcare,3030,33,55319.06,0.008264178090136218
2018,Healthcare,3040,16,26538.73,0.003964651442125747
2018,Healthcare,3050,132,260056.72,0.03885017293527202
2018,Healthcare,3060,398,731983.71,0.10935188953895136
2018,Healthcare,3110,34,67986.04,0.010156512822219403
2018,Healthcare,3140,6,6111.1,0.0009129442677918143
2018,Healthcare,3150,23,40041.34,0.0059818219023912355
2018,Healthcare,3160,101,178131.34,0.026611246055059597
2018,Healthcare,3200,10,20572.27,0.0030733151105309204
2018,Healthcare,3210,3,6140.52,0.0009173393554778995
2018,Healthcare,3220,45,72614.56,0.010847972756169064
2018,Healthcare,3230,44,84943.46,0.012689801327650222
2018,Healthcare,3245,66,140458.03,0.020983186881875716
2018,Healthcare,3250,22,42313.76,0.006321301343574571
2018,Healthcare,3255,1250,2293946.81,0.34269535612390867
2018,Healthcare,3256,6,8683.69,0.0012972664510122727
2018,Healthcare,3258,85,154239.26,0.023041980704856944
2018,Healthcare,3260,8,24355.35,0.0036384737890990757
2018,Healthcare,3300,136,247784.09,0.0370167506039029
2018,Healthcare,3310,42,80094.01,0.011965336406532415
2018,Healthcare,3320,150,276028.57,0.04123622600321899
2018,Healthcare,3400,73,143372.67,0.02141860830857087
2018,Healthcare,3420,220,378531.85,0.05654930906614699
2018,Healthcare,3500,234,428319.23,0.06398710310966989
2018,Healthcare,3510,76,134522.71,0.020096502590748074
2018,Healthcare,3520,15,19895.42,0.002972199709432118
2018,Healthcare,3535,46,82797.9,0.012369273647984791
2018,Healthcare,3540,60,104896.22,0.015670567125726804
2018,Other,10,541,975985.39,0.012294260197523731
2018,Other,20,521,961236.84,0.01210847615496118
2018,Other,40,25,46173.8,0.0005816405832759662
2018,Other,50,479,921542.59,0.011608456950938508
2018,Other,60,37,76618.14,0.0009651408296289158
2018,Other,100,68,119486.85,0.0015051479654654345
2018,Other,135,4,6653.94,8.381812938686619e-05
2018,Other,136,159,292575.54,0.00368550580064627
2018,Other,137,18,29707.82,0.0003742224757905438
2018,Other,140,130,222792.64,0.002806466894195244
2018,Other,150,89,166663.63999999998,0.0020994229797091776
2018,Other,160,114,207938.81,0.0026193566640413026
2018,Other,205,59,81801.85,0.0010304388148052162
2018,Other,220,260,489012.52,0.006159976596295953
2018,Other,230,426,720681.57,0.009078257555822544
2018,Other,300,72,127763.14,0.0016094024592034643
2018,Other,310,354,639922.5,0.008060954397329534
2018,Other,330,13,21086.19,0.0002656178146625975
2018,Other,340,72,129770.91,0.0016346938693512967
2018,Other,360,1,3589.81,4.5219998835917685e-05
2018,Other,410,195,398223.21,0.005016324845224512
2018,Other,420,228,356180.43,0.0044867217568552815
2018,Other,425,8,8556.54,0.00010778473758763921
2018,Other,430,1730,3301159.38,0.04158393433657456
2018,Other,500,8,19136.45,0.00024105739488262525
2018,Other,510,3,4050.1200000000003,5.10184164859218e-05
2018,Other,520,24,39979.51,0.0005036125576731247
2018,Other,530,152,287374.3,0.003619986994150849
2018,Other,540,155,294327.19,0.003707570926923409
2018,Other,565,133,237790.21,0.0029953877835853767
2018,Other,600,59,103100.88,0.0012987377252785214
2018,Other,630,370,683749.14,0.008613028353829233
2018,Other,640,21,42788.78,0.0005390002762793401
2018,Other,650,60,117771.53,0.0014835404797201646
2018,Other,700,53,99065.83,0.001247909142065797
2018,Other,710,283,515514.4,0.006493814594058962
2018,Other,725,42,86914.95,0.0010948473422893812
2018,Other,726,38,75434.21,0.0009502271397061043
2018,Other,735,115,246522.88,0.0031053911896805333
2018,Other,740,101,210762.75,0.0026549291772140615
2018,Other,810,32,45890.24,0.0005780686441287932
2018,Other,930,27,47954.89,0.000604076558362855
2018,Other,940,10,28029.64,0.000353082833958118
2018,Other,1200,17,33537.9,0.000422469099745982
2018,Other,1220,105,154142.01,0.0019416909287026368
2018,Other,1240,38,76321.33,0.000961401983323822
2018,Other,1300,71,147450.34,0.0018573975233106116
2018,Other,1310,26,41993.97,0.0005289882401897488
2018,Other,1320,42,98234.02,0.001237431025610691
2018,Other,1340,7,21583.59,0.0002718834463871137
2018,Other,1350,29,54442.07,0.000685794050945579
2018,Other,1360,203,367045.56,0.004623587263930056
2018,Other,1410,128,251849.72,0.003172492150065378
2018,Other,1420,13,22101.61,0.00027840882343965463
2018,Other,1430,119,243585.67,0.0030683918407509673
2018,Other,1440,8,17367.65,0.0002187762340576871
2018,Other,1450,15,31463.7,0.0003963408863905508
2018,Other,1460,129,303163.11,0.0038188749491736844
2018,Other,1520,8,15305.89,0.00019280472447920198
2018,Other,1530,274,539381.48,0.006794462631090658
2018,Other,1540,50,85957.15,0.0010827821592058636
2018,Other,1550,212,412487.52999999997,0.005196009155479136
2018,Other,1560,17,26399.74,0.000332551364018856
2018,Other,1600,18,27442.77,0.00034569016952272036
2018,Other,1610,55,96136.5,0.001211009055657319
2018,Other,1640,13,9724.960000000001,0.00012250305165993356
2018,Other,1650,91,186059.06,0.002343742559247408
2018,Other,1700,8,12924.2,0.0001628031313510095
2018,Other,1710,3,3080.54,3.880484349143767e-05
2018,Other,1720,35,60646.74,0.0007639528309860973
2018,Other,1740,50,92909.91,0.0011703644543987611
2018,Other,1760,126,227165.26,0.0028615477679211263
2018,Other,1800,40,34506.82,0.0004346743588744867
2018,Other,1820,71,125130.77,0.0015762431086150752
2018,Other,1840,16,25475.38,0.0003209074168116309
2018,Other,1860,14,19295.26,0.00024305788739201488
2018,Other,1900,9,12450.33,0.00015683390154542747
2018,Other,1910,5,10027.18,0.0001263100464725256
2018,Other,1920,31,46757.95,0.0005889989845061151
2018,Other,1930,10,10396.32,0.00013096001690836778
2018,Other,1965,53,76493.08,0.0009635654779934755
2018,Other,2000,349,595413.76,0.007500288186307736
2018,Other,2010,347,632254.35,0.007964360501253239
2018,Other,2015,45,68895.82,0.0008678645667039744
2018,Other,2016,98,174120.27,0.0021933524077067234
2018,Other,2025,35,62435.66,0.0007864874387557426
2018,Other,2040,155,267986.67,0.003375765543424709
2018,Other,2050,22,38398.45,0.00048369631381634215
2018,Other,2060,17,31786.94,0.0004004126652378218
2018,Other,2100,409,703396.14,0.008860517027917632
2018,Other,2105,2,1375.99,1.7333024922832788e-05
2018,Other,2145,148,285123.93,0.003591639608417235
2018,Other,2160,72,129205.72,0.0016275743028165575
2018,Other,2200,411,715575.99,0.009013943756023478
2018,Other,2300,230,409891.24,0.005163304296230958
2018,Other,2310,1356,2423900.01,0.030533302773846208
2018,Other,2320,405,718599.22,0.009052026678819033
2018,Other,2330,135,238981.74,0.003010397208934618
2018,Other,2340,207,393882.81,0.004961649839319625
2018,Other,2400,25,33115.77,0.0004171516266461227
2018,Other,2430,51,80515.66,0.0010142369795262546
2018,Other,2440,4,6615.67,8.333605112772418e-05
2018,Other,2540,245,395021.18,0.004975989620554522
2018,Other,2550,68,128379.55,0.0016171672321252757
2018,Other,2600,36,88391.99,0.0011134532704807352
2018,Other,2630,256,525982.24,0.006625675531717104
2018,Other,2700,2,6950.24,8.755055134097584e-05
2018,Other,2710,61,145987.38,0.0018389689575934861
2018,Other,2720,56,115349.99,0.0014530369054415462
2018,Other,2740,1,288.13,3.6295063706973243e-06
2018,Other,2750,7,13185.19,0.00016609076147521833
2018,Other,2760,2,5265.86,6.633280955540974e-05
2018,Other,2800,11,23167.02,0.0002918295445808223
2018,Other,2810,39,73981.79,0.0009319313439093172
2018,Other,2825,46,70556.19,0.0008887798601226213
2018,Other,2830,52,98721.38,0.0012435701857981863
2018,Other,2840,29,52608.65,0.0006626988870606524
2018,Other,2850,41,53351.04,0.0006720506006432089
2018,Other,2860,42,74431.22,0.0009375927087383268
2018,Other,2900,27,47960.68,0.0006041494936416747
2018,Other,2910,14,31541.489999999998,0.0003973207888671292
2018,Other,2920,10,15231.08,0.00019186236036719745
2018,Other,3600,605,1084651.55,0.013663102456223675
2018,Other,3610,6,13178.41,0.00016600535539742936
2018,Other,3620,30,62656.94,0.0007892748512768543
2018,Other,3630,29,58363.5,0.0007351913895331736
2018,Other,3640,84,136948.17,0.0017251041386538723
2018,Other,3645,227,417103.56,0.005254156208171775
2018,Other,3646,6,11354.99,0.0001430361591788582
2018,Other,3647,14,25437.42,0.0003204292435501459
2018,Other,3648,9,24432.9,0.0003077755395294161
2018,Other,3649,41,75667.28,0.0009531630681058489
2018,Other,3655,61,110931.04000000001,0.0013973724235174392
2018,Other,3700,14,24525.47,0.0003089416222168678
2018,Other,3710,49,78859.02,0.0009933686720471583
2018,Other,3720,25,36506.26,0.0004598608379562451
2018,Other,3730,41,80475.03,0.0010137251728978528
2018,Other,3740,138,278526.49,0.0035085331963452767
2018,Other,3750,9,16469.989999999998,0.00020746862051963078
2018,Other,3800,175,319616.5,0.004026134463367166
2018,Other,3820,85,132083.74,0.001663828049128966
2018,Other,3840,3,2595.73,3.269780505886289e-05
2018,Other,3850,343,627206.49,0.007900773786824376
2018,Other,3900,3,7259.530000000001,9.144660529368115e-05
2018,Other,3910,49,74381.05,0.0009369607289562219
2018,Other,3930,297,557653.98,0.007024637049438511
2018,Other,3940,7,13047.86,0.00016436084751316
2018,Other,3945,22,37720.479999999996,0.000475156083940447
2018,Other,3955,5,6900.870000000001,8.692864897217939e-05
2018,Other,4000,172,328178.74,0.004133991002524627
2018,Other,4010,182,336162.65,0.004234562453633759
2018,Other,4020,559,993016.51,0.01250879724170556
2018,Other,4030,179,321180.77,0.0040458392075121375
2018,Other,4040,111,220435.85,0.002776778960556276
2018,Other,4050,40,77827.66,0.0009803768708099307
2018,Other,4060,16,31959.23,0.00040258296216145854
2018,Other,4110,337,611868.2,0.007707560927106183
2018,Other,4120,39,71804.54,0.000904505033752094
2018,Other,4130,40,72081.02,0.0009079877877914874
2018,Other,4140,35,66493.27,0.0008376002050237645
2018,Other,4150,30,48321.24,0.000608691383819784
2018,Other,4200,104,184446.65,0.0023234314067566014
2018,Other,4210,62,119972.52,0.0015112658371173157
2018,Other,4220,756,1360653.31,0.017139832217941214
2018,Other,4230,432,708189.16,0.008920893582337094
2018,Other,4240,23,40201.72,0.0005064116851872073
2018,Other,4250,284,512614.82,0.0064572892614578915
2018,Other,4300,59,108761.82,0.0013700472653962992
2018,Other,4320,32,65297.729999999996,0.0008225402666403144
2018,Other,4340,4,6185.21,7.791364696179085e-05
2018,Other,4350,37,87506.14,0.0011022944247566443
2018,Other,4400,36,49838.37,0.0006278023163855565
2018,Other,4420,1,1359.67,1.7127445691340822e-05
2018,Other,4430,18,40056.39,0.0005045809970920646
2018,Other,4465,5,7198.38,9.067631301391805e-05
2018,Other,4500,18,29604.579999999998,0.0003729219856030909
2018,Other,4510,118,216494.0,0.0027271243959939837
2018,Other,4520,88,178079.71,0.0022432285493941347
2018,Other,4530,24,49614.46,0.0006249817743681934
2018,Other,4540,13,23516.47,0.00029623148468161075
2018,Other,4600,175,294446.93,0.003709079263760348
2018,Other,4610,360,618124.89,0.007786374990947083
2018,Other,4620,79,146772.42,0.0018488579232730485
2018,Other,4640,11,20479.5,0.00025797548231248343
2018,Other,4650,19,30068.239999999998,0.0003787626024213241
2018,Other,4700,1118,2050661.17,0.025831700207047614
2018,Other,4710,394,730628.59,0.009203557845481564
2018,Other,4720,445,831983.31,0.010480299600731777
2018,Other,4740,27,40662.56,0.0005122167791235282
2018,Other,4750,49,106501.87,0.0013415792026383168
2018,Other,4760,712,1406356.48,0.017715544384935496
2018,Other,4800,62,134659.06,0.0016962687541807976
2018,Other,4830,13,18082.49,0.00022778090671943452
2018,Other,4840,202,395735.14,0.0049849832080616305
2018,Other,4850,532,1011545.19,0.012742198699730105
2018,Other,4920,204,436824.43,0.005502575405411541
2018,Other,4930,12,24803.28,0.00031244112995588633
2018,Other,4940,12,22871.98,0.0002881129945526734
2018,Other,4950,11,24001.29,0.0003023386490818519
2018,Other,4965,65,120152.62,0.0015135345147883757
2018,Other,5000,555,987423.84,0.01243834768284599
2018,Other,5010,9,15317.92,0.0001929562635818275
2018,Other,5020,10,14998.84,0.0001889368872837603
2018,Other,5030,5,8246.67,0.0001038813775102853
2018,Other,5100,36,69520.85,0.0008757379237541843
2018,Other,5110,178,342940.34,0.004319939432891773
2018,Other,5120,306,533162.3,0.006716121071966259
2018,Other,5130,7,6371.92,8.026558926031199e-05
2018,Other,5140,63,123405.54,0.0015545107889124474
2018,Other,5150,15,33139.29,0.00041744790259739054
2018,Other,5160,88,147311.68,0.001855650855648928
2018,Other,5165,34,58492.33,0.0007368142309788298
2018,Other,5200,5,12477.169999999998,0.00015717199876192527
2018,Other,5220,37,61006.05,0.0007684789752059123
2018,Other,5230,21,36534.62,0.000460218082258029
2018,Other,5240,781,1521616.95,0.01916745362782783
2018,Other,5250,34,62123.15,0.0007825508232144709
2018,Other,5260,49,92531.94,0.001165603254513527
2018,Other,5300,32,53340.55,0.0006719184605612021
2018,Other,5310,37,54569.619999999995,0.0006874007685299417
2018,Other,5320,7,11578.960000000001,0.00014585745700221946
2018,Other,5330,47,89220.77,0.0011238932187329356
2018,Other,5340,10,16674.73,0.00021004768252059068
2018,Other,5350,36,64698.72,0.0008149946774579613
2018,Other,5360,21,40652.01,0.0005120838832355233
2018,Other,5400,404,748878.29,0.009433445057550128
2018,Other,5410,41,85141.39,0.0010725062208552579
2018,Other,5420,33,69863.28,0.0008800514345531911
2018,Other,5500,7,10007.529999999999,0.00012606252000813727
2018,Other,5510,117,195725.08,0.002465503157481843
2018,Other,5520,116,202056.14,0.002545254042857427
2018,Other,5530,6,11730.17,0.00014776221408517904
2018,Other,5540,45,74600.45,0.0009397244595560588
2018,Other,5550,165,285304.09,0.0035939090418942938
2018,Other,5560,21,39946.12,0.0005031919516351641
2018,Other,5600,134,241043.68,0.0030363709859310977
2018,Other,5610,200,380637.74,0.004794804783458271
2018,Other,5620,357,679559.01,0.008560246264046669
2018,Other,5630,18,32565.82,0.00041022403483490904
2018,Other,5700,975,1724567.76,0.02172397761989107
2018,Other,5800,25,46864.24,0.0005903378948318063
2018,Other,5810,72,132176.21,0.0016649928721397542
2018,Other,5820,14,29458.57,0.00037108273170663615
2018,Other,5840,125,255672.27,0.0032206439203680505
2018,Other,5850,21,46195.630000000005,0.00058191557069162
2018,Other,5860,409,737750.17,0.009293266726817875
2018,Other,5900,7,16509.46,0.00020796581489873546
2018,Other,5910,3,3460.37,4.358947336261375e-05
2018,Other,5920,23,37626.28,0.00047396946852337946
2018,Other,5940,228,432264.92,0.005445140321969143
2018,Other,6005,21,34854.93,0.0004390594193079835
2018,Other,6010,9,19803.85,0.0002494644769351827
2018,Other,6040,39,61088.88,0.0007695223653863338
2018,Other,6050,301,444278.22,0.005596469058591841
2018,Other,6100,2,3699.71,4.660438348916322e-05
2018,Other,6120,6,7976.88,0.00010048289583968373
2018,Other,6130,21,31501.74,0.00039682006739336664
2018,Other,6200,284,468919.93,0.005906874928962425
2018,Other,6210,5,10480.65,0.0001320223022387426
2018,Other,6220,57,97085.24,0.0012229601120351185
2018,Other,6230,398,709155.13,0.008933061681004023
2018,Other,6240,57,100975.44,0.0012719640536006853
2018,Other,6250,17,33941.52,0.0004275534066954175
2018,Other,6260,566,1037323.88,0.013066926841829961
2018,Other,6300,2,3929.86,4.95035293303321e-05
2018,Other,6320,154,289322.28,0.003644525243621543
2018,Other,6330,56,93750.7,0.0011809556898182544
2018,Other,6355,324,562916.29,0.007090925140472365
2018,Other,6360,15,23985.15,0.00030213533726835434
2018,Other,6400,19,29048.87,0.0003659218364160566
2018,Other,6420,158,286272.47000000003,0.003606107498768815
2018,Other,6440,269,474942.35,0.005982737948283616
2018,Other,6460,9,14124.48,0.00017792277840831202
2018,Other,6515,58,108221.87,0.0013632456412514407
2018,Other,6520,46,73654.47,0.0009278081702541733
2018,Other,6530,29,54738.66,0.000689530125962013
2018,Other,6600,13,31912.05,0.0004019886467115939
2018,Other,6660,26,45648.93,0.0005750289183719717
2018,Other,6700,9,20146.22,0.0002537772319281916
2018,Other,6710,7,7211.97,9.084750307249499e-05
2018,Other,6720,15,32414.510000000002,0.0004083180180752859
2018,Other,6730,46,83311.55,0.0010494561533948867
2018,Other,6740,2,3650.5699999999997,4.5985378376692914e-05
2018,Other,6765,15,30972.89,0.0003901582673581628
2018,Other,6800,20,15650.02,0.0001971396497814894
2018,Other,6820,12,18166.28,0.00022883638979582613
2018,Other,6830,3,11748.73,0.0001479960100739346
2018,Other,6840,60,58327.43,0.0007347370241606297
2018,Other,6940,46,62485.85,0.0007871196704731802
2018,Other,7000,125,225798.69,0.00284433340454
2018,Other,7010,49,85042.56,0.0010712612824086679
2018,Other,7020,50,88094.29,0.0011097032130533355
2018,Other,7030,8,12858.69,0.00016197791716871543
2018,Other,7040,5,12106.89,0.00015250766801211857
2018,Other,7100,10,17082.4,0.00021518300637490015
2018,Other,7110,2,4319.16,5.440745058154671e-05
2018,Other,7120,15,25261.6,0.0003182144800402857
2018,Other,7130,22,38901.99,0.0004900392896880005
2018,Other,7140,86,145845.9,0.0018371867670498902
2018,Other,7150,35,62338.93,0.000785268953519087
2018,Other,7160,6,8074.09,0.0001017074275243243
2018,Other,7200,312,562619.92,0.007087191836744592
2018,Other,7210,141,235865.42,0.0029711416531329614
2018,Other,7220,100,161756.94,0.0020376144248585876
2018,Other,7240,16,19885.61,0.0002504943885753043
2018,Other,7260,16,23191.49,0.0002921377874603939
2018,Other,7300,8,15858.56,0.0001997665794956643
2018,Other,7315,186,333534.33,0.004201454119950244
2018,Other,7320,9,13481.84,0.00016982759229765043
2018,Other,7330,155,283389.56,0.0035697921542675584
2018,Other,7340,253,428043.85,0.005391968488226876
2018,Other,7350,13,19173.6,0.00024152536476313544
2018,Other,7360,23,37724.090000000004,0.0004752015582680014
2018,Other,7410,56,101218.52,0.0012750260756344517
2018,Other,7420,71,137505.1,0.001732119655896202
2018,Other,7430,31,48728.87,0.0006138262038034281
2018,Other,7510,14,27137.239999999998,0.00034184147941256467
2018,Other,7540,8,17794.97,0.00022415908437638487
2018,Other,7560,7,11788.49,0.00014849685751536356
2018,Other,7610,6,7841.35,9.877565605756938e-05
2018,Other,7630,80,149468.82,0.0018828238448291108
2018,Other,7700,424,767868.07,0.009672654884670319
2018,Other,7710,3,3321.87,4.184482118359185e-05
2018,Other,7720,51,89729.24,0.0011302982966641072
2018,Other,7730,3,5456.6,6.873551682347212e-05
2018,Other,7740,14,29160.45,0.0003673273836372498
2018,Other,7750,426,828326.13,0.010434230957727624
2018,Other,7800,41,68249.23,0.0008597196233651024
2018,Other,7810,146,260907.93,0.003286596307571067
2018,Other,7830,6,6706.78,8.448374253588797e-05
2018,Other,7840,38,66702.33,0.0008402336850565899
2018,Other,7850,3,2645.79,3.332839919663789e-05
2018,Other,7855,64,96685.18,0.0012179206495749055
2018,Other,7900,47,89057.59,0.0011218376783533486
2018,Other,7920,5,10609.51,0.00013364552158739795
2018,Other,7940,4,6994.77,8.811148535925632e-05
2018,Other,7950,42,84774.24,0.0010678813179850206
2018,Other,8030,156,303141.75,0.0038186058822383493
2018,Other,8040,13,30815.67,0.00038817780370772366
2018,Other,8100,13,17184.84,0.00021647341914904456
2018,Other,8130,19,43416.23,0.0005469041175048079
2018,Other,8140,274,452278.06,0.005697241176193478
2018,Other,8220,185,356209.58,0.004487088952602708
2018,Other,8250,6,12577.73,0.0001584387296147949
2018,Other,8255,42,92947.39,0.001170836581212261
2018,Other,8256,7,11066.81,0.0001394060229698291
2018,Other,8300,54,92525.38,0.001165520619724398
2018,Other,8310,8,15291.57,0.0001926243387809811
2018,Other,8320,76,143107.53,0.0018026921591981343
2018,Other,8330,1,1171.27,1.475421485720562e-05
2018,Other,8350,17,31007.28,0.0003905914701627589
2018,Other,8400,4,5693.48,7.171943890409815e-05
2018,Other,8410,1,2503.68,3.1538272690061695e-05
2018,Other,8420,5,9291.1,0.00011703781848743939
2018,Other,8450,9,16926.489999999998,0.0002132190444887535
2018,Other,8460,5,13944.83,0.00017565976928223779
2018,Other,8500,20,29841.72,0.00037590918284304226
2018,Other,8510,2,4486.79,5.651904657266181e-05
2018,Other,8530,17,31131.94,0.000392161783091545
2018,Other,8540,3,8013.71,0.00010094683475487057
2018,Other,8550,7,13763.26,0.0001733725743642233
2018,Other,8600,25,38317.04,0.00048267081104454314
2018,Other,8610,34,51380.45,0.0006472275382788857
2018,Other,8620,42,81168.02,0.0010224546062086136
2018,Other,8630,20,20227.76,0.0002548043722796533
2018,Other,8640,42,73879.89,0.0009306477333891561
2018,Other,8650,30,57642.42,0.0007261081130476204
2018,Other,8710,14,24425.23,0.0003076789223293215
2018,Other,8720,13,18632.95,0.0002347149228816323
2018,Other,8730,5,9179.03,0.00011562609885059475
2018,Other,8740,316,573079.32,0.007218946457692328
2018,Other,8750,12,26376.03,0.0003322526946819274
2018,Other,8760,41,82089.64,0.0010340640382752574
2018,Other,8800,120,179265.13,0.0022581610084992333
2018,Other,8810,73,133428.31,0.0016807652836441102
2018,Other,8830,10,16444.1,0.00020714249023143675
2018,Other,8910,2,2808.46,3.537751522524072e-05
2018,Other,8920,10,21501.99,0.00027085555022965385
2018,Other,8930,8,14093.710000000001,0.00017753517589893657
2018,Other,8940,5,14792.800000000001,0.00018634144948617424
2018,Other,8950,15,27553.41,0.0003470838757832762
2018,Other,8965,428,723804.33,0.009117594234801334
2018,Other,9000,80,134648.92,0.0016961410229671134
2018,Other,9030,59,98977.25,0.0012467933204772213
2018,Other,9040,20,36984.799999999996,0.000465888894662015
2018,Other,9050,25,63451.07,0.0007992783215651334
2018,Other,9110,5,9378.72,0.00011814154718004515
2018,Other,9120,148,282630.47,0.003560230074682188
2018,Other,9130,1309,2406818.14,0.03031812644375763
2018,Other,9140,170,379678.01,0.004782715288615147
2018,Other,9150,7,12767.0,0.00016082291963590302
2018,Other,9200,29,39714.96,0.0005002800830596932
2018,Other,9240,24,38732.11,0.0004878993509719555
2018,Other,9260,5,8972.550000000001,0.00011302511847568904
2018,Other,9300,10,15765.77,0.00019859772551955284
2018,Other,9310,5,3978.8,5.012001508947529e-05
2018,Other,9350,21,44674.56,0.0005627550068653033
2018,Other,9360,16,23014.55,0.00028990891557190195
2018,Other,9410,17,32301.96,0.0004069002519904562
2018,Other,9415,13,24585.15,0.0003096933972496766
2018,Other,9420,17,35564.99,0.00044800387942521303
2018,Other,9510,27,50163.340000000004,0.0006318958876391071
2018,Other,9520,11,12043.78,0.00015171268606974984
2018,Other,9560,4,7900.43,9.951987303039691e-05
2018,Other,9600,217,424293.52,0.005344726456410622
2018,Other,9610,88,164943.74,0.002077757800772717
2018,Other,9620,606,1208395.46,0.015221875613062588
2018,Other,9630,6,12954.64,0.0001631865769273952
2018,Other,9640,156,273528.22,0.00344557115557387
2018,Other,9650,10,11447.6,0.0001442027457369753
2018,Other,9720,33,68787.77,0.0008665034860690046
2018,Other,9750,20,38013.62,0.00047884870011198844
2018,Tech,110,297,542975.21,0.12173448450567957
2018,Tech,1005,4,12121.29,0.0027175807707571936
2018,Tech,1006,245,477918.59,0.10714885710773285
2018,Tech,1007,40,73425.88,0.016462006895629523
2018,Tech,1010,197,392069.56,0.08790159273932342
2018,Tech,1020,751,1537820.47,0.34477777020010153
2018,Tech,1030,69,124923.36,0.028007689029334197
2018,Tech,1050,216,411719.79,0.09230715412668038
2018,Tech,1060,41,88363.18000000001,0.019810934216651577
2018,Tech,1105,88,139560.48,0.03128931630260837
2018,Tech,1106,42,90657.47,0.020325311678665976
2018,Tech,1107,278,522842.45,0.1172207403878283
2018,Tech,1400,26,45926.0,0.010296562039006975
2019,Finance,120,533,1221245.4933,0.2797603196071132
2019,Finance,800,623,1391764.8204,0.3188225243074807
2019,Finance,820,23,38843.804299999996,0.008898256055266916
2019,Finance,830,7,23481.1933,0.0053790218088040865
2019,Finance,840,108,263908.3361,0.060455560212397674
2019,Finance,850,172,355803.3377,0.08150667168748979
2019,Finance,860,46,102471.0346,0.023473846615968963
2019,Finance,900,12,26836.1482,0.006147567740183738
2019,Finance,910,164,349817.2866,0.08013539983583669
2019,Finance,950,28,60684.2764,0.013901424941938328
2019,Finance,4810,177,392291.0074,0.08986518944087588
2019,Finance,4820,56,138181.0359,0.03165421774664409
2019,Healthcare,350,260,504839.6014,0.06912438366302662
2019,Healthcare,3000,6,12302.5092,0.0016845020945274734
2019,Healthcare,3010,34,69395.6063,0.009501886343913801
2019,Healthcare,3030,28,63070.8391,0.00863587735155323
2019,Healthcare,3040,12,24045.9904,0.0032924601425038977
2019,Healthcare,3050,116,248431.5606,0.034016108208025475
2019,Healthcare,3060,375,745707.0558,0.10210478829790391
2019,Healthcare,3110,62,125579.4767,0.01719477612996331
2019,Healthcare,3120,5,14140.5717,0.0019361759669698855
2019,Healthcare,3140,5,9601.2037,0.0013146300059369129
2019,Healthcare,3150,37,88605.9513,0.012132233199423194
2019,Healthcare,3160,79,156056.9843,0.02136786184390669
2019,Healthcare,3200,4,3908.6181,0.0005351815039616465
2019,Healthcare,3210,3,3890.418,0.000532689483344372
2019,Healthcare,3220,48,104615.3717,0.014324298391780121
2019,Healthcare,3230,47,119947.8624,0.01642367602918705
2019,Healthcare,3245,59,123008.1898,0.016842706637612833
2019,Healthcare,3250,18,48773.1025,0.006678181823091271
2019,Healthcare,3255,1157,2377284.7618,0.32550604884248696
2019,Healthcare,3256,13,25124.4731,0.0034401297225487267
2019,Healthcare,3258,83,149975.4077,0.02053515134930862
2019,Healthcare,3260,7,11772.3527,0.0016119112335771432
2019,Healthcare,3300,117,226445.5508,0.03100570773147866
2019,Healthcare,3310,56,121008.1234,0.016568850631067923
2019,Healthcare,3320,180,408040.6075,0.055870330744073944
2019,Healthcare,3400,87,193567.9544,0.026503993560939455
2019,Healthcare,3420,192,418443.2855,0.057294701382195064
2019,Healthcare,3500,222,487617.0614,0.0667662139407814
2019,Healthcare,3510,80,154244.4957,0.02111968963827183
2019,Healthcare,3520,11,21617.8661,0.002959992968317752
2019,Healthcare,3535,52,118566.7813,0.016234573630006376
2019,Healthcare,3540,50,123720.8571,0.0169402875083145
2019,Other,10,485,1063650.2489,0.013534760258336592
2019,Other,20,421,927409.2973,0.011801118378234889
2019,Other,40,9,21615.1889,0.00027504943472040044
2019,Other,50,379,861610.5675,0.010963841243136136
2019,Other,60,33,58864.8242,0.0007490444194603244
2019,Other,100,67,146127.182,0.0018594424037804765
2019,Other,135,12,24159.4621,0.00030742485871839586
2019,Other,136,126,279034.778,0.0035506679266741185
2019,Other,137,14,27511.2358,0.0003500755829734915
2019,Other,140,130,251254.0666,0.0031971633146140044
2019,Other,150,103,254708.4798,0.0032411201082532537
2019,Other,160,120,246411.2705,0.0031355395954814295
2019,Other,205,45,70101.2061,0.0008920253808664742
2019,Other,220,257,599517.0567,0.007628747928757321
2019,Other,230,414,814927.8705,0.01036981222583369
2019,Other,300,69,142642.3265,0.0018150982372875674
2019,Other,310,308,685146.215,0.008718363739887183
2019,Other,340,37,79083.45449999999,0.00100632289435886
2019,Other,360,4,9152.5504,0.00011646457615598145
2019,Other,410,158,342204.9606,0.004354497266112113
2019,Other,420,96,184217.8777,0.0023441397325367286
2019,Other,425,3,1393.6784,1.773430978907763e-05
2019,Other,430,1762,3747546.6605,0.04768686479343465
2019,Other,500,15,38629.5602,0.0004915542836874156
2019,Other,510,6,8889.3824,0.00011311581015761914
2019,Other,520,44,110290.6594,0.001403429026840946
2019,Other,530,96,226349.9101,0.00288026235209161
2019,Other,540,126,277781.8038,0.0035347240528072915
2019,Other,565,148,299697.0674,0.0038135918847200887
2019,Other,600,42,88037.9851,0.0011202677037755629
2019,Other,630,292,671886.2889,0.008549633538401909
2019,Other,640,25,58337.125,0.0007423295409860304
2019,Other,650,51,114839.7436,0.0014613153142795676
2019,Other,700,58,138405.0386,0.0017611795023167807
2019,Other,710,279,645420.4707,0.008212860708471983
2019,Other,725,52,108014.8269,0.0013744694630111192
2019,Other,726,26,49529.2541,0.0006302509501699555
2019,Other,735,87,209146.5008,0.002661352028192998
2019,Other,740,107,209678.7143,0.0026681243503319713
2019,Other,810,20,28155.1476,0.0003582692461156071
2019,Other,930,28,54440.3744,0.0006927440825967965
2019,Other,940,18,30295.1712,0.0003855006658451065
2019,Other,1200,13,33242.3721,0.00042300327316918386
2019,Other,1220,70,138140.0841,0.0017578080034236284
2019,Other,1240,56,109936.1677,0.0013989181830010352
2019,Other,1300,63,129114.953,0.0016429648151999757
2019,Other,1310,10,18579.5848,0.0002364219123978946
2019,Other,1320,43,110725.93149999999,0.0014089677869049192
2019,Other,1340,8,21838.0201,0.0002778849221122348
2019,Other,1350,22,56563.619399999996,0.0007197619976251918
2019,Other,1360,156,279998.5148,0.00356293130606375
2019,Other,1410,112,252395.8559,0.003211692380401387
2019,Other,1420,15,33802.5821,0.0004301318457917768
2019,Other,1430,91,208914.3232,0.002658397609523322
2019,Other,1440,6,9928.9602,0.00012634425278473295
2019,Other,1450,22,50455.914,0.0006420425326008202
2019,Other,1460,129,304071.8345,0.003869260018061658
2019,Other,1520,9,22020.5377,0.0002802074261134154
2019,Other,1530,230,491542.0241,0.006254784841136708
2019,Other,1540,53,113545.5502,0.001444846933423138
2019,Other,1550,173,367886.46749999997,0.0046812898742309835
2019,Other,1560,14,19168.1545,0.00024391135715951572
2019,Other,1600,9,22908.5792,0.000291507596272153
2019,Other,1610,42,68698.1087,0.0008741712159774658
2019,Other,1640,12,11833.0083,0.0001505729262424723
2019,Other,1650,55,122681.6345,0.0015611019813849406
2019,Other,1700,4,9994.1041,0.00012717319732708125
2019,Other,1710,4,7349.5161,9.352128533900908e-05
2019,Other,1720,53,121793.7865,0.001549804273479291
2019,Other,1740,27,60590.0411,0.000770997497701296
2019,Other,1760,111,228576.9853,0.002908601487949905
2019,Other,1800,24,24128.0788,0.0003070255118070829
2019,Other,1820,33,76429.667,0.0009725539203693216
2019,Other,1840,17,28153.0171,0.00035824213588199396
2019,Other,1860,15,33100.507,0.00042119806500088723
2019,Other,1900,6,6883.0652,8.758578058985456e-05
2019,Other,1910,12,23521.8325,0.00029931113545405766
2019,Other,1920,19,38950.5304,0.0004956385724012698
2019,Other,1965,89,180228.61490000002,0.002293377072854808
2019,Other,2000,264,563019.0661,0.0071643174891528605
2019,Other,2010,290,562937.2161,0.007163275962459014
2019,Other,2015,35,71788.4573,0.0009134953523267428
2019,Other,2016,74,148113.2224,0.0018847144146742548
2019,Other,2025,28,56769.4813,0.0007223815536923364
2019,Other,2040,6,10780.7797,0.0001371835044351691
2019,Other,2050,2,1828.3792999999998,2.326580143463291e-05
2019,Other,2100,425,802137.1641,0.01020705276158517
2019,Other,2105,2,7476.4012,9.513587567133976e-05
2019,Other,2145,140,304715.1623,0.003877446249907632
2019,Other,2160,60,113440.47839999999,0.001443509913454043
2019,Other,2200,394,772781.2499,0.009833503974028166
2019,Other,2300,179,383054.1142,0.004874295481083384
2019,Other,2310,1234,2489206.0788,0.03167470467382889
2019,Other,2320,356,722720.1924,0.009196485920168805
2019,Other,2330,114,239284.4011,0.003044851449804566
2019,Other,2340,150,300435.9499,0.0038229940331301728
2019,Other,2400,22,51333.4503,0.0006532090259577962
2019,Other,2430,47,96664.0364,0.0012300326725163252
2019,Other,2440,2,647.9855,8.245500250151227e-06
2019,Other,2540,231,452655.283,0.005759957976233688
2019,Other,2550,62,114344.3304,0.0014550112694135511
2019,Other,2600,37,111412.5619,0.001417705036634985
2019,Other,2630,250,593365.5816,0.007550471502084427
2019,Other,2700,6,9964.288700000001,0.00012679380166443394
2019,Other,2710,37,90779.5491,0.001155153618117482
2019,Other,2720,40,85451.9789,0.0010873612347743389
2019,Other,2750,10,26127.5078,0.0003324678902548408
2019,Other,2760,3,6711.4997,8.540264011345915e-05
2019,Other,2800,10,22583.828999999998,0.0002873752077305318
2019,Other,2810,39,63867.3779,0.0008127010256417049
2019,Other,2825,56,94354.58469999999,0.0012006453103453165
2019,Other,2830,31,62828.8338,0.0007994857366632584
2019,Other,2840,28,61750.9298,0.0007857695999570529
2019,Other,2850,41,95693.2566,0.0012176796722042167
2019,Other,2860,20,39260.5128,0.0004995830433141875
2019,Other,2900,31,90831.6282,0.0011558163154032665
2019,Other,2910,25,65304.4011,0.0008309868903023695
2019,Other,2920,14,30672.577,0.00039030308753248765
2019,Other,3600,508,1112031.5669,0.014150403925782307
2019,Other,3610,8,17178.0425,0.00021858753587982818
2019,Other,3620,21,43223.4939,0.0005500112730375294
2019,Other,3630,15,36614.5625,0.00046591379630088594
2019,Other,3640,90,192080.2901,0.00244418753208007
2019,Other,3645,185,390126.2915,0.004964287679514156
2019,Other,3646,2,2657.1978,3.381236945055297e-05
2019,Other,3647,11,12354.944,0.00015721446520424362
2019,Other,3648,11,20592.5038,0.00026203594869659907
2019,Other,3649,24,45895.906,0.0005840172417498806
2019,Other,3655,54,120539.5156,0.001533843899335568
2019,Other,3700,25,44340.91,0.0005642301941894272
2019,Other,3710,48,95871.9412,0.0012199534019620558
2019,Other,3720,38,68179.9817,0.0008675781420458576
2019,Other,3730,33,78685.021,0.0010012528989285323
2019,Other,3740,137,294728.1838,0.003750363724573338
2019,Other,3750,7,21478.7113,0.0002733127815314941
2019,Other,3800,139,321242.0644,0.004087748139995874
2019,Other,3820,64,137642.7495,0.0017514795090843125
2019,Other,3840,9,14309.7077,0.0001820884856527514
2019,Other,3850,291,609599.889,0.007757050176650033
2019,Other,3900,1,881.7659,1.1220314264786514e-05
2019,Other,3910,40,68319.5349,0.0008693539316978011
2019,Other,3930,247,549571.8964,0.006993204646156872
2019,Other,3940,5,7944.2123,0.00010108868872359715
2019,Other,3945,15,35553.7878,0.000452415626890916
2019,Other,3955,7,10857.6165,0.00013816123905055914
2019,Other,4000,158,405089.6462,0.005154693706997722
2019,Other,4010,153,340375.4343,0.0043312168693064625
2019,Other,4020,462,975334.3521,0.012410956177602177
2019,Other,4030,135,262448.1707,0.003339606298533813
2019,Other,4040,75,184783.7035,0.002351339765215611
2019,Other,4050,54,134872.0486,0.0017162228328715821
2019,Other,4110,265,601538.8345,0.0076544746917105826
2019,Other,4120,29,63552.701,0.0008086968180511542
2019,Other,4130,44,86036.3687,0.001094797491051811
2019,Other,4140,42,83223.1745,0.001059000095153563
2019,Other,4150,11,20271.0686,0.00025794574294044027
2019,Other,4200,99,184507.5405,0.0023478256401532715
2019,Other,4210,33,64851.767,0.0008252272018760437
2019,Other,4220,590,1212361.2151,0.01542708085656345
2019,Other,4230,318,617086.968,0.00785232192542744
2019,Other,4240,34,86185.751,0.0010966983542532532
2019,Other,4250,214,487173.9012,0.006199201254058539
2019,Other,4320,40,82540.8845,0.0010503180762416035
2019,Other,4340,8,18002.4395,0.00022907784109456512
2019,Other,4350,25,62599.67,0.0007965696680626098
2019,Other,4400,32,54955.4323,0.0006992981027767115
2019,Other,4420,2,2650.0867,3.372188196768668e-05
2019,Other,4430,12,15717.5537,0.00020000307563227163
2019,Other,4460,6,11286.4398,0.00014361793928138324
2019,Other,4465,8,10129.363,0.0001288943427752204
2019,Other,4500,18,42901.8251,0.000545918094762914
2019,Other,4510,107,228807.5189,0.0029115349870119495
2019,Other,4520,80,163481.4896,0.002080272881710926
2019,Other,4530,19,33536.1626,0.0004267417050341593
2019,Other,4540,8,17457.7995,0.0002221473939530128
2019,Other,4600,167,329527.7896,0.004193182519637524
2019,Other,4610,300,617017.4238,0.007851436987850138
2019,Other,4620,62,145512.3543,0.0018516188306385622
2019,Other,4640,12,25749.8805,0.00032766265001935106
2019,Other,4650,14,25645.5855,0.0003263355146921107
2019,Other,4700,979,2025857.4025,0.025778675169559298
2019,Other,4710,346,729373.4968,0.00928114803543918
2019,Other,4720,317,646435.0349,0.008225770857487501
2019,Other,4740,18,32970.6593,0.00041954577611042355
2019,Other,4750,45,107351.4063,0.0013660275538584367
2019,Other,4760,587,1244348.9464,0.015834119048677195
2019,Other,4800,48,109692.6154,0.0013958190232967287
2019,Other,4830,17,29746.1561,0.00037851454633411926
2019,Other,4840,186,427627.5191,0.005441484131528558
2019,Other,4850,439,1003867.6899,0.012774037826755668
2019,Other,4900,3,7354.1731,9.358054483581102e-05
2019,Other,4920,195,433154.7869,0.005511817631317601
2019,Other,4930,15,35882.0271,0.0004565924136095377
2019,Other,4940,7,15088.0913,0.00019199327853548353
2019,Other,4950,4,9685.3773,0.00012324470370086833
2019,Other,4965,44,94755.7398,0.0012057499376516366
2019,Other,5000,479,1002810.7155,0.012760588015487354
2019,Other,5010,3,3677.5379000000003,4.6796015766387704e-05
2019,Other,5020,11,24752.858,0.0003149757160167285
2019,Other,5100,25,60080.7839,0.000764517290397288
2019,Other,5110,160,319416.2332,0.004064514762680589
2019,Other,5120,338,724765.0051,0.009222505798128052
2019,Other,5140,55,117367.4672,0.001493480147560734
2019,Other,5150,21,46184.9522,0.0005876953032410794
2019,Other,5160,70,161758.237,0.0020583447988381243
2019,Other,5165,31,66394.1043,0.0008448531697302126
2019,Other,5220,28,49114.9449,0.0006249789392804527
2019,Other,5230,12,24829.259299999998,0.00031594790897206755
2019,Other,5240,645,1418969.5631,0.018056135341760003
2019,Other,5250,35,83620.5074,0.001064056085644621
2019,Other,5260,59,139165.3313,0.0017708540917142873
2019,Other,5300,15,21676.5294,0.0002758299816741431
2019,Other,5310,58,110162.2942,0.0014017956024993353
2019,Other,5320,13,30329.4803,0.0003859372430410969
2019,Other,5330,38,67251.0334,0.0008557574401319606
2019,Other,5340,6,14468.3145,0.00018410672897621418
2019,Other,5350,29,61615.7963,0.0007840500502016126
2019,Other,5360,22,36120.0478,0.0004596211846875806
2019,Other,5400,308,661505.7245,0.008417542702485193
2019,Other,5410,30,65948.6539,0.000839184892608842
2019,Other,5420,30,69696.6991,0.000886878101228754
2019,Other,5500,11,22598.4806,0.00028756164673490015
2019,Other,5510,112,270427.503,0.0034411418830116907
2019,Other,5520,93,219545.2641,0.002793674441875732
2019,Other,5530,13,29895.6141,0.0003804163728045991
2019,Other,5540,36,64356.1721,0.0008189208449098404
2019,Other,5550,144,268352.4201,0.003414736822140676
2019,Other,5560,24,49040.0223,0.0006240255625196424
2019,Other,5600,104,233478.0371,0.002970966500504822
2019,Other,5610,181,413597.6475,0.005262956510482425
2019,Other,5620,336,789679.468,0.010048530794181795
2019,Other,5630,18,34056.7502,0.0004333660896631759
2019,Other,5700,869,1840406.9474,0.023418851108808383
2019,Other,5810,68,165510.1748,0.002106087540100779
2019,Other,5820,17,39577.6911,0.0005036190807748908
2019,Other,5840,93,203325.3775,0.0025872792694255392
2019,Other,5850,14,29777.2743,0.00037891051989507744
2019,Other,5860,337,730506.1238,0.00929556051258848
2019,Other,5900,8,15575.3071,0.0001981930129443208
2019,Other,5920,28,66268.0112,0.000843248657457033
2019,Other,5940,186,393413.1679,0.005006112597168049
2019,Other,6005,17,34619.586,0.0004405280751237982
2019,Other,6010,4,8005.450999999999,0.00010186794029044382
2019,Other,6040,10,19863.0083,0.00025275324819213686
2019,Other,6050,257,457939.03740000003,0.0058271928113140066
2019,Other,6100,2,4743.0404,6.035434559056858e-05
2019,Other,6120,6,15613.693,0.00019868146669529559
2019,Other,6130,17,28295.8707,0.0003600599225369962
2019,Other,6200,285,545588.0384,0.006942510761593765
2019,Other,6210,6,17338.096700000002,0.00022062419711088625
2019,Other,6220,22,63677.4488,0.0008102842116210809
2019,Other,6230,297,640900.3807,0.00815534336707205
2019,Other,6240,48,101791.0357,0.0012952728268263757
2019,Other,6250,10,30999.526299999998,0.00039446345923052216
2019,Other,6260,489,1059227.7329,0.013478484528734156
2019,Other,6320,114,227309.308,0.002892470519750368
2019,Other,6330,43,96862.2421,0.0012325548048000437
2019,Other,6355,335,707330.6018,0.009000656116659273
2019,Other,6360,16,46381.9874,0.0005902025411204588
2019,Other,6400,14,21996.3332,0.00027989942815542904
2019,Other,6420,89,211549.9932,0.0026919360415473656
2019,Other,6440,197,387844.8437,0.004935256661990452
2019,Other,6460,13,32088.3734,0.0004083188449381136
2019,Other,6515,34,58901.7296,0.0007495140341120904
2019,Other,6520,42,77338.3457,0.000984116695227952
2019,Other,6530,15,40383.2763,0.0005138700091801068
2019,Other,6600,11,22427.6261,0.000285387553607061
2019,Other,6660,29,56305.3748,0.0007164758810162551
2019,Other,6700,6,9888.9031,0.00012583453331096336
2019,Other,6710,4,6792.799800000001,8.643716942759863e-05
2019,Other,6720,8,13452.936,0.0001711862181380115
2019,Other,6730,47,94423.6568,0.0012015242405340762
2019,Other,6740,3,1651.2562,2.1011941486597718e-05
2019,Other,6765,14,28086.07,0.00035739024594032563
2019,Other,6800,16,21006.0942,0.0002672988129839329
2019,Other,6820,16,24073.2241,0.0003063274955049095
2019,Other,6830,1,418.6779,5.327601820075897e-06
2019,Other,6840,23,19992.1834,0.00025439697836721536
2019,Other,6940,23,24085.1315,0.0003064790150523047
2019,Other,7000,103,212205.5772,0.002700278231358704
2019,Other,7010,69,159976.0666,0.0020356669974382286
2019,Other,7020,48,112805.1255,0.001435425160792318
2019,Other,7030,4,6901.439899999999,8.781959537960904e-05
2019,Other,7040,13,18093.5577,0.00023023730398515966
2019,Other,7100,5,10797.4868,0.00013739609931148858
2019,Other,7120,11,36947.4094,0.0004701492139100949
2019,Other,7130,19,43849.5832,0.0005579781480366876
2019,Other,7140,69,141388.7087,0.0017991461737251974
2019,Other,7150,37,84978.8766,0.0010813410921430653
2019,Other,7160,2,2214.4988000000003,2.8179103404874946e-05
2019,Other,7200,245,475611.0415,0.006052065920708003
2019,Other,7210,140,295536.1896,0.003760645454683076
2019,Other,7220,79,126969.5673,0.0016156651637015689
2019,Other,7240,16,36479.8919,0.00046420013686562393
2019,Other,7260,22,55849.9158,0.0007106802462398078
2019,Other,7300,14,23113.1988,0.00029411134429272725
2019,Other,7315,144,289326.3653,0.003681626544816968
2019,Other,7320,7,16951.4284,0.00021570391175824245
2019,Other,7330,168,328620.629,0.004181639062331416
2019,Other,7340,270,526251.492,0.006696456647453463
2019,Other,7350,12,18968.5458,0.000241371371950306
2019,Other,7360,20,36118.3594,0.0004595997000978447
2019,Other,7410,41,73254.668,0.0009321526227342203
2019,Other,7420,70,135851.9852,0.0017286923518352506
2019,Other,7430,18,32250.3705,0.00041038022922614746
2019,Other,7510,7,16933.4749,0.00021547545666358202
2019,Other,7540,4,7780.629499999999,9.900712668506318e-05
2019,Other,7560,5,6638.9269,8.447916413976194e-05
2019,Other,7610,1,2239.1387,2.8492641750430054e-05
2019,Other,7630,71,162944.5381,0.0020734402693645556
2019,Other,7700,334,680659.455,0.008661270516809863
2019,Other,7720,37,74515.3535,0.0009481946215221746
2019,Other,7730,1,1688.2389,2.1482539767116754e-05
2019,Other,7740,7,14645.3117,0.00018635898686913935
2019,Other,7750,290,628518.7229,0.007997788973513574
2019,Other,7800,46,84892.74740000001,0.0010802451133902302
2019,Other,7810,72,118697.2369,0.001510401230507796
2019,Other,7830,3,4326.0956,5.5048797159779226e-05
2019,Other,7840,29,52615.3466,0.0006695209284036348
2019,Other,7850,2,6118.3806,7.785530504590059e-05
2019,Other,7855,67,136920.2198,0.0017422854471460564
2019,Other,7900,39,80271.4455,0.0010214398685622604
2019,Other,7920,12,21543.1753,0.0002741330744672554
2019,Other,7950,39,103431.8897,0.0013161524021678944
2019,Other,8030,109,236181.7439,0.0030053706887092427
2019,Other,8040,4,11584.2094,0.00014740700448621796
2019,Other,8100,13,25994.4548,0.0003307748144919057
2019,Other,8130,16,39974.0942,0.0005086632397263036
2019,Other,8140,225,434336.7414,0.005526857792132029
2019,Other,8220,159,366722.9011,0.004666483698718928
2019,Other,8250,5,8634.0415,0.0001098666426147901
2019,Other,8255,34,83505.625,0.0010625942275352374
2019,Other,8256,7,16994.0275,0.00021624597772994432
2019,Other,8300,39,94743.9848,0.0012056003573671387
2019,Other,8310,9,17225.706,0.0002191940454408802
2019,Other,8320,46,97186.1505,0.00123667648158637
2019,Other,8330,5,8183.501900000001,0.00010413360632847965
2019,Other,8350,21,43871.3605,0.0005582552603063258
2019,Other,8420,11,28952.790399999998,0.0003684191088932947
2019,Other,8450,3,6063.2076,7.715323843283348e-05
2019,Other,8460,6,15128.9535,0.00019251324276357463
2019,Other,8500,12,24844.506100000002,0.0003161419217905859
2019,Other,8510,2,1249.5062,1.5899744183574337e-05
2019,Other,8530,4,9093.6773,0.00011571542642843788
2019,Other,8540,7,7803.8295,9.930234255918925e-05
2019,Other,8550,5,8491.9589,0.00010805866679767361
2019,Other,8600,26,36429.4636,0.0004635584457162622
2019,Other,8610,19,31289.03,0.00039814734232785954
2019,Other,8620,40,82509.5656,0.0010499195488088376
2019,Other,8630,18,44360.2486,0.0005644762744352622
2019,Other,8640,25,54405.4057,0.0006922991121081089
2019,Other,8650,33,68476.4381,0.000871350497014231
2019,Other,8710,16,32400.7566,0.0004122938656040745
2019,Other,8720,13,20945.5758,0.00026652872710648844
2019,Other,8730,3,4409.1481,5.6105625452272946e-05
2019,Other,8740,285,630515.1215,0.008023192790660256
2019,Other,8750,9,15037.4391,0.00019134873829844008
2019,Other,8760,16,27885.6185,0.000354839536250999
2019,Other,8800,95,162864.6508,0.0020724237176791647
2019,Other,8810,68,124974.9338,0.0015902838071384824
2019,Other,8830,3,7559.6646,9.619538762882716e-05
2019,Other,8850,5,10274.91,0.0001307464024662301
2019,Other,8910,3,2810.3918999999996,3.5761737129107026e-05
2019,Other,8920,15,31984.6289,0.00040699871462547256
2019,Other,8930,6,13582.923999999999,0.0001728402923210243
2019,Other,8940,3,4867.7707,6.194151647610759e-05
2019,Other,8950,5,10275.8307,0.00013075811820999339
2019,Other,8965,356,783439.5537,0.009969128994416876
2019,Other,9000,109,229033.4371,0.0029144097559297938
2019,Other,9030,67,141822.7278,0.0018046689895870036
2019,Other,9040,18,41399.2084,0.0005267975644798577
2019,Other,9050,28,58389.246399999996,0.0007429927765317921
2019,Other,9110,3,3799.139,4.8343368138421746e-05
2019,Other,9120,111,258966.2091,0.0032952989564037543
2019,Other,9130,1080,2351195.4189,0.029918543570333547
2019,Other,9140,116,292977.2707,0.003728083666757163
2019,Other,9150,35,79146.83260000001,0.0010071293694102373
2019,Other,9200,30,54426.9512,0.0006925732747639703
2019,Other,9260,5,9424.6019,0.00011992638311200748
2019,Other,9300,1,3458.9096,4.401400952961213e-05
2019,Other,9310,11,18741.283,0.00023847949323658468
2019,Other,9350,16,34528.1204,0.0004393641916299851
2019,Other,9360,25,44989.018,0.000572477253230293
2019,Other,9410,14,32358.7908,0.00041175985826224696
2019,Other,9415,2,3926.8469,4.9968428454426174e-05
2019,Other,9420,34,67906.5791,0.0008640991425826104
2019,Other,9510,33,73355.4412,0.0009334349437827755
2019,Other,9560,3,2618.4977,3.331991756045531e-05
2019,Other,9600,166,351943.5055,0.004478418518067688
2019,Other,9610,80,166342.6205,0.00211668026359164
2019,Other,9620,503,1147437.4088,0.014600936967406334
2019,Other,9630,1,2506.2176,3.189117325578027e-05
2019,Other,9640,154,333589.0531,0.004244861375422384
2019,Other,9650,11,21837.9528,0.0002778840657317034
2019,Other,9720,25,47944.6545,0.0006100872020641883
2019,Other,9750,16,33665.705,0.0004283901090364174
2019,Tech,110,318,672946.7831,0.13114149566846126
2019,Tech,1005,8,20910.270800000002,0.004074919824881695
2019,Tech,1006,195,466453.0923,0.09090073348981406
2019,Tech,1007,60,139148.1294,0.027116696694681898
2019,Tech,1010,137,316878.85,0.061752232685131594
2019,Tech,1020,735,1723613.7284,0.33589176436181845
2019,Tech,1030,61,144909.352,0.028239423435662055
2019,Tech,1050,229,508583.9596,0.09911104831750295
2019,Tech,1060,43,90747.45910000001,0.017684544771377653
2019,Tech,1105,119,257459.3551,0.05017277108617101
2019,Tech,1106,48,88975.3307,0.017339198638921256
2019,Tech,1107,297,627370.9514,0.12225983832857633
2019,Tech,1400,33,73458.4964,0.014315332696999822
2020,Finance,120,530,1140206.2959,0.28031423262311944
2020,Finance,800,542,1202286.2935,0.2955763013830127
2020,Finance,820,23,47553.6923,0.011690846484011634
2020,Finance,830,11,32732.2471,0.008047065483553103
2020,Finance,840,114,262132.8133,0.06444409109978581
2020,Finance,850,163,358121.9399,0.08804255609668694
2020,Finance,860,46,117615.7399,0.028915263836922746
2020,Finance,900,3,5809.3997,0.0014282129687953429
2020,Finance,910,180,361977.44,0.08899041224850446
2020,Finance,950,22,43244.2368,0.0106313875809607
2020,Finance,4810,191,371742.4649,0.09139109664327755
2020,Finance,4820,52,124177.8765,0.030528533551369592
2020,Healthcare,350,328,651270.9394,0.09634141801682083
2020,Healthcare,3000,4,12599.7828,0.001863864742336374
2020,Healthcare,3010,19,35033.8173,0.0051824938486180975
2020,Healthcare,3030,26,52316.5277,0.007739096218507375
2020,Healthcare,3040,11,21725.435100000002,0.003213807185216488
2020,Healthcare,3050,109,205261.81,0.030364035371081774
2020,Healthcare,3060,353,704209.8213,0.10417257804857306
2020,Healthcare,3110,48,90280.883,0.013355099639550559
2020,Healthcare,3120,4,4460.3531,0.0006598125549799754
2020,Healthcare,3140,11,21051.9989,0.003114186897365733
2020,Healthcare,3150,45,86406.93980000001,0.012782033717787706
2020,Healthcare,3160,64,111845.63,0.01654513650357524
2020,Healthcare,3200,6,9650.4229,0.0014275708778047778
2020,Healthcare,3210,8,12930.2252,0.0019127465324838212
2020,Healthcare,3220,35,79983.0113,0.011831752746401452
2020,Healthcare,3230,48,110921.7522,0.016408468809776002
2020,Healthcare,3245,53,106522.1271,0.015757639646007546
2020,Healthcare,3250,21,44846.5599,0.0066340764074668225
2020,Healthcare,3255,1137,2254786.4026,0.3335467717193989
2020,Healthcare,3256,10,21297.3797,0.003150485667656146
2020,Healthcare,3258,91,162855.3042,0.02409091207515457
2020,Healthcare,3260,1,3343.1794,0.0004945509228115641
2020,Healthcare,3300,142,316171.9325,0.04677078381883741
2020,Healthcare,3310,30,55364.5671,0.008189987576008563
2020,Healthcare,3320,170,320350.0395,0.04738884418151357
2020,Healthcare,3400,72,150986.5994,0.022335194475489397
2020,Healthcare,3420,197,400651.9236,0.05926776724653433
2020,Healthcare,3500,166,332090.2193,0.049125549293438965
2020,Healthcare,3510,89,164253.5689,0.024297755027620663
2020,Healthcare,3520,10,13123.7525,0.0019413747014669844
2020,Healthcare,3535,56,113644.8445,0.016811291287644244
2020,Healthcare,3540,41,89792.9075,0.01328291424207101
2020,Other,10,522,1017321.8114,0.014421457707393092
2020,Other,20,455,917690.9084,0.01300909945667734
2020,Other,40,16,49603.8431,0.0007031793847085236
2020,Other,50,391,861585.915,0.012213760380659503
2020,Other,60,36,68047.6087,0.0009646364601244449
2020,Other,100,78,165443.3366,0.0023453090801852238
2020,Other,135,12,28710.0868,0.0004069914730246436
2020,Other,136,127,251739.4653,0.003568634832580275
2020,Other,137,26,58736.3568,0.0008326410345138017
2020,Other,140,107,211097.7239,0.002992501353294777
2020,Other,150,80,190189.2885,0.0026961053520786955
2020,Other,160,132,260710.5325,0.003695807832082703
2020,Other,205,61,84578.3967,0.001198975346148924
2020,Other,220,269,562127.9806,0.00796867304674127
2020,Other,230,370,720996.4541,0.010220777489941404
2020,Other,300,90,179054.6618,0.0025382619378883724
2020,Other,310,265,549029.7241,0.007782993402366609
2020,Other,340,24,54285.6923,0.0007695488358237759
2020,Other,360,10,16260.9804,0.0002305141190245673
2020,Other,410,162,347748.3672,0.004929647938530184
2020,Other,420,161,318071.9005,0.004508957155512427
2020,Other,425,11,17900.2611,0.00025375240706742577
2020,Other,430,1817,3674544.6491,0.052089997144558656
2020,Other,500,8,14034.1861,0.00019894729379713958
2020,Other,510,6,16851.2925,0.0002388823274802544
2020,Other,520,41,100338.7268,0.0014223922939079823
2020,Other,530,72,150818.5088,0.002137988905553994
2020,Other,540,110,239209.2796,0.003391008106097674
2020,Other,565,119,225025.4638,0.0031899396758360067
2020,Other,600,45,94220.392,0.0013356593588926156
2020,Other,630,304,610702.0676,0.008657254706444129
2020,Other,640,37,77785.1685,0.0011026751861748154
2020,Other,650,59,118969.5086,0.001686500493273744
2020,Other,700,41,100903.6825,0.0014304010524372902
2020,Other,710,294,648093.4649,0.0091873116154179
2020,Other,725,20,41893.4495,0.0005938775748350757
2020,Other,726,32,61283.2159,0.000868745068051423
2020,Other,735,111,250172.3089,0.0035464189717875445
2020,Other,740,178,339337.7496,0.004810419819509973
2020,Other,810,22,40944.7051,0.0005804282640207356
2020,Other,930,22,40375.056,0.000572352972297265
2020,Other,940,23,57400.3126,0.0008137013983931602
2020,Other,1200,14,37335.3108,0.0005292618320584417
2020,Other,1220,70,143256.1061,0.002030785000671389
2020,Other,1240,90,184174.5095,0.0026108404142824193
2020,Other,1300,58,138146.0652,0.0019583455445459142
2020,Other,1310,16,31265.6277,0.0004432185789373197
2020,Other,1320,40,100539.0411,0.0014252319304647377
2020,Other,1340,7,26534.6744,0.0003761530327482431
2020,Other,1350,32,62842.5616,0.0008908502051002473
2020,Other,1360,149,306343.8868,0.00434270194337506
2020,Other,1410,126,277341.3606,0.003931564877095839
2020,Other,1420,12,17764.132,0.0002518226538306463
2020,Other,1430,90,179865.6732,0.0025497587587313443
2020,Other,1440,2,2799.567,3.9686396808844984e-05
2020,Other,1450,21,47704.0447,0.0006762480224088504
2020,Other,1460,118,269874.6949,0.003825718130863585
2020,Other,1520,12,27868.4305,0.0003950602329798566
2020,Other,1530,215,468404.6453,0.006640059916580701
2020,Other,1540,47,87800.9512,0.0012446579737213769
2020,Other,1550,144,264086.2286,0.0037436613804816762
2020,Other,1560,12,30549.2069,0.0004330626654868075
2020,Other,1600,14,31635.333,0.0004484594862769665
2020,Other,1610,54,94954.2429,0.001346062359790943
2020,Other,1640,14,23540.4025,0.0003337065177061047
2020,Other,1650,46,97853.6868,0.0013871646020806917
2020,Other,1700,6,8205.1127,0.0001163149010091537
2020,Other,1710,10,9324.6583,0.00013218547346810768
2020,Other,1720,33,69688.7566,0.00098790121741777
2020,Other,1740,27,52411.9339,0.0007429866140993783
2020,Other,1760,140,289994.0744,0.004110928550326573
2020,Other,1800,17,10679.7478,0.00015139509395888334
2020,Other,1820,41,91158.4475,0.0012922535234781887
2020,Other,1840,13,30364.7589,0.0004304479480970833
2020,Other,1860,26,40628.4651,0.0005759452757133192
2020,Other,1900,14,21276.999799999998,0.0003016207352653161
2020,Other,1910,5,5972.7641,8.466933855064868e-05
2020,Other,1920,14,31057.7931,0.00044027233531957177
2020,Other,1965,74,146642.8906,0.0020787957371792296
2020,Other,2000,291,573477.5325,0.008129563220223804
2020,Other,2010,305,640919.6552,0.009085616368122395
2020,Other,2015,38,74071.0737,0.0010500245298345784
2020,Other,2016,68,119646.8194,0.0016961019870660753
2020,Other,2025,28,48427.853500000005,0.0006865086674480777
2020,Other,2040,138,257064.4651,0.003644121525725972
2020,Other,2050,15,33627.7979,0.00047670448010961834
2020,Other,2060,25,54220.3791,0.0007686229620825667
2020,Other,2100,405,807571.9431,0.01144806342750739
2020,Other,2105,7,10852.7118,0.00015384701525158505
2020,Other,2145,141,299011.6073,0.0042387602431941535
2020,Other,2160,68,124513.3831,0.0017650899334498273
2020,Other,2200,405,799126.6211,0.011328343342197601
2020,Other,2300,152,293292.5823,0.004157687886108325
2020,Other,2310,1178,2320734.1911,0.03289850823211178
2020,Other,2320,355,697673.2316,0.009890149695358893
2020,Other,2330,135,283515.3524,0.004019086800475188
2020,Other,2340,135,264332.4093,0.0037471512147835093
2020,Other,2400,22,37213.2404,0.0005275313736221856
2020,Other,2430,72,162558.3805,0.0023044122155769834
2020,Other,2440,6,11394.8133,0.00016153179480487672
2020,Other,2540,259,515910.9733,0.00731350512576453
2020,Other,2550,57,105735.4513,0.0014988957496120307
2020,Other,2600,36,80605.1659,0.0011426512024002929
2020,Other,2630,218,511020.268,0.0072441749503442164
2020,Other,2710,49,119671.2894,0.0016964488714699536
2020,Other,2720,41,79373.5577,0.0011251920411306296
2020,Other,2750,7,12963.1687,0.0001837646525081197
2020,Other,2760,3,10923.0746,0.00015484447164444204
2020,Other,2800,9,21358.745199999998,0.00030277955031839316
2020,Other,2810,24,39473.3151,0.0005595699786499742
2020,Other,2825,56,108837.33,0.0015428676884658263
2020,Other,2830,19,33413.8487,0.00047367155650102647
2020,Other,2840,20,40516.2049,0.000574353885743713
2020,Other,2850,37,96543.4005,0.0013685901075124272
2020,Other,2860,26,55308.6357,0.0007840499846390708
2020,Other,2900,10,20963.366400000003,0.0002971746978727811
2020,Other,2910,21,65616.2547,0.0009301698159516953
2020,Other,2920,24,57649.6668,0.0008172362199306165
2020,Other,3600,511,1091683.5721,0.015475602988625716
2020,Other,3610,11,23848.2366,0.0003380703447707521
2020,Other,3620,12,27242.3516,0.00038618499775274997
2020,Other,3630,3,4250.8295,6.025935664470402e-05
2020,Other,3640,47,83554.4787,0.0011844603814962764
2020,Other,3645,177,345887.2807,0.004903265352460773
2020,Other,3646,11,30036.397,0.00042579312088262254
2020,Other,3647,8,16690.6681,0.00023660533118919128
2020,Other,3648,10,16077.1449,0.00022790808437686913
2020,Other,3649,36,76677.8004,0.0010869772408032428
2020,Other,3655,37,75998.4268,0.0010773465049533585
2020,Other,3700,17,24927.7899,0.00035337399017023636
2020,Other,3710,36,67703.7997,0.000959762656282475
2020,Other,3720,33,64824.0256,0.0009189392512157507
2020,Other,3730,41,75484.1976,0.0010700568404867123
2020,Other,3740,134,270109.1551,0.0038290418164667796
2020,Other,3750,11,18271.8116,0.0002590194717876217
2020,Other,3800,143,294925.0987,0.004180830284074634
2020,Other,3820,69,135731.6441,0.0019241189395608402
2020,Other,3840,6,12779.2797,0.00018115785944948536
2020,Other,3850,339,670161.3776,0.009500144257092542
2020,Other,3900,7,20170.4197,0.0002859339605071584
2020,Other,3910,41,83197.8831,0.0011794053160229772
2020,Other,3930,224,495931.1511,0.007030273057377037
2020,Other,3940,2,3487.5128999999997,4.943865277214858e-05
2020,Other,3945,24,40318.6203,0.0005715529451557875
2020,Other,3955,12,27780.808699999998,0.00039381811463658944
2020,Other,4000,70,141111.8628,0.002000388410606387
2020,Other,4010,108,202849.4481,0.0028755745762654747
2020,Other,4020,297,603813.3282,0.008559600588739096
2020,Other,4030,115,236589.1213,0.0033538649900387305
2020,Other,4040,34,77874.3003,0.0011039387101351586
2020,Other,4050,46,102739.3147,0.001456422800759189
2020,Other,4110,109,235630.5212,0.003340275965754047
2020,Other,4120,19,40101.9535,0.0005684814971068205
2020,Other,4130,17,30398.9922,0.00043093323611765087
2020,Other,4140,31,60707.8826,0.0008605891976467703
2020,Other,4150,7,18267.1724,0.0002589537069275288
2020,Other,4200,80,154056.2762,0.0021838871897569235
2020,Other,4210,32,62497.9042,0.0008859643744201797
2020,Other,4220,502,947153.1732,0.013426753733835223
2020,Other,4230,227,426461.3111,0.006045475180960086
2020,Other,4240,29,67018.5669,0.0009500488609679726
2020,Other,4250,217,437057.4164,0.006195684566755856
2020,Other,4320,27,62330.3177,0.0008835886840584897
2020,Other,4340,9,19554.5753,0.00027720380858334124
2020,Other,4350,19,49632.1182,0.0007035802098498435
2020,Other,4400,14,27082.874,0.0003839242583899405
2020,Other,4430,13,23096.4446,0.0003274130125369762
2020,Other,4460,2,4084.9233999999997,5.790748747436164e-05
2020,Other,4465,9,18615.3268,0.0002638891107486002
2020,Other,4500,4,11738.739,0.00016640725297500082
2020,Other,4510,39,85088.9392,0.0012062127483053217
2020,Other,4520,20,26246.1883,0.0003720634811002789
2020,Other,4530,21,57089.2432,0.0008092917080219387
2020,Other,4540,4,9517.7271,0.0001349223985026604
2020,Other,4600,86,193645.5354,0.002745100780994217
2020,Other,4610,314,623387.5753,0.008837083262897274
2020,Other,4620,36,76915.7624,0.001090350567591788
2020,Other,4640,5,10404.1842,0.00014748873044778544
2020,Other,4650,7,13849.4298,0.00019632820597579646
2020,Other,4700,912,1891257.0293999999,0.02681028063850081
2020,Other,4710,318,690924.7062,0.009794483238046396
2020,Other,4720,296,609254.2472,0.00863673054149207
2020,Other,4740,20,39020.0608,0.0005531446885943637
2020,Other,4750,26,50181.4444,0.0007113674060665067
2020,Other,4760,452,984560.6301,0.01395703830217853
2020,Other,4800,38,89678.4782,0.001271273618762671
2020,Other,4830,8,17271.9516,0.00024484555106584876
2020,Other,4840,160,358199.4682,0.005077801757094025
2020,Other,4850,408,914546.6078,0.01296452614898444
2020,Other,4920,173,351971.9011,0.004989520355332858
2020,Other,4930,10,25336.0746,0.00035916179543268596
2020,Other,4940,5,9854.617,0.00013969811783793334
2020,Other,4950,7,15591.300799999999,0.00022102080440113137
2020,Other,4965,70,140090.7291,0.001985912915927001
2020,Other,5000,503,1008921.0996,0.014302370012056082
2020,Other,5010,3,3641.8418,5.1626404651090064e-05
2020,Other,5020,4,4176.259,5.920225229491208e-05
2020,Other,5100,27,54038.389,0.0007660430876505988
2020,Other,5110,174,384207.6776,0.0054464916718329585
2020,Other,5120,259,556786.2498999999,0.007892949177940775
2020,Other,5140,50,109949.4379,0.0015586328247935697
2020,Other,5150,10,30645.1048,0.00043442210504032947
2020,Other,5160,93,199852.1126,0.00283308463191971
2020,Other,5165,24,59379.2324,0.0008417543781702758
2020,Other,5220,24,38361.1295,0.0005438037408543854
2020,Other,5230,16,36375.3027,0.0005156528480990275
2020,Other,5240,665,1385970.6089,0.019647388167599453
2020,Other,5250,38,60129.789300000004,0.0008523942017433558
2020,Other,5260,54,110154.4264,0.001561538722367105
2020,Other,5300,7,15127.4855,0.00021444580260913517
2020,Other,5310,44,77282.9482,0.001095555758737909
2020,Other,5320,12,36925.4891,0.0005234522384294715
2020,Other,5330,54,92481.1508,0.0013110040402631662
2020,Other,5340,4,5801.7759,8.224542601173457e-05
2020,Other,5350,23,52311.0731,0.0007415568209452021
2020,Other,5360,8,16355.378400000001,0.00023185229613765707
2020,Other,5400,265,528688.7806,0.0074946421126109814
2020,Other,5410,18,46560.0148,0.0006600303628305716
2020,Other,5420,40,76775.2391,0.001088358522591726
2020,Other,5500,2,4901.9757,6.948994354395363e-05
2020,Other,5510,119,260117.6608,0.0036874033389796856
2020,Other,5520,86,191018.1654,0.0027078554325586715
2020,Other,5530,14,31671.2286,0.0004489683389049949
2020,Other,5540,30,48186.8198,0.0006830917965310736
2020,Other,5550,128,260299.4887,0.0036899809140798056
2020,Other,5560,23,50409.9281,0.0007146063693713867
2020,Other,5600,60,113610.818,0.0016105362025361307
2020,Other,5610,162,356404.4438,0.005052355661101338
2020,Other,5620,332,740696.7503,0.010500047024210446
2020,Other,5630,19,41146.53,0.0005832893147001104
2020,Other,5700,810,1539998.9414,0.021830879230110088
2020,Other,5810,56,126019.0622,0.0017864342978566746
2020,Other,5820,4,7118.3634,0.00010090924579478145
2020,Other,5840,82,173175.024,0.002454912748951982
2020,Other,5850,21,43818.4463,0.000621166147268083
2020,Other,5860,355,713691.5887,0.010117224409447312
2020,Other,5900,4,9831.192,0.0001393660472551442
2020,Other,5910,1,5076.243,7.196034029409608e-05
2020,Other,5920,17,42499.0735,0.0006024628433358688
2020,Other,5940,206,423831.4567,0.006008194613905293
2020,Other,6005,28,29502.046000000002,0.00041821821168373465
2020,Other,6010,5,4225.6645,5.990261998660847e-05
2020,Other,6040,17,31832.1911,0.0004512501280696563
2020,Other,6050,251,397709.0526,0.005637885885907856
2020,Other,6100,2,1376.3222999999998,1.951061465385975e-05
2020,Other,6120,4,5146.4681,7.295584466478656e-05
2020,Other,6130,11,17780.0835,0.00025204878078481326
2020,Other,6200,248,443709.75800000003,0.00628998753162349
2020,Other,6210,6,13421.3941,0.0001902604124068082
2020,Other,6220,38,61970.9351,0.0008784941103369841
2020,Other,6230,245,453151.1166,0.006423827337498542
2020,Other,6240,25,47323.674100000004,0.0006708559247858902
2020,Other,6250,17,37226.723,0.0005277225016836374
2020,Other,6260,464,960985.3018,0.013622836679637405
2020,Other,6320,134,247409.6621,0.003507255952239348
2020,Other,6330,40,87586.043,0.0012416114554195557
2020,Other,6355,242,462806.8558,0.006560706182467753
2020,Other,6360,15,30047.7231,0.00042595367860419044
2020,Other,6400,19,33646.8242,0.000476974195137551
2020,Other,6420,110,218020.9847,0.003090644843098708
2020,Other,6440,185,360612.2334,0.005112004888197433
2020,Other,6460,8,20182.4235,0.000286104125239781
2020,Other,6515,38,80850.9474,0.0011461353776807104
2020,Other,6520,36,74667.5302,0.001058479840723089
2020,Other,6530,14,27176.4495,0.00038525077582088113
2020,Other,6600,15,48725.2266,0.0006907242003668741
2020,Other,6660,33,72363.2765,0.001025814958372908
2020,Other,6700,11,18802.813000000002,0.00026654689737395427
2020,Other,6710,4,5751.4794,8.153242758837265e-05
2020,Other,6720,11,21222.2787,0.0003008450141311491
2020,Other,6730,39,62496.6683,0.0008859468544187595
2020,Other,6740,7,8676.6669,0.0001229996087150516
2020,Other,6765,8,14904.8941,0.00021129036799134022
2020,Other,6800,9,7430.143099999999,0.00010532900531157194
2020,Other,6820,12,15134.5481,0.00021454592135824964
2020,Other,6830,6,16471.138,0.00023349329327043976
2020,Other,6840,31,29568.8149,0.00041916472129035955
2020,Other,6940,30,33605.2021,0.00047638416418754426
2020,Other,7000,119,226689.641,0.0032135308943063746
2020,Other,7010,62,113394.8898,0.001607475224810854
2020,Other,7020,44,84824.97,0.0012024707459111967
2020,Other,7030,1,3321.7567,4.708890857001795e-05
2020,Other,7040,13,28272.0723,0.0004007822209313635
2020,Other,7100,6,6240.8899,8.847026451294535e-05
2020,Other,7120,3,7941.8587,0.00011258303722253396
2020,Other,7130,20,37440.9073,0.0005307587580475768
2020,Other,7140,62,112210.3391,0.001590683146207129
2020,Other,7150,27,62730.011,0.000889254698447728
2020,Other,7160,7,15775.1731,0.00022362736072214639
2020,Other,7200,229,478557.6821,0.00678398840525756
2020,Other,7210,133,278786.0226,0.003952044268868445
2020,Other,7220,121,202931.6912,0.0028767404466666434
2020,Other,7240,13,21134.3288,0.0002995982446733372
2020,Other,7260,23,40840.5153,0.0005789512792776542
2020,Other,7300,7,5291.9284,7.501787610955413e-05
2020,Other,7315,150,278048.3036,0.003941586434150639
2020,Other,7320,8,13074.479000000001,0.00018534257678523528
2020,Other,7330,180,385105.8043,0.005459223430923139
2020,Other,7340,219,444337.7259,0.0062988895451358004
2020,Other,7350,11,21259.3663,0.000301370764438353
2020,Other,7360,15,37290.2258,0.0005286227113658037
2020,Other,7410,44,85198.216,0.001207761845878911
2020,Other,7420,62,145015.58610000001,0.002055727222614006
2020,Other,7430,19,37475.3542,0.0005312470740415269
2020,Other,7510,9,11455.6074,0.00016239360621222532
2020,Other,7540,4,5999.1078,8.504278434837853e-05
2020,Other,7560,1,2806.9395,3.9790908671026955e-05
2020,Other,7610,6,11969.766599999999,0.00016968227836549696
2020,Other,7630,47,104666.4153,0.0014837411964618683
2020,Other,7700,312,631229.4306,0.008948248661386876
2020,Other,7720,31,70021.6384,0.0009926201183068156
2020,Other,7730,1,1619.495,2.2957807832404226e-05
2020,Other,7740,2,3218.3181,4.562257276703435e-05
2020,Other,7750,291,627752.6802,0.008898962576796041
2020,Other,7800,45,94769.389,0.001343441888401238
2020,Other,7810,77,156116.1828,0.002213088230745319
2020,Other,7830,2,9734.283599999999,0.0001379922829492675
2020,Other,7840,36,69363.6998,0.0009832932429880768
2020,Other,7850,1,421.516,5.9753709188874925e-06
2020,Other,7855,54,109185.9831,0.001547810161810895
2020,Other,7900,25,51336.6086,0.0007277429044277075
2020,Other,7920,10,24523.6449,0.00034764486890315806
2020,Other,7950,28,54944.1476,0.0007788830358328083
2020,Other,8030,99,181549.9951,0.002573635546562187
2020,Other,8040,9,10501.2888,0.00014886527606629152
2020,Other,8100,9,19104.2294,0.0002708197477308464
2020,Other,8130,10,23731.8057,0.00033641983135270886
2020,Other,8140,179,324484.2245,0.004599857653600482
2020,Other,8220,116,217738.7266,0.003086643578989254
2020,Other,8250,3,5783.9371,8.199254487140336e-05
2020,Other,8255,37,99101.5292,0.0014048538978329642
2020,Other,8256,5,7699.7339,0.00010915069897520421
2020,Other,8300,30,47316.2507,0.0006707506913701258
2020,Other,8310,4,5197.1224999999995,7.367391664467271e-05
2020,Other,8320,23,41252.7466,0.0005847950311681523
2020,Other,8330,4,6014.8656,8.526616542967947e-05
2020,Other,8350,4,5506.071900000001,7.80535540965553e-05
2020,Other,8420,7,12867.9327,0.00018241459598634788
2020,Other,8450,3,4608.765299999999,6.533342066635142e-05
2020,Other,8460,9,19465.666400000002,0.0002759434444323001
2020,Other,8500,14,28548.5503,0.0004047015468903121
2020,Other,8510,2,3765.9115,5.3385204974909555e-05
2020,Other,8530,3,2933.0767,4.1579017679154516e-05
2020,Other,8540,10,14516.0064,0.0002057775327649359
2020,Other,8550,3,3136.661,4.446500944639957e-05
2020,Other,8600,12,15770.1533,0.00022355620051247788
2020,Other,8610,22,42388.3174,0.0006008927753454974
2020,Other,8620,53,100121.0068,0.0014193059157955022
2020,Other,8630,26,49796.1948,0.0007059061442013508
2020,Other,8640,25,55726.3911,0.0007899720456483047
2020,Other,8650,20,37908.3731,0.0005373855089820478
2020,Other,8710,11,19797.0616,0.0002806412714204545
2020,Other,8720,10,20224.4167,0.0002866994168682626
2020,Other,8730,4,2386.073,3.382474500266333e-05
2020,Other,8740,249,511031.7331,0.007244337478516628
2020,Other,8750,4,7071.5285,0.00010024531868537397
2020,Other,8760,9,17058.4699,0.00024181925469300721
2020,Other,8800,83,156589.6909,0.0022198006367526767
2020,Other,8810,35,57722.6426,0.0008182707179641492
2020,Other,8830,7,14919.284599999999,0.00021149436635725812
2020,Other,8850,3,4606.4351,6.530038797170831e-05
2020,Other,8920,5,7618.6208,0.00010800084734707903
2020,Other,8930,1,753.887,1.0687030755481013e-05
2020,Other,8940,3,5596.5003,7.933545853577356e-05
2020,Other,8950,7,11103.5158,0.00015740238901661572
2020,Other,8965,388,771703.2089,0.010939591646516904
2020,Other,9000,108,236180.6997,0.0033480752440948384
2020,Other,9030,59,122889.8655,0.0017420751016205681
2020,Other,9040,12,27537.7405,0.0003903724028401539
2020,Other,9050,15,31732.3103,0.0004498342273027217
2020,Other,9120,88,210446.8151,0.0029832741317554574
2020,Other,9130,980,1926469.5355,0.027309449792058654
2020,Other,9140,29,73318.7191,0.0010393592222364535
2020,Other,9150,34,51453.8657,0.0007294051299787497
2020,Other,9200,19,28123.1482,0.0003986710869856497
2020,Other,9260,5,8500.4469,0.00012050153067453511
2020,Other,9300,3,9844.9042,0.00013956043010446422
2020,Other,9310,6,9682.1131,0.00013725271887928247
2020,Other,9350,9,21846.9726,0.0003097006157293481
2020,Other,9360,11,15003.596,0.0002126895567834595
2020,Other,9410,17,33988.965599999996,0.0004818243592397616
2020,Other,9415,4,9415.1906,0.00013346885078389166
2020,Other,9420,17,33953.9184,0.000481327533449831
2020,Other,9510,31,58190.1581,0.0008248981734411161
2020,Other,9560,6,12852.5271,0.00018219620765891069
2020,Other,9600,177,354801.2024,0.005029628262764107
2020,Other,9610,55,115512.7726,0.0016374981309229162
2020,Other,9620,466,1004832.0454,0.014244403966751905
2020,Other,9630,3,4717.7998,6.687908341807482e-05
2020,Other,9640,120,263875.9955,0.0037406811359549505
2020,Other,9650,5,5152.2024,7.303713355882658e-05
2020,Other,9720,19,38964.1961,0.0005523527558948402
2020,Other,9750,10,21007.579,0.00029780145150559316
2020,Tech,110,309,650589.677,0.12911169536368894
2020,Tech,1005,13,28952.0032,0.005745621778943393
2020,Tech,1006,178,394331.6567,0.07825643494203362
2020,Tech,1007,57,114578.133,0.022738413359786883
2020,Tech,1010,167,425889.19419999997,0.08451913370927548
2020,Tech,1020,745,1703787.2393,0.33812227089032365
2020,Tech,1030,40,87857.0098,0.017435517171389477
2020,Tech,1050,220,448731.4024,0.0890522462544233
2020,Tech,1060,49,99898.9626,0.019825282943061136
2020,Tech,1105,95,213952.2711,0.04245954312710773
2020,Tech,1106,46,94348.6603,0.01872380690514057
2020,Tech,1107,335,719013.3801,0.14269060788354235
2020,Tech,1400,25,57038.2216,0.01131942567128341
2021,Finance,120,492,1120142.9,0.28326163669456833
2021,Finance,800,517,1192176.97,0.30147760589454375
2021,Finance,820,19,39644.47,0.010025290039412573
2021,Finance,830,16,31725.03,0.008022622758207263
2021,Finance,840,130,312978.91,0.07914607885965443
2021,Finance,850,143,318757.45,0.08060735553971465
2021,Finance,860,43,98650.93,0.024946838383960914
2021,Finance,900,6,9993.06,0.0025270441219482115
2021,Finance,910,147,322752.64,0.08161765883075527
2021,Finance,950,22,47199.33,0.011935762362719114
2021,Finance,4810,165,351556.75,0.08890163959975392
2021,Finance,4820,46,108867.75,0.027530466914761586
2021,Healthcare,350,322,683683.54,0.09185070204617875
2021,Healthcare,3000,3,5048.77,0.0006782861394757082
2021,Healthcare,3010,25,56133.96,0.007541418409213298
2021,Healthcare,3030,36,75517.70999999999,0.010145563370473615
2021,Healthcare,3040,11,21143.93,0.002840619527735391
2021,Healthcare,3050,126,281853.1,0.03786606462529699
2021,Healthcare,3060,353,684471.12,0.09195651090610468
2021,Healthcare,3110,63,135685.23,0.018228877695076928
2021,Healthcare,3120,3,6008.39,0.0008072080244424781
2021,Healthcare,3140,2,3704.0,0.0004976205809767573
2021,Healthcare,3150,30,52623.18,0.007069756318694513
2021,Healthcare,3160,98,210126.47,0.028229820755938217
2021,Healthcare,3200,10,14312.82,0.0019228816964945333
2021,Healthcare,3210,2,10546.17,0.001416844287926471
2021,Healthcare,3220,36,91746.03,0.012325786379835585
2021,Healthcare,3230,56,111591.41,0.014991949858589504
2021,Healthcare,3245,42,98582.04,0.013244182510441124
2021,Healthcare,3250,21,41579.02,0.005586008663294873
2021,Healthcare,3255,1129,2506794.84,0.3367798878699615
2021,Healthcare,3256,11,24112.94,0.003239496547477778
2021,Healthcare,3258,85,172566.07,0.023183700866705122
2021,Healthcare,3260,5,13274.460000000001,0.0017833813437777338
2021,Healthcare,3300,123,256888.74,0.03451218251759912
2021,Healthcare,3310,35,85222.35,0.01144935078812218
2021,Healthcare,3320,136,284460.46,0.0382163551215215
2021,Healthcare,3400,94,211987.72,0.02847987375441095
2021,Healthcare,3420,229,530523.45,0.07127413267030065
2021,Healthcare,3500,189,411643.14,0.055302942354723716
2021,Healthcare,3510,74,158008.23,0.021227901515040254
2021,Healthcare,3520,17,33033.93,0.004438003088160241
2021,Healthcare,3535,34,58816.9,0.007901862837271014
2021,Healthcare,3540,54,111731.92,0.015010826928738815
2021,Other,10,498,1057278.28,0.013622072374214804
2021,Other,20,431,955186.23,0.01230670884103794
2021,Other,40,21,54919.18,0.0007075838583315361
2021,Other,50,423,993259.93,0.012797253957460973
2021,Other,60,52,112309.4,0.0014470048274373328
2021,Other,100,66,145863.63,0.0018793206691295028
2021,Other,135,4,8547.26,0.00011012369829561922
2021,Other,136,110,233943.15,0.0030141454535051924
2021,Other,137,23,43923.61,0.0005659159047103333
2021,Other,140,107,239752.62,0.003088995209045266
2021,Other,150,82,211859.55,0.002729618282963857
2021,Other,160,103,240198.4,0.0030947386803128096
2021,Other,205,58,87634.39,0.0011290896877690195
2021,Other,220,242,501858.12,0.006465987017370089
2021,Other,230,353,749110.74,0.009651612928794497
2021,Other,300,84,210524.91,0.002712422656214084
2021,Other,310,248,533634.03,0.006875390817641609
2021,Other,340,18,41076.72,0.0005292363073375126
2021,Other,360,15,30035.7,0.0003869827716598922
2021,Other,410,206,452064.81,0.005824445348159109
2021,Other,420,199,395166.19,0.005091358199491924
2021,Other,425,9,21249.46,0.000273780032663664
2021,Other,430,1903,4117060.91,0.05304459832946787
2021,Other,500,12,31115.3,0.0004008924391650284
2021,Other,510,2,2330.0099999999998,3.0020067046723246e-05
2021,Other,520,47,106010.01,0.0013658428967359805
2021,Other,530,94,234492.21,0.003021219593964965
2021,Other,540,123,315418.25,0.004063878272093302
2021,Other,565,117,247141.76,0.0031841975808023083
2021,Other,600,37,89922.48,0.0011585696536099116
2021,Other,630,342,710731.38,0.009157129660306238
2021,Other,640,21,47442.91,0.0006112588954947219
2021,Other,650,63,141859.88,0.0018277359791761042
2021,Other,700,60,137847.45,0.001776039455289819
2021,Other,710,281,612320.13,0.007889189899038328
2021,Other,725,28,57208.979999999996,0.0007370858559725706
2021,Other,726,23,50566.69,0.000651505969558444
2021,Other,735,92,229362.68,0.0029551302490616474
2021,Other,740,147,320280.46,0.004126523441081954
2021,Other,810,24,54372.68,0.0007005427011515093
2021,Other,930,30,71455.18,0.000920635230937068
2021,Other,940,12,37870.1,0.0004879219149557787
2021,Other,1200,6,19616.23,0.0002527373443907726
2021,Other,1220,55,102298.1,0.0013180183006735592
2021,Other,1240,101,236131.68,0.0030423426789822354
2021,Other,1300,54,108437.59,0.0013971200648001882
2021,Other,1310,12,34861.07,0.0004491532906384575
2021,Other,1320,66,175142.81,0.002256556366260879
2021,Other,1340,10,18302.8,0.0002358149892673277
2021,Other,1350,31,64931.21,0.0008365797904836748
2021,Other,1360,169,327527.64,0.004219896786904364
2021,Other,1410,126,309860.54,0.003992272215970691
2021,Other,1420,16,40646.9,0.0005236984662046323
2021,Other,1430,91,210309.6,0.0027096485820101834
2021,Other,1440,1,3048.72,3.927999399431165e-05
2021,Other,1450,15,39263.13,0.0005058698439338075
2021,Other,1460,134,335210.66,0.004318885536103429
2021,Other,1520,8,22752.55,0.0002931459849888726
2021,Other,1530,213,502364.72,0.006472514099213458
2021,Other,1540,40,101467.52,0.0013073170301692834
2021,Other,1550,146,304560.78,0.003923989611805241
2021,Other,1560,16,36604.96,0.00047162173271471906
2021,Other,1600,6,13615.32,0.00017542105796223705
2021,Other,1610,53,94310.45,0.0012151046700257255
2021,Other,1640,16,19576.309999999998,0.0002522230113722425
2021,Other,1650,68,161727.51,0.0020837123847106255
2021,Other,1700,6,12100.1,0.00015589882158104727
2021,Other,1710,6,12302.24,0.00015850321227156992
2021,Other,1720,21,42475.15,0.0005472538104212545
2021,Other,1740,29,63927.240000000005,0.0008236445469813299
2021,Other,1760,143,305652.27,0.003938052471183882
2021,Other,1800,16,12329.56,0.000158855205710103
2021,Other,1820,48,107297.79,0.0013824347748572887
2021,Other,1840,8,30311.059999999998,0.00039053053568750823
2021,Other,1860,36,85443.7,0.0011008646326496913
2021,Other,1900,13,20911.54,0.0002694262397372694
2021,Other,1910,3,7988.6,0.00010292587053680171
2021,Other,1920,13,34537.21,0.00044498064806878964
2021,Other,1965,77,163239.13,0.0021031882383546734
2021,Other,2000,278,603664.92,0.007777675362833133
2021,Other,2010,306,696931.19,0.008979326719950822
2021,Other,2015,37,75983.18,0.0009789744069867686
2021,Other,2016,84,156471.34,0.0020159913981874023
2021,Other,2025,28,47241.03,0.0006086578546685484
2021,Other,2040,128,262676.21,0.0033843448894121295
2021,Other,2050,11,23236.23,0.0002993777634057717
2021,Other,2060,9,21815.62,0.00028107449112486064
2021,Other,2100,385,790210.43,0.010181145183763163
2021,Other,2105,8,15123.64,0.00019485439409723803
2021,Other,2145,126,287186.96,0.0037001436878574033
2021,Other,2160,56,120674.28,0.0015547787247329643
2021,Other,2200,329,676472.89,0.008715740066819732
2021,Other,2300,167,343897.31,0.004430805148212999
2021,Other,2310,1199,2559873.13,0.03298164514045231
2021,Other,2320,305,654998.18,0.00843905789206128
2021,Other,2330,107,220402.71,0.0028396891564755086
2021,Other,2340,158,366566.6,0.004722878403564526
2021,Other,2400,29,45431.6,0.0005853449890944295
2021,Other,2430,72,169133.53,0.0021791322399684885
2021,Other,2440,5,17902.58,0.00023065851730650372
2021,Other,2540,251,530663.3,0.006837115654111104
2021,Other,2550,32,74519.22,0.0009601126092461062
2021,Other,2600,32,84314.36,0.0010863141103263766
2021,Other,2630,201,519225.99,0.006689756280960706
2021,Other,2700,1,1375.0,1.7715628769509345e-05
2021,Other,2710,51,115604.09,0.0014894539219468708
2021,Other,2720,49,132121.41999999998,0.0017022647485239468
2021,Other,2750,9,17568.44,0.00022635342625410815
2021,Other,2760,2,3887.67,5.008910436244247e-05
2021,Other,2800,7,14879.11,0.0001917038466768685
2021,Other,2810,23,54938.23,0.0007078293003155791
2021,Other,2825,59,109397.34,0.0014094855736813056
2021,Other,2830,24,48262.85,0.0006218230792425556
2021,Other,2840,13,25315.91,0.0003261725552889522
2021,Other,2850,35,80773.33,0.0010406911481869617
2021,Other,2860,30,60313.87,0.0007770895495072339
2021,Other,2900,12,21457.7,0.000276463016325455
2021,Other,2910,12,32490.38,0.00041860909866202984
2021,Other,2920,15,27665.48,0.00035644463520748023
2021,Other,3600,419,949700.47,0.012236029795453487
2021,Other,3610,8,18381.94,0.0002368346364388324
2021,Other,3620,19,43769.53,0.0005639307235606562
2021,Other,3630,12,30134.28,0.00038825288561196366
2021,Other,3640,69,139115.09,0.0017923718477650047
2021,Other,3645,166,333292.69,0.004294174231004479
2021,Other,3646,10,28385.97,0.00036572749584176667
2021,Other,3647,7,11290.84,0.00014547223995340137
2021,Other,3648,15,28604.29,0.0003685403511675552
2021,Other,3649,51,116727.84,0.001503932422186679
2021,Other,3655,72,160792.94,0.002071671297307629
2021,Other,3700,23,43704.89,0.0005630978957470845
2021,Other,3710,48,92611.68,0.0011932175582549766
2021,Other,3720,36,80738.3,0.0010402398183863828
2021,Other,3730,26,47764.13,0.0006153975240571522
2021,Other,3740,114,264659.85,0.0034099022929411104
2021,Other,3750,9,24383.22,0.00031415568998201867
2021,Other,3800,124,267426.68,0.0034455503897762685
2021,Other,3820,68,146895.94,0.0018926210478459043
2021,Other,3840,9,19575.38,0.0002522110291651475
2021,Other,3850,286,616715.83,0.00794582450949806
2021,Other,3900,2,5093.9,6.56302846465481e-05
2021,Other,3910,38,85682.7,0.0011039439310321733
2021,Other,3930,226,563858.37,0.007264804044727741
2021,Other,3940,7,18141.61,0.0002337382022117952
2021,Other,3945,21,43211.94,0.0005567466817820448
2021,Other,3955,16,37138.97,0.00047850196756505053
2021,Other,4000,111,245021.14,0.003156875314125074
2021,Other,4010,139,301311.24,0.003882122234124025
2021,Other,4020,385,843042.5,0.010861838521395694
2021,Other,4030,145,357532.42,0.00460648118238858
2021,Other,4040,76,163651.62,0.0021085027981445894
2021,Other,4050,46,98012.35,0.0012628002963107048
2021,Other,4110,166,357898.34,0.004611195729937191
2021,Other,4120,35,59969.03,0.0007726465986527774
2021,Other,4130,18,43669.68,0.0005626442468096486
2021,Other,4140,32,64620.770000000004,0.0008325800524507974
2021,Other,4150,13,31548.7,0.0004064764053531778
2021,Other,4200,76,177822.88999999998,0.002291086767971851
2021,Other,4210,28,54726.700000000004,0.0007051039279856779
2021,Other,4220,542,1174315.84,0.015129995257886933
2021,Other,4230,288,554792.98,0.007148004710988961
2021,Other,4240,29,80747.44,0.0010403575790023489
2021,Other,4250,242,505131.81,0.006508165545912966
2021,Other,4320,33,69302.91,0.0008929051826957941
2021,Other,4340,8,15567.67,0.00020057531820089276
2021,Other,4350,31,84631.76,0.0010904035216510617
2021,Other,4400,20,33928.979999999996,0.0004371441557877142
2021,Other,4420,2,4852.84,6.252444503114598e-05
2021,Other,4430,13,34053.69,0.00043875093110687467
2021,Other,4460,7,19673.16,0.0002534708358422985
2021,Other,4465,13,26511.53,0.0003415770353394255
2021,Other,4500,13,23322.920000000002,0.00030049468548433813
2021,Other,4510,64,147783.69,0.0019040589019841821
2021,Other,4520,84,182429.85,0.0023504432720561994
2021,Other,4530,11,28588.1,0.00036833175769135276
2021,Other,4540,5,11308.39,0.00014569835579696856
2021,Other,4600,109,220637.78,0.002842717820369944
2021,Other,4610,289,602028.84,0.007756595954893336
2021,Other,4620,50,117825.61,0.0015180761936734457
2021,Other,4640,4,16647.36,0.0002144861452744575
2021,Other,4650,14,33864.81,0.00043631738349815834
2021,Other,4700,889,1956004.12,0.025201340262946043
2021,Other,4710,339,748098.97,0.009638577189361678
2021,Other,4720,326,790931.76,0.010190438867036116
2021,Other,4740,14,44884.21,0.0005782923650710538
2021,Other,4750,52,104871.41,0.0013511730677054617
2021,Other,4760,482,1108110.97,0.014277005512684295
2021,Other,4800,29,81179.45999999999,0.0010459237651412603
2021,Other,4830,10,28493.27,0.0003671099590904709
2021,Other,4840,172,439904.49,0.005667770646458426
2021,Other,4850,364,813244.32,0.010477915979659682
2021,Other,4920,164,368790.48,0.004751531081752116
2021,Other,4930,23,47899.94,0.0006171473128158337
2021,Other,4940,4,9268.98,0.00011942240636509578
2021,Other,4950,7,16225.630000000001,0.0002090525364592101
2021,Other,4965,88,210180.63999999998,0.002707987049293008
2021,Other,5000,483,1075049.48,0.013851038179297498
2021,Other,5020,10,24257.5,0.0003125359017282712
2021,Other,5100,38,88935.73,0.0011458562742002291
2021,Other,5110,150,345474.29,0.004451123106218046
2021,Other,5120,275,569837.07,0.007341834175436298
2021,Other,5140,43,90763.13,0.0011694006669372484
2021,Other,5150,7,12958.65,0.0001669604601847289
2021,Other,5160,55,103269.46,0.0013305333938819597
2021,Other,5165,39,88195.19,0.0011363150874882492
2021,Other,5220,38,72346.26,0.0009321159891072021
2021,Other,5230,16,32530.78,0.0004191296160455121
2021,Other,5240,643,1503650.63,0.01937317553463189
2021,Other,5250,35,80746.79000000001,0.0010403492043414761
2021,Other,5260,38,80926.6,0.0010426658932207818
2021,Other,5300,24,47119.98,0.000607098235132149
2021,Other,5310,41,71565.56,0.0009220573771942161
2021,Other,5320,6,14155.59,0.00018238194723882092
2021,Other,5330,58,148676.59,0.0019155631092047602
2021,Other,5340,5,11778.21,0.000151751560675871
2021,Other,5350,25,61995.409999999996,0.0007987546683443835
2021,Other,5360,29,74183.0,0.0009557807192789176
2021,Other,5400,303,682162.13,0.008789040767780198
2021,Other,5410,21,44407.29,0.0005721476831272325
2021,Other,5420,22,44792.17,0.000577106513091457
2021,Other,5500,3,7123.16,9.177546052786776e-05
2021,Other,5510,142,339448.84,0.004373490644131327
2021,Other,5520,89,206459.94,0.0026600492020473986
2021,Other,5530,2,3688.25,4.7519758406649334e-05
2021,Other,5540,39,97232.93,0.0012527581760375913
2021,Other,5550,115,245782.84,0.0031666891282586995
2021,Other,5560,17,33445.35,0.0004309130215754977
2021,Other,5600,84,187300.42,0.0024131961520677697
2021,Other,5610,176,396932.93,0.0051141210431081005
2021,Other,5620,344,771695.95,0.009942602889551885
2021,Other,5630,19,45681.56,0.0005885654971433216
2021,Other,5700,767,1673577.09,0.021562523958978713
2021,Other,5810,85,197426.13,0.0025436567479861032
2021,Other,5820,18,48059.78,0.000619206706344938
2021,Other,5840,99,234787.98,0.003025030322343989
2021,Other,5850,9,15637.230000000001,0.00020147153575522517
2021,Other,5860,315,697932.63,0.008992229366696233
2021,Other,5900,1,3796.99,4.892077475021038e-05
2021,Other,5920,5,13028.9,0.0001678655677636802
2021,Other,5940,187,451238.7,0.005813801669553452
2021,Other,6005,17,27499.53,0.0003543065198661711
2021,Other,6010,5,5109.110000000001,6.582625171097302e-05
2021,Other,6040,8,13382.4,0.00017242009486915044
2021,Other,6050,210,407251.12,0.005247061569372292
2021,Other,6100,3,6194.96,7.981644480142517e-05
2021,Other,6120,11,20489.63,0.00026399031178516493
2021,Other,6130,8,20034.61,0.00025812779149229063
2021,Other,6200,235,455958.35,0.00587461008215128
2021,Other,6210,5,5925.429999999999,7.634379503979181e-05
2021,Other,6220,21,45081.58,0.0005808352986348633
2021,Other,6230,252,549681.16,0.007082143543384196
2021,Other,6240,28,60756.99,0.0007827987490856666
2021,Other,6250,17,29975.059999999998,0.0003862014802209227
2021,Other,6260,523,1101250.73,0.01418861753805903
2021,Other,6320,113,225885.86,0.0029103345745755344
2021,Other,6330,48,98756.06,0.001272382325599557
2021,Other,6355,298,619600.79,0.007982994604316158
2021,Other,6360,9,15897.880000000001,0.00020482977476524161
2021,Other,6400,22,42125.92,0.000542754298395672
2021,Other,6420,136,293855.41,0.003786060622161428
2021,Other,6440,200,394412.48,0.005081647329266566
2021,Other,6460,1,2210.37,2.8478614082371176e-05
2021,Other,6515,41,98794.15,0.0012728730807267065
2021,Other,6520,37,82935.17,0.0010685444972044714
2021,Other,6530,19,38090.58,0.0004907625999238525
2021,Other,6600,5,11485.68,0.00014798257676027496
2021,Other,6660,19,57181.25,0.0007367285800556409
2021,Other,6700,16,36063.51,0.0004646456402076276
2021,Other,6710,11,25120.58,0.00032365590527618984
2021,Other,6720,8,26352.02,0.0003395218935612259
2021,Other,6730,40,80517.73,0.0010373979738498803
2021,Other,6740,10,15142.16,0.00019509300751164625
2021,Other,6765,14,36751.7,0.0004735123446170011
2021,Other,6800,9,15837.85,0.00020405634262339896
2021,Other,6820,18,29032.35,0.0003740555162956106
2021,Other,6830,3,5781.74,7.449247962314397e-05
2021,Other,6840,23,30365.61,0.0003912333629961459
2021,Other,6940,20,23664.34,0.00030489357273850965
2021,Other,7000,99,195950.76,0.0025246479427368878
2021,Other,7010,63,145586.58,0.0018757511309836171
2021,Other,7020,42,106348.34,0.0013702019721407719
2021,Other,7030,2,6694.51,8.625269378455854e-05
2021,Other,7040,8,16319.69,0.00021026441430798106
2021,Other,7100,6,13759.55,0.0001772793307894562
2021,Other,7120,5,10398.23,0.0001339717691199819
2021,Other,7130,17,32580.37,0.000419768538249643
2021,Other,7140,69,143199.96,0.0018450016953953361
2021,Other,7150,33,71874.96,0.0009260437157696971
2021,Other,7160,12,25404.3,0.00032731138032672454
2021,Other,7200,242,537870.61,0.006929975311119665
2021,Other,7210,134,271998.06,0.00350444847780853
2021,Other,7220,80,174525.2,0.0022485990211813618
2021,Other,7240,9,22561.21,0.0002906807425097759
2021,Other,7260,31,67206.51,0.0008658949687667762
2021,Other,7300,4,13122.24,0.00016906816906502275
2021,Other,7315,154,335505.78,0.0043226878898215805
2021,Other,7320,13,30621.76,0.0003945336235847348
2021,Other,7330,142,329875.52,0.004250147092704622
2021,Other,7340,247,547767.96,0.007057493695411959
2021,Other,7350,7,11722.74,0.00015103688000107487
2021,Other,7360,14,31468.18,0.0004054389781324353
2021,Other,7410,47,81694.94,0.0010525652577362472
2021,Other,7420,57,115486.5,0.0014879388813745023
2021,Other,7430,18,44670.32,0.0005755365862801371
2021,Other,7510,11,24943.63,0.0003213760649047246
2021,Other,7540,2,1418.65,1.827801945735595e-05
2021,Other,7560,2,2648.02,3.411733766853537e-05
2021,Other,7610,9,20176.940000000002,0.00025996158454157374
2021,Other,7630,45,94101.08,0.0012124071273381094
2021,Other,7700,323,652127.7,0.008402074358919242
2021,Other,7720,45,94635.4,0.0012192913562574723
2021,Other,7730,5,9562.89,0.0001232091703299296
2021,Other,7740,4,11835.66,0.00015249175185609525
2021,Other,7750,307,675002.6,0.00869679671276626
2021,Other,7800,43,96779.37,0.001246914466521447
2021,Other,7810,98,197963.21,0.0025505765370039415
2021,Other,7830,1,1901.96,2.4505030759604357e-05
2021,Other,7840,21,37358.12,0.00048132551668856905
2021,Other,7850,10,27286.05,0.0003515560235536512
2021,Other,7855,58,120637.73,0.0015543078111100366
2021,Other,7900,26,60940.39,0.0007851616918611779
2021,Other,7920,9,17785.65,0.00022915198023594464
2021,Other,7950,36,84385.97,0.0010872367402726926
2021,Other,8030,100,244845.97,0.003154618407440307
2021,Other,8040,2,3158.14,4.068977152155508e-05
2021,Other,8100,7,14089.91,0.00018153571996785265
2021,Other,8130,12,26485.19,0.00034123766831266995
2021,Other,8140,181,368624.23,0.004749389101182712
2021,Other,8220,122,269075.78,0.0034667975486153946
2021,Other,8250,3,8293.91,0.0001068595131692518
2021,Other,8255,31,71705.59,0.0009238615368281029
2021,Other,8256,1,1410.65,1.817494670815153e-05
2021,Other,8300,32,62812.56,0.0008092829054709322
2021,Other,8310,4,9318.8,0.00012006429191076629
2021,Other,8320,27,52489.61,0.0006762810509209639
2021,Other,8330,5,12356.09,0.00015919702071465216
2021,Other,8350,8,14370.869999999999,0.0001851556349199118
2021,Other,8420,4,7674.93,9.888451688143298e-05
2021,Other,8450,6,7628.27,9.828334507169822e-05
2021,Other,8460,6,21793.329999999998,0.0002807873046773898
2021,Other,8500,18,39372.6,0.0005072802656657335
2021,Other,8510,1,4187.28,5.394930766108442e-05
2021,Other,8530,1,749.17,9.652376440184229e-06
2021,Other,8540,9,20181.5,0.00026002033600862025
2021,Other,8550,5,12296.3,0.00015842668075528562
2021,Other,8600,10,17693.31,0.00022796226302825264
2021,Other,8610,24,51446.39,0.0006628401067428348
2021,Other,8620,35,75680.92,0.0009750800608399528
2021,Other,8630,18,31808.809999999998,0.0004098276869526229
2021,Other,8640,31,67036.88,0.0008637094399608332
2021,Other,8650,33,64194.92,0.0008270933611697096
2021,Other,8710,14,30703.48,0.000395586511717858
2021,Other,8720,9,17758.760000000002,0.0002288055269576813
2021,Other,8730,3,6637.0,8.551172955871528e-05
2021,Other,8740,288,623754.99,0.008036517706159282
2021,Other,8750,11,21210.8,0.00027328193360313366
2021,Other,8760,23,54740.88,0.0007052866244336427
2021,Other,8800,102,210610.57,0.0027135263076761905
2021,Other,8810,49,85604.03,0.0011029303393846842
2021,Other,8830,4,7113.030000000001,9.164494465918768e-05
2021,Other,8910,2,4612.48,5.9427624281299234e-05
2021,Other,8920,6,14678.810000000001,0.0001891231627186629
2021,Other,8930,10,20240.79,0.0002607842339211615
2021,Other,8950,6,19153.010000000002,0.00024676917452996376
2021,Other,8965,361,789115.95,0.010167043800944506
2021,Other,9000,123,262270.44,0.003379116910731545
2021,Other,9030,45,88559.08,0.0011410034803267487
2021,Other,9040,18,32681.56,0.0004210722796861424
2021,Other,9050,20,56890.0,0.0007329760877799175
2021,Other,9110,2,5587.17,7.198562152155602e-05
2021,Other,9120,93,206950.55,0.0026663702672332958
2021,Other,9130,928,2059509.49,0.0265349131433611
2021,Other,9140,56,138623.07,0.0017860326160070601
2021,Other,9150,36,92029.45,0.0011857160524088156
2021,Other,9200,18,30515.0,0.0003931581177466019
2021,Other,9260,4,9698.85,0.0001249608917026587
2021,Other,9300,13,28956.67,0.00037308044808813677
2021,Other,9310,9,18790.22,0.0002420949541944799
2021,Other,9350,6,16092.1,0.00020733212343405187
2021,Other,9360,14,29240.28,0.0003767345058883699
2021,Other,9410,20,38245.9,0.0004927637573496563
2021,Other,9415,4,8441.83,0.0001087653283020415
2021,Other,9420,21,51550.25,0.0006641782487093811
2021,Other,9510,13,32840.02,0.00042311389316600884
2021,Other,9560,4,11046.689999999999,0.00014232658848861902
2021,Other,9600,221,503231.38,0.006483680227816647
2021,Other,9610,67,137940.76,0.0017772416700683519
2021,Other,9620,497,1163766.21,0.014994072836988255
2021,Other,9630,4,6422.820000000001,8.275221438064001e-05
2021,Other,9640,137,313511.71,0.004039314232184779
2021,Other,9650,5,11141.58,0.00014354916013511993
2021,Other,9720,25,44353.8,0.0005714585129578644
2021,Other,9750,13,20646.38,0.000266009893464889
2021,Tech,110,290,668401.83,0.12664479164933967
2021,Tech,1005,14,38112.979999999996,0.007221420101790339
2021,Tech,1006,156,353518.09,0.06698249891434695
2021,Tech,1007,60,137308.72,0.02601643720221041
2021,Tech,1010,148,348619.98,0.06605443424937504
2021,Tech,1020,754,1829037.83,0.34655517759296134
2021,Tech,1030,53,119874.63,0.022713129825499855
2021,Tech,1050,243,578066.05,0.10952850691896934
2021,Tech,1060,54,121808.52,0.023079551766808336
2021,Tech,1105,93,226839.97,0.04298028438730107
2021,Tech,1106,32,75604.36,0.014325063143501073
2021,Tech,1107,304,692835.49,0.13127433579635495
2021,Tech,1400,38,87739.56,0.016624368451541697
2022,Finance,120,531,1251913.25,0.29938170739064934
2022,Finance,800,481,1152654.36,0.2756450020223655
2022,Finance,820,24,60666.17,0.014507667808014164
2022,Finance,830,14,31404.65,0.0075100872500596634
2022,Finance,840,107,272826.46,0.06524353937155526
2022,Finance,850,125,309463.78,0.07400496386787526
2022,Finance,860,32,96774.14,0.023142503895107535
2022,Finance,900,3,4537.86,0.0010851808419630768
2022,Finance,910,150,354560.55,0.08478937564752805
2022,Finance,950,42,89941.99,0.0215086680585198
2022,Finance,4810,163,379843.55,0.0908355355615299
2022,Finance,4820,67,177075.71,0.042345768284832414
2022,Healthcare,350,346,715280.19,0.0964045534550842
2022,Healthcare,3000,3,7139.4400000000005,0.0009622446346785675
2022,Healthcare,3010,30,69551.89,0.009374115194504599
2022,Healthcare,3030,35,98162.42,0.013230206006642552
2022,Healthcare,3040,7,14918.4,0.0020106829608468927
2022,Healthcare,3050,118,273625.57,0.03687890599870085
2022,Healthcare,3060,335,768150.12,0.10353029531695732
2022,Healthcare,3110,37,85543.49,0.011529442685165741
2022,Healthcare,3120,1,582.29,7.848030494366267e-05
2022,Healthcare,3140,3,4969.28,0.000669753232496598
2022,Healthcare,3150,45,100923.59999999999,0.013602354332054875
2022,Healthcare,3160,106,245584.08,0.033099509673373835
2022,Healthcare,3200,4,6174.38,0.0008321750764018821
2022,Healthcare,3210,2,5102.04,0.0006876464562928519
2022,Healthcare,3220,23,43632.6,0.005880746283612729
2022,Healthcare,3230,48,94469.28,0.012732449298817176
2022,Healthcare,3245,45,122066.99,0.01645203352067702
2022,Healthcare,3250,16,30851.850000000002,0.004158173068533101
2022,Healthcare,3255,1055,2379622.52,0.3207224939813616
2022,Healthcare,3256,6,9683.42,0.0013051190205869275
2022,Healthcare,3258,96,215996.52,0.029111736001597027
2022,Healthcare,3260,2,2069.62,0.000278940748969591
2022,Healthcare,3300,104,250214.93,0.0337236497412925
2022,Healthcare,3310,49,102199.96,0.013774380508046039
2022,Healthcare,3320,157,350805.92,0.04728117532096057
2022,Healthcare,3400,80,173121.58,0.0233331061682816
2022,Healthcare,3420,190,486029.52999999997,0.06550644133683396
2022,Healthcare,3500,152,347848.17,0.04688253354118225
2022,Healthcare,3510,73,168741.16,0.022742718736965043
2022,Healthcare,3520,16,25882.75,0.0034884440962073627
2022,Healthcare,3535,42,88220.79,0.011890285770957472
2022,Healthcare,3540,52,132403.74,0.017845207526973546
2022,Other,10,498,1121755.55,0.014027299787649428
2022,Other,20,474,1118663.46,0.013988633900593737
2022,Other,40,20,51983.0,0.0006500356738697483
2022,Other,50,357,881783.5,0.011026503503640137
2022,Other,60,65,113395.23,0.0014179817391582845
2022,Other,100,73,171220.05,0.002141068052666487
2022,Other,135,2,6244.56,7.808681237366208e-05
2022,Other,136,142,308229.85,0.003854344655974481
2022,Other,137,21,40793.64,0.0005101152543523829
2022,Other,140,111,266700.5,0.0033350295142430954
2022,Other,150,83,199657.07,0.002496666564844459
2022,Other,160,133,286026.33999999997,0.003576694778415977
2022,Other,205,55,101354.23,0.001267411753796423
2022,Other,220,269,636761.2,0.007962554984054586
2022,Other,230,377,845877.62,0.010577508584114785
2022,Other,300,78,188354.32,0.002355328228987904
2022,Other,310,231,567012.23,0.00709035986804222
2022,Other,340,41,103535.69,0.0012946904183813817
2022,Other,360,14,39079.16,0.0004886760691930769
2022,Other,410,175,435232.4,0.005442482858318063
2022,Other,420,183,410565.07,0.005134023468149788
2022,Other,425,5,8693.65,0.0001087121296604224
2022,Other,430,1933,4517504.68,0.05649037567807825
2022,Other,500,8,32120.28,0.00040165684655916355
2022,Other,520,31,75783.56,0.0009476563009608623
2022,Other,530,110,282265.03,0.003529660446413534
2022,Other,540,123,303801.38,0.003798967638860002
2022,Other,565,121,288664.24,0.0036096811221072033
2022,Other,600,45,130906.89,0.001636961092190582
2022,Other,630,323,754220.55,0.009431357625871193
2022,Other,640,14,36127.06,0.00045176072546857296
2022,Other,650,64,141596.59,0.0017706333762635567
2022,Other,700,52,138063.48,0.0017264526337187644
2022,Other,710,232,518325.65,0.006481545181727205
2022,Other,725,38,93247.62,0.0011660404267443245
2022,Other,726,38,76161.0,0.0009523761029104496
2022,Other,735,126,301353.58,0.003768358452731876
2022,Other,740,144,345424.51,0.0043194554783097866
2022,Other,810,8,12164.43,0.00015211344963336827
2022,Other,930,29,75000.02,0.0009378583102349731
2022,Other,940,26,71218.66,0.0008905732575111188
2022,Other,1200,13,28832.809999999998,0.0003605477767329399
2022,Other,1220,47,91091.29,0.0011390760071333832
2022,Other,1240,155,373125.75,0.004665853227774566
2022,Other,1300,59,143887.75,0.001799283814571146
2022,Other,1310,14,29600.5,0.00037014756678878646
2022,Other,1320,55,136713.52,0.0017095716888272188
2022,Other,1340,12,31624.03,0.0003954513523945739
2022,Other,1350,23,52886.17,0.0006613296107254307
2022,Other,1360,181,395072.99,0.004940298506865443
2022,Other,1410,72,191518.71,0.002394898211213568
2022,Other,1420,6,15456.83,0.00019328416799607837
2022,Other,1430,86,201745.87,0.0025227865370580508
2022,Other,1450,12,46482.48,0.0005812529136436354
2022,Other,1460,166,438534.1,0.00548376987108023
2022,Other,1520,6,15389.220000000001,0.00019243872021679797
2022,Other,1530,244,569421.75,0.007120490371416451
2022,Other,1540,35,85697.41,0.0010716267560210474
2022,Other,1550,149,348383.43,0.0043564561045938924
2022,Other,1560,31,92171.77,0.0011525871654909769
2022,Other,1600,11,18402.1,0.00023011410411323885
2022,Other,1610,54,100470.73,0.00125636378584798
2022,Other,1640,16,34470.07,0.0004310404397742992
2022,Other,1650,65,149695.51,0.0018719085416025558
2022,Other,1700,8,12911.2,0.0001614516398143065
2022,Other,1710,3,10146.81,0.00012688356724271975
2022,Other,1720,19,40158.21,0.0005021693457236571
2022,Other,1740,30,55428.24,0.0006931176219112813
2022,Other,1760,136,338884.11,0.004237669253555968
2022,Other,1800,23,31509.83,0.0003940233071883349
2022,Other,1820,52,114655.4,0.0014337398803802308
2022,Other,1840,13,28687.3,0.000358728207048528
2022,Other,1860,25,42487.01,0.0005312904637296951
2022,Other,1900,18,32812.36,0.0004103111506426481
2022,Other,1910,10,19671.85,0.0002459920410714004
2022,Other,1920,22,57356.1,0.0007172250757755549
2022,Other,1965,80,189748.32,0.0023727598841323636
2022,Other,2000,245,566195.28,0.007080144092812475
2022,Other,2010,309,662208.25,0.008280764596711555
2022,Other,2015,40,77942.62,0.0009746548586051925
2022,Other,2016,72,160817.26,0.002010983513340641
2022,Other,2025,20,41615.58,0.0005203934284050637
2022,Other,2040,116,243932.09,0.003050315689775621
2022,Other,2050,13,27814.97,0.00034781991742717494
2022,Other,2060,20,45444.16,0.0005682689565635816
2022,Other,2100,356,714104.83,0.00892971960800054
2022,Other,2105,5,7404.44,9.259084979758997e-05
2022,Other,2145,118,277100.91,0.0034650842922064997
2022,Other,2160,68,156532.1,0.001957398555407476
2022,Other,2200,296,624294.36,0.0078066599656749945
2022,Other,2300,167,377937.48,0.004726022824624099
2022,Other,2310,1091,2459698.45,0.030757973557934817
2022,Other,2320,370,785225.98,0.009819073524985737
2022,Other,2330,100,228736.5,0.00286029826897462
2022,Other,2340,218,455841.47000000003,0.0057001946238044495
2022,Other,2400,29,65987.27,0.0008251559071480105
2022,Other,2430,44,96662.44,0.001208741979556665
2022,Other,2440,4,10588.72,0.00013240955198080297
2022,Other,2540,240,557088.07,0.0069662604887607005
2022,Other,2550,53,123503.14,0.0015443788706871453
2022,Other,2600,26,78678.63,0.0009838584974164362
2022,Other,2630,209,523143.88,0.006541796059608617
2022,Other,2700,1,2063.37,2.58019758073336e-05
2022,Other,2710,52,148609.9,0.0018583332337536486
2022,Other,2720,32,78869.5,0.0009862452836556204
2022,Other,2740,1,1984.48,2.481547417580821e-05
2022,Other,2750,13,37664.55,0.00047098669065369125
2022,Other,2760,2,2002.3500000000001,2.5038934489604113e-05
2022,Other,2800,4,9364.220000000001,0.00011709745605225893
2022,Other,2810,14,43376.130000000005,0.0005424087085087781
2022,Other,2825,51,91399.54,0.0011429306037605566
2022,Other,2830,25,55234.32,0.0006906926961109847
2022,Other,2840,9,24558.16,0.00030709424397593635
2022,Other,2850,34,63109.56,0.0007891707935714236
2022,Other,2860,19,36742.78,0.00045946016499909416
2022,Other,2900,18,36942.94,0.00046196312058999445
2022,Other,2910,19,63136.29,0.0007895050461840574
2022,Other,2920,28,82707.17,0.0010342344802110274
2022,Other,3600,437,1036904.61,0.012966257947790596
2022,Other,3610,11,19561.73,0.00024461501534363294
2022,Other,3620,15,40258.51,0.000503423574569417
2022,Other,3630,17,39840.95,0.0004982020810815256
2022,Other,3640,53,124420.48,0.0015558500001923233
2022,Other,3645,177,375183.79,0.0046915885531357586
2022,Other,3646,5,12527.99,0.0001566596853179591
2022,Other,3647,13,29616.079999999998,0.00037034239116981275
2022,Other,3648,21,61022.66,0.000763074580428689
2022,Other,3649,33,84897.62,0.0010616255627154613
2022,Other,3655,65,130258.44,0.001628852371402616
2022,Other,3700,28,60990.95,0.0007626780540408619
2022,Other,3710,47,96196.92,0.0012029207571012499
2022,Other,3720,21,42371.4,0.0005298447867919254
2022,Other,3730,23,52973.17,0.0006624175260751925
2022,Other,3740,109,246062.59,0.00307695711107065
2022,Other,3750,8,16034.98,0.00020051380316234033
2022,Other,3800,128,273896.71,0.0034250164949225143
2022,Other,3820,62,121952.67,0.0015249905935337523
2022,Other,3840,10,15921.3,0.00019909226043865154
2022,Other,3850,261,590818.73,0.007388054773491697
2022,Other,3900,3,8406.57,0.00010512225910169113
2022,Other,3910,33,70947.46,0.0008871819627656545
2022,Other,3930,216,573037.61,0.007165705884020931
2022,Other,3940,5,9326.74,0.00011662877711767186
2022,Other,3945,17,43268.03,0.0005410569424247636
2022,Other,3955,11,20816.82,0.0002603096323129726
2022,Other,4000,141,323714.44,0.004047975956500552
2022,Other,4010,130,281934.53,0.003525527618561853
2022,Other,4020,399,952210.95,0.01190718285880775
2022,Other,4030,162,368705.53,0.004610579375046702
2022,Other,4040,88,209762.93,0.0026230380615863426
2022,Other,4050,45,136359.79,0.001705148375072377
2022,Other,4110,228,596771.58,0.0074624938182023814
2022,Other,4120,39,99625.11,0.0012457894987437778
2022,Other,4130,38,80294.48,0.001004064336702788
2022,Other,4140,33,84745.16,0.0010597190848508097
2022,Other,4150,14,38681.29,0.00048370079470790755
2022,Other,4200,66,127657.74,0.001596331205309219
2022,Other,4210,43,93268.03,0.0011662956491844238
2022,Other,4220,507,1139357.04,0.01424740244454229
2022,Other,4230,290,570388.32,0.007132577110952304
2022,Other,4240,35,82472.94,0.001031305486965341
2022,Other,4250,214,483955.0,0.006051747966597427
2022,Other,4320,28,76750.85,0.0009597520439340934
2022,Other,4340,7,17803.02,0.00022262274402432732
2022,Other,4350,44,122527.09,0.0015321735858924899
2022,Other,4400,21,41802.98,0.0005227368230779989
2022,Other,4430,17,40740.18,0.0005094467491271155
2022,Other,4460,7,16362.710000000001,0.0002046119927896672
2022,Other,4465,18,45129.0,0.0005643279519471341
2022,Other,4500,12,38039.07,0.00047566997866280375
2022,Other,4510,69,178407.97,0.002230951368768325
2022,Other,4520,53,122912.58,0.0015369940512738657
2022,Other,4530,15,28307.63,0.0003539805194526192
2022,Other,4540,4,7149.61,8.940425820471869e-05
2022,Other,4600,98,205152.98,0.0025653916780618087
2022,Other,4610,293,671728.78,0.008399816674008886
2022,Other,4620,44,123623.96,0.0015458896974981594
2022,Other,4640,4,7633.05,9.54495662126365e-05
2022,Other,4650,13,24216.71,0.0003028244888474746
2022,Other,4700,827,1872317.02,0.023412901444578017
2022,Other,4710,330,736682.45,0.00921204764661076
2022,Other,4720,306,690236.26,0.008631248531220492
2022,Other,4740,10,19454.35,0.0002432722526969959
2022,Other,4750,31,72255.12,0.0009035339557112811
2022,Other,4760,489,1127205.45,0.014095449556208816
2022,Other,4800,33,91703.34,0.0011467295541428284
2022,Other,4830,17,53003.76,0.0006628000471159882
2022,Other,4840,158,392092.52,0.0049030284026987244
2022,Other,4850,391,964776.35,0.012064310347726107
2022,Other,4900,1,4821.11,6.02868916309213e-05
2022,Other,4920,157,388803.68,0.004861902201331935
2022,Other,4930,14,32809.17,0.0004102712604131568
2022,Other,4940,10,22641.33,0.00028312471777037395
2022,Other,4950,7,19919.600000000002,0.00024909009886339456
2022,Other,4965,67,147246.06,0.0018412787225971067
2022,Other,5000,412,943680.38,0.011800510007713294
2022,Other,5010,6,14110.75,0.0001764517416281775
2022,Other,5020,3,3292.7599999999998,4.1175220081398775e-05
2022,Other,5100,26,58029.43,0.0007256449153440046
2022,Other,5110,162,325049.61,0.0040646719557826385
2022,Other,5120,328,746789.26,0.009338431022888073
2022,Other,5140,39,92757.03,0.00115990570960134
2022,Other,5150,17,41070.49,0.0005135772010717111
2022,Other,5160,47,97803.04,0.0012230049249352664
2022,Other,5165,35,94129.93,0.0011770735140115467
2022,Other,5220,28,60220.04,0.0007530379986123002
2022,Other,5230,18,26557.23,0.000332092162806377
2022,Other,5240,716,1708437.2,0.0213636213101619
2022,Other,5250,24,51022.06,0.0006380193362122758
2022,Other,5260,46,119003.93,0.0014881172658503426
2022,Other,5300,13,21444.24,0.0002681553777008755
2022,Other,5310,55,120810.68,0.0015107102665191028
2022,Other,5320,4,11149.96,0.0001394277314164388
2022,Other,5330,42,102979.04,0.0012877296358590263
2022,Other,5340,4,8211.380000000001,0.00010268145223824279
2022,Other,5350,21,51081.119999999995,0.0006387578681727003
2022,Other,5360,24,47260.4,0.000590980627538885
2022,Other,5400,277,660174.02,0.00825532701002252
2022,Other,5410,26,55682.63,0.0006962987114035331
2022,Other,5420,32,75937.21,0.0009495776595067349
2022,Other,5500,14,30094.57,0.00037632580054576135
2022,Other,5510,145,372471.99,0.0046576781066359416
2022,Other,5520,76,171726.06,0.0021473955934266362
2022,Other,5530,4,6711.299999999999,8.392329065352214e-05
2022,Other,5540,31,81284.19,0.0010164404367121302
2022,Other,5550,103,227644.69,0.002846645431526075
2022,Other,5560,17,37376.69,0.0004673870663711345
2022,Other,5600,65,155755.56,0.0019476880981005333
2022,Other,5610,195,497222.08,0.006217649805430966
2022,Other,5620,301,726188.82,0.009080827173602472
2022,Other,5630,13,29841.239999999998,0.00037315796611409285
2022,Other,5700,615,1388995.22,0.017369071500962993
2022,Other,5810,56,130283.43,0.0016291648657082542
2022,Other,5820,14,33915.68,0.00042410791804148946
2022,Other,5840,87,191527.34,0.0023950061274143545
2022,Other,5850,9,19689.67,0.00024621487614648953
2022,Other,5860,301,679544.69,0.008497552863219883
2022,Other,5900,8,19485.98,0.00024366777870289208
2022,Other,5920,6,7554.59,9.446844163398923e-05
2022,Other,5940,123,297500.01,0.0037201704302677195
2022,Other,6005,19,33193.93,0.0004150825973094138
2022,Other,6010,9,25728.75,0.0003217322075308522
2022,Other,6040,7,12743.9,0.00015935959110148867
2022,Other,6050,192,340033.32,0.004252039865039874
2022,Other,6100,2,2953.01,3.692672306896689e-05
2022,Other,6120,4,5188.5,6.488102060044994e-05
2022,Other,6130,5,10109.96,0.00012642276631583788
2022,Other,6200,211,412900.32,0.005163225241948998
2022,Other,6210,3,10105.95,0.00012637262217155576
2022,Other,6220,29,69271.26,0.0008662214603602436
2022,Other,6230,307,722493.19,0.00903461415516523
2022,Other,6240,35,77027.28,0.0009632087386482848
2022,Other,6250,20,44372.83,0.0005548722168893251
2022,Other,6260,446,999032.73,0.012492678642315456
2022,Other,6320,136,281765.67,0.0035234160624013837
2022,Other,6330,20,48530.13,0.0006068583144015638
2022,Other,6355,314,672044.71,0.008403767307301416
2022,Other,6360,10,15704.62,0.00019638272597903792
2022,Other,6400,21,56293.020000000004,0.0007039315004879138
2022,Other,6420,113,260247.37,0.0032543345811280556
2022,Other,6440,188,465934.31,0.005826403308387093
2022,Other,6460,6,12901.73,0.00016133321960324623
2022,Other,6515,37,84038.34,0.0010508804603965723
2022,Other,6520,34,98550.16,0.001232347491787152
2022,Other,6530,12,26091.46,0.0003262678141574281
2022,Other,6600,8,22183.48,0.00027739940693257575
2022,Other,6660,29,51959.05,0.0006497361845292105
2022,Other,6700,23,63192.63,0.0007902095651588341
2022,Other,6710,4,6520.360000000001,8.153562908014836e-05
2022,Other,6720,5,16492.85,0.0002062393640956212
2022,Other,6730,32,62532.92,0.0007819600406141058
2022,Other,6740,6,16215.74,0.00020277416613501785
2022,Other,6765,28,62382.58,0.0007800800728706209
2022,Other,6800,10,19462.75,0.00024337729279973153
2022,Other,6820,16,30820.59,0.0003854045166633943
2022,Other,6830,7,11789.730000000001,0.0001474279107649114
2022,Other,6840,22,29668.3,0.00037099539047515253
2022,Other,6940,28,43930.95,0.0005493466072944658
2022,Other,7000,102,209425.55,0.002618819200888611
2022,Other,7010,42,100086.6,0.0012515603269594282
2022,Other,7020,40,75082.03,0.0009388838267618002
2022,Other,7030,5,11374.400000000001,0.0001422343029233416
2022,Other,7040,2,2214.8,2.769557375462591e-05
2022,Other,7100,7,13625.91,0.00017038892693647042
2022,Other,7120,10,29807.15,0.00037273167836382416
2022,Other,7130,12,28403.43,0.0003551784768147707
2022,Other,7140,60,122329.38,0.001529701266998221
2022,Other,7150,35,73117.84,0.000914322074453195
2022,Other,7160,2,3229.15,4.037979139865914e-05
2022,Other,7200,255,613678.72,0.007673913785174472
2022,Other,7210,109,237123.93,0.0029651811866993638
2022,Other,7220,87,177221.68,0.0022161170802594866
2022,Other,7240,15,32391.469999999998,0.0004050480162568866
2022,Other,7260,11,22767.51,0.0002847025701707526
2022,Other,7300,11,29696.62,0.0003713495256786612
2022,Other,7315,120,294170.68,0.003678537910596197
2022,Other,7320,11,25637.32,0.00032058889603167145
2022,Other,7330,141,343929.3,0.004300758214975104
2022,Other,7340,211,458262.53,0.0057304694322722
2022,Other,7350,6,12449.369999999999,0.0001556765599754502
2022,Other,7360,9,19017.51,0.0002378096671637781
2022,Other,7410,61,131241.81,0.001641149191143941
2022,Other,7420,49,99245.65,0.0012410444371504373
2022,Other,7430,6,14500.67,0.00018132760315897205
2022,Other,7510,5,14705.52,0.00018388920614056638
2022,Other,7540,8,24655.829999999998,0.00030831558526572063
2022,Other,7560,5,11690.6,0.00014618831250488967
2022,Other,7610,8,25661.51,0.00032089138651800176
2022,Other,7630,48,113517.05,0.0014195050707434338
2022,Other,7700,298,601908.05,0.007526724215404578
2022,Other,7720,40,83777.36,0.0010476169644427697
2022,Other,7740,9,20866.08,0.00026092561748687225
2022,Other,7750,305,709338.92,0.008870122979901881
2022,Other,7800,41,93101.46,0.0011642127289567248
2022,Other,7810,88,158570.2,0.0019828845355724135
2022,Other,7830,3,4516.09,5.647268542420468e-05
2022,Other,7840,20,43578.39,0.0005449379241253622
2022,Other,7850,4,7621.26,9.530213492558256e-05
2022,Other,7855,43,84882.02,0.0010614304882389522
2022,Other,7900,32,76860.32,0.000961120941558673
2022,Other,7920,8,16599.5,0.0002075729982571396
2022,Other,7950,35,94122.88,0.0011769853553538938
2022,Other,8030,85,216018.97,0.0027012684287670767
2022,Other,8040,7,17905.52,0.00022390448337318463
2022,Other,8100,11,27022.26,0.0003379072579224659
2022,Other,8130,12,32065.81,0.00040097571151201963
2022,Other,8140,190,394136.8,0.004928591662367816
2022,Other,8220,111,255030.51,0.003189098925133132
2022,Other,8250,5,17763.05,0.00022212292820214364
2022,Other,8255,40,101357.26,0.0012674496432620527
2022,Other,8256,3,5790.45,7.240826939112948e-05
2022,Other,8300,27,52960.57,0.0006622599659210891
2022,Other,8310,5,10061.36,0.0001258150342928675
2022,Other,8320,35,64221.38,0.0008030738515504141
2022,Other,8330,2,8118.26,0.00010151700767077359
2022,Other,8350,8,17615.67,0.00022027997459009885
2022,Other,8420,4,8301.07,0.00010380300543042825
2022,Other,8450,3,8506.94,0.00010637736328164049
2022,Other,8460,2,7579.030000000001,9.477405831385336e-05
2022,Other,8500,17,39917.8,0.0004991630729738153
2022,Other,8510,3,5166.0,6.459966318240809e-05
2022,Other,8530,5,11011.849999999999,0.00013770069706062728
2022,Other,8540,3,6154.01,7.695450507572034e-05
2022,Other,8550,1,1341.17,1.677102792689707e-05
2022,Other,8600,21,47290.85,0.0005913613979113016
2022,Other,8610,42,88067.0,0.00110125794376406
2022,Other,8620,39,77112.69,0.0009642767714071717
2022,Other,8630,28,43470.049999999996,0.0005435831568955553
2022,Other,8640,9,24016.97,0.00030032678526171114
2022,Other,8650,27,55154.65,0.0006896964407556339
2022,Other,8710,17,37502.47,0.0004689599168618591
2022,Other,8720,8,8540.59,0.00010679814893128973
2022,Other,8730,2,2215.6,2.7705577573934063e-05
2022,Other,8740,269,608163.21,0.007604943578384073
2022,Other,8750,11,23617.13,0.0002953268763714955
2022,Other,8760,22,64116.72,0.0008017651018894248
2022,Other,8800,89,184299.16,0.002304619369105834
2022,Other,8810,37,90020.42,0.001125685019655229
2022,Other,8830,9,27692.34,0.00034628645697497615
2022,Other,8850,3,11300.92,0.00014131545211988757
2022,Other,8910,4,7417.099999999999,9.274916023814151e-05
2022,Other,8920,7,13570.0,0.0001696897850145718
2022,Other,8930,3,6237.8099999999995,7.800240514824952e-05
2022,Other,8940,2,7513.04,9.394886826867196e-05
2022,Other,8950,8,23744.97,0.0002969254866969386
2022,Other,8965,373,905068.44,0.011317676419091661
2022,Other,9000,115,258037.68,0.0032267029067692605
2022,Other,9030,53,104882.13,0.0013115273464679713
2022,Other,9040,18,35145.82,0.000439490540896156
2022,Other,9050,15,42195.83,0.0005276493235970095
2022,Other,9110,2,9796.89,0.00012250789667733294
2022,Other,9120,103,242065.29,0.0030269717774200422
2022,Other,9130,992,2228279.18,0.027864127856053526
2022,Other,9140,78,203931.51,0.0025501174715988942
2022,Other,9150,43,132226.78,0.001653466018523882
2022,Other,9200,20,40645.21,0.0005082591707274962
2022,Other,9260,7,15762.130000000001,0.00019710187553955287
2022,Other,9300,4,10612.29,0.0001327042895071695
2022,Other,9310,12,25844.43,0.0003231787598028113
2022,Other,9350,12,32113.01,0.0004015659368512007
2022,Other,9360,12,33045.85,0.00041323089035547435
2022,Other,9410,13,38237.42,0.0004781503006125193
2022,Other,9415,7,28345.56,0.0003544548255355671
2022,Other,9420,40,96773.58,0.0012101317601540503
2022,Other,9510,12,26490.73,0.00033126059532638665
2022,Other,9560,9,20285.07,0.0002536602186665836
2022,Other,9600,197,498866.09,0.0062382077791569655
2022,Other,9610,74,194219.13,0.0024286663533837267
2022,Other,9620,485,1183800.81,0.014803161750108765
2022,Other,9630,8,14554.79,0.0001820043615351687
2022,Other,9640,149,374665.18,0.004685103452221506
2022,Other,9650,5,9898.31,0.00012377613087012423
2022,Other,9720,22,60327.47,0.000754381386497644
2022,Other,9750,14,32381.8,0.0004049270950909993
2022,Tech,110,289,716042.68,0.12634051537587027
2022,Tech,1005,15,35083.15,0.006190166278927623
2022,Tech,1006,159,398501.69,0.07031272059474902
2022,Tech,1007,58,146580.65,0.025863088028677362
2022,Tech,1010,146,370578.02999999997,0.06538579417804355
2022,Tech,1020,752,1906185.59,0.3363325630850068
2022,Tech,1030,41,123302.64,0.021755852716496445
2022,Tech,1050,239,586095.95,0.10341236137308223
2022,Tech,1060,27,60245.53,0.010629884952238395
2022,Tech,1105,77,192920.74,0.03403945937732967
2022,Tech,1106,22,49182.76,0.008677939764718685
2022,Tech,1107,407,1017726.09,0.17957035566939852
2022,Tech,1400,25,65116.31,0.011489298605461527
2023,Finance,120,584,1384747.97,0.31050899368111085
2023,Finance,800,525,1297983.17,0.29105328670871294
2023,Finance,820,17,30580.23,0.006857158594597483
2023,Finance,830,14,38924.5,0.008728236174659567
2023,Finance,840,114,292186.67,0.06551848483210618
2023,Finance,850,152,407018.9,0.09126789263189367
2023,Finance,860,33,78130.85,0.017519672990710233
2023,Finance,900,9,20321.39,0.004556767365473292
2023,Finance,910,110,249233.55,0.05588689095682215
2023,Finance,950,38,99732.5,0.022363519487449683
2023,Finance,4810,157,371143.82,0.08322344322278613
2023,Finance,4820,68,189603.09,0.04251565335367785
2023,Healthcare,350,301,659218.33,0.08876305594425678
2023,Healthcare,3000,4,12057.08,0.0016234731618648703
2023,Healthcare,3010,22,45842.73,0.006172675458868777
2023,Healthcare,3030,29,59038.11,0.007949419520499658
2023,Healthcare,3040,10,16077.789999999999,0.002164857541552299
2023,Healthcare,3050,118,276444.38,0.03722294549578951
2023,Healthcare,3060,312,669853.28,0.09019504079488187
2023,Healthcare,3110,51,118328.12,0.015932757111500113
2023,Healthcare,3120,1,1104.66,0.00014874130908857267
2023,Healthcare,3140,7,19153.71,0.002579026939784988
2023,Healthcare,3150,38,99393.78,0.013383268111872968
2023,Healthcare,3160,85,205158.23,0.027624340249936163
2023,Healthcare,3200,2,3117.5,0.00041976810157299556
2023,Healthcare,3210,3,5921.599999999999,0.000797337222221219
2023,Healthcare,3220,29,61564.27,0.008289564311989519
2023,Healthcare,3230,46,104761.57,0.014106035399103926
2023,Healthcare,3245,75,196129.81,0.02640867297692777
2023,Healthcare,3250,18,39846.92,0.0053653459380692955
2023,Healthcare,3255,1079,2495912.81,0.33607203911641403
2023,Healthcare,3256,9,11753.13,0.0015825466135174406
2023,Healthcare,3258,94,219198.64,0.02951486671377145
2023,Healthcare,3260,1,1561.56,0.0002102624143359509
2023,Healthcare,3300,101,219008.73,0.02948929553168012
2023,Healthcare,3310,47,103227.24,0.01389943947567602
2023,Healthcare,3320,140,326928.12,0.044020528078020364
2023,Healthcare,3400,87,196496.11000000002,0.02645799488730666
2023,Healthcare,3420,193,464826.42,0.06258838937750502
2023,Healthcare,3500,164,368499.88,0.049618121910978884
2023,Healthcare,3510,80,167050.69,0.02249320000248885
2023,Healthcare,3520,10,23308.88,0.003138516217287174
2023,Healthcare,3535,36,79525.38,0.010708008914024401
2023,Healthcare,3540,61,156410.17,0.02106046515721235
2023,Other,10,476,1110080.28,0.013886209393508887
2023,Other,20,489,1172685.76,0.014669353477881895
2023,Other,40,14,32919.65,0.0004117982827881825
2023,Other,50,342,870491.48,0.01088914665392079
2023,Other,60,59,105734.77,0.0013226567328936802
2023,Other,100,70,182044.98,0.00227723594127547
2023,Other,135,2,1580.0900000000001,1.976565208472081e-05
2023,Other,136,122,293948.93,0.003677064142584252
2023,Other,137,22,53942.16,0.0006747729352494753
2023,Other,140,110,239764.55,0.002999261230404373
2023,Other,150,84,207761.88,0.0025989336281778343
2023,Other,160,103,260697.71,0.0032611181863966233
2023,Other,205,49,102028.7,0.0012762967849023496
2023,Other,220,266,626046.42,0.007831336016685758
2023,Other,230,377,826849.48,0.010343220416629632
2023,Other,300,90,199387.31,0.0024941745087737875
2023,Other,310,242,538854.36,0.0067406336373845134
2023,Other,340,34,72642.59,0.000908700238893366
2023,Other,360,20,48960.43,0.000612455509052223
2023,Other,410,134,325861.72,0.004076267418469016
2023,Other,420,182,380834.76,0.004763935831457795
2023,Other,425,10,14962.67,0.00018717093929996993
2023,Other,430,1920,4428452.14,0.05539636620260701
2023,Other,500,11,19578.16,0.0002449069983475609
2023,Other,510,3,3515.33,4.397394435948686e-05
2023,Other,520,35,76860.57,0.0009614637683001156
2023,Other,530,81,180855.0,0.0022623502507972213
2023,Other,540,112,247729.85,0.003098900712048094
2023,Other,565,122,281057.36,0.003515800994633297
2023,Other,600,45,100713.69,0.001259847069919071
2023,Other,630,305,757891.89,0.00948061655701352
2023,Other,640,24,54329.1,0.0006796132427114944
2023,Other,650,53,145697.31,0.0018225558918414228
2023,Other,700,57,132964.6,0.0016632799544228926
2023,Other,710,277,661421.26,0.008273846747082548
2023,Other,725,42,114452.51,0.0014317086323456442
2023,Other,726,40,95004.16,0.0011884254524496384
2023,Other,735,150,394621.85,0.004936401212670722
2023,Other,740,208,508182.28,0.006356950643381183
2023,Other,810,11,19834.6,0.00024811485601427977
2023,Other,930,11,27414.48,0.00034293304417060854
2023,Other,940,10,26491.13,0.0003313826800442443
2023,Other,1200,12,32844.78,0.00041086171944585196
2023,Other,1220,63,149331.69,0.0018680190557268138
2023,Other,1240,138,347417.07,0.004345907469772668
2023,Other,1300,62,176685.33,0.002210191040544579
2023,Other,1310,12,34742.4,0.00043459941584859355
2023,Other,1320,63,150887.64,0.0018874827358723889
2023,Other,1340,12,32426.57,0.0004056302494926524
2023,Other,1350,20,44718.79,0.0005593960121193679
2023,Other,1360,160,376731.61,0.004712608732778972
2023,Other,1410,105,242713.31,0.00303614784081349
2023,Other,1420,6,11683.289999999999,0.000146148539225549
2023,Other,1430,92,247145.98,0.0030915969690444006
2023,Other,1440,5,17676.64,0.00022112051608886785
2023,Other,1450,13,25325.99,0.0003168077179408251
2023,Other,1460,144,402335.5,0.005032892755686188
2023,Other,1520,13,20804.04,0.0002602417688844402
2023,Other,1530,216,533969.91,0.006679533105563406
2023,Other,1540,40,99139.87,0.0012401598504796878
2023,Other,1550,139,297993.28,0.003727655700665653
2023,Other,1560,23,51313.439999999995,0.0006418897672349018
2023,Other,1600,4,9173.48,0.00011475283944974313
2023,Other,1610,43,99375.92,0.001243112645684137
2023,Other,1640,9,17364.45,0.00021721527086591917
2023,Other,1650,49,120395.59,0.001506051772034942
2023,Other,1700,5,5952.32,7.445872464032134e-05
2023,Other,1710,3,4740.18,5.929583042671739e-05
2023,Other,1720,32,66813.39,0.0008357816461978522
2023,Other,1740,22,43703.95,0.0005467011818491566
2023,Other,1760,163,405030.65,0.005066606909447135
2023,Other,1800,15,20673.41,0.0002586076928939415
2023,Other,1820,35,89534.6,0.0011200056662244832
2023,Other,1840,15,33120.87,0.00041431538277140345
2023,Other,1860,19,26146.0,0.0003270653819764129
2023,Other,1900,15,32893.64,0.0004114729186565675
2023,Other,1910,11,29613.12,0.00037043625810117615
2023,Other,1920,12,34421.93,0.00043059059450070166
2023,Other,1965,84,214037.13,0.0026774319467828783
2023,Other,2000,275,640851.7,0.008016538133968238
2023,Other,2010,262,627151.33,0.00784515755004457
2023,Other,2015,28,53339.44,0.0006672333939420162
2023,Other,2016,82,154563.39,0.001933463405106681
2023,Other,2025,32,50749.47,0.0006348349571884994
2023,Other,2040,111,224844.62,0.0028126249340488566
2023,Other,2050,16,36510.2,0.00045671316870784167
2023,Other,2060,15,35086.58,0.0004389048301822829
2023,Other,2100,348,769749.32,0.009628943447253272
2023,Other,2105,8,16956.05,0.00021210651610422838
2023,Other,2145,127,290610.32,0.00363530082295906
2023,Other,2160,47,104568.01000000001,0.0013080615058962504
2023,Other,2200,298,644757.41,0.008065395417416533
2023,Other,2300,171,365869.97,0.004576738372666898
2023,Other,2310,1101,2589382.1,0.03239108259846195
2023,Other,2320,263,533539.24,0.006674145771055038
2023,Other,2330,88,211991.82,0.002651846767542835
2023,Other,2340,211,440208.15,0.00550664907553278
2023,Other,2400,22,54697.59,0.0006842227555472814
2023,Other,2430,43,102419.66,0.0012811873793235806
2023,Other,2440,2,7882.29,9.86010934635837e-05
2023,Other,2540,252,576817.97,0.007215527793502221
2023,Other,2550,58,122537.85,0.0015328497176171647
2023,Other,2600,28,73371.25,0.0009178151880722436
2023,Other,2630,201,504222.44,0.00630741623727067
2023,Other,2700,3,8512.51,0.00010648463760147
2023,Other,2710,39,100933.86,0.001262601219125441
2023,Other,2720,54,140031.73,0.001751684053440982
2023,Other,2750,10,25525.66,0.0003193054286736037
2023,Other,2760,1,5429.73,6.792154503475821e-05
2023,Other,2800,5,8224.58,0.00010288286542092733
2023,Other,2810,23,43993.8,0.00055032697168186
2023,Other,2825,37,75155.91,0.0009401398459395284
2023,Other,2830,30,84522.63,0.0010573099620056995
2023,Other,2840,27,69173.46,0.0008653042192889971
2023,Other,2850,40,97768.27,0.001223002240217359
2023,Other,2860,19,36167.26,0.0004524232657745062
2023,Other,2900,28,60147.64,0.0007523984874007408
2023,Other,2910,16,50017.01,0.0006256724730730538
2023,Other,2920,16,45827.88,0.0005732698339084071
2023,Other,3600,445,1054677.78,0.01319316878213628
2023,Other,3610,5,8434.619999999999,0.00010551029649376161
2023,Other,3620,18,30427.190000000002,0.00038061961752539167
2023,Other,3630,16,33161.98,0.00041482963572990765
2023,Other,3640,52,109700.44,0.001372264067604244
2023,Other,3645,192,453469.75,0.005672541000478025
2023,Other,3646,3,9855.11,0.0001232794812426209
2023,Other,3647,7,17362.62,0.00021719237904120346
2023,Other,3648,17,31127.8,0.0003893836838172334
2023,Other,3649,39,81424.44,0.00101855410276201
2023,Other,3655,52,126419.91,0.0015814111586312913
2023,Other,3700,22,60926.3,0.0007621388962713044
2023,Other,3710,39,77651.53,0.0009713580402548337
2023,Other,3720,16,39492.19,0.000494015459628053
2023,Other,3730,30,64548.45,0.0008074490727161091
2023,Other,3740,108,238284.3,0.002980744496232011
2023,Other,3750,4,4085.75,5.1109438706116765e-05
2023,Other,3800,116,301286.14,0.0037688467246729525
2023,Other,3820,65,145762.89,0.0018233762447730382
2023,Other,3840,7,17755.72,0.00022210974313723836
2023,Other,3850,206,473382.18,0.005921629447048384
2023,Other,3910,51,124283.96,0.0015546921460621594
2023,Other,3930,212,541346.68,0.006771810551360168
2023,Other,3940,5,12478.02,0.0001560899708410204
2023,Other,3945,12,34211.35,0.00042795640846319714
2023,Other,3955,10,21797.26,0.00027266615038396637
2023,Other,4000,139,330184.41,0.004130340785562094
2023,Other,4010,122,298796.11,0.003737698456751177
2023,Other,4020,369,833562.22,0.01042719138244499
2023,Other,4030,156,354331.94,0.004432406918937635
2023,Other,4040,86,212403.68,0.0026569988041151905
2023,Other,4050,54,124642.25,0.0015591740651208425
2023,Other,4110,211,476130.58,0.005956009715380977
2023,Other,4120,37,81779.99,0.0010230017466295888
2023,Other,4130,38,74479.22,0.0009316749995641892
2023,Other,4140,28,75550.3,0.0009450733468956088
2023,Other,4150,4,5517.469999999999,6.90191017017287e-05
2023,Other,4200,77,186032.42,0.002327115601135794
2023,Other,4210,38,91719.83,0.0011473411318657406
2023,Other,4220,516,1227907.09,0.01536012779860765
2023,Other,4230,318,637989.5,0.007980734319377368
2023,Other,4240,13,38184.37,0.00047765568574843883
2023,Other,4250,214,470063.43,0.005880114560012729
2023,Other,4320,39,77830.59,0.0009735979365026994
2023,Other,4340,3,13297.220000000001,0.0001663375024296029
2023,Other,4350,34,74992.38,0.0009380942174719004
2023,Other,4400,26,58454.68,0.0007312209226080082
2023,Other,4420,3,5863.97,7.335353736511229e-05
2023,Other,4430,31,74092.13,0.000926832815723095
2023,Other,4460,2,7568.889999999999,9.46807121160962e-05
2023,Other,4465,11,21336.02,0.00026689640982010193
2023,Other,4500,25,62546.87,0.0007824109205224141
2023,Other,4510,78,184192.51,0.0023040998103091965
2023,Other,4520,79,174812.29,0.00218676082012627
2023,Other,4530,24,51292.94,0.0006416333287613107
2023,Other,4540,14,28644.51,0.0003583197278618977
2023,Other,4600,117,262308.01,0.003281261741227061
2023,Other,4610,298,704941.89,0.008818254743518108
2023,Other,4620,44,102261.51,0.0012792090503187777
2023,Other,4640,5,15182.449999999999,0.00018992020992074463
2023,Other,4650,17,41000.840000000004,0.000512887454905293
2023,Other,4700,841,1912827.66,0.023927931969438845
2023,Other,4710,322,755654.99,0.009452634741326875
2023,Other,4720,291,716776.14,0.008966291670644794
2023,Other,4740,24,48849.479999999996,0.0006110676139963719
2023,Other,4750,35,83128.4,0.0010398692686869133
2023,Other,4760,445,1035650.71,0.01295515547541854
2023,Other,4800,24,70633.88,0.0008835728961476368
2023,Other,4830,15,37845.53,0.00047341707050982146
2023,Other,4840,185,473606.34,0.0059244335079381505
2023,Other,4850,370,903248.09,0.011298905437746322
2023,Other,4900,2,4596.68,5.750076111157874e-05
2023,Other,4920,127,320480.65,0.004008954570806207
2023,Other,4930,18,37979.94,0.0004750984312530117
2023,Other,4940,7,16200.75,0.00020265832200162055
2023,Other,4950,13,31052.24,0.0003884384891311576
2023,Other,4965,87,194857.3,0.0024375077356151025
2023,Other,5000,404,974635.62,0.012191905887826742
2023,Other,5010,3,5986.86,7.489079219533798e-05
2023,Other,5020,3,5435.12,6.798896958952195e-05
2023,Other,5100,37,107484.11,0.0013445395660347578
2023,Other,5110,132,265630.27,0.0033228205355330716
2023,Other,5120,304,705439.13,0.008824474815059985
2023,Other,5140,32,62401.11,0.0007805875804292112
2023,Other,5150,14,46348.36,0.0005797806191149811
2023,Other,5160,54,116526.63,0.0014576542014600373
2023,Other,5165,45,130750.53,0.0016355837236314706
2023,Other,5220,29,70944.97,0.0008874643812573684
2023,Other,5230,3,3482.7,4.3565769364692615e-05
2023,Other,5240,638,1603073.18,0.020053153138256057
2023,Other,5250,30,66434.72,0.000831044789768838
2023,Other,5260,38,83413.13,0.0010434310114471883
2023,Other,5300,13,29048.53,0.00036337369235459684
2023,Other,5310,59,155808.71,0.0019490413543716875
2023,Other,5320,9,17396.97,0.00021762206984939173
2023,Other,5330,31,78938.22,0.0009874534948687416
2023,Other,5340,4,9448.199999999999,0.00011818936517974236
2023,Other,5350,15,44129.1,0.0005520194656075622
2023,Other,5360,16,34595.44,0.00043276106472279026
2023,Other,5400,265,608839.98,0.007616097323537504
2023,Other,5410,23,63001.520000000004,0.0007880982254989145
2023,Other,5420,39,89099.98,0.0011145689204004722
2023,Other,5500,5,8232.12,0.00010297718474243358
2023,Other,5510,133,325730.65,0.004074627838433231
2023,Other,5520,99,228293.76,0.0028557708948684897
2023,Other,5530,6,7774.799999999999,9.725648021839725e-05
2023,Other,5540,29,71759.87,0.0008976581233124658
2023,Other,5550,103,275032.91,0.0034404399818417494
2023,Other,5560,24,62163.12,0.0007776105173887245
2023,Other,5600,62,160706.19,0.002010304880988449
2023,Other,5610,154,414300.09,0.005182560131137162
2023,Other,5620,283,698046.65,0.008732000849828095
2023,Other,5630,19,46954.67,0.0005873650684283031
2023,Other,5700,625,1431809.84,0.017910786821585964
2023,Other,5810,53,150710.47,0.0018852664820008687
2023,Other,5820,6,12970.74,0.00016225350082677033
2023,Other,5840,79,205959.5,0.002576387307395816
2023,Other,5850,16,38923.01,0.0004868954766817769
2023,Other,5860,310,717934.07,0.008980776441460671
2023,Other,5900,3,4996.02,6.249618257713602e-05
2023,Other,5910,1,1808.42,2.2621876312773833e-05
2023,Other,5920,7,15370.18,0.0001922685608791487
2023,Other,5940,146,317744.49,0.003974727415006139
2023,Other,6005,18,23588.89,0.0002950779973322721
2023,Other,6010,8,16505.71,0.00020647312575315145
2023,Other,6040,16,36466.66,0.00045616851840832166
2023,Other,6050,182,344026.91,0.004303499301205347
2023,Other,6120,2,5573.400000000001,6.971874091284861e-05
2023,Other,6130,13,23766.440000000002,0.0002972990046974489
2023,Other,6200,261,535085.73,0.006693491114226946
2023,Other,6210,3,5874.23,7.348188169384624e-05
2023,Other,6220,27,70506.79,0.0008819831027033093
2023,Other,6230,292,659773.93,0.008253239976804449
2023,Other,6240,24,55118.07,0.0006894826213704835
2023,Other,6250,14,27248.59,0.0003408578940055329
2023,Other,6260,527,1203734.22,0.01505774468226036
2023,Other,6320,135,300642.38,0.003760793806050557
2023,Other,6330,34,75700.9,0.0009469572314869668
2023,Other,6355,273,603432.88,0.0075484588615592025
2023,Other,6360,8,17717.129999999997,0.0002216270133471951
2023,Other,6400,16,32391.96,0.0004051973062940674
2023,Other,6420,92,197738.64,0.0024735509761759505
2023,Other,6440,200,485761.52,0.006076485010641893
2023,Other,6460,10,21323.8,0.00026674354747145386
2023,Other,6515,51,110505.87,0.0013823393475937361
2023,Other,6520,35,84869.39,0.0010616476500594798
2023,Other,6530,13,34681.54,0.0004338381063118734
2023,Other,6600,2,5651.43,7.069483330769368e-05
2023,Other,6660,26,60725.78,0.000759630552723767
2023,Other,6700,11,21726.75,0.00027178412712675087
2023,Other,6710,10,15781.97,0.00019741972180793577
2023,Other,6720,6,8156.62,0.0001020327406079878
2023,Other,6730,26,55943.34,0.0006998060837656367
2023,Other,6740,6,13150.609999999999,0.00016450352952164133
2023,Other,6765,21,44431.86,0.000555806749132659
2023,Other,6800,17,22326.23,0.0002792831386461886
2023,Other,6820,14,31514.94,0.0003942264931180193
2023,Other,6830,1,2108.26,2.6372632991876093e-05
2023,Other,6840,25,31334.31,0.0003919669574358347
2023,Other,6940,20,30242.17,0.00037830516648227697
2023,Other,7000,104,228087.47,0.0028531903732725316
2023,Other,7010,45,110620.73,0.001383776153597477
2023,Other,7020,44,89163.93,0.0011153688833461385
2023,Other,7030,6,10067.86,0.0001259408122307446
2023,Other,7040,4,14483.810000000001,0.00018118078674075533
2023,Other,7100,7,17011.18,0.00021279614796028133
2023,Other,7120,2,3821.71,4.780651116626164e-05
2023,Other,7130,10,17293.739999999998,0.0002163307457699369
2023,Other,7140,60,134791.82,0.0016861370035797403
2023,Other,7150,21,48811.19,0.0006105886369644789
2023,Other,7160,3,5900.73,7.381337533043979e-05
2023,Other,7200,251,588046.55,0.00735598827719964
2023,Other,7210,105,231084.76,0.0028906840548583988
2023,Other,7220,72,164851.27,0.00206215649016472
2023,Other,7240,9,21311.81,0.0002665935622373876
2023,Other,7260,17,39214.1,0.0004905367779148341
2023,Other,7300,11,19305.65,0.0002414981179359342
2023,Other,7315,142,284184.05,0.0035549133659012475
2023,Other,7320,16,37551.86,0.0004697434955566733
2023,Other,7330,130,321427.73,0.004020801778102245
2023,Other,7340,238,551659.68,0.006900817867367311
2023,Other,7350,14,30898.36,0.00038651357438402494
2023,Other,7360,12,24861.47,0.00031099694722118605
2023,Other,7410,51,97127.72,0.0012149894761071705
2023,Other,7420,40,95080.06,0.0011893749002616176
2023,Other,7430,8,19331.06,0.000241815976551249
2023,Other,7510,9,18519.47,0.00023166363992774112
2023,Other,7540,9,24320.86,0.0003042343519427393
2023,Other,7560,3,6557.469999999999,8.202866328879629e-05
2023,Other,7610,5,9737.78,0.00012181177753011068
2023,Other,7630,47,113645.26000000001,0.001421610585623375
2023,Other,7700,280,634753.75,0.007940257695429912
2023,Other,7720,39,76409.9,0.0009558262499150733
2023,Other,7730,2,5985.5,7.487377969172413e-05
2023,Other,7740,5,11967.470000000001,0.00014970340192921525
2023,Other,7750,295,712495.23,0.008912740937670088
2023,Other,7800,33,79157.64,0.0009901982621797361
2023,Other,7810,85,170161.37,0.0021285815603411507
2023,Other,7830,3,4997.5,6.251469618400991e-05
2023,Other,7840,25,47884.87,0.0005990011205324285
2023,Other,7850,1,2050.23,2.5646724473705383e-05
2023,Other,7855,37,71006.04,0.0008882283177247934
2023,Other,7900,32,74030.77,0.0009260652515894579
2023,Other,7920,6,13431.84,0.00016802149010349812
2023,Other,7950,29,75994.08,0.0009506246769351365
2023,Other,8030,102,242478.14,0.0030332060536996147
2023,Other,8040,2,5940.709999999999,7.431349289991186e-05
2023,Other,8100,10,20952.22,0.00026209538122672066
2023,Other,8130,13,36689.07,0.000458950688208879
2023,Other,8140,168,369063.75,0.004616689985749153
2023,Other,8220,83,211774.16,0.002649124016412988
2023,Other,8250,5,18846.809999999998,0.00023575839943727061
2023,Other,8255,49,116281.46,0.0014545873224078244
2023,Other,8256,6,18518.14,0.00023164700269994227
2023,Other,8300,32,75709.53,0.0009470651858297517
2023,Other,8310,3,5656.51,7.075838001236897e-05
2023,Other,8320,40,96432.91,0.0012062979631395643
2023,Other,8330,2,4526.129999999999,5.661823748660986e-05
2023,Other,8350,8,14346.880000000001,0.00017946790282910422
2023,Other,8420,7,17357.84,0.00021713258509467828
2023,Other,8450,6,14693.210000000001,0.00018380021192953606
2023,Other,8500,7,17906.09,0.00022399075061401463
2023,Other,8510,6,13312.810000000001,0.00016653252076147056
2023,Other,8530,6,13461.880000000001,0.00016839726628626304
2023,Other,8540,5,11537.95,0.00014433045299375632
2023,Other,8550,4,10921.880000000001,0.00013662391394861717
2023,Other,8600,17,39058.979999999996,0.0004885963517673476
2023,Other,8610,35,80659.95,0.00100899094916807
2023,Other,8620,40,95846.77,0.0011989658242658682
2023,Other,8630,28,62434.5,0.0007810052624113191
2023,Other,8640,21,45863.33,0.0005737132848298124
2023,Other,8650,32,67753.97,0.0008475475437339715
2023,Other,8710,10,20572.67,0.0002573475167071326
2023,Other,8720,5,10227.98,0.00012794378434739966
2023,Other,8730,5,11164.78,0.00013966239713082747
2023,Other,8740,262,612337.39,0.00765984710314349
2023,Other,8750,4,11305.400000000001,0.00014142143996772504
2023,Other,8760,11,29343.92,0.000367068783121139
2023,Other,8800,83,161621.26,0.00202175166898987
2023,Other,8810,49,124665.91,0.0015594700326469484
2023,Other,8830,12,29393.78,0.00036769249152568824
2023,Other,8850,4,10117.73,0.00012656464572723215
2023,Other,8920,8,16240.8,0.00020315931521466097
2023,Other,8940,3,6741.68,8.433298188490565e-05
2023,Other,8950,8,22975.3,0.00028740248108784054
2023,Other,8965,430,1014750.79,0.012693714325029325
2023,Other,9000,118,253537.52,0.0031715499818003676
2023,Other,9030,60,118198.19,0.0014785640695047283
2023,Other,9040,13,25086.77,0.00031381526859192285
2023,Other,9050,28,88673.75,0.0011092371267127264
2023,Other,9110,3,5837.74,7.302542121085383e-05
2023,Other,9120,82,219555.23,0.0027464589292767226
2023,Other,9130,969,2310531.42,0.02890288539167764
2023,Other,9140,74,208439.69,0.002607412484850267
2023,Other,9150,36,129000.26,0.0016136892569401276
2023,Other,9200,20,32163.760000000002,0.0004023427082612128
2023,Other,9260,7,14487.220000000001,0.00018122344309172832
2023,Other,9300,4,7874.719999999999,9.850639886626244e-05
2023,Other,9310,16,33106.8,0.000414139378414163
2023,Other,9350,6,13181.65,0.00016489181489824
2023,Other,9360,14,32103.52,0.00040158915442466955
2023,Other,9410,19,32874.75,0.00041123661998504853
2023,Other,9415,2,2179.17,2.7259659926625093e-05
2023,Other,9420,32,85865.84,0.0010741124362550888
2023,Other,9510,14,27675.079999999998,0.00034619294008367567
2023,Other,9560,15,27904.260000000002,0.0003490597971264874
2023,Other,9600,174,469492.9,0.0058729776896547774
2023,Other,9610,67,163186.03,0.0020413256802250582
2023,Other,9620,519,1298402.08,0.016241963292823722
2023,Other,9630,5,11494.57,0.0001437878041652496
2023,Other,9640,126,293797.63,0.0036751715015572103
2023,Other,9650,7,14000.26,0.00017513196606246058
2023,Other,9720,34,92179.17,0.001153087104961321
2023,Other,9750,21,56372.46,0.0007051740290235621
2023,Tech,110,261,624409.86,0.11550188789053618
2023,Tech,1005,8,14196.810000000001,0.002626092991265774
2023,Tech,1006,173,428027.44,0.07917552325159183
2023,Tech,1007,100,250018.5,0.046247842334776745
2023,Tech,1010,127,325500.96,0.06021041274105105
2023,Tech,1020,730,1776727.45,0.32865492345354413
2023,Tech,1030,37,88685.8,0.016404893620806233
2023,Tech,1050,207,522907.77,0.09672626666662548
2023,Tech,1060,53,125838.5,0.023277313909349923
2023,Tech,1105,54,138168.85,0.02555815345815377
2023,Tech,1106,40,88837.62,0.016432976932334243
2023,Tech,1107,388,945245.78,0.1748493723506583
2023,Tech,1400,28,77492.27,0.014334340399306252
2024,Finance,120,510,1252781.56,0.29270362759804813
2024,Finance,800,508,1250871.32,0.29225731341572336
2024,Finance,820,36,94153.23,0.021998242032771755
2024,Finance,830,10,25524.38,0.005963592422442
2024,Finance,840,111,323871.35,0.0756702700988647
2024,Finance,850,154,369301.8,0.0862847762051102
2024,Finance,860,41,90743.46,0.021201573179923223
2024,Finance,900,6,16560.82,0.0038693194765720427
2024,Finance,910,114,271621.67,0.0634624987162486
2024,Finance,950,41,113821.79,0.026593663170380026
2024,Finance,4810,141,324377.65,0.07578856354393498
2024,Finance,4820,50,146405.25,0.034206560139980934
2024,Healthcare,350,276,664034.97,0.08830090430443732
2024,Healthcare,3000,5,13442.060000000001,0.0017874752194368695
2024,Healthcare,3010,24,49318.87,0.006558240178635449
2024,Healthcare,3030,27,78159.62,0.010393376008632776
2024,Healthcare,3040,12,30075.86,0.0039993761710074615
2024,Healthcare,3050,119,289122.5,0.03844643634469986
2024,Healthcare,3060,282,644088.87,0.08564854599965296
2024,Healthcare,3110,52,115887.64,0.015410307998849945
2024,Healthcare,3120,1,2261.58,0.00030073650964019166
2024,Healthcare,3140,6,11543.14,0.0015349638897974344
2024,Healthcare,3150,49,125709.83,0.016716426348686253
2024,Healthcare,3160,90,221291.03,0.02942645936773536
2024,Healthcare,3200,2,3207.19,0.0004264802157575351
2024,Healthcare,3210,3,2218.13,0.0002949586899991149
2024,Healthcare,3220,19,32895.82,0.00437436397940909
2024,Healthcare,3230,45,124954.91,0.016616039890609346
2024,Healthcare,3245,67,171807.79,0.02284636187691571
2024,Healthcare,3250,19,41029.14,0.005455902668549763
2024,Healthcare,3255,1034,2530440.61,0.3364885950986467
2024,Healthcare,3256,3,6105.37,0.000811869429275965
2024,Healthcare,3258,103,211086.9,0.02806955205509784
2024,Healthcare,3260,1,612.07,8.139079557454174e-05
2024,Healthcare,3300,76,196234.08,0.026094479209956816
2024,Healthcare,3310,48,118296.8,0.01573066914882685
2024,Healthcare,3320,182,429619.45,0.057129198996515196
2024,Healthcare,3400,64,170310.81,0.022647299035804105
2024,Healthcare,3420,186,465683.94,0.061924920945132356
2024,Healthcare,3500,157,388568.87,0.0516704453163865
2024,Healthcare,3510,72,139006.13,0.018484518944627534
2024,Healthcare,3520,15,32649.07,0.004341552080756946
2024,Healthcare,3535,31,84420.49,0.011225923250433196
2024,Healthcare,3540,55,126054.28,0.016762230030512925
2024,Other,10,450,1090493.91,0.01343294944990329
2024,Other,20,496,1148247.8,0.014144374867130311
2024,Other,40,14,39269.14,0.0004837261058717653
2024,Other,50,362,910256.62,0.011212745940873552
2024,Other,60,56,123601.37,0.0015225494979140169
2024,Other,100,78,192492.08,0.0023711607707618833
2024,Other,135,6,11949.02,0.00014719071804434325
2024,Other,136,86,222011.12,0.002734782950118826
2024,Other,137,26,42353.8,0.0005217236420983901
2024,Other,140,114,262979.11,0.0032394358726960306
2024,Other,150,80,187930.33,0.0023149681074272517
2024,Other,160,139,347244.47000000003,0.00427743554502607
2024,Other,205,43,80277.14,0.000988871880635087
2024,Other,220,256,568684.52,0.007005183926338953
2024,Other,230,412,903706.78,0.011132063537406527
2024,Other,300,59,140807.08000000002,0.0017344933066416564
2024,Other,310,213,509359.32,0.006274402758835319
2024,Other,340,39,87118.64,0.001073147017633801
2024,Other,360,13,23932.72,0.00029480863213503824
2024,Other,410,141,324864.32,0.004001751819629334
2024,Other,420,177,372393.02,0.004587221044780365
2024,Other,425,10,13573.68,0.0001672036456298626
2024,Other,430,1881,4470913.22,0.055073715431537204
2024,Other,500,4,9614.63,0.0001184351765609802
2024,Other,510,3,11148.82,0.00013733367432200588
2024,Other,520,58,140717.58,0.0017333908254955062
2024,Other,530,98,239498.87,0.002950200991052724
2024,Other,540,107,271098.08,0.0033394471727089593
2024,Other,565,100,224428.12,0.002764556100177423
2024,Other,600,41,117977.81999999999,0.0014532773431717647
2024,Other,630,330,792271.94,0.009759384094677625
2024,Other,640,15,33434.020000000004,0.00041184778424581544
2024,Other,650,50,128047.68,0.0015773201453434917
2024,Other,700,69,187825.66,0.0023136787588063858
2024,Other,710,258,630844.95,0.007770890095183354
2024,Other,725,41,119807.88,0.0014758204341921355
2024,Other,726,27,46804.59,0.0005765494751762979
2024,Other,735,156,415104.24,0.005113347466892799
2024,Other,740,186,419667.94,0.005169564150766369
2024,Other,810,13,36264.9,0.00044671920130741295
2024,Other,930,21,48907.19,0.0006024497752645091
2024,Other,940,20,55419.4,0.0006826686439211481
2024,Other,1200,9,24545.07,0.00030235169727297034
2024,Other,1220,81,200103.48,0.0024649197092625067
2024,Other,1240,157,362405.37,0.004464190923893833
2024,Other,1300,53,151714.63,0.001868854962794594
2024,Other,1310,12,29458.31,0.00036287409354682286
2024,Other,1320,47,136205.29,0.0016778074215741546
2024,Other,1340,6,11151.04,0.00013736102078172046
2024,Other,1350,29,87004.04,0.0010717353490377252
2024,Other,1360,137,310726.89,0.0038276037746012358
2024,Other,1410,98,260437.28,0.003208125038598619
2024,Other,1420,16,48122.23,0.0005927804612926446
2024,Other,1430,82,199201.51,0.0024538090397720836
2024,Other,1440,5,13657.54,0.0001682366519864675
2024,Other,1450,16,40768.44,0.0005021948207591689
2024,Other,1460,160,446272.02999999997,0.0054972793198778385
2024,Other,1520,7,15769.68,0.00019425446794210058
2024,Other,1530,239,553344.38,0.006816220628804866
2024,Other,1540,52,123357.85,0.0015195497637384813
2024,Other,1550,149,339109.72,0.004177229863421116
2024,Other,1560,18,39449.29,0.0004859452341229264
2024,Other,1600,11,27898.89,0.00034366480696660875
2024,Other,1610,37,65503.52,0.0008068871039827532
2024,Other,1640,8,17359.29,0.00021383564173798247
2024,Other,1650,33,98565.31,0.0012141496753008435
2024,Other,1700,9,29550.36,0.0003640079861669692
2024,Other,1710,1,2749.2,3.3865264435703384e-05
2024,Other,1720,37,92340.49,0.00113747094135473
2024,Other,1740,34,79311.52,0.0009769771561172623
2024,Other,1760,145,318139.42,0.003918912987676888
2024,Other,1800,22,22588.07,0.00027824493075883115
2024,Other,1820,44,106411.75,0.0013108038894281825
2024,Other,1840,14,34653.64,0.0004268713379381886
2024,Other,1860,20,25877.94,0.0003187702899575389
2024,Other,1900,22,52681.06,0.0006489371554099942
2024,Other,1910,6,16523.2,0.00020353649691692645
2024,Other,1920,13,19204.81,0.00023656917251834743
2024,Other,1965,121,297035.37,0.003658948549325984
2024,Other,2000,274,588070.33,0.007243982697599793
2024,Other,2010,272,649310.22,0.007998349447513728
2024,Other,2015,18,43847.6,0.0005401246067477622
2024,Other,2016,59,130000.82,0.001601379363508758
2024,Other,2025,41,97465.94,0.0012006073881763422
2024,Other,2040,110,254575.23,0.003135914987170817
2024,Other,2050,12,37567.15,0.00046276060993952217
2024,Other,2060,16,37795.73,0.0004655763098321139
2024,Other,2100,362,787966.43,0.009706347853341759
2024,Other,2105,6,14436.62,0.00017783353479476364
2024,Other,2145,129,310180.67,0.0038208753136889447
2024,Other,2160,64,152444.29,0.001877843078918614
2024,Other,2200,337,765425.99,0.009428689639644279
2024,Other,2300,141,326146.41,0.004017544892843494
2024,Other,2310,1114,2502948.97,0.030831888817882083
2024,Other,2320,251,602795.47,0.007425370286699442
2024,Other,2330,91,213495.37,0.0026298840247520497
2024,Other,2340,205,507368.87,0.006249883947691697
2024,Other,2400,23,47186.33,0.0005812518344246922
2024,Other,2430,48,114169.87,0.0014063701579149857
2024,Other,2440,3,5814.66,7.162629074047252e-05
2024,Other,2540,238,558415.42,0.00687868684099897
2024,Other,2550,39,85533.2,0.0010536172108365723
2024,Other,2600,30,104691.75,0.0012896165422619488
2024,Other,2630,202,505671.19,0.00622897154330962
2024,Other,2700,11,33410.95,0.0004115636027928357
2024,Other,2710,47,125552.96,0.0015465896228303833
2024,Other,2720,68,162547.39,0.0020022953388925536
2024,Other,2750,13,23835.39,0.0002936096992863815
2024,Other,2760,1,1879.26,2.3149147695125832e-05
2024,Other,2800,3,6209.400000000001,7.648878691512317e-05
2024,Other,2810,29,57964.43,0.0007140188963388689
2024,Other,2825,43,91457.79,0.0011265976440619193
2024,Other,2830,23,54133.59,0.0006668297469096276
2024,Other,2840,18,47845.64,0.0005893733634131629
2024,Other,2850,50,131846.93,0.0016241201620419297
2024,Other,2860,16,36314.17,0.0004473261202579247
2024,Other,2900,30,69440.43,0.0008553828475479958
2024,Other,2910,14,40719.909999999996,0.0005015970172952286
2024,Other,2920,21,70861.78,0.0008728913567891158
2024,Other,3600,460,1142589.06,0.014074669234046908
2024,Other,3610,12,33403.13,0.0004114672742725799
2024,Other,3620,22,54273.56,0.0006685539288764054
2024,Other,3630,22,57422.0,0.0007073371214996944
2024,Other,3640,60,122568.54,0.0015098268654874464
2024,Other,3645,160,382471.67,0.004711372124150692
2024,Other,3646,10,25887.81,0.00031889187083924286
2024,Other,3647,13,33179.54,0.0004087130423232205
2024,Other,3648,17,38837.270000000004,0.0004784062339992762
2024,Other,3649,40,95183.91,0.0011724968289590397
2024,Other,3655,55,139590.96,0.0017195128667371212
2024,Other,3700,18,38682.73,0.00047650257549284024
2024,Other,3710,53,119179.37,0.0014680783065366414
2024,Other,3720,20,51298.29,0.0006319038832931029
2024,Other,3730,23,50717.98,0.0006247554940872675
2024,Other,3740,132,327551.16,0.0040348489195480095
2024,Other,3750,9,20668.190000000002,0.0002545954167602795
2024,Other,3800,103,244727.01,0.0030146023964095106
2024,Other,3820,74,169888.2,0.0020927210888642745
2024,Other,3840,9,20257.52,0.0002495366912598392
2024,Other,3850,251,603367.2,0.007432412985533948
2024,Other,3900,1,2475.06,3.048834620770843e-05
2024,Other,3910,49,107438.08,0.0013234464533916248
2024,Other,3930,193,483112.96,0.005951094188387673
2024,Other,3940,11,16784.69,0.00020675758959744878
2024,Other,3945,15,38724.81,0.00047702092640490714
2024,Other,3955,24,66622.72,0.0008206736615109212
2024,Other,4000,140,347557.98,0.004281297431776119
2024,Other,4010,140,372139.91,0.004584103178826152
2024,Other,4020,389,867936.33,0.01069143508249815
2024,Other,4030,132,321000.15,0.003954152103757621
2024,Other,4040,72,208900.86000000002,0.002573287816363252
2024,Other,4050,45,111757.4,0.0013766528094160764
2024,Other,4110,186,481283.09,0.005928553437830071
2024,Other,4120,30,59055.74,0.0007274618985690913
2024,Other,4130,23,56871.35,0.0007005540908502254
2024,Other,4140,27,71717.72,0.0008834350183783403
2024,Other,4150,6,15803.07,0.00019466577347807766
2024,Other,4200,66,147181.23,0.0018130115211414523
2024,Other,4210,29,66444.65,0.0008184801551679611
2024,Other,4220,556,1366531.17,0.01683323855364511
2024,Other,4230,282,614155.88,0.007565310374269648
2024,Other,4240,23,57454.22,0.0007077340147123083
2024,Other,4250,205,524181.01,0.006456979672568049
2024,Other,4320,11,24861.11,0.0003062447491325148
2024,Other,4350,53,122580.99,0.0015099802273898996
2024,Other,4400,25,59064.82,0.0007275737480529689
2024,Other,4420,3,6239.33,7.685747139226582e-05
2024,Other,4430,22,44731.21,0.0005510091136254108
2024,Other,4460,2,5692.63,7.012309773192862e-05
2024,Other,4465,8,20495.31,0.00025246584200557106
2024,Other,4500,12,36333.06,0.0004475588115300004
2024,Other,4510,62,156821.28,0.001931759826984389
2024,Other,4520,64,146778.31,0.0018080482618855107
2024,Other,4530,11,34520.4,0.00042523005762631135
2024,Other,4540,4,13959.689999999999,0.00017195860369941952
2024,Other,4600,100,221733.17,0.002731359099453213
2024,Other,4610,344,833286.91,0.01026461572746987
2024,Other,4620,62,163455.85,0.002013485953663854
2024,Other,4640,3,1434.3899999999999,1.7669138896380247e-05
2024,Other,4650,20,68084.02,0.0008386742838446523
2024,Other,4700,787,1920532.71,0.023657554227254487
2024,Other,4710,260,622853.6,0.00767245084705726
2024,Other,4720,297,706850.51,0.008707143691860104
2024,Other,4740,11,30170.28,0.00037164430026888297
2024,Other,4750,38,99194.26,0.00122189722297538
2024,Other,4760,468,1123762.88,0.013842764111096903
2024,Other,4800,33,100838.66,0.0012421533123243072
2024,Other,4830,17,43535.22,0.0005362766395920714
2024,Other,4840,183,488662.32,0.006019452454010006
2024,Other,4850,344,836746.48,0.010307231489467479
2024,Other,4900,1,3859.16,4.7538001563978274e-05
2024,Other,4920,139,379467.38,0.004674364603675084
2024,Other,4930,21,51823.09,0.0006383684878238235
2024,Other,4940,3,5562.73,6.85229602918741e-05
2024,Other,4950,25,89746.84,0.0011055217768328103
2024,Other,4965,76,193611.48,0.002384949791935071
2024,Other,5000,441,1101639.96,0.013570249002741779
2024,Other,5020,2,4254.19,5.240407002390694e-05
2024,Other,5100,37,87442.26,0.0010771334416395783
2024,Other,5110,117,285891.54,0.00352167634294721
2024,Other,5120,325,732985.6,0.009029081613401246
2024,Other,5140,43,110470.03,0.0013607946959734052
2024,Other,5150,13,39168.91,0.00048249145017032835
2024,Other,5160,57,100702.94,0.0012404814828141902
2024,Other,5165,46,109626.73,0.0013504067367494023
2024,Other,5220,29,64935.21,0.0007998865334780776
2024,Other,5230,10,18715.72,0.00023054445180582808
2024,Other,5240,619,1616948.54,0.019917936085415578
2024,Other,5250,27,56360.409999999996,0.0006942602169193443
2024,Other,5260,62,130463.35,0.0016070769121627104
2024,Other,5300,20,43987.12,0.0005418432455132464
2024,Other,5310,49,125924.79,0.0015511699084680697
2024,Other,5320,11,26588.95,0.0003275286711835063
2024,Other,5330,25,54385.26,0.000669929874619701
2024,Other,5350,28,69501.31,0.0008561327810918798
2024,Other,5360,38,84011.04,0.0010348669013234592
2024,Other,5400,278,620891.49,0.007648281134412877
2024,Other,5410,33,81776.93000000001,0.0010073466314527882
2024,Other,5420,26,52815.56,0.0006505939566854933
2024,Other,5500,5,16694.01,0.00020564057294568478
2024,Other,5510,140,369338.57,0.0045495956421339094
2024,Other,5520,79,198688.34,0.0024474876961992366
2024,Other,5530,6,14099.92,0.0001736859884047224
2024,Other,5540,28,71713.24,0.0008833798327299074
2024,Other,5550,115,302596.06,0.003727446380438661
2024,Other,5560,9,18582.879999999997,0.00022890809878398937
2024,Other,5600,63,149726.83,0.0018443687949474777
2024,Other,5610,175,446713.88,0.0055027221276367924
2024,Other,5620,308,749084.0,0.009227385328297116
2024,Other,5630,36,72621.79000000001,0.0008945715561414666
2024,Other,5700,521,1244248.66,0.015326935070082056
2024,Other,5810,48,116753.29000000001,0.001438193306994167
2024,Other,5820,11,31846.28,0.0003922896455308642
2024,Other,5840,96,214531.0,0.0026426411482088907
2024,Other,5850,15,37873.34,0.00046653232728186467
2024,Other,5860,310,759157.52,0.009351473215172698
2024,Other,5900,4,8678.119999999999,0.00010689903557571884
2024,Other,5920,11,30803.12,0.00037943976583904536
2024,Other,5940,239,631398.89,0.007777713652793392
2024,Other,6005,12,18705.37,0.00023041695817607776
2024,Other,6010,5,9559.02,0.00011775016006335565
2024,Other,6040,24,60813.78,0.0007491178310180015
2024,Other,6050,179,391387.09,0.004821194274541845
2024,Other,6100,4,7136.26,8.790605702820188e-05
2024,Other,6120,4,6123.94,7.543607139836366e-05
2024,Other,6130,11,27670.39,0.00034085009253202476
2024,Other,6200,239,531059.61,0.006541711815717849
2024,Other,6210,3,5642.85,6.950989648661751e-05
2024,Other,6220,24,55059.869999999995,0.0006782398724521503
2024,Other,6230,258,615950.36,0.007587415182841079
2024,Other,6240,31,78403.2,0.0009657882658974755
2024,Other,6250,10,19822.79,0.00024418158926357364
2024,Other,6260,503,1180966.43,0.014547410316324234
2024,Other,6320,106,217785.93,0.0026827361086227217
2024,Other,6330,24,61981.58,0.0007635030542858665
2024,Other,6355,281,615165.92,0.007577752274346266
2024,Other,6360,15,35422.04,0.0004363366621024526
2024,Other,6400,10,12811.96,0.00015782060720924426
2024,Other,6420,104,247139.44,0.003044319252179416
2024,Other,6440,184,451212.87,0.005558141699164358
2024,Other,6460,5,26948.61,0.00033195904402176654
2024,Other,6515,69,129958.55,0.0016008586721339227
2024,Other,6520,36,89455.44,0.0011019322460396471
2024,Other,6530,5,16921.93,0.0002084481428097127
2024,Other,6600,8,14718.26,0.00018130283971098344
2024,Other,6660,27,52925.11,0.000651943418244831
2024,Other,6700,17,47309.78,0.0005827725193128733
2024,Other,6710,6,13322.44,0.0001641088147565809
2024,Other,6720,7,10595.76,0.000130520956750054
2024,Other,6730,32,58077.96,0.0007154173844340912
2024,Other,6740,10,23294.489999999998,0.00028694677133160487
2024,Other,6765,7,18393.03,0.00022656948374939087
2024,Other,6800,7,7997.25,9.851192565416444e-05
2024,Other,6820,15,20640.37,0.00025425272373809073
2024,Other,6830,8,13715.11,0.00016894581220528148
2024,Other,6840,26,40762.36,0.0005021199259505814
2024,Other,6940,27,46357.19,0.0005710383012680579
2024,Other,7000,92,234609.5,0.002889972630811928
2024,Other,7010,32,88214.61,0.001086647422792974
2024,Other,7020,35,93799.18,0.0011554394131209587
2024,Other,7030,4,5118.43,6.304997288143362e-05
2024,Other,7040,9,23505.42,0.0002895450545512407
2024,Other,7100,6,16400.72,0.00020202776070708906
2024,Other,7120,11,31622.11,0.00038952826901094876
2024,Other,7130,11,23841.09,0.0002936799131694324
2024,Other,7140,63,158257.16,0.0019494473200361634
2024,Other,7150,36,89339.46,0.0011005035782929381
2024,Other,7160,2,4217.09,5.194706387282133e-05
2024,Other,7200,211,514333.71,0.006335678414573832
2024,Other,7210,110,235467.1,0.002900536740654813
2024,Other,7220,55,115384.12,0.00142132756273859
2024,Other,7240,7,21381.079999999998,0.0002633769562494285
2024,Other,7260,19,45457.82,0.0005599596591628859
2024,Other,7300,8,14276.24,0.0001758579378537633
2024,Other,7315,144,350769.36,0.004320855933486991
2024,Other,7320,23,70679.31,0.0008706436502557306
2024,Other,7330,123,258489.56,0.003184132585213377
2024,Other,7340,228,521427.07,0.0064230560197453875
2024,Other,7350,15,31346.34,0.00038613127207604627
2024,Other,7360,11,25579.579999999998,0.00031509502431770317
2024,Other,7410,45,91858.56,0.0011315344191339027
2024,Other,7420,41,88789.0,0.0010937228881062373
2024,Other,7430,10,28873.149999999998,0.0003556659609492685
2024,Other,7510,10,22215.07,0.0002736502327977816
2024,Other,7540,14,35436.05,0.00043650924043605666
2024,Other,7560,12,23851.64,0.00029380987044420203
2024,Other,7610,2,2745.7799999999997,3.382313610587285e-05
2024,Other,7630,65,161642.55,0.0019911493160961026
2024,Other,7700,279,593107.11,0.007306026887402086
2024,Other,7720,39,96689.87,0.001191047583225587
2024,Other,7730,3,7236.38,8.913935772487824e-05
2024,Other,7740,4,8721.529999999999,0.0001074337697271643
2024,Other,7750,279,697065.59,0.008586610844747416
2024,Other,7800,54,126097.06999999999,0.00155329209228772
2024,Other,7810,60,137983.55,0.0016997124285345188
2024,Other,7830,3,8225.920000000002,0.00010132873418701486
2024,Other,7840,22,48412.51,0.0005963561956736994
2024,Other,7850,8,21655.77,0.0002667606495012266
2024,Other,7855,27,55459.48,0.0006831623583830217
2024,Other,7900,19,54972.93,0.0006771689259622478
2024,Other,7920,5,8740.490000000002,0.00010766732327499678
2024,Other,7950,30,88821.03,0.001094117440856083
2024,Other,8030,111,241274.34,0.0029720716301650683
2024,Other,8040,6,10010.39,0.00012331023732522944
2024,Other,8100,6,16196.33,0.00019951003867958524
2024,Other,8130,13,24253.34,0.00029875810146552537
2024,Other,8140,175,400073.9,0.004928200355493653
2024,Other,8220,87,224197.77,0.00276171859702641
2024,Other,8250,3,7068.32,8.706915681513565e-05
2024,Other,8255,36,105198.84,0.0012958629910262078
2024,Other,8256,1,905.85,1.1158464203798163e-05
2024,Other,8300,28,70505.21,0.0008684990472664043
2024,Other,8310,4,8676.33,0.00010687698595279585
2024,Other,8320,22,49336.64,0.0006077398370322643
2024,Other,8330,1,805.91,9.927380787639208e-06
2024,Other,8350,15,32587.1,0.00040141523304696266
2024,Other,8420,6,16077.63,0.0001980478653606132
2024,Other,8450,9,17369.7,0.00021396387446123857
2024,Other,8460,5,9254.99,0.0001140050500872219
2024,Other,8500,8,19616.21,0.0002416368903231082
2024,Other,8510,3,10220.92,0.00012590359325482666
2024,Other,8530,5,9643.11,0.00011878599961173275
2024,Other,8540,4,13235.08,0.00016303269461213777
2024,Other,8550,5,14301.560000000001,0.00017616983531321045
2024,Other,8600,15,45243.29,0.0005573170303329022
2024,Other,8610,39,100155.75,0.0012337410732235557
2024,Other,8620,44,99243.36,0.0012225020478276254
2024,Other,8630,15,16180.16,0.00019931085297977247
2024,Other,8640,19,49886.28,0.0006145104262743857
2024,Other,8650,28,68107.22,0.0008389600666668945
2024,Other,8710,8,14233.11,0.0001753266528053449
2024,Other,8720,4,9835.97,0.00012116169250387217
2024,Other,8730,3,4402.87,5.42355437312765e-05
2024,Other,8740,219,542390.67,0.006681290363381468
2024,Other,8750,4,14771.54,0.00018195915474413283
2024,Other,8760,23,45961.73,0.0005661669359713377
2024,Other,8800,62,153382.02,0.001889394248138493
2024,Other,8810,51,124614.18,0.0015350255194741523
2024,Other,8830,7,15520.23,0.00019118168669174186
2024,Other,8850,5,6509.88,8.019016719216382e-05
2024,Other,8910,1,679.37,8.36863258390943e-06
2024,Other,8920,4,10986.17,0.00013533011501003618
2024,Other,8930,3,7169.799999999999,8.831921029794344e-05
2024,Other,8940,3,7746.19,9.54193120614001e-05
2024,Other,8950,6,19848.28,0.0002444955808212872
2024,Other,8965,361,830163.06,0.010226135440001708
2024,Other,9000,113,262138.51,0.0032290811726797893
2024,Other,9030,49,121956.97,0.0015022934085650898
2024,Other,9040,14,34568.43,0.0004258217019777033
2024,Other,9050,25,68339.12,0.000841816663066807
2024,Other,9110,6,14668.75,0.00018069296438644842
2024,Other,9120,78,202801.22,0.0024981510778347366
2024,Other,9130,953,2300033.33,0.028332328288731785
2024,Other,9140,97,283430.41,0.003491359589615098
2024,Other,9150,27,68455.91,0.0008432553085758445
2024,Other,9200,19,40720.05,0.0005015987418467423
2024,Other,9260,7,16741.3,0.00020622310181050524
2024,Other,9300,7,15581.029999999999,0.00019193063477761802
2024,Other,9310,15,32599.760000000002,0.00040157118177668624
2024,Other,9350,10,24188.73,0.000297962220942031
2024,Other,9360,11,18086.89,0.0002227983823183032
2024,Other,9410,22,53598.83,0.0006602424528569444
2024,Other,9415,5,8912.75,0.00010978926073014525
2024,Other,9420,35,89988.51,0.001108498722291917
2024,Other,9510,22,49850.31,0.0006140673397176592
2024,Other,9560,7,11364.04,0.00013998480272730637
2024,Other,9600,176,430879.11,0.005307665866423151
2024,Other,9610,64,147650.81,0.0018187959132823358
2024,Other,9620,468,1261201.9,0.015535768896519545
2024,Other,9630,6,8460.49,0.00010421822024793545
2024,Other,9640,126,275756.29,0.0033968280520364135
2024,Other,9650,7,9730.630000000001,0.00011986409067219134
2024,Other,9720,33,80899.63,0.0009965398525754994
2024,Other,9750,21,58062.03,0.0007152211551083017
2024,Tech,110,251,591582.52,0.10705256209368237
2024,Tech,1005,13,26465.55,0.004789196500800016
2024,Tech,1006,189,493932.04,0.08938176601661456
2024,Tech,1007,65,154753.03,0.028004053184770387
2024,Tech,1010,98,257408.07,0.04658047265678158
2024,Tech,1020,767,2021149.89,0.3657465641477444
2024,Tech,1030,35,84729.53,0.01533262556759372
2024,Tech,1050,201,542875.51,0.09823855891383418
2024,Tech,1060,51,131008.98,0.023707338354554477
2024,Tech,1105,53,128933.31999999999,0.023331727660317988
2024,Tech,1106,36,76242.02,0.013796728781299646
2024,Tech,1107,368,965524.15,0.1747209062580566
2024,Tech,1400,22,51489.380000000005,0.009317499863950016
